batch_number,record_id,archive_name,member_index,member_name,is_directory,compressed_size_bytes,uncompressed_size_bytes,compression_type,crc32_hex,flag_bits,encrypted,local_header_offset,disk_start,version_made_by,version_needed,internal_attributes,external_attributes,path_safe,extension,study_id_candidate_count,study_id_candidates,study_id
1,13715870,batch_1.zip,0,100028_00001_0000.nii.gz,False,49167113,49164104,8,da8ea944,0,False,0,0,788,20,0,2179792896,True,.nii.gz,1,100028_00001,100028_00001
1,13715870,batch_1.zip,1,100029_00001_0000.nii.gz,False,201002971,200992839,8,c8988c67,0,False,49167167,0,788,20,0,2179792896,True,.nii.gz,1,100029_00001,100029_00001
1,13715870,batch_1.zip,2,100235_00001_0000.nii.gz,False,172673857,172664680,8,347bd108,0,False,250170192,0,788,20,0,2179792896,True,.nii.gz,1,100235_00001,100235_00001
1,13715870,batch_1.zip,3,100267_00001_0000.nii.gz,False,28322826,28504657,8,635492e4,0,False,422844103,0,788,20,0,2179792896,True,.nii.gz,1,100267_00001,100267_00001
1,13715870,batch_1.zip,4,100259_00001_0000.nii.gz,False,49049299,49035515,8,c37aa559,0,False,451166983,0,788,20,0,2179792896,True,.nii.gz,1,100259_00001,100259_00001
1,13715870,batch_1.zip,5,100435_00001_0000.nii.gz,False,54401319,54385543,8,5a9bead3,0,False,500216336,0,788,20,0,2179792896,True,.nii.gz,1,100435_00001,100435_00001
1,13715870,batch_1.zip,6,100345_00001_0000.nii.gz,False,48076651,48376247,8,e29c2c2f,0,False,554617709,0,788,20,0,2179792896,True,.nii.gz,1,100345_00001,100345_00001
1,13715870,batch_1.zip,7,100047_00003_0000.nii.gz,False,56537355,56523813,8,9233195e,0,False,602694414,0,788,20,0,2179792896,True,.nii.gz,1,100047_00003,100047_00003
1,13715870,batch_1.zip,8,100194_00001_0000.nii.gz,False,318178404,318081929,8,c823220b,0,False,659231823,0,788,20,0,2179792896,True,.nii.gz,1,100194_00001,100194_00001
1,13715870,batch_1.zip,9,100051_00001_0000.nii.gz,False,59053973,59429165,8,01861eaf,0,False,977410281,0,788,20,0,2179792896,True,.nii.gz,1,100051_00001,100051_00001
1,13715870,batch_1.zip,10,100478_00001_0000.nii.gz,False,45710519,45698213,8,643389d4,0,False,1036464308,0,788,20,0,2179792896,True,.nii.gz,1,100478_00001,100478_00001
1,13715870,batch_1.zip,11,100216_00001_0000.nii.gz,False,358100977,359761156,8,60094c32,0,False,1082174881,0,788,20,0,2179792896,True,.nii.gz,1,100216_00001,100216_00001
1,13715870,batch_1.zip,12,100380_00001_0000.nii.gz,False,84892516,84867130,8,0d448c02,0,False,1440275912,0,788,20,0,2179792896,True,.nii.gz,1,100380_00001,100380_00001
1,13715870,batch_1.zip,13,100274_00001_0000.nii.gz,False,31731142,31969193,8,eec0aa77,0,False,1525168482,0,788,20,0,2179792896,True,.nii.gz,1,100274_00001,100274_00001
1,13715870,batch_1.zip,14,100142_00001_0000.nii.gz,False,33367759,33539783,8,39bc885d,0,False,1556899678,0,788,20,0,2179792896,True,.nii.gz,1,100142_00001,100142_00001
1,13715870,batch_1.zip,15,100158_00001_0000.nii.gz,False,25959234,25951540,8,b2593cc9,0,False,1590267491,0,788,20,0,2179792896,True,.nii.gz,1,100158_00001,100158_00001
1,13715870,batch_1.zip,16,100536_00001_0000.nii.gz,False,70223968,70206478,8,7e6ec0fe,0,False,1616226779,0,788,20,0,2179792896,True,.nii.gz,1,100536_00001,100536_00001
1,13715870,batch_1.zip,17,100170_00001_0000.nii.gz,False,44533546,44520489,8,8b027e43,0,False,1686450801,0,788,20,0,2179792896,True,.nii.gz,1,100170_00001,100170_00001
1,13715870,batch_1.zip,18,100545_00001_0000.nii.gz,False,153531670,153485755,8,bf96cf9d,0,False,1730984401,0,788,20,0,2179792896,True,.nii.gz,1,100545_00001,100545_00001
1,13715870,batch_1.zip,19,100351_00001_0000.nii.gz,False,47994489,47979967,8,ff9c747f,0,False,1884516125,0,788,20,0,2179792896,True,.nii.gz,1,100351_00001,100351_00001
1,13715870,batch_1.zip,20,100299_00001_0000.nii.gz,False,58877932,58860112,8,51a38c01,0,False,1932510668,0,788,20,0,2179792896,True,.nii.gz,1,100299_00001,100299_00001
1,13715870,batch_1.zip,21,100112_00001_0000.nii.gz,False,104191451,104817103,8,beb360e6,0,False,1991388654,0,788,20,0,2179792896,True,.nii.gz,1,100112_00001,100112_00001
1,13715870,batch_1.zip,22,100244_00001_0000.nii.gz,False,132179893,132147064,8,4c46f7e0,0,False,2095580159,0,788,20,0,2179792896,True,.nii.gz,1,100244_00001,100244_00001
1,13715870,batch_1.zip,23,100109_00001_0000.nii.gz,False,80985782,80961350,8,c74217ff,0,False,2227760106,0,813,45,0,2179792896,True,.nii.gz,1,100109_00001,100109_00001
1,13715870,batch_1.zip,24,100128_00001_0000.nii.gz,False,175488685,176218748,8,4848d50d,0,False,2308745942,0,813,45,0,2179792896,True,.nii.gz,1,100128_00001,100128_00001
1,13715870,batch_1.zip,25,100447_00001_0000.nii.gz,False,89745608,89723082,8,59d016d9,0,False,2484234681,0,813,45,0,2179792896,True,.nii.gz,1,100447_00001,100447_00001
1,13715870,batch_1.zip,26,100480_00001_0000.nii.gz,False,30191168,30344263,8,183ab3ab,0,False,2573980343,0,813,45,0,2179792896,True,.nii.gz,1,100480_00001,100480_00001
1,13715870,batch_1.zip,27,100078_00001_0000.nii.gz,False,29473782,29465560,8,fa4e0288,0,False,2604171565,0,813,45,0,2179792896,True,.nii.gz,1,100078_00001,100078_00001
1,13715870,batch_1.zip,28,100279_00001_0000.nii.gz,False,45570623,45556937,8,fd5aad3d,0,False,2633645401,0,813,45,0,2179792896,True,.nii.gz,1,100279_00001,100279_00001
1,13715870,batch_1.zip,29,100410_00001_0000.nii.gz,False,269920594,269841367,8,4968fb5a,0,False,2679216078,0,813,45,0,2179792896,True,.nii.gz,1,100410_00001,100410_00001
1,13715870,batch_1.zip,30,100178_00001_0000.nii.gz,False,55707818,56087030,8,20925363,0,False,2949136726,0,813,45,0,2179792896,True,.nii.gz,1,100178_00001,100178_00001
1,13715870,batch_1.zip,31,100156_00001_0000.nii.gz,False,94953604,94931118,8,8ffe12e6,0,False,3004844598,0,813,45,0,2179792896,True,.nii.gz,1,100156_00001,100156_00001
1,13715870,batch_1.zip,32,100512_00001_0000.nii.gz,False,41463339,41751869,8,d7b06779,0,False,3099798256,0,813,45,0,2179792896,True,.nii.gz,1,100512_00001,100512_00001
1,13715870,batch_1.zip,33,100349_00001_0000.nii.gz,False,27502419,27659730,8,4c70f350,0,False,3141261649,0,813,45,0,2179792896,True,.nii.gz,1,100349_00001,100349_00001
1,13715870,batch_1.zip,34,100086_00001_0000.nii.gz,False,13929822,14027395,8,82889acc,0,False,3168764122,0,813,45,0,2179792896,True,.nii.gz,1,100086_00001,100086_00001
1,13715870,batch_1.zip,35,100332_00001_0000.nii.gz,False,67442710,67422375,8,e8d78b16,0,False,3182693998,0,813,45,0,2179792896,True,.nii.gz,1,100332_00001,100332_00001
1,13715870,batch_1.zip,36,100270_00001_0000.nii.gz,False,83625488,83603777,8,cc7cbc97,0,False,3250136762,0,813,45,0,2179792896,True,.nii.gz,1,100270_00001,100270_00001
1,13715870,batch_1.zip,37,100344_00001_0000.nii.gz,False,86829093,86802940,8,b401084b,0,False,3333762304,0,813,45,0,2179792896,True,.nii.gz,1,100344_00001,100344_00001
1,13715870,batch_1.zip,38,100046_00001_0000.nii.gz,False,39210866,39199179,8,e3150aa8,0,False,3420591451,0,813,45,0,2179792896,True,.nii.gz,1,100046_00001,100046_00001
1,13715870,batch_1.zip,39,100164_00001_0000.nii.gz,False,273121902,274210262,8,89f3e97c,0,False,3459802371,0,813,45,0,2179792896,True,.nii.gz,1,100164_00001,100164_00001
1,13715870,batch_1.zip,40,100286_00001_0000.nii.gz,False,13505111,13592779,8,1447ddae,0,False,3732924327,0,813,45,0,2179792896,True,.nii.gz,1,100286_00001,100286_00001
1,13715870,batch_1.zip,41,100395_00001_0000.nii.gz,False,48750374,48740866,8,640f0138,0,False,3746429492,0,813,45,0,2179792896,True,.nii.gz,1,100395_00001,100395_00001
1,13715870,batch_1.zip,42,100124_00001_0000.nii.gz,False,133195025,133156158,8,e47f9372,0,False,3795179920,0,813,45,0,2179792896,True,.nii.gz,1,100124_00001,100124_00001
1,13715870,batch_1.zip,43,100137_00001_0000.nii.gz,False,65359889,65340124,8,9a1ec178,0,False,3928374999,0,813,45,0,2179792896,True,.nii.gz,1,100137_00001,100137_00001
1,13715870,batch_1.zip,44,100146_00001_0000.nii.gz,False,89937741,89913879,8,cee51f97,0,False,3993734942,0,813,45,0,2179792896,True,.nii.gz,1,100146_00001,100146_00001
1,13715870,batch_1.zip,45,100396_00001_0000.nii.gz,False,35328420,35547575,8,3008ab9f,0,False,4083672737,0,813,45,0,2179792896,True,.nii.gz,1,100396_00001,100396_00001
1,13715870,batch_1.zip,46,100341_00001_0000.nii.gz,False,201463370,201404293,8,a6ca5dd5,0,False,4119001211,0,813,45,0,2179792896,True,.nii.gz,1,100341_00001,100341_00001
1,13715870,batch_1.zip,47,100099_00001_0000.nii.gz,False,283712479,290929835,8,cc141d35,0,False,4320464635,0,813,45,0,2179792896,True,.nii.gz,1,100099_00001,100099_00001
1,13715870,batch_1.zip,48,100543_00001_0000.nii.gz,False,55039570,55023554,8,a8d2301c,0,False,4604177168,0,813,45,0,2179792896,True,.nii.gz,1,100543_00001,100543_00001
1,13715870,batch_1.zip,49,100042_00001_0000.nii.gz,False,64042522,64025840,8,9e383ec3,0,False,4659216792,0,813,45,0,2179792896,True,.nii.gz,1,100042_00001,100042_00001
1,13715870,batch_1.zip,50,100071_00001_0000.nii.gz,False,39034293,39022510,8,d2306f1e,0,False,4723259368,0,813,45,0,2179792896,True,.nii.gz,1,100071_00001,100071_00001
1,13715870,batch_1.zip,51,100387_00001_0000.nii.gz,False,48296500,48282790,8,44ab0871,0,False,4762293715,0,813,45,0,2179792896,True,.nii.gz,1,100387_00001,100387_00001
1,13715870,batch_1.zip,52,100054_00001_0000.nii.gz,False,101991528,101963136,8,a773b1ca,0,False,4810590269,0,813,45,0,2179792896,True,.nii.gz,1,100054_00001,100054_00001
1,13715870,batch_1.zip,53,100428_00001_0000.nii.gz,False,102193226,102169169,8,aec2c41a,0,False,4912581851,0,813,45,0,2179792896,True,.nii.gz,1,100428_00001,100428_00001
1,13715870,batch_1.zip,54,100338_00001_0000.nii.gz,False,47019490,47006476,8,a7ec908e,0,False,5014775131,0,813,45,0,2179792896,True,.nii.gz,1,100338_00001,100338_00001
1,13715870,batch_1.zip,55,100005_00001_0000.nii.gz,False,138810308,138774684,8,f82fa028,0,False,5061794675,0,813,45,0,2179792896,True,.nii.gz,1,100005_00001,100005_00001
1,13715870,batch_1.zip,56,100084_00001_0000.nii.gz,False,215087070,216188350,8,ef18bd03,0,False,5200605037,0,813,45,0,2179792896,True,.nii.gz,1,100084_00001,100084_00001
1,13715870,batch_1.zip,57,100521_00001_0000.nii.gz,False,83729590,83711862,8,e98b36d9,0,False,5415692161,0,813,45,0,2179792896,True,.nii.gz,1,100521_00001,100521_00001
1,13715870,batch_1.zip,58,100459_00001_0000.nii.gz,False,51367877,51355755,8,2e90d854,0,False,5499421805,0,813,45,0,2179792896,True,.nii.gz,1,100459_00001,100459_00001
1,13715870,batch_1.zip,59,100009_00001_0000.nii.gz,False,23314183,23447212,8,3473ca8c,0,False,5550789736,0,813,45,0,2179792896,True,.nii.gz,1,100009_00001,100009_00001
1,13715870,batch_1.zip,60,100414_00001_0000.nii.gz,False,52577310,52561288,8,c2f1c78c,0,False,5574103973,0,813,45,0,2179792896,True,.nii.gz,1,100414_00001,100414_00001
1,13715870,batch_1.zip,61,100419_00001_0000.nii.gz,False,52870713,52855517,8,7ae836f2,0,False,5626681337,0,813,45,0,2179792896,True,.nii.gz,1,100419_00001,100419_00001
1,13715870,batch_1.zip,62,100048_00001_0000.nii.gz,False,87847158,87822513,8,eec770b5,0,False,5679552104,0,813,45,0,2179792896,True,.nii.gz,1,100048_00001,100048_00001
1,13715870,batch_1.zip,63,100152_00001_0000.nii.gz,False,178961447,178943789,8,a792183e,0,False,5767399316,0,813,45,0,2179792896,True,.nii.gz,1,100152_00001,100152_00001
1,13715870,batch_1.zip,64,100362_00001_0000.nii.gz,False,46959497,46947478,8,06b945d8,0,False,5946360817,0,813,45,0,2179792896,True,.nii.gz,1,100362_00001,100362_00001
1,13715870,batch_1.zip,65,100458_00001_0000.nii.gz,False,175308378,175260909,8,06ac2a12,0,False,5993320368,0,813,45,0,2179792896,True,.nii.gz,1,100458_00001,100458_00001
1,13715870,batch_1.zip,66,100275_00001_0000.nii.gz,False,62849248,62831474,8,0e26a329,0,False,6168628800,0,813,45,0,2179792896,True,.nii.gz,1,100275_00001,100275_00001
1,13715870,batch_1.zip,67,100350_00001_0000.nii.gz,False,102064863,102037825,8,1e069726,0,False,6231478102,0,813,45,0,2179792896,True,.nii.gz,1,100350_00001,100350_00001
1,13715870,batch_1.zip,68,100437_00001_0000.nii.gz,False,43010710,43000516,8,b435f90b,0,False,6333543019,0,813,45,0,2179792896,True,.nii.gz,1,100437_00001,100437_00001
1,13715870,batch_1.zip,69,100409_00001_0000.nii.gz,False,199403474,199394562,8,4ba73d85,0,False,6376553783,0,813,45,0,2179792896,True,.nii.gz,1,100409_00001,100409_00001
1,13715870,batch_1.zip,70,100101_00001_0000.nii.gz,False,240878252,240805135,8,1faa00c0,0,False,6575957311,0,813,45,0,2179792896,True,.nii.gz,1,100101_00001,100101_00001
1,13715870,batch_1.zip,71,100012_00001_0000.nii.gz,False,94752740,94724699,8,f398379f,0,False,6816835617,0,813,45,0,2179792896,True,.nii.gz,1,100012_00001,100012_00001
1,13715870,batch_1.zip,72,100328_00001_0000.nii.gz,False,186697477,191624791,8,d789e16c,0,False,6911588411,0,813,45,0,2179792896,True,.nii.gz,1,100328_00001,100328_00001
1,13715870,batch_1.zip,73,100210_00001_0000.nii.gz,False,87570021,87548664,8,2ca67402,0,False,7098285942,0,813,45,0,2179792896,True,.nii.gz,1,100210_00001,100210_00001
1,13715870,batch_1.zip,74,100365_00001_0000.nii.gz,False,25482909,25632160,8,4784e3f6,0,False,7185856017,0,813,45,0,2179792896,True,.nii.gz,1,100365_00001,100365_00001
1,13715870,batch_1.zip,75,100157_00001_0000.nii.gz,False,110000802,110602009,8,fdfb602e,0,False,7211338980,0,813,45,0,2179792896,True,.nii.gz,1,100157_00001,100157_00001
1,13715870,batch_1.zip,76,100330_00001_0000.nii.gz,False,83877031,83853168,8,b21c5017,0,False,7321339836,0,813,45,0,2179792896,True,.nii.gz,1,100330_00001,100330_00001
1,13715870,batch_1.zip,77,100467_00001_0000.nii.gz,False,215076449,220478685,8,80ec8f43,0,False,7405216921,0,813,45,0,2179792896,True,.nii.gz,1,100467_00001,100467_00001
1,13715870,batch_1.zip,78,100209_00001_0000.nii.gz,False,67982548,67962687,8,07528f2c,0,False,7620293424,0,813,45,0,2179792896,True,.nii.gz,1,100209_00001,100209_00001
1,13715870,batch_1.zip,79,100213_00001_0000.nii.gz,False,57450203,57436137,8,81bb1884,0,False,7688276026,0,813,45,0,2179792896,True,.nii.gz,1,100213_00001,100213_00001
1,13715870,batch_1.zip,80,100432_00001_0000.nii.gz,False,179844031,179833756,8,f61c72f9,0,False,7745726283,0,813,45,0,2179792896,True,.nii.gz,1,100432_00001,100432_00001
1,13715870,batch_1.zip,81,100201_00001_0000.nii.gz,False,39403544,39394481,8,2cc4081f,0,False,7925570368,0,813,45,0,2179792896,True,.nii.gz,1,100201_00001,100201_00001
1,13715870,batch_1.zip,82,100203_00001_0000.nii.gz,False,58793925,60393818,8,d5ee57ae,0,False,7964973966,0,813,45,0,2179792896,True,.nii.gz,1,100203_00001,100203_00001
1,13715870,batch_1.zip,83,100200_00001_0000.nii.gz,False,48990709,48975865,8,bd8c5e54,0,False,8023767945,0,813,45,0,2179792896,True,.nii.gz,1,100200_00001,100200_00001
1,13715870,batch_1.zip,84,100106_00001_0000.nii.gz,False,76456858,76435111,8,b7cf2975,0,False,8072758708,0,813,45,0,2179792896,True,.nii.gz,1,100106_00001,100106_00001
1,13715870,batch_1.zip,85,100103_00001_0000.nii.gz,False,129638995,129624393,8,b5f2e753,0,False,8149215620,0,813,45,0,2179792896,True,.nii.gz,1,100103_00001,100103_00001
1,13715870,batch_1.zip,86,100389_00001_0000.nii.gz,False,52093357,52079640,8,2a5b5557,0,False,8278854669,0,813,45,0,2179792896,True,.nii.gz,1,100389_00001,100389_00001
1,13715870,batch_1.zip,87,100421_00001_0000.nii.gz,False,50863173,52161594,8,2e7c7875,0,False,8330948080,0,813,45,0,2179792896,True,.nii.gz,1,100421_00001,100421_00001
1,13715870,batch_1.zip,88,100243_00001_0000.nii.gz,False,62713263,62698258,8,3f4ab51b,0,False,8381811307,0,813,45,0,2179792896,True,.nii.gz,1,100243_00001,100243_00001
1,13715870,batch_1.zip,89,100098_00001_0000.nii.gz,False,232294307,232224237,8,8ddd03df,0,False,8444524624,0,813,45,0,2179792896,True,.nii.gz,1,100098_00001,100098_00001
1,13715870,batch_1.zip,90,100310_00001_0000.nii.gz,False,271824840,271758795,8,35da4a46,0,False,8676818985,0,813,45,0,2179792896,True,.nii.gz,1,100310_00001,100310_00001
1,13715870,batch_1.zip,91,100015_00001_0000.nii.gz,False,53230640,53214498,8,63db147d,0,False,8948643879,0,813,45,0,2179792896,True,.nii.gz,1,100015_00001,100015_00001
1,13715870,batch_1.zip,92,100455_00002_0000.nii.gz,False,28145494,28320115,8,8e217c7b,0,False,9001874573,0,813,45,0,2179792896,True,.nii.gz,1,100455_00002,100455_00002
1,13715870,batch_1.zip,93,100044_00001_0000.nii.gz,False,65327581,65308736,8,9209a7d3,0,False,9030020121,0,813,45,0,2179792896,True,.nii.gz,1,100044_00001,100044_00001
1,13715870,batch_1.zip,94,100422_00001_0000.nii.gz,False,356045356,358081812,8,ad269875,0,False,9095347756,0,813,45,0,2179792896,True,.nii.gz,1,100422_00001,100422_00001
1,13715870,batch_1.zip,95,100212_00001_0000.nii.gz,False,306554551,306469412,8,115ec309,0,False,9451393166,0,813,45,0,2179792896,True,.nii.gz,1,100212_00001,100212_00001
1,13715870,batch_1.zip,96,100162_00001_0000.nii.gz,False,28414707,28577433,8,7b3179ef,0,False,9757947771,0,813,45,0,2179792896,True,.nii.gz,1,100162_00001,100162_00001
1,13715870,batch_1.zip,97,100153_00001_0000.nii.gz,False,27965840,28119998,8,0dee84ed,0,False,9786362532,0,813,45,0,2179792896,True,.nii.gz,1,100153_00001,100153_00001
1,13715870,batch_1.zip,98,100287_00001_0000.nii.gz,False,93791553,93767925,8,80ed68b2,0,False,9814328426,0,813,45,0,2179792896,True,.nii.gz,1,100287_00001,100287_00001
1,13715870,batch_1.zip,99,100033_00001_0000.nii.gz,False,151336293,151302330,8,8575be27,0,False,9908120033,0,813,45,0,2179792896,True,.nii.gz,1,100033_00001,100033_00001
1,13715870,batch_1.zip,100,100204_00001_0000.nii.gz,False,89102574,89075740,8,856f1900,0,False,10059456380,0,813,45,0,2179792896,True,.nii.gz,1,100204_00001,100204_00001
1,13715870,batch_1.zip,101,100343_00001_0000.nii.gz,False,92526619,92499496,8,8e2b42e3,0,False,10148559008,0,813,45,0,2179792896,True,.nii.gz,1,100343_00001,100343_00001
1,13715870,batch_1.zip,102,100373_00001_0000.nii.gz,False,48952802,49237660,8,7f00c3e2,0,False,10241085681,0,813,45,0,2179792896,True,.nii.gz,1,100373_00001,100373_00001
1,13715870,batch_1.zip,103,100105_00001_0000.nii.gz,False,31487689,31684260,8,d2315158,0,False,10290038537,0,813,45,0,2179792896,True,.nii.gz,1,100105_00001,100105_00001
1,13715870,batch_1.zip,104,100298_00001_0000.nii.gz,False,38741658,38730872,8,68212eda,0,False,10321526280,0,813,45,0,2179792896,True,.nii.gz,1,100298_00001,100298_00001
1,13715870,batch_1.zip,105,100238_00001_0000.nii.gz,False,95103764,95078108,8,efb49b2e,0,False,10360267992,0,813,45,0,2179792896,True,.nii.gz,1,100238_00001,100238_00001
1,13715870,batch_1.zip,106,100398_00001_0000.nii.gz,False,77112310,77089426,8,87591a2d,0,False,10455371810,0,813,45,0,2179792896,True,.nii.gz,1,100398_00001,100398_00001
1,13715870,batch_1.zip,107,100496_00001_0000.nii.gz,False,177560435,177507114,8,8bd0e837,0,False,10532484174,0,813,45,0,2179792896,True,.nii.gz,1,100496_00001,100496_00001
1,13715870,batch_1.zip,108,100372_00001_0000.nii.gz,False,152312801,153215178,8,7294b2fc,0,False,10710044663,0,813,45,0,2179792896,True,.nii.gz,1,100372_00001,100372_00001
1,13715870,batch_1.zip,109,100522_00001_0000.nii.gz,False,65609581,65590346,8,6d213704,0,False,10862357518,0,813,45,0,2179792896,True,.nii.gz,1,100522_00001,100522_00001
1,13715870,batch_1.zip,110,100491_00001_0000.nii.gz,False,88807464,88780782,8,9f125363,0,False,10927967153,0,813,45,0,2179792896,True,.nii.gz,1,100491_00001,100491_00001
1,13715870,batch_1.zip,111,100248_00001_0000.nii.gz,False,77813414,77794703,8,5ec8e37e,0,False,11016774671,0,813,45,0,2179792896,True,.nii.gz,1,100248_00001,100248_00001
1,13715870,batch_1.zip,112,100515_00001_0000.nii.gz,False,162711055,162662999,8,5528f675,0,False,11094588139,0,813,45,0,2179792896,True,.nii.gz,1,100515_00001,100515_00001
1,13715870,batch_1.zip,113,100367_00001_0000.nii.gz,False,127772659,127740954,8,cfb5fe9c,0,False,11257299248,0,813,45,0,2179792896,True,.nii.gz,1,100367_00001,100367_00001
1,13715870,batch_1.zip,114,100143_00001_0000.nii.gz,False,71134998,71508218,8,9b5a7854,0,False,11385071961,0,813,45,0,2179792896,True,.nii.gz,1,100143_00001,100143_00001
1,13715870,batch_1.zip,115,100083_00001_0000.nii.gz,False,97050458,97024176,8,89773d60,0,False,11456207013,0,813,45,0,2179792896,True,.nii.gz,1,100083_00001,100083_00001
1,13715870,batch_1.zip,116,100448_00001_0000.nii.gz,False,20987007,21113960,8,a3086bab,0,False,11553257525,0,813,45,0,2179792896,True,.nii.gz,1,100448_00001,100448_00001
1,13715870,batch_1.zip,117,100220_00001_0000.nii.gz,False,45504097,45721827,8,b7c7e3c0,0,False,11574244586,0,813,45,0,2179792896,True,.nii.gz,1,100220_00001,100220_00001
1,13715870,batch_1.zip,118,100439_00001_0000.nii.gz,False,332483733,334194458,8,27e116aa,0,False,11619748737,0,813,45,0,2179792896,True,.nii.gz,1,100439_00001,100439_00001
1,13715870,batch_1.zip,119,100246_00001_0000.nii.gz,False,53661777,53954973,8,2a06daa3,0,False,11952232524,0,813,45,0,2179792896,True,.nii.gz,1,100246_00001,100246_00001
1,13715870,batch_1.zip,120,100322_00001_0000.nii.gz,False,98393419,98372086,8,6fd17c61,0,False,12005894355,0,813,45,0,2179792896,True,.nii.gz,1,100322_00001,100322_00001
1,13715870,batch_1.zip,121,100154_00001_0000.nii.gz,False,25773549,25765848,8,40bac8c3,0,False,12104287828,0,813,45,0,2179792896,True,.nii.gz,1,100154_00001,100154_00001
1,13715870,batch_1.zip,122,100519_00001_0000.nii.gz,False,62471434,62452765,8,a8a2c933,0,False,12130061431,0,813,45,0,2179792896,True,.nii.gz,1,100519_00001,100519_00001
1,13715870,batch_1.zip,123,100206_00001_0000.nii.gz,False,36856218,37060632,8,bda25e64,0,False,12192532919,0,813,45,0,2179792896,True,.nii.gz,1,100206_00001,100206_00001
1,13715870,batch_1.zip,124,100302_00001_0000.nii.gz,False,57227716,57570364,8,a71d36e8,0,False,12229389191,0,813,45,0,2179792896,True,.nii.gz,1,100302_00001,100302_00001
1,13715870,batch_1.zip,125,100392_00001_0000.nii.gz,False,29730480,29721576,8,06fb3ea0,0,False,12286616961,0,813,45,0,2179792896,True,.nii.gz,1,100392_00001,100392_00001
1,13715870,batch_1.zip,126,100011_00001_0000.nii.gz,False,90847556,90821319,8,a2f67c7a,0,False,12316347495,0,813,45,0,2179792896,True,.nii.gz,1,100011_00001,100011_00001
1,13715870,batch_1.zip,127,100260_00001_0000.nii.gz,False,38967060,38955820,8,1f93691d,0,False,12407195105,0,813,45,0,2179792896,True,.nii.gz,1,100260_00001,100260_00001
1,13715870,batch_1.zip,128,100251_00001_0000.nii.gz,False,101367454,101341650,8,8bf91bc9,0,False,12446162219,0,813,45,0,2179792896,True,.nii.gz,1,100251_00001,100251_00001
1,13715870,batch_1.zip,129,100171_00001_0000.nii.gz,False,95824183,95799162,8,09ea7088,0,False,12547529727,0,813,45,0,2179792896,True,.nii.gz,1,100171_00001,100171_00001
1,13715870,batch_1.zip,130,100424_00001_0000.nii.gz,False,27510212,27660092,8,7826b2a4,0,False,12643353964,0,813,45,0,2179792896,True,.nii.gz,1,100424_00001,100424_00001
1,13715870,batch_1.zip,131,100025_00001_0000.nii.gz,False,42977398,42964418,8,7dffbfed,0,False,12670864230,0,813,45,0,2179792896,True,.nii.gz,1,100025_00001,100025_00001
1,13715870,batch_1.zip,132,100027_00001_0000.nii.gz,False,73340302,73323346,8,39e326b0,0,False,12713841682,0,813,45,0,2179792896,True,.nii.gz,1,100027_00001,100027_00001
1,13715870,batch_1.zip,133,100513_00001_0000.nii.gz,False,34115703,34345135,8,e4fc0d5a,0,False,12787182038,0,813,45,0,2179792896,True,.nii.gz,1,100513_00001,100513_00001
1,13715870,batch_1.zip,134,100333_00001_0000.nii.gz,False,85627364,85606831,8,3eed421c,0,False,12821297795,0,813,45,0,2179792896,True,.nii.gz,1,100333_00001,100333_00001
1,13715870,batch_1.zip,135,100453_00001_0000.nii.gz,False,52710016,52694164,8,257bf021,0,False,12906925213,0,813,45,0,2179792896,True,.nii.gz,1,100453_00001,100453_00001
1,13715870,batch_1.zip,136,100288_00001_0000.nii.gz,False,148038920,148001490,8,901c79c0,0,False,12959635283,0,813,45,0,2179792896,True,.nii.gz,1,100288_00001,100288_00001
1,13715870,batch_1.zip,137,100233_00001_0000.nii.gz,False,40018426,40006984,8,59c40f4e,0,False,13107674257,0,813,45,0,2179792896,True,.nii.gz,1,100233_00001,100233_00001
1,13715870,batch_1.zip,138,100540_00001_0000.nii.gz,False,159255511,160058002,8,f54aab85,0,False,13147692737,0,813,45,0,2179792896,True,.nii.gz,1,100540_00001,100540_00001
1,13715870,batch_1.zip,139,100208_00001_0000.nii.gz,False,52627673,52932882,8,079dda79,0,False,13306948302,0,813,45,0,2179792896,True,.nii.gz,1,100208_00001,100208_00001
1,13715870,batch_1.zip,140,100542_00001_0000.nii.gz,False,25904482,26063405,8,b290d63b,0,False,13359576029,0,813,45,0,2179792896,True,.nii.gz,1,100542_00001,100542_00001
1,13715870,batch_1.zip,141,100360_00001_0000.nii.gz,False,58490018,58474850,8,96286294,0,False,13385480565,0,813,45,0,2179792896,True,.nii.gz,1,100360_00001,100360_00001
1,13715870,batch_1.zip,142,100037_00001_0000.nii.gz,False,183316052,184140179,8,7b873aaa,0,False,13443970637,0,813,45,0,2179792896,True,.nii.gz,1,100037_00001,100037_00001
1,13715870,batch_1.zip,143,100239_00001_0000.nii.gz,False,64487079,64471076,8,6c4298b5,0,False,13627286743,0,813,45,0,2179792896,True,.nii.gz,1,100239_00001,100239_00001
1,13715870,batch_1.zip,144,100174_00001_0000.nii.gz,False,64028323,64009431,8,d47cf337,0,False,13691773876,0,813,45,0,2179792896,True,.nii.gz,1,100174_00001,100174_00001
1,13715870,batch_1.zip,145,100122_00001_0000.nii.gz,False,88378718,88355542,8,59369445,0,False,13755802253,0,813,45,0,2179792896,True,.nii.gz,1,100122_00001,100122_00001
1,13715870,batch_1.zip,146,100001_00001_0000.nii.gz,False,35529836,35758937,8,caf2f8f6,0,False,13844181025,0,813,45,0,2179792896,True,.nii.gz,1,100001_00001,100001_00001
1,13715870,batch_1.zip,147,100224_00001_0000.nii.gz,False,29410338,29401473,8,04b05976,0,False,13879710915,0,813,45,0,2179792896,True,.nii.gz,1,100224_00001,100224_00001
1,13715870,batch_1.zip,148,100047_00005_0000.nii.gz,False,222831731,222768146,8,f391fcff,0,False,13909121307,0,813,45,0,2179792896,True,.nii.gz,1,100047_00005,100047_00005
1,13715870,batch_1.zip,149,100186_00001_0000.nii.gz,False,61761154,61744293,8,34b41c0b,0,False,14131953092,0,813,45,0,2179792896,True,.nii.gz,1,100186_00001,100186_00001
1,13715870,batch_1.zip,150,100067_00001_0000.nii.gz,False,50222420,50208150,8,77c2fb3e,0,False,14193714300,0,813,45,0,2179792896,True,.nii.gz,1,100067_00001,100067_00001
1,13715870,batch_1.zip,151,100081_00001_0000.nii.gz,False,91271727,91246990,8,c6821f1d,0,False,14243936774,0,813,45,0,2179792896,True,.nii.gz,1,100081_00001,100081_00001
1,13715870,batch_1.zip,152,100226_00001_0000.nii.gz,False,21361455,21471554,8,5910a853,0,False,14335208555,0,813,45,0,2179792896,True,.nii.gz,1,100226_00001,100226_00001
1,13715870,batch_1.zip,153,100308_00001_0000.nii.gz,False,97876812,97850886,8,fab1f86b,0,False,14356570064,0,813,45,0,2179792896,True,.nii.gz,1,100308_00001,100308_00001
1,13715870,batch_1.zip,154,100334_00001_0000.nii.gz,False,37717348,37706784,8,256a55dc,0,False,14454446930,0,813,45,0,2179792896,True,.nii.gz,1,100334_00001,100334_00001
1,13715870,batch_1.zip,155,100261_00001_0000.nii.gz,False,28177051,28378860,8,4d668b37,0,False,14492164332,0,813,45,0,2179792896,True,.nii.gz,1,100261_00001,100261_00001
1,13715870,batch_1.zip,156,100035_00001_0000.nii.gz,False,131258037,131218706,8,d9020162,0,False,14520341437,0,813,45,0,2179792896,True,.nii.gz,1,100035_00001,100035_00001
1,13715870,batch_1.zip,157,100236_00001_0000.nii.gz,False,89078710,89055840,8,e8777038,0,False,14651599528,0,813,45,0,2179792896,True,.nii.gz,1,100236_00001,100236_00001
1,13715870,batch_1.zip,158,100063_00001_0000.nii.gz,False,51796944,52172337,8,75342efd,0,False,14740678292,0,813,45,0,2179792896,True,.nii.gz,1,100063_00001,100063_00001
1,13715870,batch_1.zip,159,100165_00001_0000.nii.gz,False,22819757,22962938,8,57d9b1b6,0,False,14792475290,0,813,45,0,2179792896,True,.nii.gz,1,100165_00001,100165_00001
1,13715870,batch_1.zip,160,100291_00001_0000.nii.gz,False,88369943,88348588,8,a349de0f,0,False,14815295101,0,813,45,0,2179792896,True,.nii.gz,1,100291_00001,100291_00001
1,13715870,batch_1.zip,161,100361_00001_0000.nii.gz,False,25543429,25536038,8,68322439,0,False,14903665098,0,813,45,0,2179792896,True,.nii.gz,1,100361_00001,100361_00001
1,13715870,batch_1.zip,162,100268_00001_0000.nii.gz,False,100965472,100938041,8,d0d0088e,0,False,14929208581,0,813,45,0,2179792896,True,.nii.gz,1,100268_00001,100268_00001
1,13715870,batch_1.zip,163,100108_00001_0000.nii.gz,False,11206048,11279249,8,6c902c6b,0,False,15030174107,0,813,45,0,2179792896,True,.nii.gz,1,100108_00001,100108_00001
1,13715870,batch_1.zip,164,100510_00001_0000.nii.gz,False,39203497,39191620,8,ecfe016a,0,False,15041380209,0,813,45,0,2179792896,True,.nii.gz,1,100510_00001,100510_00001
1,13715870,batch_1.zip,165,100068_00001_0000.nii.gz,False,91341749,91318912,8,fe5f7f27,0,False,15080583760,0,813,45,0,2179792896,True,.nii.gz,1,100068_00001,100068_00001
1,13715870,batch_1.zip,166,100337_00001_0000.nii.gz,False,36747757,36992079,8,1e208455,0,False,15171925563,0,813,45,0,2179792896,True,.nii.gz,1,100337_00001,100337_00001
1,13715870,batch_1.zip,167,100443_00001_0000.nii.gz,False,174104555,174058955,8,d87d924b,0,False,15208673374,0,813,45,0,2179792896,True,.nii.gz,1,100443_00001,100443_00001
1,13715870,batch_1.zip,168,100139_00001_0000.nii.gz,False,87477276,87455114,8,c3714449,0,False,15382777983,0,813,45,0,2179792896,True,.nii.gz,1,100139_00001,100139_00001
1,13715870,batch_1.zip,169,100375_00001_0000.nii.gz,False,39470815,39458851,8,37ce703f,0,False,15470255313,0,813,45,0,2179792896,True,.nii.gz,1,100375_00001,100375_00001
1,13715870,batch_1.zip,170,100116_00001_0000.nii.gz,False,26433312,26576272,8,b6b0b9f1,0,False,15509726182,0,813,45,0,2179792896,True,.nii.gz,1,100116_00001,100116_00001
1,13715870,batch_1.zip,171,100199_00001_0000.nii.gz,False,15757461,15752759,8,7dfa53f9,0,False,15536159548,0,813,45,0,2179792896,True,.nii.gz,1,100199_00001,100199_00001
1,13715870,batch_1.zip,172,100326_00001_0000.nii.gz,False,38274877,38581063,8,b6f2ba84,0,False,15551917063,0,813,45,0,2179792896,True,.nii.gz,1,100326_00001,100326_00001
1,13715870,batch_1.zip,173,100494_00001_0000.nii.gz,False,40714295,40702457,8,c3ee72ab,0,False,15590191994,0,813,45,0,2179792896,True,.nii.gz,1,100494_00001,100494_00001
1,13715870,batch_1.zip,174,100382_00001_0000.nii.gz,False,92423675,92400443,8,a05431dd,0,False,15630906343,0,813,45,0,2179792896,True,.nii.gz,1,100382_00001,100382_00001
1,13715870,batch_1.zip,175,100433_00001_0000.nii.gz,False,889549397,889679220,8,3e111344,0,False,15723330072,0,813,45,0,2179792896,True,.nii.gz,1,100433_00001,100433_00001
1,13715870,batch_1.zip,176,100471_00001_0000.nii.gz,False,39787748,39775656,8,e6db66fd,0,False,16612879523,0,813,45,0,2179792896,True,.nii.gz,1,100471_00001,100471_00001
1,13715870,batch_1.zip,177,100281_00001_0000.nii.gz,False,196163046,196106541,8,3e5514f8,0,False,16652667325,0,813,45,0,2179792896,True,.nii.gz,1,100281_00001,100281_00001
1,13715870,batch_1.zip,178,100125_00001_0000.nii.gz,False,60309443,61942634,8,c3f3309b,0,False,16848830425,0,813,45,0,2179792896,True,.nii.gz,1,100125_00001,100125_00001
1,13715870,batch_1.zip,179,100346_00001_0000.nii.gz,False,322064067,323554237,8,527b2617,0,False,16909139922,0,813,45,0,2179792896,True,.nii.gz,1,100346_00001,100346_00001
1,13715870,batch_1.zip,180,100544_00001_0000.nii.gz,False,35806717,35797347,8,5ba9082f,0,False,17231204043,0,813,45,0,2179792896,True,.nii.gz,1,100544_00001,100544_00001
1,13715870,batch_1.zip,181,100032_00001_0000.nii.gz,False,54557862,54545532,8,e454f380,0,False,17267010814,0,813,45,0,2179792896,True,.nii.gz,1,100032_00001,100032_00001
1,13715870,batch_1.zip,182,100376_00001_0000.nii.gz,False,51365962,51651005,8,40738b43,0,False,17321568730,0,813,45,0,2179792896,True,.nii.gz,1,100376_00001,100376_00001
1,13715870,batch_1.zip,183,100295_00001_0000.nii.gz,False,54032150,54015817,8,f55fee7d,0,False,17372934746,0,813,45,0,2179792896,True,.nii.gz,1,100295_00001,100295_00001
1,13715870,batch_1.zip,184,100378_00001_0000.nii.gz,False,135721071,135680066,8,8fd9e83c,0,False,17426966950,0,813,45,0,2179792896,True,.nii.gz,1,100378_00001,100378_00001
1,13715870,batch_1.zip,185,100061_00001_0000.nii.gz,False,99455266,99428727,8,972f4e9f,0,False,17562688075,0,813,45,0,2179792896,True,.nii.gz,1,100061_00001,100061_00001
1,13715870,batch_1.zip,186,100138_00001_0000.nii.gz,False,98949990,98921350,8,2fe31d8c,0,False,17662143395,0,813,45,0,2179792896,True,.nii.gz,1,100138_00001,100138_00001
1,13715870,batch_1.zip,187,100021_00001_0000.nii.gz,False,45916351,46211961,8,7aa60cda,0,False,17761093439,0,813,45,0,2179792896,True,.nii.gz,1,100021_00001,100021_00001
1,13715870,batch_1.zip,188,100077_00001_0000.nii.gz,False,218981954,218916821,8,b5b3423f,0,False,17807009844,0,813,45,0,2179792896,True,.nii.gz,1,100077_00001,100077_00001
1,13715870,batch_1.zip,189,100180_00001_0000.nii.gz,False,80330814,80892904,8,848d9107,0,False,18025991852,0,813,45,0,2179792896,True,.nii.gz,1,100180_00001,100180_00001
1,13715870,batch_1.zip,190,100482_00001_0000.nii.gz,False,58273747,58611046,8,4b9f35c3,0,False,18106322720,0,813,45,0,2179792896,True,.nii.gz,1,100482_00001,100482_00001
1,13715870,batch_1.zip,191,100316_00001_0000.nii.gz,False,218091365,218081081,8,5b835225,0,False,18164596521,0,813,45,0,2179792896,True,.nii.gz,1,100316_00001,100316_00001
1,13715870,batch_1.zip,192,100100_00001_0000.nii.gz,False,47164629,47433622,8,5000921e,0,False,18382687940,0,813,45,0,2179792896,True,.nii.gz,1,100100_00001,100100_00001
1,13715870,batch_1.zip,193,100120_00001_0000.nii.gz,False,39116410,40139345,8,0c5afd3e,0,False,18429852623,0,813,45,0,2179792896,True,.nii.gz,1,100120_00001,100120_00001
1,13715870,batch_1.zip,194,100476_00001_0000.nii.gz,False,48925643,48910903,8,0374ca96,0,False,18468969087,0,813,45,0,2179792896,True,.nii.gz,1,100476_00001,100476_00001
1,13715870,batch_1.zip,195,100073_00001_0000.nii.gz,False,48114743,48383071,8,2160a8d4,0,False,18517894784,0,813,45,0,2179792896,True,.nii.gz,1,100073_00001,100073_00001
1,13715870,batch_1.zip,196,100255_00001_0000.nii.gz,False,320707539,320614452,8,794c9e3d,0,False,18566009581,0,813,45,0,2179792896,True,.nii.gz,1,100255_00001,100255_00001
1,13715870,batch_1.zip,197,100404_00001_0000.nii.gz,False,46639617,46626521,8,0093e1a1,0,False,18886717174,0,813,45,0,2179792896,True,.nii.gz,1,100404_00001,100404_00001
1,13715870,batch_1.zip,198,100363_00001_0000.nii.gz,False,102102429,102075781,8,085f78be,0,False,18933356845,0,813,45,0,2179792896,True,.nii.gz,1,100363_00001,100363_00001
1,13715870,batch_1.zip,199,100161_00001_0000.nii.gz,False,63069565,63396407,8,7ff11077,0,False,19035459328,0,813,45,0,2179792896,True,.nii.gz,1,100161_00001,100161_00001
1,13715870,batch_1.zip,200,100473_00001_0000.nii.gz,False,54468790,54452274,8,e87c27cc,0,False,19098528947,0,813,45,0,2179792896,True,.nii.gz,1,100473_00001,100473_00001
1,13715870,batch_1.zip,201,100057_00001_0000.nii.gz,False,91797319,91773235,8,9e3e7fb9,0,False,19152997791,0,813,45,0,2179792896,True,.nii.gz,1,100057_00001,100057_00001
1,13715870,batch_1.zip,202,100535_00001_0000.nii.gz,False,48382245,48368986,8,d0401048,0,False,19244795164,0,813,45,0,2179792896,True,.nii.gz,1,100535_00001,100535_00001
1,13715870,batch_1.zip,203,100082_00001_0000.nii.gz,False,174688412,179036148,8,ac727037,0,False,19293177463,0,813,45,0,2179792896,True,.nii.gz,1,100082_00001,100082_00001
1,13715870,batch_1.zip,204,100499_00001_0000.nii.gz,False,67048414,67028152,8,54999a03,0,False,19467865929,0,813,45,0,2179792896,True,.nii.gz,1,100499_00001,100499_00001
1,13715870,batch_1.zip,205,100356_00001_0000.nii.gz,False,46823006,46810037,8,69b9213b,0,False,19534914397,0,813,45,0,2179792896,True,.nii.gz,1,100356_00001,100356_00001
1,13715870,batch_1.zip,206,100283_00001_0000.nii.gz,False,62337746,62319269,8,ff243bc7,0,False,19581737457,0,813,45,0,2179792896,True,.nii.gz,1,100283_00001,100283_00001
1,13715870,batch_1.zip,207,100176_00001_0000.nii.gz,False,30359749,30510409,8,0ad3f10b,0,False,19644075257,0,813,45,0,2179792896,True,.nii.gz,1,100176_00001,100176_00001
1,13715870,batch_1.zip,208,100434_00001_0000.nii.gz,False,197813829,197755411,8,ad434f6a,0,False,19674435060,0,813,45,0,2179792896,True,.nii.gz,1,100434_00001,100434_00001
1,13715870,batch_1.zip,209,100399_00001_0000.nii.gz,False,26003546,25996072,8,53a0cdbf,0,False,19872248943,0,813,45,0,2179792896,True,.nii.gz,1,100399_00001,100399_00001
1,13715870,batch_1.zip,210,100254_00001_0000.nii.gz,False,48479784,48467540,8,c929ec4c,0,False,19898252543,0,813,45,0,2179792896,True,.nii.gz,1,100254_00001,100254_00001
1,13715870,batch_1.zip,211,100525_00001_0000.nii.gz,False,42047531,42035119,8,6f3d0f61,0,False,19946732381,0,813,45,0,2179792896,True,.nii.gz,1,100525_00001,100525_00001
1,13715870,batch_1.zip,212,100415_00001_0000.nii.gz,False,110308966,110279569,8,8ae21a77,0,False,19988779966,0,813,45,0,2179792896,True,.nii.gz,1,100415_00001,100415_00001
1,13715870,batch_1.zip,213,100296_00001_0000.nii.gz,False,144377473,144334581,8,3a2bcf9c,0,False,20099088986,0,813,45,0,2179792896,True,.nii.gz,1,100296_00001,100296_00001
1,13715870,batch_1.zip,214,100024_00001_0000.nii.gz,False,35924192,36127821,8,edbef5a7,0,False,20243466513,0,813,45,0,2179792896,True,.nii.gz,1,100024_00001,100024_00001
1,13715870,batch_1.zip,215,100018_00001_0000.nii.gz,False,139102776,139060715,8,80379fc1,0,False,20279390759,0,813,45,0,2179792896,True,.nii.gz,1,100018_00001,100018_00001
1,13715870,batch_1.zip,216,100456_00002_0000.nii.gz,False,39161060,39149194,8,1a3e7957,0,False,20418493589,0,813,45,0,2179792896,True,.nii.gz,1,100456_00002,100456_00002
1,13715870,batch_1.zip,217,100524_00001_0000.nii.gz,False,102880079,102853556,8,f2656fde,0,False,20457654703,0,813,45,0,2179792896,True,.nii.gz,1,100524_00001,100524_00001
1,13715870,batch_1.zip,218,100022_00001_0000.nii.gz,False,27452218,27444123,8,8926c44f,0,False,20560534836,0,813,45,0,2179792896,True,.nii.gz,1,100022_00001,100022_00001
1,13715870,batch_1.zip,219,100383_00001_0000.nii.gz,False,52394979,52381297,8,38ccd712,0,False,20587987108,0,813,45,0,2179792896,True,.nii.gz,1,100383_00001,100383_00001
1,13715870,batch_1.zip,220,100530_00001_0000.nii.gz,False,79452491,79930973,8,af03a35a,0,False,20640382141,0,813,45,0,2179792896,True,.nii.gz,1,100530_00001,100530_00001
1,13715870,batch_1.zip,221,100225_00001_0000.nii.gz,False,96653618,97413773,8,4178bd8b,0,False,20719834686,0,813,45,0,2179792896,True,.nii.gz,1,100225_00001,100225_00001
1,13715870,batch_1.zip,222,100352_00001_0000.nii.gz,False,125081592,125052413,8,75e54e5e,0,False,20816488358,0,813,45,0,2179792896,True,.nii.gz,1,100352_00001,100352_00001
1,13715870,batch_1.zip,223,100339_00001_0000.nii.gz,False,99534674,100031180,8,06b3b43e,0,False,20941570004,0,813,45,0,2179792896,True,.nii.gz,1,100339_00001,100339_00001
1,13715870,batch_1.zip,224,100119_00001_0000.nii.gz,False,27759068,27750870,8,071ccd03,0,False,21041104732,0,813,45,0,2179792896,True,.nii.gz,1,100119_00001,100119_00001
1,13715870,batch_1.zip,225,100013_00001_0000.nii.gz,False,213475530,213418769,8,cefe6866,0,False,21068863854,0,813,45,0,2179792896,True,.nii.gz,1,100013_00001,100013_00001
1,13715870,batch_1.zip,226,100088_00001_0000.nii.gz,False,44206831,44509240,8,687feb72,0,False,21282339438,0,813,45,0,2179792896,True,.nii.gz,1,100088_00001,100088_00001
1,13715870,batch_1.zip,227,100470_00001_0000.nii.gz,False,75902101,75879281,8,803ff53c,0,False,21326546323,0,813,45,0,2179792896,True,.nii.gz,1,100470_00001,100470_00001
1,13715870,batch_1.zip,228,100304_00001_0000.nii.gz,False,145540859,146350364,8,1ed75029,0,False,21402448478,0,813,45,0,2179792896,True,.nii.gz,1,100304_00001,100304_00001
1,13715870,batch_1.zip,229,100303_00001_0000.nii.gz,False,75166403,75143991,8,3f801aca,0,False,21547989391,0,813,45,0,2179792896,True,.nii.gz,1,100303_00001,100303_00001
1,13715870,batch_1.zip,230,100047_00001_0000.nii.gz,False,186578106,190738303,8,fab2a0ab,0,False,21623155848,0,813,45,0,2179792896,True,.nii.gz,1,100047_00001,100047_00001
1,13715870,batch_1.zip,231,100312_00001_0000.nii.gz,False,61134510,61116809,8,2200c3a6,0,False,21809734008,0,813,45,0,2179792896,True,.nii.gz,1,100312_00001,100312_00001
1,13715870,batch_1.zip,232,100017_00001_0000.nii.gz,False,317356186,318871492,8,6218066d,0,False,21870868572,0,813,45,0,2179792896,True,.nii.gz,1,100017_00001,100017_00001
1,13715870,batch_1.zip,233,100000_00001_0000.nii.gz,False,21158844,21152693,8,a72f743d,0,False,22188224812,0,813,45,0,2179792896,True,.nii.gz,1,100000_00001,100000_00001
1,13715870,batch_1.zip,234,100008_00001_0000.nii.gz,False,213980387,213916217,8,6e3512c0,0,False,22209383710,0,813,45,0,2179792896,True,.nii.gz,1,100008_00001,100008_00001
1,13715870,batch_1.zip,235,100297_00001_0000.nii.gz,False,93178623,93155394,8,6fdb5d78,0,False,22423364151,0,813,45,0,2179792896,True,.nii.gz,1,100297_00001,100297_00001
1,13715870,batch_1.zip,236,100472_00001_0000.nii.gz,False,131617024,131584611,8,c49972b0,0,False,22516542828,0,813,45,0,2179792896,True,.nii.gz,1,100472_00001,100472_00001
1,13715870,batch_1.zip,237,100197_00001_0000.nii.gz,False,39658363,39646663,8,7909f513,0,False,22648159906,0,813,45,0,2179792896,True,.nii.gz,1,100197_00001,100197_00001
1,13715870,batch_1.zip,238,100031_00001_0000.nii.gz,False,84737811,84716348,8,ca400439,0,False,22687818323,0,813,45,0,2179792896,True,.nii.gz,1,100031_00001,100031_00001
1,13715870,batch_1.zip,239,100329_00001_0000.nii.gz,False,42874148,42861808,8,4ee26505,0,False,22772556188,0,813,45,0,2179792896,True,.nii.gz,1,100329_00001,100329_00001
1,13715870,batch_1.zip,240,100324_00001_0000.nii.gz,False,85628691,86077459,8,92b16c31,0,False,22815430390,0,813,45,0,2179792896,True,.nii.gz,1,100324_00001,100324_00001
1,13715870,batch_1.zip,241,100405_00001_0000.nii.gz,False,218049822,219021392,8,c8bcf2a0,0,False,22901059135,0,813,45,0,2179792896,True,.nii.gz,1,100405_00001,100405_00001
1,13715870,batch_1.zip,242,100442_00001_0000.nii.gz,False,93559274,93535650,8,78178e02,0,False,23119109011,0,813,45,0,2179792896,True,.nii.gz,1,100442_00001,100442_00001
1,13715870,batch_1.zip,243,100514_00001_0000.nii.gz,False,89471241,89448761,8,962595ea,0,False,23212668339,0,813,45,0,2179792896,True,.nii.gz,1,100514_00001,100514_00001
1,13715870,batch_1.zip,244,100117_00001_0000.nii.gz,False,43454896,43444184,8,903fd0c8,0,False,23302139634,0,813,45,0,2179792896,True,.nii.gz,1,100117_00001,100117_00001
1,13715870,batch_1.zip,245,100408_00001_0000.nii.gz,False,50840835,50826063,8,22cd11e0,0,False,23345594584,0,813,45,0,2179792896,True,.nii.gz,1,100408_00001,100408_00001
1,13715870,batch_1.zip,246,100538_00001_0000.nii.gz,False,38405200,38394091,8,e241e877,0,False,23396435473,0,813,45,0,2179792896,True,.nii.gz,1,100538_00001,100538_00001
1,13715870,batch_1.zip,247,100371_00001_0000.nii.gz,False,42712791,42700421,8,cbd36048,0,False,23434840727,0,813,45,0,2179792896,True,.nii.gz,1,100371_00001,100371_00001
1,13715870,batch_1.zip,248,100006_00001_0000.nii.gz,False,73988170,73968577,8,8b57d2eb,0,False,23477553572,0,813,45,0,2179792896,True,.nii.gz,1,100006_00001,100006_00001
1,13715870,batch_1.zip,249,100256_00001_0000.nii.gz,False,166723996,166674283,8,7eff137a,0,False,23551541796,0,813,45,0,2179792896,True,.nii.gz,1,100256_00001,100256_00001
1,13715870,batch_1.zip,250,101381_00001_0000.nii.gz,False,68483098,68502568,8,efcce17a,0,False,23718265846,0,813,45,0,2179792896,True,.nii.gz,1,101381_00001,101381_00001
1,13715870,batch_1.zip,251,100150_00001_0000.nii.gz,False,206170330,207693442,8,7fa2463c,0,False,23786748998,0,813,45,0,2179792896,True,.nii.gz,1,100150_00001,100150_00001
1,13715870,batch_1.zip,252,100127_00001_0000.nii.gz,False,75873828,75867722,8,69e071f0,0,False,23992919382,0,813,45,0,2179792896,True,.nii.gz,1,100127_00001,100127_00001
1,13715870,batch_1.zip,253,100047_00004_0000.nii.gz,False,80598829,82460621,8,bc7aa37f,0,False,24068793264,0,813,45,0,2179792896,True,.nii.gz,1,100047_00004,100047_00004
1,13715870,batch_1.zip,254,100532_00001_0000.nii.gz,False,48585778,48572194,8,5567e100,0,False,24149392147,0,813,45,0,2179792896,True,.nii.gz,1,100532_00001,100532_00001
1,13715870,batch_1.zip,255,100420_00001_0000.nii.gz,False,100986832,100961068,8,a50a4462,0,False,24197977979,0,813,45,0,2179792896,True,.nii.gz,1,100420_00001,100420_00001
1,13715870,batch_1.zip,256,100364_00001_0000.nii.gz,False,88205619,88183228,8,ea9e732a,0,False,24298964865,0,813,45,0,2179792896,True,.nii.gz,1,100364_00001,100364_00001
1,13715870,batch_1.zip,257,100129_00001_0000.nii.gz,False,39804460,39793870,8,6876d2df,0,False,24387170538,0,813,45,0,2179792896,True,.nii.gz,1,100129_00001,100129_00001
1,13715870,batch_1.zip,258,100052_00001_0000.nii.gz,False,51614325,51880621,8,b80c3f19,0,False,24426975052,0,813,45,0,2179792896,True,.nii.gz,1,100052_00001,100052_00001
1,13715870,batch_1.zip,259,100492_00001_0000.nii.gz,False,48899661,48885758,8,1f3ed493,0,False,24478589431,0,813,45,0,2179792896,True,.nii.gz,1,100492_00001,100492_00001
1,13715870,batch_1.zip,260,100285_00001_0000.nii.gz,False,163787949,165025077,8,eb527b81,0,False,24527489146,0,813,45,0,2179792896,True,.nii.gz,1,100285_00001,100285_00001
1,13715870,batch_1.zip,261,100191_00001_0000.nii.gz,False,73770915,73748573,8,7955545f,0,False,24691277149,0,813,45,0,2179792896,True,.nii.gz,1,100191_00001,100191_00001
1,13715870,batch_1.zip,262,100007_00001_0000.nii.gz,False,98499376,98473786,8,b35751ad,0,False,24765048118,0,813,45,0,2179792896,True,.nii.gz,1,100007_00001,100007_00001
1,13715870,batch_1.zip,263,100221_00001_0000.nii.gz,False,62363791,62345425,8,fef09f07,0,False,24863547548,0,813,45,0,2179792896,True,.nii.gz,1,100221_00001,100221_00001
1,13715870,batch_1.zip,264,100070_00001_0000.nii.gz,False,67849431,67829842,8,00abc055,0,False,24925911393,0,813,45,0,2179792896,True,.nii.gz,1,100070_00001,100070_00001
1,13715870,batch_1.zip,265,100049_00001_0000.nii.gz,False,37753950,37742828,8,b61ed6bd,0,False,24993760878,0,813,45,0,2179792896,True,.nii.gz,1,100049_00001,100049_00001
1,13715870,batch_1.zip,266,100155_00001_0000.nii.gz,False,212299358,213464473,8,2839264b,0,False,25031514882,0,813,45,0,2179792896,True,.nii.gz,1,100155_00001,100155_00001
1,13715870,batch_1.zip,267,100182_00001_0000.nii.gz,False,45176451,45163082,8,a548d4e0,0,False,25243814294,0,813,45,0,2179792896,True,.nii.gz,1,100182_00001,100182_00001
1,13715870,batch_1.zip,268,100374_00001_0000.nii.gz,False,183918527,189003306,8,4490c2fb,0,False,25288990799,0,813,45,0,2179792896,True,.nii.gz,1,100374_00001,100374_00001
1,13715870,batch_1.zip,269,100290_00001_0000.nii.gz,False,215577251,215515465,8,1199daf0,0,False,25472909380,0,813,45,0,2179792896,True,.nii.gz,1,100290_00001,100290_00001
1,13715870,batch_1.zip,270,100354_00001_0000.nii.gz,False,31317504,31308007,8,aed64ac9,0,False,25688486685,0,813,45,0,2179792896,True,.nii.gz,1,100354_00001,100354_00001
1,13715870,batch_1.zip,271,100159_00001_0000.nii.gz,False,321789737,321692625,8,ac3e4da1,0,False,25719804243,0,813,45,0,2179792896,True,.nii.gz,1,100159_00001,100159_00001
1,13715870,batch_1.zip,272,100385_00001_0000.nii.gz,False,167384110,168323025,8,ff0b0e62,0,False,26041594034,0,813,45,0,2179792896,True,.nii.gz,1,100385_00001,100385_00001
1,13715870,batch_1.zip,273,100520_00001_0000.nii.gz,False,70931780,71394268,8,32ab5c10,0,False,26208978198,0,813,45,0,2179792896,True,.nii.gz,1,100520_00001,100520_00001
1,13715870,batch_1.zip,274,100537_00001_0000.nii.gz,False,166199980,166161947,8,d5a5149e,0,False,26279910032,0,813,45,0,2179792896,True,.nii.gz,1,100537_00001,100537_00001
1,13715870,batch_1.zip,275,100305_00001_0000.nii.gz,False,87121734,87100475,8,039df6bc,0,False,26446110066,0,813,45,0,2179792896,True,.nii.gz,1,100305_00001,100305_00001
1,13715870,batch_1.zip,276,100114_00001_0000.nii.gz,False,55668571,56038462,8,33568092,0,False,26533231854,0,813,45,0,2179792896,True,.nii.gz,1,100114_00001,100114_00001
1,13715870,batch_1.zip,277,100504_00001_0000.nii.gz,False,181111745,181063812,8,4cfea4af,0,False,26588900479,0,813,45,0,2179792896,True,.nii.gz,1,100504_00001,100504_00001
1,13715870,batch_1.zip,278,100241_00001_0000.nii.gz,False,50699573,50684368,8,bae5e967,0,False,26770012278,0,813,45,0,2179792896,True,.nii.gz,1,100241_00001,100241_00001
1,13715870,batch_1.zip,279,100487_00001_0000.nii.gz,False,39132305,39120674,8,65fbc191,0,False,26820711905,0,813,45,0,2179792896,True,.nii.gz,1,100487_00001,100487_00001
1,13715870,batch_1.zip,280,100309_00001_0000.nii.gz,False,36821506,36813394,8,e3e1e15c,0,False,26859844264,0,813,45,0,2179792896,True,.nii.gz,1,100309_00001,100309_00001
1,13715870,batch_1.zip,281,100265_00002_0000.nii.gz,False,246794338,253105449,8,0fee8eb0,0,False,26896665824,0,813,45,0,2179792896,True,.nii.gz,1,100265_00002,100265_00002
1,13715870,batch_1.zip,282,100475_00001_0000.nii.gz,False,165822248,165814706,8,78651262,0,False,27143460216,0,813,45,0,2179792896,True,.nii.gz,1,100475_00001,100475_00001
1,13715870,batch_1.zip,283,100207_00001_0000.nii.gz,False,39761602,39749503,8,8e347999,0,False,27309282518,0,813,45,0,2179792896,True,.nii.gz,1,100207_00001,100207_00001
1,13715870,batch_1.zip,284,100211_00001_0000.nii.gz,False,52548890,52922463,8,dc11cdea,0,False,27349044174,0,813,45,0,2179792896,True,.nii.gz,1,100211_00001,100211_00001
1,13715870,batch_1.zip,285,100272_00001_0000.nii.gz,False,82154551,82133534,8,df3eb017,0,False,27401593118,0,813,45,0,2179792896,True,.nii.gz,1,100272_00001,100272_00001
1,13715870,batch_1.zip,286,100377_00001_0000.nii.gz,False,88763736,88742100,8,35a929ad,0,False,27483747723,0,813,45,0,2179792896,True,.nii.gz,1,100377_00001,100377_00001
1,13715870,batch_1.zip,287,100223_00001_0000.nii.gz,False,58499910,58482115,8,8689fc05,0,False,27572511513,0,813,45,0,2179792896,True,.nii.gz,1,100223_00001,100223_00001
1,13715870,batch_1.zip,288,100423_00001_0000.nii.gz,False,57552444,58963433,8,b5212db1,0,False,27631011477,0,813,45,0,2179792896,True,.nii.gz,1,100423_00001,100423_00001
1,13715870,batch_1.zip,289,100394_00001_0000.nii.gz,False,51222103,51569750,8,2bec5026,0,False,27688563975,0,813,45,0,2179792896,True,.nii.gz,1,100394_00001,100394_00001
1,13715870,batch_1.zip,290,100451_00001_0000.nii.gz,False,47885223,48213728,8,3e4ac14c,0,False,27739786132,0,813,45,0,2179792896,True,.nii.gz,1,100451_00001,100451_00001
1,13715870,batch_1.zip,291,100030_00001_0000.nii.gz,False,192963808,192952509,8,bc0fbf1e,0,False,27787671409,0,813,45,0,2179792896,True,.nii.gz,1,100030_00001,100030_00001
1,13715870,batch_1.zip,292,100529_00001_0000.nii.gz,False,37684291,37672950,8,4527c830,0,False,27980635271,0,813,45,0,2179792896,True,.nii.gz,1,100529_00001,100529_00001
1,13715870,batch_1.zip,293,100075_00001_0000.nii.gz,False,71420716,71400689,8,9c91b8dc,0,False,28018319616,0,813,45,0,2179792896,True,.nii.gz,1,100075_00001,100075_00001
1,13715870,batch_1.zip,294,100066_00001_0000.nii.gz,False,167060526,167011455,8,6f7e6612,0,False,28089740386,0,813,45,0,2179792896,True,.nii.gz,1,100066_00001,100066_00001
1,13715870,batch_1.zip,295,100481_00001_0000.nii.gz,False,23425312,23418369,8,00be8de2,0,False,28256800966,0,813,45,0,2179792896,True,.nii.gz,1,100481_00001,100481_00001
1,13715870,batch_1.zip,296,100386_00001_0000.nii.gz,False,44505737,45712905,8,8f9d9d3d,0,False,28280226332,0,813,45,0,2179792896,True,.nii.gz,1,100386_00001,100386_00001
1,13715870,batch_1.zip,297,100188_00001_0000.nii.gz,False,110271688,110239733,8,21d19fba,0,False,28324732123,0,813,45,0,2179792896,True,.nii.gz,1,100188_00001,100188_00001
1,13715870,batch_1.zip,298,100134_00001_0000.nii.gz,False,158991751,160152785,8,965dc2c0,0,False,28435003865,0,813,45,0,2179792896,True,.nii.gz,1,100134_00001,100134_00001
1,13715870,batch_1.zip,299,100431_00001_0000.nii.gz,False,32262405,32547162,8,a0d904d9,0,False,28593995670,0,813,45,0,2179792896,True,.nii.gz,1,100431_00001,100431_00001
1,13715870,batch_1.zip,300,100266_00001_0000.nii.gz,False,33829060,34016160,8,17fafed9,0,False,28626258129,0,813,45,0,2179792896,True,.nii.gz,1,100266_00001,100266_00001
1,13715870,batch_1.zip,301,100040_00001_0000.nii.gz,False,87199277,87179479,8,3dac8741,0,False,28660087243,0,813,45,0,2179792896,True,.nii.gz,1,100040_00001,100040_00001
1,13715870,batch_1.zip,302,100388_00001_0000.nii.gz,False,56202025,56185631,8,c4b2e69b,0,False,28747286574,0,813,45,0,2179792896,True,.nii.gz,1,100388_00001,100388_00001
1,13715870,batch_1.zip,303,100502_00001_0000.nii.gz,False,74049698,74028255,8,0a075e48,0,False,28803488653,0,813,45,0,2179792896,True,.nii.gz,1,100502_00001,100502_00001
1,13715870,batch_1.zip,304,100227_00001_0000.nii.gz,False,61514201,63079924,8,9e12e7c5,0,False,28877538405,0,813,45,0,2179792896,True,.nii.gz,1,100227_00001,100227_00001
1,13715870,batch_1.zip,305,100133_00001_0000.nii.gz,False,44113506,44100235,8,edaa62ca,0,False,28939052660,0,813,45,0,2179792896,True,.nii.gz,1,100133_00001,100133_00001
1,13715870,batch_1.zip,306,100090_00001_0000.nii.gz,False,41183514,41171807,8,a4af90ca,0,False,28983166220,0,813,45,0,2179792896,True,.nii.gz,1,100090_00001,100090_00001
1,13715870,batch_1.zip,307,100193_00001_0000.nii.gz,False,65254373,65234659,8,de5c5460,0,False,29024349788,0,813,45,0,2179792896,True,.nii.gz,1,100193_00001,100193_00001
1,13715870,batch_1.zip,308,100509_00001_0000.nii.gz,False,125369118,125362553,8,74184ac3,0,False,29089604215,0,813,45,0,2179792896,True,.nii.gz,1,100509_00001,100509_00001
1,13715870,batch_1.zip,309,100484_00001_0000.nii.gz,False,66963967,66944007,8,4eaa68ec,0,False,29214973387,0,813,45,0,2179792896,True,.nii.gz,1,100484_00001,100484_00001
1,13715870,batch_1.zip,310,100503_00001_0000.nii.gz,False,151701165,151655312,8,2c545681,0,False,29281937408,0,813,45,0,2179792896,True,.nii.gz,1,100503_00001,100503_00001
1,13715870,batch_1.zip,311,100123_00001_0000.nii.gz,False,79633503,79611930,8,f2d840a6,0,False,29433638627,0,813,45,0,2179792896,True,.nii.gz,1,100123_00001,100123_00001
1,13715870,batch_1.zip,312,100366_00001_0000.nii.gz,False,221888487,221825792,8,1fceb07a,0,False,29513272184,0,813,45,0,2179792896,True,.nii.gz,1,100366_00001,100366_00001
1,13715870,batch_1.zip,313,100318_00001_0000.nii.gz,False,96324817,96299494,8,c65c83ac,0,False,29735160725,0,813,45,0,2179792896,True,.nii.gz,1,100318_00001,100318_00001
1,13715870,batch_1.zip,314,100242_00001_0000.nii.gz,False,102086607,102686923,8,ca9d5024,0,False,29831485596,0,813,45,0,2179792896,True,.nii.gz,1,100242_00001,100242_00001
1,13715870,batch_1.zip,315,100464_00001_0000.nii.gz,False,94260364,94232055,8,d820a588,0,False,29933572257,0,813,45,0,2179792896,True,.nii.gz,1,100464_00001,100464_00001
1,13715870,batch_1.zip,316,100053_00001_0000.nii.gz,False,66690883,66671712,8,b5415652,0,False,30027832675,0,813,45,0,2179792896,True,.nii.gz,1,100053_00001,100053_00001
1,13715870,batch_1.zip,317,100461_00001_0000.nii.gz,False,21734230,21727756,8,e568433c,0,False,30094523612,0,813,45,0,2179792896,True,.nii.gz,1,100461_00001,100461_00001
1,13715870,batch_1.zip,318,100219_00001_0000.nii.gz,False,66308015,66669635,8,1621e3b0,0,False,30116257896,0,813,45,0,2179792896,True,.nii.gz,1,100219_00001,100219_00001
1,13715870,batch_1.zip,319,100474_00001_0000.nii.gz,False,244431022,246266472,8,1398aed9,0,False,30182565965,0,813,45,0,2179792896,True,.nii.gz,1,100474_00001,100474_00001
1,13715870,batch_1.zip,320,100516_00001_0000.nii.gz,False,36877848,36867450,8,0903b0ed,0,False,30426997041,0,813,45,0,2179792896,True,.nii.gz,1,100516_00001,100516_00001
1,13715870,batch_1.zip,321,100381_00001_0000.nii.gz,False,140915575,140878172,8,e9aaa538,0,False,30463874943,0,813,45,0,2179792896,True,.nii.gz,1,100381_00001,100381_00001
1,13715870,batch_1.zip,322,100483_00001_0000.nii.gz,False,53212203,53196202,8,17db81b4,0,False,30604790572,0,813,45,0,2179792896,True,.nii.gz,1,100483_00001,100483_00001
1,13715870,batch_1.zip,323,100072_00001_0000.nii.gz,False,225391567,225323134,8,f04bf5bd,0,False,30658002829,0,813,45,0,2179792896,True,.nii.gz,1,100072_00001,100072_00001
1,13715870,batch_1.zip,324,100249_00001_0000.nii.gz,False,87211554,87189006,8,9419eddb,0,False,30883394450,0,813,45,0,2179792896,True,.nii.gz,1,100249_00001,100249_00001
1,13715870,batch_1.zip,325,100074_00001_0000.nii.gz,False,169348370,170141806,8,83ea9113,0,False,30970606058,0,813,45,0,2179792896,True,.nii.gz,1,100074_00001,100074_00001
1,13715870,batch_1.zip,326,100327_00001_0000.nii.gz,False,41131432,41119351,8,c68b85ce,0,False,31139954482,0,813,45,0,2179792896,True,.nii.gz,1,100327_00001,100327_00001
1,13715870,batch_1.zip,327,100140_00001_0000.nii.gz,False,23562225,23723683,8,a9d04e2a,0,False,31181085968,0,813,45,0,2179792896,True,.nii.gz,1,100140_00001,100140_00001
1,13715870,batch_1.zip,328,100089_00001_0000.nii.gz,False,61709706,61733040,8,6fe39fd4,0,False,31204648247,0,813,45,0,2179792896,True,.nii.gz,1,100089_00001,100089_00001
1,13715870,batch_1.zip,329,100110_00001_0000.nii.gz,False,26559378,26732166,8,16817ca1,0,False,31266358007,0,813,45,0,2179792896,True,.nii.gz,1,100110_00001,100110_00001
1,13715870,batch_1.zip,330,100534_00001_0000.nii.gz,False,88718069,88695659,8,0adeb5ed,0,False,31292917439,0,813,45,0,2179792896,True,.nii.gz,1,100534_00001,100534_00001
1,13715870,batch_1.zip,331,100183_00001_0000.nii.gz,False,61994027,61980001,8,6594c63c,0,False,31381635562,0,813,45,0,2179792896,True,.nii.gz,1,100183_00001,100183_00001
1,13715870,batch_1.zip,332,100465_00001_0000.nii.gz,False,52769921,52756412,8,eb89226b,0,False,31443629643,0,813,45,0,2179792896,True,.nii.gz,1,100465_00001,100465_00001
1,13715870,batch_1.zip,333,100488_00001_0000.nii.gz,False,75037318,75017664,8,101e69a5,0,False,31496399618,0,813,45,0,2179792896,True,.nii.gz,1,100488_00001,100488_00001
1,13715870,batch_1.zip,334,100163_00001_0000.nii.gz,False,29773155,29940397,8,b350d8cf,0,False,31571436990,0,813,45,0,2179792896,True,.nii.gz,1,100163_00001,100163_00001
1,13715870,batch_1.zip,335,100262_00001_0000.nii.gz,False,47069994,47401666,8,dba865ff,0,False,31601210199,0,813,45,0,2179792896,True,.nii.gz,1,100262_00001,100262_00001
1,13715870,batch_1.zip,336,100454_00001_0000.nii.gz,False,74971344,75385531,8,15d19d1f,0,False,31648280247,0,813,45,0,2179792896,True,.nii.gz,1,100454_00001,100454_00001
1,13715870,batch_1.zip,337,100495_00001_0000.nii.gz,False,64461632,64459714,8,dde0a10e,0,False,31723251645,0,813,45,0,2179792896,True,.nii.gz,1,100495_00001,100495_00001
1,13715870,batch_1.zip,338,100231_00001_0000.nii.gz,False,79603134,79583525,8,02f0eacc,0,False,31787713331,0,813,45,0,2179792896,True,.nii.gz,1,100231_00001,100231_00001
1,13715870,batch_1.zip,339,100533_00001_0000.nii.gz,False,114029612,113996105,8,31379760,0,False,31867316519,0,813,45,0,2179792896,True,.nii.gz,1,100533_00001,100533_00001
1,13715870,batch_1.zip,340,100014_00001_0000.nii.gz,False,63765192,63747164,8,f2edcf23,0,False,31981346185,0,813,45,0,2179792896,True,.nii.gz,1,100014_00001,100014_00001
1,13715870,batch_1.zip,341,100047_00002_0000.nii.gz,False,155313274,156149961,8,132f95a9,0,False,32045111431,0,813,45,0,2179792896,True,.nii.gz,1,100047_00002,100047_00002
1,13715870,batch_1.zip,342,100511_00001_0000.nii.gz,False,271168911,272489571,8,41e26c56,0,False,32200424759,0,813,45,0,2179792896,True,.nii.gz,1,100511_00001,100511_00001
1,13715870,batch_1.zip,343,100292_00001_0000.nii.gz,False,29497501,29648519,8,956f7fda,0,False,32471593724,0,813,45,0,2179792896,True,.nii.gz,1,100292_00001,100292_00001
1,13715870,batch_1.zip,344,100319_00001_0000.nii.gz,False,29783742,29981949,8,fb442bf8,0,False,32501091279,0,813,45,0,2179792896,True,.nii.gz,1,100319_00001,100319_00001
1,13715870,batch_1.zip,345,100370_00001_0000.nii.gz,False,93349905,93325173,8,37ef0f2b,0,False,32530875075,0,813,45,0,2179792896,True,.nii.gz,1,100370_00001,100370_00001
1,13715870,batch_1.zip,346,100198_00001_0000.nii.gz,False,32325246,32489636,8,eeebe827,0,False,32624225034,0,813,45,0,2179792896,True,.nii.gz,1,100198_00001,100198_00001
1,13715870,batch_1.zip,347,100347_00001_0000.nii.gz,False,141683233,141640472,8,5ea160c5,0,False,32656550334,0,813,45,0,2179792896,True,.nii.gz,1,100347_00001,100347_00001
1,13715870,batch_1.zip,348,100440_00001_0000.nii.gz,False,58096767,58080104,8,45f819a5,0,False,32798233621,0,813,45,0,2179792896,True,.nii.gz,1,100440_00001,100440_00001
1,13715870,batch_1.zip,349,100358_00001_0000.nii.gz,False,68800827,68780420,8,7299b89e,0,False,32856330442,0,813,45,0,2179792896,True,.nii.gz,1,100358_00001,100358_00001
1,13715870,batch_1.zip,350,100214_00001_0000.nii.gz,False,223272445,223204854,8,f37f758e,0,False,32925131323,0,813,45,0,2179792896,True,.nii.gz,1,100214_00001,100214_00001
1,13715870,batch_1.zip,351,100429_00001_0000.nii.gz,False,87057760,87035311,8,365f88bb,0,False,33148403822,0,813,45,0,2179792896,True,.nii.gz,1,100429_00001,100429_00001
1,13715870,batch_1.zip,352,100456_00001_0000.nii.gz,False,14485335,14480969,8,c825c305,0,False,33235461636,0,813,45,0,2179792896,True,.nii.gz,1,100456_00001,100456_00001
1,13715870,batch_1.zip,353,100462_00001_0000.nii.gz,False,200673456,202213242,8,10564eb4,0,False,33249947025,0,813,45,0,2179792896,True,.nii.gz,1,100462_00001,100462_00001
1,13715870,batch_1.zip,354,100189_00001_0000.nii.gz,False,34890851,35119115,8,89a53efb,0,False,33450620535,0,813,45,0,2179792896,True,.nii.gz,1,100189_00001,100189_00001
1,13715870,batch_1.zip,355,100477_00001_0000.nii.gz,False,44764229,45719628,8,3179637e,0,False,33485511440,0,813,45,0,2179792896,True,.nii.gz,1,100477_00001,100477_00001
1,13715870,batch_1.zip,356,100087_00001_0000.nii.gz,False,210205050,210141669,8,3b96ef2d,0,False,33530275723,0,813,45,0,2179792896,True,.nii.gz,1,100087_00001,100087_00001
1,13715870,batch_1.zip,357,100218_00001_0000.nii.gz,False,39068444,39056652,8,efc0fc34,0,False,33740480827,0,813,45,0,2179792896,True,.nii.gz,1,100218_00001,100218_00001
1,13715870,batch_1.zip,358,100055_00001_0000.nii.gz,False,67327765,67307640,8,f6278927,0,False,33779549325,0,813,45,0,2179792896,True,.nii.gz,1,100055_00001,100055_00001
1,13715870,batch_1.zip,359,100307_00001_0000.nii.gz,False,52340270,52703631,8,cd5a0c2a,0,False,33846877144,0,813,45,0,2179792896,True,.nii.gz,1,100307_00001,100307_00001
1,13715870,batch_1.zip,360,100059_00001_0000.nii.gz,False,70840132,70818785,8,2d043732,0,False,33899217468,0,813,45,0,2179792896,True,.nii.gz,1,100059_00001,100059_00001
1,13715870,batch_1.zip,361,100320_00001_0000.nii.gz,False,40042181,40030016,8,649a4011,0,False,33970057654,0,813,45,0,2179792896,True,.nii.gz,1,100320_00001,100320_00001
1,13715870,batch_1.zip,362,100095_00001_0000.nii.gz,False,23239108,23232270,8,bc4dacda,0,False,34010099889,0,813,45,0,2179792896,True,.nii.gz,1,100095_00001,100095_00001
1,13715870,batch_1.zip,363,100335_00001_0000.nii.gz,False,98007962,97978567,8,57fb8726,0,False,34033339051,0,813,45,0,2179792896,True,.nii.gz,1,100335_00001,100335_00001
1,13715870,batch_1.zip,364,100468_00001_0000.nii.gz,False,37725541,37714708,8,5436ee85,0,False,34131347067,0,813,45,0,2179792896,True,.nii.gz,1,100468_00001,100468_00001
1,13715870,batch_1.zip,365,100166_00001_0000.nii.gz,False,39791680,39780024,8,431e3827,0,False,34169072662,0,813,45,0,2179792896,True,.nii.gz,1,100166_00001,100166_00001
1,13715870,batch_1.zip,366,100418_00001_0000.nii.gz,False,27656476,27818774,8,0bb5bb82,0,False,34208864396,0,813,45,0,2179792896,True,.nii.gz,1,100418_00001,100418_00001
1,13715870,batch_1.zip,367,100517_00001_0000.nii.gz,False,36185903,36175019,8,915072a0,0,False,34236520926,0,813,45,0,2179792896,True,.nii.gz,1,100517_00001,100517_00001
1,13715870,batch_1.zip,368,100056_00001_0000.nii.gz,False,26708204,26865807,8,a49a85fa,0,False,34272706883,0,813,45,0,2179792896,True,.nii.gz,1,100056_00001,100056_00001
1,13715870,batch_1.zip,369,100369_00001_0000.nii.gz,False,153422441,154209529,8,86e3262b,0,False,34299415141,0,813,45,0,2179792896,True,.nii.gz,1,100369_00001,100369_00001
1,13715870,batch_1.zip,370,100406_00001_0000.nii.gz,False,85341321,85321190,8,2a8ca65f,0,False,34452837636,0,813,45,0,2179792896,True,.nii.gz,1,100406_00001,100406_00001
1,13715870,batch_1.zip,371,100425_00001_0000.nii.gz,False,41197679,41186432,8,647137c9,0,False,34538179011,0,813,45,0,2179792896,True,.nii.gz,1,100425_00001,100425_00001
1,13715870,batch_1.zip,372,100269_00001_0000.nii.gz,False,25272543,25264978,8,dd0a338d,0,False,34579376744,0,813,45,0,2179792896,True,.nii.gz,1,100269_00001,100269_00001
1,13715870,batch_1.zip,373,100293_00001_0000.nii.gz,False,45097117,45397663,8,9fe02f40,0,False,34604649341,0,813,45,0,2179792896,True,.nii.gz,1,100293_00001,100293_00001
1,13715870,batch_1.zip,374,100441_00001_0000.nii.gz,False,98681736,98652568,8,f828bd71,0,False,34649746512,0,813,45,0,2179792896,True,.nii.gz,1,100441_00001,100441_00001
1,13715870,batch_1.zip,375,100036_00001_0000.nii.gz,False,9786390,9852083,8,ca1a9219,0,False,34748428302,0,813,45,0,2179792896,True,.nii.gz,1,100036_00001,100036_00001
1,13715870,batch_1.zip,376,100485_00001_0000.nii.gz,False,265032835,264953324,8,9283518c,0,False,34758214746,0,813,45,0,2179792896,True,.nii.gz,1,100485_00001,100485_00001
1,13715870,batch_1.zip,377,100486_00001_0000.nii.gz,False,71492830,71472262,8,28f364f7,0,False,35023247635,0,813,45,0,2179792896,True,.nii.gz,1,100486_00001,100486_00001
1,13715870,batch_1.zip,378,100038_00001_0000.nii.gz,False,85665982,86108157,8,722103f2,0,False,35094740519,0,813,45,0,2179792896,True,.nii.gz,1,100038_00001,100038_00001
1,13715870,batch_1.zip,379,100493_00001_0000.nii.gz,False,204984604,204922870,8,87de75a3,0,False,35180406555,0,813,45,0,2179792896,True,.nii.gz,1,100493_00001,100493_00001
1,13715870,batch_1.zip,380,100097_00001_0000.nii.gz,False,41037450,41025734,8,1b012423,0,False,35385391213,0,813,45,0,2179792896,True,.nii.gz,1,100097_00001,100097_00001
1,13715870,batch_1.zip,381,100449_00001_0000.nii.gz,False,297133858,298683341,8,354c9a28,0,False,35426428717,0,813,45,0,2179792896,True,.nii.gz,1,100449_00001,100449_00001
1,13715870,batch_1.zip,382,100331_00001_0000.nii.gz,False,215890346,217043402,8,6ebda67a,0,False,35723562629,0,813,45,0,2179792896,True,.nii.gz,1,100331_00001,100331_00001
1,13715870,batch_1.zip,383,100315_00001_0000.nii.gz,False,87694865,87668815,8,07340de7,0,False,35939453029,0,813,45,0,2179792896,True,.nii.gz,1,100315_00001,100315_00001
1,13715870,batch_1.zip,384,100469_00001_0000.nii.gz,False,39304463,39292852,8,acbc28a0,0,False,36027147948,0,813,45,0,2179792896,True,.nii.gz,1,100469_00001,100469_00001
1,13715870,batch_1.zip,385,100131_00001_0000.nii.gz,False,88469263,88446636,8,f1861a36,0,False,36066452465,0,813,45,0,2179792896,True,.nii.gz,1,100131_00001,100131_00001
1,13715870,batch_1.zip,386,100179_00001_0000.nii.gz,False,72492369,72922286,8,63319c28,0,False,36154921782,0,813,45,0,2179792896,True,.nii.gz,1,100179_00001,100179_00001
1,13715870,batch_1.zip,387,100411_00001_0000.nii.gz,False,93831988,93804054,8,70a16677,0,False,36227414205,0,813,45,0,2179792896,True,.nii.gz,1,100411_00001,100411_00001
1,13715870,batch_1.zip,388,100041_00001_0000.nii.gz,False,75908178,75887764,8,10859f4c,0,False,36321246247,0,813,45,0,2179792896,True,.nii.gz,1,100041_00001,100041_00001
1,13715870,batch_1.zip,389,100427_00001_0000.nii.gz,False,66634076,66614014,8,bb65ce0e,0,False,36397154479,0,813,45,0,2179792896,True,.nii.gz,1,100427_00001,100427_00001
1,13715870,batch_1.zip,390,100455_00001_0000.nii.gz,False,34423554,34634655,8,8a331e33,0,False,36463788609,0,813,45,0,2179792896,True,.nii.gz,1,100455_00001,100455_00001
1,13715870,batch_1.zip,391,100397_00001_0000.nii.gz,False,44692286,44678916,8,d70a711c,0,False,36498212217,0,813,45,0,2179792896,True,.nii.gz,1,100397_00001,100397_00001
1,13715870,batch_1.zip,392,100023_00001_0000.nii.gz,False,91211029,91184696,8,265d2fec,0,False,36542904557,0,813,45,0,2179792896,True,.nii.gz,1,100023_00001,100023_00001
1,13715870,batch_1.zip,393,100232_00001_0000.nii.gz,False,38845578,38834010,8,12fe997e,0,False,36634115640,0,813,45,0,2179792896,True,.nii.gz,1,100232_00001,100232_00001
1,13715870,batch_1.zip,394,100413_00001_0000.nii.gz,False,191442709,196225688,8,c785161b,0,False,36672961272,0,813,45,0,2179792896,True,.nii.gz,1,100413_00001,100413_00001
1,13715870,batch_1.zip,395,100348_00001_0000.nii.gz,False,39673421,39661383,8,67e3487a,0,False,36864404035,0,813,45,0,2179792896,True,.nii.gz,1,100348_00001,100348_00001
1,13715870,batch_1.zip,396,100148_00001_0000.nii.gz,False,81374102,81353738,8,d196fc95,0,False,36904077510,0,813,45,0,2179792896,True,.nii.gz,1,100148_00001,100148_00001
1,13715870,batch_1.zip,397,100271_00001_0000.nii.gz,False,76152744,76129629,8,1f780aaf,0,False,36985451666,0,813,45,0,2179792896,True,.nii.gz,1,100271_00001,100271_00001
1,13715870,batch_1.zip,398,100136_00001_0000.nii.gz,False,35651419,36571089,8,0d0babe5,0,False,37061604464,0,813,45,0,2179792896,True,.nii.gz,1,100136_00001,100136_00001
1,13715870,batch_1.zip,399,100257_00001_0000.nii.gz,False,43081773,43373279,8,e351545b,0,False,37097255937,0,813,45,0,2179792896,True,.nii.gz,1,100257_00001,100257_00001
1,13715870,batch_1.zip,400,100301_00001_0000.nii.gz,False,50124935,50113422,8,69247308,0,False,37140337764,0,813,45,0,2179792896,True,.nii.gz,1,100301_00001,100301_00001
1,13715870,batch_1.zip,401,100195_00001_0000.nii.gz,False,84815988,84793934,8,541193c9,0,False,37190462753,0,813,45,0,2179792896,True,.nii.gz,1,100195_00001,100195_00001
1,13715870,batch_1.zip,402,100400_00001_0000.nii.gz,False,76565048,76543022,8,96e5e3cd,0,False,37275278795,0,813,45,0,2179792896,True,.nii.gz,1,100400_00001,100400_00001
1,13715870,batch_1.zip,403,100240_00001_0000.nii.gz,False,77619703,78026489,8,8de2e0bd,0,False,37351843897,0,813,45,0,2179792896,True,.nii.gz,1,100240_00001,100240_00001
1,13715870,batch_1.zip,404,100523_00001_0000.nii.gz,False,204924310,204864040,8,5fc6be57,0,False,37429463654,0,813,45,0,2179792896,True,.nii.gz,1,100523_00001,100523_00001
1,13715870,batch_1.zip,405,100527_00001_0000.nii.gz,False,67944633,67924075,8,8ad2b0d7,0,False,37634388018,0,813,45,0,2179792896,True,.nii.gz,1,100527_00001,100527_00001
1,13715870,batch_1.zip,406,100263_00001_0000.nii.gz,False,70439306,70418237,8,f625edf5,0,False,37702332705,0,813,45,0,2179792896,True,.nii.gz,1,100263_00001,100263_00001
1,13715870,batch_1.zip,407,100368_00001_0000.nii.gz,False,29940900,30092243,8,afbd63b9,0,False,37772772065,0,813,45,0,2179792896,True,.nii.gz,1,100368_00001,100368_00001
1,13715870,batch_1.zip,408,100115_00001_0000.nii.gz,False,29867277,29859042,8,2dd4076f,0,False,37802713019,0,813,45,0,2179792896,True,.nii.gz,1,100115_00001,100115_00001
1,13715870,batch_1.zip,409,100010_00001_0000.nii.gz,False,37721520,37710251,8,b35bcdd5,0,False,37832580350,0,813,45,0,2179792896,True,.nii.gz,1,100010_00001,100010_00001
1,13715870,batch_1.zip,410,100168_00001_0000.nii.gz,False,222450954,223457411,8,bbef31a7,0,False,37870301924,0,813,45,0,2179792896,True,.nii.gz,1,100168_00001,100168_00001
1,13715870,batch_1.zip,411,100438_00001_0000.nii.gz,False,111732304,112309259,8,e26cce36,0,False,38092752932,0,813,45,0,2179792896,True,.nii.gz,1,100438_00001,100438_00001
1,13715870,batch_1.zip,412,100355_00001_0000.nii.gz,False,33779465,34638936,8,ae8c63c5,0,False,38204485290,0,813,45,0,2179792896,True,.nii.gz,1,100355_00001,100355_00001
1,13715870,batch_1.zip,413,100426_00001_0000.nii.gz,False,151519732,152591178,8,a0efa6b0,0,False,38238264809,0,813,45,0,2179792896,True,.nii.gz,1,100426_00001,100426_00001
1,13715870,batch_1.zip,414,100237_00001_0000.nii.gz,False,158587413,158548737,8,e5cc6654,0,False,38389784595,0,813,45,0,2179792896,True,.nii.gz,1,100237_00001,100237_00001
1,13715870,batch_1.zip,415,100091_00001_0000.nii.gz,False,201611376,201599739,8,6d88b059,0,False,38548372062,0,813,45,0,2179792896,True,.nii.gz,1,100091_00001,100091_00001
1,13715870,batch_1.zip,416,100234_00001_0000.nii.gz,False,42697881,42685391,8,a53621d6,0,False,38749983492,0,813,45,0,2179792896,True,.nii.gz,1,100234_00001,100234_00001
1,13715870,batch_1.zip,417,100313_00001_0000.nii.gz,False,92550624,92525938,8,662f3fdf,0,False,38792681427,0,813,45,0,2179792896,True,.nii.gz,1,100313_00001,100313_00001
1,13715870,batch_1.zip,418,100043_00001_0000.nii.gz,False,98954099,98924343,8,27931080,0,False,38885232105,0,813,45,0,2179792896,True,.nii.gz,1,100043_00001,100043_00001
1,13715870,batch_1.zip,419,100284_00001_0000.nii.gz,False,72292645,72271710,8,70d953db,0,False,38984186258,0,813,45,0,2179792896,True,.nii.gz,1,100284_00001,100284_00001
1,13715870,batch_1.zip,420,100167_00001_0000.nii.gz,False,30468696,30659380,8,4f5b3cae,0,False,39056478957,0,813,45,0,2179792896,True,.nii.gz,1,100167_00001,100167_00001
1,13715870,batch_1.zip,421,100265_00001_0000.nii.gz,False,54536174,54520510,8,663d88b0,0,False,39086947707,0,813,45,0,2179792896,True,.nii.gz,1,100265_00001,100265_00001
1,13715870,batch_1.zip,422,100252_00001_0000.nii.gz,False,50245957,50234123,8,81161b23,0,False,39141483935,0,813,45,0,2179792896,True,.nii.gz,1,100252_00001,100252_00001
1,13715870,batch_1.zip,423,100250_00001_0000.nii.gz,False,96876786,96855948,8,f4318bd5,0,False,39191729946,0,813,45,0,2179792896,True,.nii.gz,1,100250_00001,100250_00001
1,13715870,batch_1.zip,424,100004_00001_0000.nii.gz,False,48210544,48197509,8,1df95896,0,False,39288606786,0,813,45,0,2179792896,True,.nii.gz,1,100004_00001,100004_00001
1,13715870,batch_1.zip,425,100045_00001_0000.nii.gz,False,47826222,47813004,8,59e28f55,0,False,39336817384,0,813,45,0,2179792896,True,.nii.gz,1,100045_00001,100045_00001
1,13715870,batch_1.zip,426,100505_00001_0000.nii.gz,False,85420459,85397227,8,d32bb96f,0,False,39384643660,0,813,45,0,2179792896,True,.nii.gz,1,100505_00001,100505_00001
1,13715870,batch_1.zip,427,100416_00002_0000.nii.gz,False,126921922,130323890,8,01528ce5,0,False,39470064173,0,813,45,0,2179792896,True,.nii.gz,1,100416_00002,100416_00002
1,13715870,batch_1.zip,428,100276_00001_0000.nii.gz,False,172503373,172453033,8,942ea654,0,False,39596986149,0,813,45,0,2179792896,True,.nii.gz,1,100276_00001,100276_00001
1,13715870,batch_1.zip,429,100181_00001_0000.nii.gz,False,38870932,38859324,8,9086cc66,0,False,39769489576,0,813,45,0,2179792896,True,.nii.gz,1,100181_00001,100181_00001
1,13715870,batch_1.zip,430,100384_00001_0000.nii.gz,False,46339764,46599948,8,71252047,0,False,39808360562,0,813,45,0,2179792896,True,.nii.gz,1,100384_00001,100384_00001
1,13715870,batch_1.zip,431,100050_00001_0000.nii.gz,False,53876564,53860985,8,4a11cb3d,0,False,39854700380,0,813,45,0,2179792896,True,.nii.gz,1,100050_00001,100050_00001
1,13715870,batch_1.zip,432,100080_00001_0000.nii.gz,False,94564988,94539797,8,be065259,0,False,39908576998,0,813,45,0,2179792896,True,.nii.gz,1,100080_00001,100080_00001
1,13715870,batch_1.zip,433,100079_00001_0000.nii.gz,False,73893801,73872007,8,9914a3d7,0,False,40003142040,0,813,45,0,2179792896,True,.nii.gz,1,100079_00001,100079_00001
1,13715870,batch_1.zip,434,100184_00001_0000.nii.gz,False,82641727,82616671,8,98b58060,0,False,40077035895,0,813,45,0,2179792896,True,.nii.gz,1,100184_00001,100184_00001
1,13715870,batch_1.zip,435,100342_00001_0000.nii.gz,False,35086341,35279407,8,c37f9406,0,False,40159677676,0,813,45,0,2179792896,True,.nii.gz,1,100342_00001,100342_00001
1,13715870,batch_1.zip,436,100202_00001_0000.nii.gz,False,55405435,55390907,8,ef944287,0,False,40194764071,0,813,45,0,2179792896,True,.nii.gz,1,100202_00001,100202_00001
1,13715870,batch_1.zip,437,100445_00001_0000.nii.gz,False,97918654,97891758,8,10bebdf4,0,False,40250169560,0,813,45,0,2179792896,True,.nii.gz,1,100445_00001,100445_00001
1,13715870,batch_1.zip,438,100353_00001_0000.nii.gz,False,86777237,86757604,8,0bb71fb3,0,False,40348088268,0,813,45,0,2179792896,True,.nii.gz,1,100353_00001,100353_00001
1,13715870,batch_1.zip,439,100379_00001_0000.nii.gz,False,54146341,54130875,8,2e1920e8,0,False,40434865559,0,813,45,0,2179792896,True,.nii.gz,1,100379_00001,100379_00001
1,13715870,batch_1.zip,440,100192_00001_0000.nii.gz,False,34544922,34534869,8,c0f24416,0,False,40489011954,0,813,45,0,2179792896,True,.nii.gz,1,100192_00001,100192_00001
1,13715870,batch_1.zip,441,100314_00001_0000.nii.gz,False,82994762,82974666,8,3552e0ae,0,False,40523556930,0,813,45,0,2179792896,True,.nii.gz,1,100314_00001,100314_00001
1,13715870,batch_1.zip,442,100357_00001_0000.nii.gz,False,58289564,58272660,8,196f6237,0,False,40606551746,0,813,45,0,2179792896,True,.nii.gz,1,100357_00001,100357_00001
1,13715870,batch_1.zip,443,100092_00001_0000.nii.gz,False,51844576,51832591,8,8eca1388,0,False,40664841364,0,813,45,0,2179792896,True,.nii.gz,1,100092_00001,100092_00001
1,13715870,batch_1.zip,444,100113_00001_0000.nii.gz,False,82412556,82388378,8,6ed8a998,0,False,40716685994,0,813,45,0,2179792896,True,.nii.gz,1,100113_00001,100113_00001
1,13715870,batch_1.zip,445,100132_00001_0000.nii.gz,False,38985206,39204836,8,1457e99c,0,False,40799098604,0,813,45,0,2179792896,True,.nii.gz,1,100132_00001,100132_00001
1,13715870,batch_1.zip,446,100039_00001_0000.nii.gz,False,66942136,66921784,8,30a04706,0,False,40838083864,0,813,45,0,2179792896,True,.nii.gz,1,100039_00001,100039_00001
1,13715870,batch_1.zip,447,100141_00001_0000.nii.gz,False,46642183,46628360,8,abf73f9d,0,False,40905026054,0,813,45,0,2179792896,True,.nii.gz,1,100141_00001,100141_00001
1,13715870,batch_1.zip,448,100412_00001_0000.nii.gz,False,24042117,24188993,8,0cf26497,0,False,40951668291,0,813,45,0,2179792896,True,.nii.gz,1,100412_00001,100412_00001
1,13715870,batch_1.zip,449,100002_00001_0000.nii.gz,False,146219652,146175539,8,b3dc4a48,0,False,40975710462,0,813,45,0,2179792896,True,.nii.gz,1,100002_00001,100002_00001
1,13715870,batch_1.zip,450,100111_00001_0000.nii.gz,False,80732960,80712207,8,f2c38b1d,0,False,41121930168,0,813,45,0,2179792896,True,.nii.gz,1,100111_00001,100111_00001
1,13715870,batch_1.zip,451,100336_00001_0000.nii.gz,False,31087992,31079006,8,564e4756,0,False,41202663182,0,813,45,0,2179792896,True,.nii.gz,1,100336_00001,100336_00001
1,13715870,batch_1.zip,452,100289_00001_0000.nii.gz,False,105780213,105748130,8,9e0e0521,0,False,41233751228,0,813,45,0,2179792896,True,.nii.gz,1,100289_00001,100289_00001
1,13715870,batch_1.zip,453,100062_00001_0000.nii.gz,False,39701598,39921972,8,714c9f9b,0,False,41339531495,0,813,45,0,2179792896,True,.nii.gz,1,100062_00001,100062_00001
1,13715870,batch_1.zip,454,100185_00001_0000.nii.gz,False,25634356,25626589,8,b22b5bb1,0,False,41379233147,0,813,45,0,2179792896,True,.nii.gz,1,100185_00001,100185_00001
1,13715870,batch_1.zip,455,100121_00001_0000.nii.gz,False,288818543,288736492,8,49305140,0,False,41404867557,0,813,45,0,2179792896,True,.nii.gz,1,100121_00001,100121_00001
1,13715870,batch_1.zip,456,100340_00001_0000.nii.gz,False,51384543,51649950,8,67fa45ac,0,False,41693686154,0,813,45,0,2179792896,True,.nii.gz,1,100340_00001,100340_00001
1,13715870,batch_1.zip,457,100151_00001_0000.nii.gz,False,53189024,53175244,8,de256659,0,False,41745070751,0,813,45,0,2179792896,True,.nii.gz,1,100151_00001,100151_00001
1,13715870,batch_1.zip,458,100076_00001_0000.nii.gz,False,89235575,89211837,8,e39aa12a,0,False,41798259829,0,813,45,0,2179792896,True,.nii.gz,1,100076_00001,100076_00001
1,13715870,batch_1.zip,459,100323_00001_0000.nii.gz,False,42718102,42995747,8,7df78093,0,False,41887495458,0,813,45,0,2179792896,True,.nii.gz,1,100323_00001,100323_00001
1,13715870,batch_1.zip,460,100268_00002_0000.nii.gz,False,97394355,97368300,8,26a9438b,0,False,41930213614,0,813,45,0,2179792896,True,.nii.gz,1,100268_00002,100268_00002
1,13715870,batch_1.zip,461,100205_00001_0000.nii.gz,False,27926113,28093127,8,4619760d,0,False,42027608023,0,813,45,0,2179792896,True,.nii.gz,1,100205_00001,100205_00001
1,13715870,batch_1.zip,462,100094_00001_0000.nii.gz,False,71619023,71602656,8,2283fd95,0,False,42055534190,0,813,45,0,2179792896,True,.nii.gz,1,100094_00001,100094_00001
1,13715870,batch_1.zip,463,100020_00001_0000.nii.gz,False,39425637,39415897,8,fd3dd6c6,0,False,42127153267,0,813,45,0,2179792896,True,.nii.gz,1,100020_00001,100020_00001
1,13715870,batch_1.zip,464,100501_00001_0000.nii.gz,False,74614813,74597350,8,72f63c71,0,False,42166578958,0,813,45,0,2179792896,True,.nii.gz,1,100501_00001,100501_00001
1,13715870,batch_1.zip,465,100065_00001_0000.nii.gz,False,42521882,42509423,8,1b05ab34,0,False,42241193825,0,813,45,0,2179792896,True,.nii.gz,1,100065_00001,100065_00001
1,13715870,batch_1.zip,466,100450_00001_0000.nii.gz,False,51916444,51900743,8,9dc3a8f1,0,False,42283715761,0,813,45,0,2179792896,True,.nii.gz,1,100450_00001,100450_00001
1,13715870,batch_1.zip,467,100264_00001_0000.nii.gz,False,110860457,110830379,8,23622537,0,False,42335632259,0,813,45,0,2179792896,True,.nii.gz,1,100264_00001,100264_00001
1,13715870,batch_1.zip,468,100229_00001_0000.nii.gz,False,317661681,319294523,8,73e0ed3d,0,False,42446492770,0,813,45,0,2179792896,True,.nii.gz,1,100229_00001,100229_00001
1,13715870,batch_1.zip,469,100460_00001_0000.nii.gz,False,23872055,23864833,8,756d214f,0,False,42764154505,0,813,45,0,2179792896,True,.nii.gz,1,100460_00001,100460_00001
1,13715870,batch_1.zip,470,100466_00001_0000.nii.gz,False,39271787,39259965,8,7a4798cf,0,False,42788026614,0,813,45,0,2179792896,True,.nii.gz,1,100466_00001,100466_00001
1,13715870,batch_1.zip,471,100416_00001_0000.nii.gz,False,47033754,47020482,8,a2857a82,0,False,42827298455,0,813,45,0,2179792896,True,.nii.gz,1,100416_00001,100416_00001
1,13715870,batch_1.zip,472,100064_00001_0000.nii.gz,False,70640953,70619852,8,e6e40def,0,False,42874332263,0,813,45,0,2179792896,True,.nii.gz,1,100064_00001,100064_00001
1,13715870,batch_1.zip,473,100498_00001_0000.nii.gz,False,24122264,24115030,8,e9fd98d8,0,False,42944973270,0,813,45,0,2179792896,True,.nii.gz,1,100498_00001,100498_00001
1,13715870,batch_1.zip,474,100258_00001_0000.nii.gz,False,79490821,79899657,8,04904d2b,0,False,42969095588,0,813,45,0,2179792896,True,.nii.gz,1,100258_00001,100258_00001
1,13715870,batch_1.zip,475,100019_00001_0000.nii.gz,False,50540321,50845650,8,f185a883,0,False,43048586463,0,813,45,0,2179792896,True,.nii.gz,1,100019_00001,100019_00001
1,13715870,batch_1.zip,476,100446_00001_0000.nii.gz,False,39177746,39166387,8,7886cf83,0,False,43099126838,0,813,45,0,2179792896,True,.nii.gz,1,100446_00001,100446_00001
1,13715870,batch_1.zip,477,100390_00001_0000.nii.gz,False,30743051,30902744,8,de3e0090,0,False,43138304638,0,813,45,0,2179792896,True,.nii.gz,1,100390_00001,100390_00001
1,13715870,batch_1.zip,478,100102_00001_0000.nii.gz,False,158240126,159466127,8,01d994fd,0,False,43169047743,0,813,45,0,2179792896,True,.nii.gz,1,100102_00001,100102_00001
1,13715870,batch_1.zip,479,100436_00001_0000.nii.gz,False,166728630,167583381,8,f7b5bfda,0,False,43327287923,0,813,45,0,2179792896,True,.nii.gz,1,100436_00001,100436_00001
1,13715870,batch_1.zip,480,100107_00001_0000.nii.gz,False,219571555,219505795,8,36f2feb2,0,False,43494016607,0,813,45,0,2179792896,True,.nii.gz,1,100107_00001,100107_00001
1,13715870,batch_1.zip,481,100177_00001_0000.nii.gz,False,82815799,82797813,8,03a308d1,0,False,43713588216,0,813,45,0,2179792896,True,.nii.gz,1,100177_00001,100177_00001
1,13715870,batch_1.zip,482,100508_00001_0000.nii.gz,False,114768634,114734032,8,d3452676,0,False,43796404069,0,813,45,0,2179792896,True,.nii.gz,1,100508_00001,100508_00001
1,13715870,batch_1.zip,483,100217_00001_0000.nii.gz,False,92204070,92176256,8,6dc83f8f,0,False,43911172757,0,813,45,0,2179792896,True,.nii.gz,1,100217_00001,100217_00001
1,13715870,batch_1.zip,484,100417_00001_0000.nii.gz,False,34024021,34016618,8,92bf7af5,0,False,44003376881,0,813,45,0,2179792896,True,.nii.gz,1,100417_00001,100417_00001
1,13715870,batch_1.zip,485,100444_00001_0000.nii.gz,False,55121523,55519328,8,edfedbd4,0,False,44037400956,0,813,45,0,2179792896,True,.nii.gz,1,100444_00001,100444_00001
1,13715870,batch_1.zip,486,100497_00001_0000.nii.gz,False,40224970,40212736,8,e87c087c,0,False,44092522533,0,813,45,0,2179792896,True,.nii.gz,1,100497_00001,100497_00001
1,13715870,batch_1.zip,487,100306_00001_0000.nii.gz,False,45834687,45821203,8,8eec3ed7,0,False,44132747557,0,813,45,0,2179792896,True,.nii.gz,1,100306_00001,100306_00001
1,13715870,batch_1.zip,488,100169_00001_0000.nii.gz,False,44804661,44791103,8,b8f8a5a6,0,False,44178582298,0,813,45,0,2179792896,True,.nii.gz,1,100169_00001,100169_00001
1,13715870,batch_1.zip,489,100294_00001_0000.nii.gz,False,91050149,91023339,8,772eb346,0,False,44223387013,0,813,45,0,2179792896,True,.nii.gz,1,100294_00001,100294_00001
1,13715870,batch_1.zip,490,100003_00001_0000.nii.gz,False,27574751,27566355,8,f39f8943,0,False,44314437216,0,813,45,0,2179792896,True,.nii.gz,1,100003_00001,100003_00001
1,13715870,batch_1.zip,491,100196_00001_0000.nii.gz,False,76838978,78717198,8,951c7f3f,0,False,44342012021,0,813,45,0,2179792896,True,.nii.gz,1,100196_00001,100196_00001
1,13715870,batch_1.zip,492,100245_00001_0000.nii.gz,False,35621973,35878370,8,9597a352,0,False,44418851053,0,813,45,0,2179792896,True,.nii.gz,1,100245_00001,100245_00001
1,13715870,batch_1.zip,493,100430_00001_0000.nii.gz,False,38510810,38795084,8,cb03d6f1,0,False,44454473080,0,813,45,0,2179792896,True,.nii.gz,1,100430_00001,100430_00001
1,13715870,batch_1.zip,494,100541_00001_0000.nii.gz,False,50009427,50350263,8,146cc847,0,False,44492983944,0,813,45,0,2179792896,True,.nii.gz,1,100541_00001,100541_00001
1,13715870,batch_1.zip,495,100489_00001_0000.nii.gz,False,251151782,252447755,8,140e039f,0,False,44542993425,0,813,45,0,2179792896,True,.nii.gz,1,100489_00001,100489_00001
1,13715870,batch_1.zip,496,100311_00001_0000.nii.gz,False,64061631,64042724,8,25cac997,0,False,44794145261,0,813,45,0,2179792896,True,.nii.gz,1,100311_00001,100311_00001
1,13715870,batch_1.zip,497,100359_00001_0000.nii.gz,False,50355531,50340841,8,bd603e3b,0,False,44858206946,0,813,45,0,2179792896,True,.nii.gz,1,100359_00001,100359_00001
1,13715870,batch_1.zip,498,100531_00001_0000.nii.gz,False,79128477,79110020,8,5e7180e3,0,False,44908562531,0,813,45,0,2179792896,True,.nii.gz,1,100531_00001,100531_00001
1,13715870,batch_1.zip,499,100417_00002_0000.nii.gz,False,32536168,32526543,8,7c4000ad,0,False,44987691062,0,813,45,0,2179792896,True,.nii.gz,1,100417_00002,100417_00002
1,13715870,batch_1.zip,500,100247_00001_0000.nii.gz,False,76841143,77256522,8,f6df2718,0,False,45020227284,0,813,45,0,2179792896,True,.nii.gz,1,100247_00001,100247_00001
1,13715870,batch_1.zip,501,100016_00001_0000.nii.gz,False,28526108,28517455,8,c268df35,0,False,45097068481,0,813,45,0,2179792896,True,.nii.gz,1,100016_00001,100016_00001
1,13715870,batch_1.zip,502,100026_00001_0000.nii.gz,False,39633621,39621883,8,7b3fbeb9,0,False,45125594643,0,813,45,0,2179792896,True,.nii.gz,1,100026_00001,100026_00001
1,13715870,batch_1.zip,503,100402_00001_0000.nii.gz,False,55673198,55656474,8,e703d0bd,0,False,45165228318,0,813,45,0,2179792896,True,.nii.gz,1,100402_00001,100402_00001
1,13715870,batch_1.zip,504,100253_00001_0000.nii.gz,False,49384534,49370493,8,4f2cd204,0,False,45220901570,0,813,45,0,2179792896,True,.nii.gz,1,100253_00001,100253_00001
1,13715870,batch_1.zip,505,100069_00001_0000.nii.gz,False,335060524,336838774,8,84153a23,0,False,45270286158,0,813,45,0,2179792896,True,.nii.gz,1,100069_00001,100069_00001
1,13715870,batch_1.zip,506,100147_00001_0000.nii.gz,False,32331137,32516682,8,7b1084dc,0,False,45605346736,0,813,45,0,2179792896,True,.nii.gz,1,100147_00001,100147_00001
1,13715870,batch_1.zip,507,100391_00001_0000.nii.gz,False,113511774,113482004,8,5d9c67ab,0,False,45637677927,0,813,45,0,2179792896,True,.nii.gz,1,100391_00001,100391_00001
1,13715870,batch_1.zip,508,100452_00001_0000.nii.gz,False,84823509,84801055,8,0881630b,0,False,45751189755,0,813,45,0,2179792896,True,.nii.gz,1,100452_00001,100452_00001
1,13715870,batch_1.zip,509,100403_00001_0000.nii.gz,False,15439348,15540169,8,0a88f8a2,0,False,45836013318,0,813,45,0,2179792896,True,.nii.gz,1,100403_00001,100403_00001
1,13715870,batch_1.zip,510,100172_00001_0000.nii.gz,False,39492789,39481429,8,de8af163,0,False,45851452720,0,813,45,0,2179792896,True,.nii.gz,1,100172_00001,100172_00001
1,13715870,batch_1.zip,511,100230_00001_0000.nii.gz,False,122235169,122203326,8,761ba289,0,False,45890945563,0,813,45,0,2179792896,True,.nii.gz,1,100230_00001,100230_00001
1,13715870,batch_1.zip,512,100401_00001_0000.nii.gz,False,102398947,102371020,8,c8bd8846,0,False,46013180786,0,813,45,0,2179792896,True,.nii.gz,1,100401_00001,100401_00001
1,13715870,batch_1.zip,513,100282_00001_0000.nii.gz,False,13437235,13520949,8,8a3bbffb,0,False,46115579787,0,813,45,0,2179792896,True,.nii.gz,1,100282_00001,100282_00001
1,13715870,batch_1.zip,514,100145_00001_0000.nii.gz,False,133009442,132974181,8,39dac08f,0,False,46129017076,0,813,45,0,2179792896,True,.nii.gz,1,100145_00001,100145_00001
1,13715870,batch_1.zip,515,100277_00001_0000.nii.gz,False,57994621,58313966,8,51a0d3e3,0,False,46262026572,0,813,45,0,2179792896,True,.nii.gz,1,100277_00001,100277_00001
1,13715870,batch_1.zip,516,100187_00001_0000.nii.gz,False,229752825,230988983,8,b3667c00,0,False,46320021247,0,813,45,0,2179792896,True,.nii.gz,1,100187_00001,100187_00001
1,13715870,batch_1.zip,517,100104_00001_0000.nii.gz,False,77460965,77454363,8,ace67fa8,0,False,46549774126,0,813,45,0,2179792896,True,.nii.gz,1,100104_00001,100104_00001
1,13715870,batch_1.zip,518,100317_00001_0000.nii.gz,False,26291627,26283705,8,030a5535,0,False,46627235145,0,813,45,0,2179792896,True,.nii.gz,1,100317_00001,100317_00001
1,13715870,batch_1.zip,519,100130_00001_0000.nii.gz,False,57831783,58188969,8,3367d7bf,0,False,46653526826,0,813,45,0,2179792896,True,.nii.gz,1,100130_00001,100130_00001
1,13715870,batch_1.zip,520,100490_00001_0000.nii.gz,False,27037178,27029040,8,a8d0ed48,0,False,46711358663,0,813,45,0,2179792896,True,.nii.gz,1,100490_00001,100490_00001
1,13715870,batch_1.zip,521,100463_00001_0000.nii.gz,False,32767603,32935928,8,cefb258f,0,False,46738395895,0,813,45,0,2179792896,True,.nii.gz,1,100463_00001,100463_00001
1,13715870,batch_1.zip,522,100118_00001_0000.nii.gz,False,71118004,71097969,8,1c291cbf,0,False,46771163552,0,813,45,0,2179792896,True,.nii.gz,1,100118_00001,100118_00001
1,13715870,batch_1.zip,523,100034_00001_0000.nii.gz,False,26017494,26158700,8,874499c6,0,False,46842281610,0,813,45,0,2179792896,True,.nii.gz,1,100034_00001,100034_00001
1,13715870,batch_1.zip,524,100135_00001_0000.nii.gz,False,42426363,42414307,8,c709b029,0,False,46868299158,0,813,45,0,2179792896,True,.nii.gz,1,100135_00001,100135_00001
1,13715870,batch_1.zip,525,100506_00001_0000.nii.gz,False,26097427,26263030,8,963d8a6a,0,False,46910725575,0,813,45,0,2179792896,True,.nii.gz,1,100506_00001,100506_00001
1,13715870,batch_1.zip,526,100175_00001_0000.nii.gz,False,57911635,58268915,8,f74ec212,0,False,46936823056,0,813,45,0,2179792896,True,.nii.gz,1,100175_00001,100175_00001
1,13715870,batch_1.zip,527,100160_00001_0000.nii.gz,False,293872634,293797006,8,68ccfdb3,0,False,46994734745,0,813,45,0,2179792896,True,.nii.gz,1,100160_00001,100160_00001
1,13715870,batch_1.zip,528,100278_00001_0000.nii.gz,False,27926113,28093127,8,4619760d,0,False,47288607433,0,813,45,0,2179792896,True,.nii.gz,1,100278_00001,100278_00001
1,13715870,batch_1.zip,529,100457_00001_0000.nii.gz,False,208872596,208810318,8,177bee50,0,False,47316533600,0,813,45,0,2179792896,True,.nii.gz,1,100457_00001,100457_00001
1,13715870,batch_1.zip,530,100479_00001_0000.nii.gz,False,44308207,44295298,8,c050c8fd,0,False,47525406250,0,813,45,0,2179792896,True,.nii.gz,1,100479_00001,100479_00001
1,13715870,batch_1.zip,531,100500_00001_0000.nii.gz,False,103208006,103179585,8,6ab4c0c5,0,False,47569714511,0,813,45,0,2179792896,True,.nii.gz,1,100500_00001,100500_00001
1,13715870,batch_1.zip,532,100060_00001_0000.nii.gz,False,53819074,53803086,8,6191d31c,0,False,47672922571,0,813,45,0,2179792896,True,.nii.gz,1,100060_00001,100060_00001
1,13715870,batch_1.zip,533,100321_00001_0000.nii.gz,False,54419462,54403094,8,86069b3a,0,False,47726741699,0,813,45,0,2179792896,True,.nii.gz,1,100321_00001,100321_00001
1,13715870,batch_1.zip,534,100173_00001_0000.nii.gz,False,88788268,88765737,8,85794b48,0,False,47781161215,0,813,45,0,2179792896,True,.nii.gz,1,100173_00001,100173_00001
1,13715870,batch_1.zip,535,100393_00001_0000.nii.gz,False,220384873,220322357,8,f9746d74,0,False,47869949537,0,813,45,0,2179792896,True,.nii.gz,1,100393_00001,100393_00001
1,13715870,batch_1.zip,536,100085_00001_0000.nii.gz,False,16854847,16961404,8,71523d76,0,False,48090334464,0,813,45,0,2179792896,True,.nii.gz,1,100085_00001,100085_00001
1,13715870,batch_1.zip,537,100058_00001_0000.nii.gz,False,32513555,32679649,8,301c45c8,0,False,48107189365,0,813,45,0,2179792896,True,.nii.gz,1,100058_00001,100058_00001
1,13715870,batch_1.zip,538,100126_00001_0000.nii.gz,False,47510926,47818474,8,aabfd16f,0,False,48139702974,0,813,45,0,2179792896,True,.nii.gz,1,100126_00001,100126_00001
1,13715870,batch_1.zip,539,100528_00001_0000.nii.gz,False,43320573,43572312,8,b8b7214a,0,False,48187213954,0,813,45,0,2179792896,True,.nii.gz,1,100528_00001,100528_00001
1,13715870,batch_1.zip,540,100096_00001_0000.nii.gz,False,182635427,186972790,8,2cd9e758,0,False,48230534581,0,813,45,0,2179792896,True,.nii.gz,1,100096_00001,100096_00001
1,13715870,batch_1.zip,541,100093_00001_0000.nii.gz,False,30658476,30822158,8,7d4e1faf,0,False,48413170062,0,813,45,0,2179792896,True,.nii.gz,1,100093_00001,100093_00001
1,13715870,batch_1.zip,542,100149_00001_0000.nii.gz,False,41080234,41288512,8,49a95afb,0,False,48443828592,0,813,45,0,2179792896,True,.nii.gz,1,100149_00001,100149_00001
1,13715870,batch_1.zip,543,100222_00001_0000.nii.gz,False,91730429,91706313,8,52966fd9,0,False,48484908880,0,813,45,0,2179792896,True,.nii.gz,1,100222_00001,100222_00001
1,13715870,batch_1.zip,544,100300_00001_0000.nii.gz,False,47179971,47167795,8,d0b721b4,0,False,48576639363,0,813,45,0,2179792896,True,.nii.gz,1,100300_00001,100300_00001
1,13715870,batch_1.zip,545,100144_00001_0000.nii.gz,False,141256133,142078177,8,bbdb7aab,0,False,48623819388,0,813,45,0,2179792896,True,.nii.gz,1,100144_00001,100144_00001
1,13715870,batch_1.zip,546,100215_00001_0000.nii.gz,False,69136851,69116335,8,17b51623,0,False,48765075575,0,813,45,0,2179792896,True,.nii.gz,1,100215_00001,100215_00001
1,13715870,batch_1.zip,547,100228_00001_0000.nii.gz,False,30187103,30178873,8,be09850d,0,False,48834212480,0,813,45,0,2179792896,True,.nii.gz,1,100228_00001,100228_00001
1,13715870,batch_1.zip,548,100190_00001_0000.nii.gz,False,73188098,73166610,8,422aee98,0,False,48864399637,0,813,45,0,2179792896,True,.nii.gz,1,100190_00001,100190_00001
1,13715870,batch_1.zip,549,100325_00001_0000.nii.gz,False,33355389,33551310,8,75ac8639,0,False,48937587789,0,813,45,0,2179792896,True,.nii.gz,1,100325_00001,100325_00001
1,13715870,batch_1.zip,550,100273_00001_0000.nii.gz,False,70438762,72195137,8,2753bc9e,0,False,48970943232,0,813,45,0,2179792896,True,.nii.gz,1,100273_00001,100273_00001
1,13715870,batch_1.zip,551,100407_00001_0000.nii.gz,False,30028948,30309190,8,19cb0648,0,False,49041382048,0,813,45,0,2179792896,True,.nii.gz,1,100407_00001,100407_00001
1,13715870,batch_1.zip,552,100280_00001_0000.nii.gz,False,17562206,17663591,8,52744c17,0,False,49071411050,0,813,45,0,2179792896,True,.nii.gz,1,100280_00001,100280_00001
1,13715870,batch_1.zip,553,100518_00001_0000.nii.gz,False,91994116,91970374,8,74d607b5,0,False,49088973310,0,813,45,0,2179792896,True,.nii.gz,1,100518_00001,100518_00001
1,13715870,batch_1.zip,554,100507_00001_0000.nii.gz,False,49256665,49241760,8,b4f05476,0,False,49180967480,0,813,45,0,2179792896,True,.nii.gz,1,100507_00001,100507_00001
1,13715870,batch_1.zip,555,100526_00001_0000.nii.gz,False,69072460,69467428,8,13997ea6,0,False,49230224199,0,813,45,0,2179792896,True,.nii.gz,1,100526_00001,100526_00001
1,13715870,batch_1.zip,556,100539_00001_0000.nii.gz,False,39243031,39232329,8,f52caf27,0,False,49299296713,0,813,45,0,2179792896,True,.nii.gz,1,100539_00001,100539_00001
2,13742336,batch_2.zip,0,100853_00001_0000.nii.gz,False,38872045,39831271,8,0eb8cf89,0,False,0,0,788,20,0,2179792896,True,.nii.gz,1,100853_00001,100853_00001
2,13742336,batch_2.zip,1,100931_00001_0000.nii.gz,False,36154215,36143632,8,a2ac55c9,0,False,38872099,0,788,20,0,2179792896,True,.nii.gz,1,100931_00001,100931_00001
2,13742336,batch_2.zip,2,100980_00001_0000.nii.gz,False,59578430,59560364,8,be8a0cd0,0,False,75026368,0,788,20,0,2179792896,True,.nii.gz,1,100980_00001,100980_00001
2,13742336,batch_2.zip,3,100547_00001_0000.nii.gz,False,52043655,52028023,8,bf302fb4,0,False,134604852,0,788,20,0,2179792896,True,.nii.gz,1,100547_00001,100547_00001
2,13742336,batch_2.zip,4,100729_00001_0000.nii.gz,False,43210809,43197980,8,14e1a662,0,False,186648561,0,788,20,0,2179792896,True,.nii.gz,1,100729_00001,100729_00001
2,13742336,batch_2.zip,5,100592_00001_0000.nii.gz,False,24310900,24303508,8,797aeeed,0,False,229859424,0,788,20,0,2179792896,True,.nii.gz,1,100592_00001,100592_00001
2,13742336,batch_2.zip,6,100785_00001_0000.nii.gz,False,76519799,76936718,8,4a27f49f,0,False,254170378,0,788,20,0,2179792896,True,.nii.gz,1,100785_00001,100785_00001
2,13742336,batch_2.zip,7,100960_00001_0000.nii.gz,False,119389641,119359045,8,db9a1b34,0,False,330690231,0,788,20,0,2179792896,True,.nii.gz,1,100960_00001,100960_00001
2,13742336,batch_2.zip,8,101046_00001_0000.nii.gz,False,61809392,61790933,8,a0cc2b0c,0,False,450079926,0,788,20,0,2179792896,True,.nii.gz,1,101046_00001,101046_00001
2,13742336,batch_2.zip,9,101013_00001_0000.nii.gz,False,44997852,45263518,8,ba0bcf2f,0,False,511889372,0,788,20,0,2179792896,True,.nii.gz,1,101013_00001,101013_00001
2,13742336,batch_2.zip,10,101073_00001_0000.nii.gz,False,87366935,87344760,8,bb14b490,0,False,556887278,0,788,20,0,2179792896,True,.nii.gz,1,101073_00001,101073_00001
2,13742336,batch_2.zip,11,100768_00001_0000.nii.gz,False,37205428,37421054,8,f2fc9202,0,False,644254267,0,788,20,0,2179792896,True,.nii.gz,1,100768_00001,100768_00001
2,13742336,batch_2.zip,12,100922_00001_0000.nii.gz,False,66836888,66819688,8,cbf7f65d,0,False,681459749,0,788,20,0,2179792896,True,.nii.gz,1,100922_00001,100922_00001
2,13742336,batch_2.zip,13,101076_00001_0000.nii.gz,False,48046549,48034023,8,391ccbe1,0,False,748296691,0,788,20,0,2179792896,True,.nii.gz,1,101076_00001,101076_00001
2,13742336,batch_2.zip,14,100760_00001_0000.nii.gz,False,74242244,74219931,8,6a6a2cb5,0,False,796343294,0,788,20,0,2179792896,True,.nii.gz,1,100760_00001,100760_00001
2,13742336,batch_2.zip,15,100932_00001_0000.nii.gz,False,162765159,162716814,8,992bc42a,0,False,870585592,0,788,20,0,2179792896,True,.nii.gz,1,100932_00001,100932_00001
2,13742336,batch_2.zip,16,101023_00001_0000.nii.gz,False,222691263,224181073,8,e7c5ee2d,0,False,1033350805,0,788,20,0,2179792896,True,.nii.gz,1,101023_00001,101023_00001
2,13742336,batch_2.zip,17,100955_00001_0000.nii.gz,False,38863609,38852036,8,b8dc8c8b,0,False,1256042122,0,788,20,0,2179792896,True,.nii.gz,1,100955_00001,100955_00001
2,13742336,batch_2.zip,18,100662_00001_0000.nii.gz,False,30093586,30086842,8,8b5992db,0,False,1294905785,0,788,20,0,2179792896,True,.nii.gz,1,100662_00001,100662_00001
2,13742336,batch_2.zip,19,100968_00001_0000.nii.gz,False,127622896,127590449,8,35a227ba,0,False,1324999425,0,788,20,0,2179792896,True,.nii.gz,1,100968_00001,100968_00001
2,13742336,batch_2.zip,20,100972_00001_0000.nii.gz,False,63949820,63946542,8,a242aa7a,0,False,1452622375,0,788,20,0,2179792896,True,.nii.gz,1,100972_00001,100972_00001
2,13742336,batch_2.zip,21,100893_00001_0000.nii.gz,False,98697526,99246316,8,c271206d,0,False,1516572249,0,788,20,0,2179792896,True,.nii.gz,1,100893_00001,100893_00001
2,13742336,batch_2.zip,22,100953_00001_0000.nii.gz,False,26529806,26521798,8,3b590f21,0,False,1615269829,0,788,20,0,2179792896,True,.nii.gz,1,100953_00001,100953_00001
2,13742336,batch_2.zip,23,100570_00001_0000.nii.gz,False,46234411,46220516,8,ec2b5457,0,False,1641799689,0,788,20,0,2179792896,True,.nii.gz,1,100570_00001,100570_00001
2,13742336,batch_2.zip,24,100623_00001_0000.nii.gz,False,33895166,34065446,8,c6a4943f,0,False,1688034154,0,788,20,0,2179792896,True,.nii.gz,1,100623_00001,100623_00001
2,13742336,batch_2.zip,25,100842_00001_0000.nii.gz,False,145875612,146877635,8,70f1c13e,0,False,1721929374,0,788,20,0,2179792896,True,.nii.gz,1,100842_00001,100842_00001
2,13742336,batch_2.zip,26,100755_00001_0000.nii.gz,False,234761542,240685101,8,5b710242,0,False,1867805040,0,788,20,0,2179792896,True,.nii.gz,1,100755_00001,100755_00001
2,13742336,batch_2.zip,27,100915_00001_0000.nii.gz,False,234449057,234379472,8,dd672078,0,False,2102566636,0,788,20,0,2179792896,True,.nii.gz,1,100915_00001,100915_00001
2,13742336,batch_2.zip,28,100852_00001_0000.nii.gz,False,172058840,173289730,8,4c991093,0,False,2337015747,0,813,45,0,2179792896,True,.nii.gz,1,100852_00001,100852_00001
2,13742336,batch_2.zip,29,100836_00001_0000.nii.gz,False,39811266,39800564,8,272c6c55,0,False,2509074641,0,813,45,0,2179792896,True,.nii.gz,1,100836_00001,100836_00001
2,13742336,batch_2.zip,30,100722_00001_0000.nii.gz,False,24644921,24789734,8,3f5f8cd2,0,False,2548885961,0,813,45,0,2179792896,True,.nii.gz,1,100722_00001,100722_00001
2,13742336,batch_2.zip,31,100618_00001_0000.nii.gz,False,37347773,37338895,8,b035a5e0,0,False,2573530936,0,813,45,0,2179792896,True,.nii.gz,1,100618_00001,100618_00001
2,13742336,batch_2.zip,32,100609_00001_0000.nii.gz,False,75719554,75698722,8,6d824174,0,False,2610878763,0,813,45,0,2179792896,True,.nii.gz,1,100609_00001,100609_00001
2,13742336,batch_2.zip,33,100554_00001_0000.nii.gz,False,48828172,49873205,8,3444acb3,0,False,2686598371,0,813,45,0,2179792896,True,.nii.gz,1,100554_00001,100554_00001
2,13742336,batch_2.zip,34,100620_00001_0000.nii.gz,False,79766714,79749489,8,b6479d2d,0,False,2735426597,0,813,45,0,2179792896,True,.nii.gz,1,100620_00001,100620_00001
2,13742336,batch_2.zip,35,100676_00001_0000.nii.gz,False,74235646,74216297,8,8aa5c682,0,False,2815193365,0,813,45,0,2179792896,True,.nii.gz,1,100676_00001,100676_00001
2,13742336,batch_2.zip,36,100712_00001_0000.nii.gz,False,31622127,31612815,8,f392ba17,0,False,2889429065,0,813,45,0,2179792896,True,.nii.gz,1,100712_00001,100712_00001
2,13742336,batch_2.zip,37,100602_00001_0000.nii.gz,False,106535219,107176978,8,f754040a,0,False,2921051246,0,813,45,0,2179792896,True,.nii.gz,1,100602_00001,100602_00001
2,13742336,batch_2.zip,38,100952_00001_0000.nii.gz,False,90213052,90191296,8,0ed3cd89,0,False,3027586519,0,813,45,0,2179792896,True,.nii.gz,1,100952_00001,100952_00001
2,13742336,batch_2.zip,39,100848_00001_0000.nii.gz,False,77390599,77367293,8,0f496aee,0,False,3117799625,0,813,45,0,2179792896,True,.nii.gz,1,100848_00001,100848_00001
2,13742336,batch_2.zip,40,100701_00001_0000.nii.gz,False,93446301,93420071,8,5efcf9ce,0,False,3195190278,0,813,45,0,2179792896,True,.nii.gz,1,100701_00001,100701_00001
2,13742336,batch_2.zip,41,100903_00001_0000.nii.gz,False,84790468,84768313,8,d0665cdd,0,False,3288636633,0,813,45,0,2179792896,True,.nii.gz,1,100903_00001,100903_00001
2,13742336,batch_2.zip,42,100571_00001_0000.nii.gz,False,55489652,55822323,8,8dfc0012,0,False,3373427155,0,813,45,0,2179792896,True,.nii.gz,1,100571_00001,100571_00001
2,13742336,batch_2.zip,43,100782_00001_0000.nii.gz,False,94463918,94439800,8,c34403aa,0,False,3428916861,0,813,45,0,2179792896,True,.nii.gz,1,100782_00001,100782_00001
2,13742336,batch_2.zip,44,100948_00001_0000.nii.gz,False,73985062,74535173,8,11e9499a,0,False,3523380833,0,813,45,0,2179792896,True,.nii.gz,1,100948_00001,100948_00001
2,13742336,batch_2.zip,45,100844_00001_0000.nii.gz,False,50328129,50315418,8,fbb72e99,0,False,3597365949,0,813,45,0,2179792896,True,.nii.gz,1,100844_00001,100844_00001
2,13742336,batch_2.zip,46,100902_00001_0000.nii.gz,False,43273032,43262661,8,c4c150ec,0,False,3647694132,0,813,45,0,2179792896,True,.nii.gz,1,100902_00001,100902_00001
2,13742336,batch_2.zip,47,100711_00001_0000.nii.gz,False,300088346,300159772,8,21aac42f,0,False,3690967218,0,813,45,0,2179792896,True,.nii.gz,1,100711_00001,100711_00001
2,13742336,batch_2.zip,48,100809_00001_0000.nii.gz,False,227519616,227452012,8,a3485166,0,False,3991055618,0,813,45,0,2179792896,True,.nii.gz,1,100809_00001,100809_00001
2,13742336,batch_2.zip,49,101024_00001_0000.nii.gz,False,43228074,43447616,8,9b94ed7f,0,False,4218575288,0,813,45,0,2179792896,True,.nii.gz,1,101024_00001,101024_00001
2,13742336,batch_2.zip,50,101033_00001_0000.nii.gz,False,115587085,115559022,8,1d21251f,0,False,4261803416,0,813,45,0,2179792896,True,.nii.gz,1,101033_00001,101033_00001
2,13742336,batch_2.zip,51,100713_00001_0000.nii.gz,False,26160994,26356949,8,4e67d549,0,False,4377390555,0,813,45,0,2179792896,True,.nii.gz,1,100713_00001,100713_00001
2,13742336,batch_2.zip,52,100773_00001_0000.nii.gz,False,97616302,97591837,8,86a3a6de,0,False,4403551603,0,813,45,0,2179792896,True,.nii.gz,1,100773_00001,100773_00001
2,13742336,batch_2.zip,53,100827_00001_0000.nii.gz,False,77022686,77000616,8,fc12e261,0,False,4501167959,0,813,45,0,2179792896,True,.nii.gz,1,100827_00001,100827_00001
2,13742336,batch_2.zip,54,101049_00001_0000.nii.gz,False,34552726,34772365,8,06235e37,0,False,4578190699,0,813,45,0,2179792896,True,.nii.gz,1,101049_00001,101049_00001
2,13742336,batch_2.zip,55,100920_00001_0000.nii.gz,False,72611408,72589718,8,4fd16cba,0,False,4612743479,0,813,45,0,2179792896,True,.nii.gz,1,100920_00001,100920_00001
2,13742336,batch_2.zip,56,100666_00001_0000.nii.gz,False,76976076,76958057,8,a047776a,0,False,4685354941,0,813,45,0,2179792896,True,.nii.gz,1,100666_00001,100666_00001
2,13742336,batch_2.zip,57,100823_00001_0000.nii.gz,False,87885902,87861884,8,deb3accc,0,False,4762331071,0,813,45,0,2179792896,True,.nii.gz,1,100823_00001,100823_00001
2,13742336,batch_2.zip,58,100818_00001_0000.nii.gz,False,92267241,92241975,8,2d8f9a77,0,False,4850217027,0,813,45,0,2179792896,True,.nii.gz,1,100818_00001,100818_00001
2,13742336,batch_2.zip,59,100759_00001_0000.nii.gz,False,45763550,45752454,8,bdefbddd,0,False,4942484322,0,813,45,0,2179792896,True,.nii.gz,1,100759_00001,100759_00001
2,13742336,batch_2.zip,60,101063_00001_0000.nii.gz,False,220174273,220118088,8,e75a9e82,0,False,4988247926,0,813,45,0,2179792896,True,.nii.gz,1,101063_00001,101063_00001
2,13742336,batch_2.zip,61,101025_00001_0000.nii.gz,False,81622415,82061143,8,d198e310,0,False,5208422253,0,813,45,0,2179792896,True,.nii.gz,1,101025_00001,101025_00001
2,13742336,batch_2.zip,62,100578_00001_0000.nii.gz,False,39751097,39739013,8,89107a2d,0,False,5290044722,0,813,45,0,2179792896,True,.nii.gz,1,100578_00001,100578_00001
2,13742336,batch_2.zip,63,100681_00001_0000.nii.gz,False,68838382,68818037,8,3da9a35b,0,False,5329795873,0,813,45,0,2179792896,True,.nii.gz,1,100681_00001,100681_00001
2,13742336,batch_2.zip,64,100672_00001_0000.nii.gz,False,94320267,94295569,8,3638801f,0,False,5398634309,0,813,45,0,2179792896,True,.nii.gz,1,100672_00001,100672_00001
2,13742336,batch_2.zip,65,101058_00001_0000.nii.gz,False,28130869,28122961,8,8bdc81d3,0,False,5492954630,0,813,45,0,2179792896,True,.nii.gz,1,101058_00001,101058_00001
2,13742336,batch_2.zip,66,100735_00001_0000.nii.gz,False,54951319,54936381,8,3a9b2872,0,False,5521085553,0,813,45,0,2179792896,True,.nii.gz,1,100735_00001,100735_00001
2,13742336,batch_2.zip,67,101084_00001_0000.nii.gz,False,89116184,89091722,8,842e55ba,0,False,5576036926,0,813,45,0,2179792896,True,.nii.gz,1,101084_00001,101084_00001
2,13742336,batch_2.zip,68,100812_00001_0000.nii.gz,False,98867781,98856226,8,b1aa3735,0,False,5665153164,0,813,45,0,2179792896,True,.nii.gz,1,100812_00001,100812_00001
2,13742336,batch_2.zip,69,100787_00001_0000.nii.gz,False,40603271,40591853,8,6ac634bc,0,False,5764020999,0,813,45,0,2179792896,True,.nii.gz,1,100787_00001,100787_00001
2,13742336,batch_2.zip,70,100914_00001_0000.nii.gz,False,47353339,47582163,8,29f00342,0,False,5804624324,0,813,45,0,2179792896,True,.nii.gz,1,100914_00001,100914_00001
2,13742336,batch_2.zip,71,100645_00001_0000.nii.gz,False,194606531,196029860,8,0b75803c,0,False,5851977717,0,813,45,0,2179792896,True,.nii.gz,1,100645_00001,100645_00001
2,13742336,batch_2.zip,72,101026_00001_0000.nii.gz,False,79815450,81665955,8,41a1b853,0,False,6046584302,0,813,45,0,2179792896,True,.nii.gz,1,101026_00001,101026_00001
2,13742336,batch_2.zip,73,100910_00001_0000.nii.gz,False,25704134,25696689,8,d38ad83b,0,False,6126399806,0,813,45,0,2179792896,True,.nii.gz,1,100910_00001,100910_00001
2,13742336,batch_2.zip,74,100898_00001_0000.nii.gz,False,85801621,85778162,8,53d7d75d,0,False,6152103994,0,813,45,0,2179792896,True,.nii.gz,1,100898_00001,100898_00001
2,13742336,batch_2.zip,75,100651_00001_0000.nii.gz,False,152627855,153527074,8,9d4afa92,0,False,6237905669,0,813,45,0,2179792896,True,.nii.gz,1,100651_00001,100651_00001
2,13742336,batch_2.zip,76,100647_00001_0000.nii.gz,False,85798420,85776267,8,95342d34,0,False,6390533578,0,813,45,0,2179792896,True,.nii.gz,1,100647_00001,100647_00001
2,13742336,batch_2.zip,77,100752_00001_0000.nii.gz,False,68811896,69222975,8,748d6d95,0,False,6476332052,0,813,45,0,2179792896,True,.nii.gz,1,100752_00001,100752_00001
2,13742336,batch_2.zip,78,100733_00001_0000.nii.gz,False,35884524,36095381,8,0bcc7528,0,False,6545144002,0,813,45,0,2179792896,True,.nii.gz,1,100733_00001,100733_00001
2,13742336,batch_2.zip,79,100665_00001_0000.nii.gz,False,51105516,51400641,8,d447fe43,0,False,6581028580,0,813,45,0,2179792896,True,.nii.gz,1,100665_00001,100665_00001
2,13742336,batch_2.zip,80,100964_00001_0000.nii.gz,False,18276635,18374234,8,290d47e5,0,False,6632134150,0,813,45,0,2179792896,True,.nii.gz,1,100964_00001,100964_00001
2,13742336,batch_2.zip,81,100614_00001_0000.nii.gz,False,40244045,40232035,8,1ff9976b,0,False,6650410839,0,813,45,0,2179792896,True,.nii.gz,1,100614_00001,100614_00001
2,13742336,batch_2.zip,82,100908_00001_0000.nii.gz,False,49425900,49735363,8,8c4ad2d7,0,False,6690654938,0,813,45,0,2179792896,True,.nii.gz,1,100908_00001,100908_00001
2,13742336,batch_2.zip,83,100833_00001_0000.nii.gz,False,42271364,42517122,8,348cb8f5,0,False,6740080892,0,813,45,0,2179792896,True,.nii.gz,1,100833_00001,100833_00001
2,13742336,batch_2.zip,84,100550_00001_0000.nii.gz,False,87639534,87616920,8,26714810,0,False,6782352310,0,813,45,0,2179792896,True,.nii.gz,1,100550_00001,100550_00001
2,13742336,batch_2.zip,85,100839_00001_0000.nii.gz,False,94063244,94040958,8,f8fe7491,0,False,6869991898,0,813,45,0,2179792896,True,.nii.gz,1,100839_00001,100839_00001
2,13742336,batch_2.zip,86,101072_00001_0000.nii.gz,False,302999598,302995798,8,90ec3680,0,False,6964055196,0,813,45,0,2179792896,True,.nii.gz,1,101072_00001,101072_00001
2,13742336,batch_2.zip,87,100885_00001_0000.nii.gz,False,54382413,54697277,8,f4d395e1,0,False,7267054848,0,813,45,0,2179792896,True,.nii.gz,1,100885_00001,100885_00001
2,13742336,batch_2.zip,88,100738_00001_0000.nii.gz,False,53198879,53470224,8,3c90288f,0,False,7321437315,0,813,45,0,2179792896,True,.nii.gz,1,100738_00001,100738_00001
2,13742336,batch_2.zip,89,100704_00001_0000.nii.gz,False,139302773,139268330,8,43cdf083,0,False,7374636248,0,813,45,0,2179792896,True,.nii.gz,1,100704_00001,100704_00001
2,13742336,batch_2.zip,90,100881_00001_0000.nii.gz,False,60591417,60573057,8,4d2affbe,0,False,7513939075,0,813,45,0,2179792896,True,.nii.gz,1,100881_00001,100881_00001
2,13742336,batch_2.zip,91,100753_00001_0000.nii.gz,False,45340686,45575928,8,b4803ea8,0,False,7574530546,0,813,45,0,2179792896,True,.nii.gz,1,100753_00001,100753_00001
2,13742336,batch_2.zip,92,100802_00001_0000.nii.gz,False,12153305,12149831,8,6ff63ae7,0,False,7619871286,0,813,45,0,2179792896,True,.nii.gz,1,100802_00001,100802_00001
2,13742336,batch_2.zip,93,100743_00001_0000.nii.gz,False,38908689,38898283,8,60e25bd9,0,False,7632024645,0,813,45,0,2179792896,True,.nii.gz,1,100743_00001,100743_00001
2,13742336,batch_2.zip,94,100872_00001_0000.nii.gz,False,61089816,61423099,8,5fda454b,0,False,7670933388,0,813,45,0,2179792896,True,.nii.gz,1,100872_00001,100872_00001
2,13742336,batch_2.zip,95,100600_00001_0000.nii.gz,False,50311298,50588854,8,e848551c,0,False,7732023258,0,813,45,0,2179792896,True,.nii.gz,1,100600_00001,100600_00001
2,13742336,batch_2.zip,96,100796_00001_0000.nii.gz,False,33458583,33626947,8,50d54476,0,False,7782334610,0,813,45,0,2179792896,True,.nii.gz,1,100796_00001,100796_00001
2,13742336,batch_2.zip,97,101055_00001_0000.nii.gz,False,39848121,39836273,8,83deaf11,0,False,7815793247,0,813,45,0,2179792896,True,.nii.gz,1,101055_00001,101055_00001
2,13742336,batch_2.zip,98,100786_00001_0000.nii.gz,False,52639047,52623951,8,1a1c45b4,0,False,7855641422,0,813,45,0,2179792896,True,.nii.gz,1,100786_00001,100786_00001
2,13742336,batch_2.zip,99,100659_00001_0000.nii.gz,False,88831408,88810108,8,2c0ef2a0,0,False,7908280523,0,813,45,0,2179792896,True,.nii.gz,1,100659_00001,100659_00001
2,13742336,batch_2.zip,100,101107_00001_0000.nii.gz,False,33951454,34158656,8,8caef38e,0,False,7997111985,0,813,45,0,2179792896,True,.nii.gz,1,101107_00001,101107_00001
2,13742336,batch_2.zip,101,100572_00001_0000.nii.gz,False,102024987,101996586,8,a09b1294,0,False,8031063493,0,813,45,0,2179792896,True,.nii.gz,1,100572_00001,100572_00001
2,13742336,batch_2.zip,102,100615_00001_0000.nii.gz,False,245068502,245041084,8,755b9f6b,0,False,8133088534,0,813,45,0,2179792896,True,.nii.gz,1,100615_00001,100615_00001
2,13742336,batch_2.zip,103,100699_00001_0000.nii.gz,False,62735926,63058255,8,e66d02c4,0,False,8378157090,0,813,45,0,2179792896,True,.nii.gz,1,100699_00001,100699_00001
2,13742336,batch_2.zip,104,100625_00001_0000.nii.gz,False,88325378,88304147,8,32123864,0,False,8440893070,0,813,45,0,2179792896,True,.nii.gz,1,100625_00001,100625_00001
2,13742336,batch_2.zip,105,101102_00001_0000.nii.gz,False,30682973,30673850,8,00358bc7,0,False,8529218502,0,813,45,0,2179792896,True,.nii.gz,1,101102_00001,101102_00001
2,13742336,batch_2.zip,106,100546_00001_0000.nii.gz,False,64045414,64537918,8,9af2abc6,0,False,8559901529,0,813,45,0,2179792896,True,.nii.gz,1,100546_00001,100546_00001
2,13742336,batch_2.zip,107,101089_00001_0000.nii.gz,False,50369351,50355059,8,320be0da,0,False,8623946997,0,813,45,0,2179792896,True,.nii.gz,1,101089_00001,101089_00001
2,13742336,batch_2.zip,108,100828_00001_0000.nii.gz,False,52053049,52392614,8,9bb623a5,0,False,8674316402,0,813,45,0,2179792896,True,.nii.gz,1,100828_00001,100828_00001
2,13742336,batch_2.zip,109,101036_00001_0000.nii.gz,False,70014725,69995054,8,0a709991,0,False,8726369505,0,813,45,0,2179792896,True,.nii.gz,1,101036_00001,101036_00001
2,13742336,batch_2.zip,110,101066_00001_0000.nii.gz,False,83918692,83895277,8,c51edbbd,0,False,8796384284,0,813,45,0,2179792896,True,.nii.gz,1,101066_00001,101066_00001
2,13742336,batch_2.zip,111,100690_00001_0000.nii.gz,False,57863223,58228477,8,d3e5b13f,0,False,8880303030,0,813,45,0,2179792896,True,.nii.gz,1,100690_00001,100690_00001
2,13742336,batch_2.zip,112,100562_00001_0000.nii.gz,False,86021641,85998739,8,a6d682e9,0,False,8938166307,0,813,45,0,2179792896,True,.nii.gz,1,100562_00001,100562_00001
2,13742336,batch_2.zip,113,101060_00001_0000.nii.gz,False,89852677,89828682,8,7355903b,0,False,9024188002,0,813,45,0,2179792896,True,.nii.gz,1,101060_00001,101060_00001
2,13742336,batch_2.zip,114,100810_00001_0000.nii.gz,False,38824144,38812405,8,448dd2b9,0,False,9114040733,0,813,45,0,2179792896,True,.nii.gz,1,100810_00001,100810_00001
2,13742336,batch_2.zip,115,100589_00001_0000.nii.gz,False,28105411,28264086,8,736ad794,0,False,9152864931,0,813,45,0,2179792896,True,.nii.gz,1,100589_00001,100589_00001
2,13742336,batch_2.zip,116,100612_00001_0000.nii.gz,False,95261564,95237953,8,4a7cc1be,0,False,9180970396,0,813,45,0,2179792896,True,.nii.gz,1,100612_00001,100612_00001
2,13742336,batch_2.zip,117,100575_00001_0000.nii.gz,False,21725572,21718968,8,0e2d2d1f,0,False,9276232014,0,813,45,0,2179792896,True,.nii.gz,1,100575_00001,100575_00001
2,13742336,batch_2.zip,118,100904_00001_0000.nii.gz,False,63113043,63624253,8,35c64f0e,0,False,9297957640,0,813,45,0,2179792896,True,.nii.gz,1,100904_00001,100904_00001
2,13742336,batch_2.zip,119,100591_00001_0000.nii.gz,False,133909490,133874118,8,04e8379d,0,False,9361070737,0,813,45,0,2179792896,True,.nii.gz,1,100591_00001,100591_00001
2,13742336,batch_2.zip,120,100556_00001_0000.nii.gz,False,23095392,23088710,8,00f364fb,0,False,9494980281,0,813,45,0,2179792896,True,.nii.gz,1,100556_00001,100556_00001
2,13742336,batch_2.zip,121,100616_00001_0000.nii.gz,False,256828163,256793769,8,aeb418b6,0,False,9518075727,0,813,45,0,2179792896,True,.nii.gz,1,100616_00001,100616_00001
2,13742336,batch_2.zip,122,101019_00001_0000.nii.gz,False,101627348,102204718,8,377d82d3,0,False,9774903944,0,813,45,0,2179792896,True,.nii.gz,1,101019_00001,101019_00001
2,13742336,batch_2.zip,123,101082_00001_0000.nii.gz,False,52548013,52949766,8,2db3360e,0,False,9876531346,0,813,45,0,2179792896,True,.nii.gz,1,101082_00001,101082_00001
2,13742336,batch_2.zip,124,100680_00001_0000.nii.gz,False,50902502,50887314,8,d1683c37,0,False,9929079413,0,813,45,0,2179792896,True,.nii.gz,1,100680_00001,100680_00001
2,13742336,batch_2.zip,125,100797_00001_0000.nii.gz,False,56411263,56394581,8,b16bac5a,0,False,9979981969,0,813,45,0,2179792896,True,.nii.gz,1,100797_00001,100797_00001
2,13742336,batch_2.zip,126,101108_00001_0000.nii.gz,False,53508028,53491776,8,5bcecec6,0,False,10036393286,0,813,45,0,2179792896,True,.nii.gz,1,101108_00001,101108_00001
2,13742336,batch_2.zip,127,100670_00001_0000.nii.gz,False,57904850,58307035,8,98e15313,0,False,10089901368,0,813,45,0,2179792896,True,.nii.gz,1,100670_00001,100670_00001
2,13742336,batch_2.zip,128,100986_00001_0000.nii.gz,False,53582368,54937725,8,8f392ae0,0,False,10147806272,0,813,45,0,2179792896,True,.nii.gz,1,100986_00001,100986_00001
2,13742336,batch_2.zip,129,100985_00001_0000.nii.gz,False,91075263,91052176,8,ababa714,0,False,10201388694,0,813,45,0,2179792896,True,.nii.gz,1,100985_00001,100985_00001
2,13742336,batch_2.zip,130,100767_00001_0000.nii.gz,False,322449928,324085828,8,2305fc5c,0,False,10292464011,0,813,45,0,2179792896,True,.nii.gz,1,100767_00001,100767_00001
2,13742336,batch_2.zip,131,100715_00001_0000.nii.gz,False,142841601,143849337,8,12d7af1e,0,False,10614913993,0,813,45,0,2179792896,True,.nii.gz,1,100715_00001,100715_00001
2,13742336,batch_2.zip,132,100683_00001_0000.nii.gz,False,47940191,47925951,8,8682b2df,0,False,10757755648,0,813,45,0,2179792896,True,.nii.gz,1,100683_00001,100683_00001
2,13742336,batch_2.zip,133,100597_00001_0000.nii.gz,False,101081561,101051795,8,86267e9f,0,False,10805695893,0,813,45,0,2179792896,True,.nii.gz,1,100597_00001,100597_00001
2,13742336,batch_2.zip,134,101065_00001_0000.nii.gz,False,133092016,133053105,8,2381e281,0,False,10906777508,0,813,45,0,2179792896,True,.nii.gz,1,101065_00001,101065_00001
2,13742336,batch_2.zip,135,100658_00001_0000.nii.gz,False,40771468,41081179,8,d3bab299,0,False,11039869578,0,813,45,0,2179792896,True,.nii.gz,1,100658_00001,100658_00001
2,13742336,batch_2.zip,136,100674_00001_0000.nii.gz,False,127486941,127454963,8,84d486ac,0,False,11080641100,0,813,45,0,2179792896,True,.nii.gz,1,100674_00001,100674_00001
2,13742336,batch_2.zip,137,101016_00001_0000.nii.gz,False,251266505,251250870,8,77f8e864,0,False,11208128095,0,813,45,0,2179792896,True,.nii.gz,1,101016_00001,101016_00001
2,13742336,batch_2.zip,138,101020_00001_0000.nii.gz,False,58818039,59124069,8,89d1facd,0,False,11459394654,0,813,45,0,2179792896,True,.nii.gz,1,101020_00001,101020_00001
2,13742336,batch_2.zip,139,100995_00001_0000.nii.gz,False,31016490,31191958,8,442e5196,0,False,11518212747,0,813,45,0,2179792896,True,.nii.gz,1,100995_00001,100995_00001
2,13742336,batch_2.zip,140,100710_00001_0000.nii.gz,False,27233609,27225392,8,ad5d6736,0,False,11549229291,0,813,45,0,2179792896,True,.nii.gz,1,100710_00001,100710_00001
2,13742336,batch_2.zip,141,101028_00001_0000.nii.gz,False,90341698,90318180,8,57f4fe1f,0,False,11576462954,0,813,45,0,2179792896,True,.nii.gz,1,101028_00001,101028_00001
2,13742336,batch_2.zip,142,100714_00001_0000.nii.gz,False,80049138,80487801,8,f00ec687,0,False,11666804706,0,813,45,0,2179792896,True,.nii.gz,1,100714_00001,100714_00001
2,13742336,batch_2.zip,143,100555_00001_0000.nii.gz,False,96717104,97205427,8,61e14da0,0,False,11746853898,0,813,45,0,2179792896,True,.nii.gz,1,100555_00001,100555_00001
2,13742336,batch_2.zip,144,101001_00001_0000.nii.gz,False,50026019,50014203,8,d1eb2883,0,False,11843571056,0,813,45,0,2179792896,True,.nii.gz,1,101001_00001,101001_00001
2,13742336,batch_2.zip,145,100579_00001_0000.nii.gz,False,78847409,78847093,8,5ce044d2,0,False,11893597129,0,813,45,0,2179792896,True,.nii.gz,1,100579_00001,100579_00001
2,13742336,batch_2.zip,146,101099_00001_0000.nii.gz,False,60731747,61018884,8,4c32f763,0,False,11972444592,0,813,45,0,2179792896,True,.nii.gz,1,101099_00001,101099_00001
2,13742336,batch_2.zip,147,101018_00001_0000.nii.gz,False,57019404,57005286,8,3450f5ff,0,False,12033176393,0,813,45,0,2179792896,True,.nii.gz,1,101018_00001,101018_00001
2,13742336,batch_2.zip,148,100918_00001_0000.nii.gz,False,95581616,95553319,8,c5e99df4,0,False,12090195851,0,813,45,0,2179792896,True,.nii.gz,1,100918_00001,100918_00001
2,13742336,batch_2.zip,149,100764_00001_0000.nii.gz,False,90021932,89998526,8,592009d0,0,False,12185777521,0,813,45,0,2179792896,True,.nii.gz,1,100764_00001,100764_00001
2,13742336,batch_2.zip,150,100582_00001_0000.nii.gz,False,91408050,91388509,8,ce8a593b,0,False,12275799507,0,813,45,0,2179792896,True,.nii.gz,1,100582_00001,100582_00001
2,13742336,batch_2.zip,151,100838_00001_0000.nii.gz,False,31470228,31460804,8,389fd150,0,False,12367207611,0,813,45,0,2179792896,True,.nii.gz,1,100838_00001,100838_00001
2,13742336,batch_2.zip,152,101094_00001_0000.nii.gz,False,28390869,28552407,8,63c9cce0,0,False,12398677893,0,813,45,0,2179792896,True,.nii.gz,1,101094_00001,101094_00001
2,13742336,batch_2.zip,153,100668_00001_0000.nii.gz,False,290656284,290576018,8,fd82fec7,0,False,12427068816,0,813,45,0,2179792896,True,.nii.gz,1,100668_00001,100668_00001
2,13742336,batch_2.zip,154,101101_00001_0000.nii.gz,False,224742325,224733758,8,87d73f6d,0,False,12717725154,0,813,45,0,2179792896,True,.nii.gz,1,101101_00001,101101_00001
2,13742336,batch_2.zip,155,100694_00001_0000.nii.gz,False,87744753,87724605,8,ac46dda6,0,False,12942467533,0,813,45,0,2179792896,True,.nii.gz,1,100694_00001,100694_00001
2,13742336,batch_2.zip,156,100661_00001_0000.nii.gz,False,100975223,100948170,8,1780f9cf,0,False,13030212340,0,813,45,0,2179792896,True,.nii.gz,1,100661_00001,100661_00001
2,13742336,batch_2.zip,157,100806_00001_0000.nii.gz,False,54447869,54467094,8,396c9a22,0,False,13131187617,0,813,45,0,2179792896,True,.nii.gz,1,100806_00001,100806_00001
2,13742336,batch_2.zip,158,101006_00001_0000.nii.gz,False,89158470,89134060,8,701631e6,0,False,13185635540,0,813,45,0,2179792896,True,.nii.gz,1,101006_00001,101006_00001
2,13742336,batch_2.zip,159,100879_00001_0000.nii.gz,False,65583073,65563260,8,76f8a2b1,0,False,13274794064,0,813,45,0,2179792896,True,.nii.gz,1,100879_00001,100879_00001
2,13742336,batch_2.zip,160,101000_00001_0000.nii.gz,False,24859561,24987121,8,53c98178,0,False,13340377191,0,813,45,0,2179792896,True,.nii.gz,1,101000_00001,101000_00001
2,13742336,batch_2.zip,161,100709_00001_0000.nii.gz,False,169358718,169338839,8,201f8702,0,False,13365236806,0,813,45,0,2179792896,True,.nii.gz,1,100709_00001,100709_00001
2,13742336,batch_2.zip,162,100653_00001_0000.nii.gz,False,90639660,90612082,8,a57134f6,0,False,13534595578,0,813,45,0,2179792896,True,.nii.gz,1,100653_00001,100653_00001
2,13742336,batch_2.zip,163,100654_00001_0000.nii.gz,False,90725425,90700816,8,733c70b5,0,False,13625235292,0,813,45,0,2179792896,True,.nii.gz,1,100654_00001,100654_00001
2,13742336,batch_2.zip,164,100830_00001_0000.nii.gz,False,28613209,28604760,8,93a790aa,0,False,13715960771,0,813,45,0,2179792896,True,.nii.gz,1,100830_00001,100830_00001
2,13742336,batch_2.zip,165,100978_00001_0000.nii.gz,False,71691739,71670562,8,422792d4,0,False,13744574034,0,813,45,0,2179792896,True,.nii.gz,1,100978_00001,100978_00001
2,13742336,batch_2.zip,166,100641_00001_0000.nii.gz,False,88194669,88173987,8,9b3355c6,0,False,13816265827,0,813,45,0,2179792896,True,.nii.gz,1,100641_00001,100641_00001
2,13742336,batch_2.zip,167,101027_00001_0000.nii.gz,False,78019653,77996706,8,bc454173,0,False,13904460550,0,813,45,0,2179792896,True,.nii.gz,1,101027_00001,101027_00001
2,13742336,batch_2.zip,168,100675_00001_0000.nii.gz,False,54162174,54147932,8,74d5ae22,0,False,13982480257,0,813,45,0,2179792896,True,.nii.gz,1,100675_00001,100675_00001
2,13742336,batch_2.zip,169,100891_00001_0000.nii.gz,False,222975944,222910918,8,f5e3c2a5,0,False,14036642485,0,813,45,0,2179792896,True,.nii.gz,1,100891_00001,100891_00001
2,13742336,batch_2.zip,170,101100_00001_0000.nii.gz,False,88783229,88757846,8,a09d151c,0,False,14259618483,0,813,45,0,2179792896,True,.nii.gz,1,101100_00001,101100_00001
2,13742336,batch_2.zip,171,100632_00001_0000.nii.gz,False,24940237,24933087,8,e99428ba,0,False,14348401766,0,813,45,0,2179792896,True,.nii.gz,1,100632_00001,100632_00001
2,13742336,batch_2.zip,172,100921_00001_0000.nii.gz,False,39473678,39461991,8,ee87296d,0,False,14373342057,0,813,45,0,2179792896,True,.nii.gz,1,100921_00001,100921_00001
2,13742336,batch_2.zip,173,100698_00001_0000.nii.gz,False,55858078,57262275,8,4e39cd5b,0,False,14412815789,0,813,45,0,2179792896,True,.nii.gz,1,100698_00001,100698_00001
2,13742336,batch_2.zip,174,100803_00001_0000.nii.gz,False,35388118,35377496,8,6fbb2fa8,0,False,14468673921,0,813,45,0,2179792896,True,.nii.gz,1,100803_00001,100803_00001
2,13742336,batch_2.zip,175,100821_00001_0000.nii.gz,False,126021607,125985079,8,c417e0f5,0,False,14504062093,0,813,45,0,2179792896,True,.nii.gz,1,100821_00001,100821_00001
2,13742336,batch_2.zip,176,100826_00001_0000.nii.gz,False,31449976,32325802,8,ff78e6f3,0,False,14630083754,0,813,45,0,2179792896,True,.nii.gz,1,100826_00001,100826_00001
2,13742336,batch_2.zip,177,100928_00001_0000.nii.gz,False,52900293,52885673,8,2cd85a70,0,False,14661533784,0,813,45,0,2179792896,True,.nii.gz,1,100928_00001,100928_00001
2,13742336,batch_2.zip,178,100766_00001_0000.nii.gz,False,66148193,66130109,8,c00da2db,0,False,14714434131,0,813,45,0,2179792896,True,.nii.gz,1,100766_00001,100766_00001
2,13742336,batch_2.zip,179,100940_00001_0000.nii.gz,False,82564518,82542195,8,4f3e9067,0,False,14780582378,0,813,45,0,2179792896,True,.nii.gz,1,100940_00001,100940_00001
2,13742336,batch_2.zip,180,100749_00001_0000.nii.gz,False,72186244,72165024,8,79dc09cd,0,False,14863146950,0,813,45,0,2179792896,True,.nii.gz,1,100749_00001,100749_00001
2,13742336,batch_2.zip,181,100655_00001_0000.nii.gz,False,46108801,46447563,8,c30a8167,0,False,14935333248,0,813,45,0,2179792896,True,.nii.gz,1,100655_00001,100655_00001
2,13742336,batch_2.zip,182,100610_00001_0000.nii.gz,False,40359890,40347660,8,8e624240,0,False,14981442103,0,813,45,0,2179792896,True,.nii.gz,1,100610_00001,100610_00001
2,13742336,batch_2.zip,183,100845_00001_0000.nii.gz,False,41905425,41895442,8,d1301c5c,0,False,15021802047,0,813,45,0,2179792896,True,.nii.gz,1,100845_00001,100845_00001
2,13742336,batch_2.zip,184,100791_00001_0000.nii.gz,False,138108032,138071729,8,19a0a555,0,False,15063707526,0,813,45,0,2179792896,True,.nii.gz,1,100791_00001,100791_00001
2,13742336,batch_2.zip,185,101075_00001_0000.nii.gz,False,54641809,54625290,8,5571bfb4,0,False,15201815612,0,813,45,0,2179792896,True,.nii.gz,1,101075_00001,101075_00001
2,13742336,batch_2.zip,186,101091_00001_0000.nii.gz,False,78620424,79114215,8,ca155ecb,0,False,15256457475,0,813,45,0,2179792896,True,.nii.gz,1,101091_00001,101091_00001
2,13742336,batch_2.zip,187,100913_00001_0000.nii.gz,False,15474748,15568352,8,6cef9e82,0,False,15335077953,0,813,45,0,2179792896,True,.nii.gz,1,100913_00001,100913_00001
2,13742336,batch_2.zip,188,100815_00001_0000.nii.gz,False,153486537,153439951,8,0d9eb925,0,False,15350552755,0,813,45,0,2179792896,True,.nii.gz,1,100815_00001,100815_00001
2,13742336,batch_2.zip,189,100937_00001_0000.nii.gz,False,162994547,162963419,8,2e59ed1b,0,False,15504039346,0,813,45,0,2179792896,True,.nii.gz,1,100937_00001,100937_00001
2,13742336,batch_2.zip,190,100935_00001_0000.nii.gz,False,64292063,64297097,8,d9a6a5a4,0,False,15667033947,0,813,45,0,2179792896,True,.nii.gz,1,100935_00001,100935_00001
2,13742336,batch_2.zip,191,100897_00001_0000.nii.gz,False,86185736,86166363,8,75875c7a,0,False,15731326064,0,813,45,0,2179792896,True,.nii.gz,1,100897_00001,100897_00001
2,13742336,batch_2.zip,192,100734_00001_0000.nii.gz,False,13854228,13850237,8,91818da3,0,False,15817511854,0,813,45,0,2179792896,True,.nii.gz,1,100734_00001,100734_00001
2,13742336,batch_2.zip,193,101074_00001_0000.nii.gz,False,279124172,280414983,8,fcc7a6ea,0,False,15831366136,0,813,45,0,2179792896,True,.nii.gz,1,101074_00001,101074_00001
2,13742336,batch_2.zip,194,100772_00001_0000.nii.gz,False,271074825,272433371,8,4f8bcbee,0,False,16110490362,0,813,45,0,2179792896,True,.nii.gz,1,100772_00001,100772_00001
2,13742336,batch_2.zip,195,101067_00001_0000.nii.gz,False,83574769,83560396,8,8444d0ff,0,False,16381565241,0,813,45,0,2179792896,True,.nii.gz,1,101067_00001,101067_00001
2,13742336,batch_2.zip,196,100798_00001_0000.nii.gz,False,105044671,105017674,8,c57c3bb4,0,False,16465140064,0,813,45,0,2179792896,True,.nii.gz,1,100798_00001,100798_00001
2,13742336,batch_2.zip,197,100656_00001_0000.nii.gz,False,29833817,29825008,8,21f110cb,0,False,16570184789,0,813,45,0,2179792896,True,.nii.gz,1,100656_00001,100656_00001
2,13742336,batch_2.zip,198,100748_00001_0000.nii.gz,False,39391765,39379838,8,2348f105,0,False,16600018660,0,813,45,0,2179792896,True,.nii.gz,1,100748_00001,100748_00001
2,13742336,batch_2.zip,199,100961_00001_0000.nii.gz,False,29924895,29945137,8,b385ed35,0,False,16639410479,0,813,45,0,2179792896,True,.nii.gz,1,100961_00001,100961_00001
2,13742336,batch_2.zip,200,100587_00001_0000.nii.gz,False,60715933,60697612,8,c6bdb918,0,False,16669335428,0,813,45,0,2179792896,True,.nii.gz,1,100587_00001,100587_00001
2,13742336,batch_2.zip,201,100593_00001_0000.nii.gz,False,80030507,80012122,8,8975500f,0,False,16730051415,0,813,45,0,2179792896,True,.nii.gz,1,100593_00001,100593_00001
2,13742336,batch_2.zip,202,100924_00001_0000.nii.gz,False,22986210,23136347,8,081781df,0,False,16810081976,0,813,45,0,2179792896,True,.nii.gz,1,100924_00001,100924_00001
2,13742336,batch_2.zip,203,100728_00001_0000.nii.gz,False,78524123,78929175,8,da9798f3,0,False,16833068240,0,813,45,0,2179792896,True,.nii.gz,1,100728_00001,100728_00001
2,13742336,batch_2.zip,204,101054_00001_0000.nii.gz,False,41630787,41618210,8,29d6969b,0,False,16911592417,0,813,45,0,2179792896,True,.nii.gz,1,101054_00001,101054_00001
2,13742336,batch_2.zip,205,100877_00001_0000.nii.gz,False,32978664,32969216,8,241e4afe,0,False,16953223258,0,813,45,0,2179792896,True,.nii.gz,1,100877_00001,100877_00001
2,13742336,batch_2.zip,206,100811_00001_0000.nii.gz,False,107574171,107544046,8,90ead08e,0,False,16986201976,0,813,45,0,2179792896,True,.nii.gz,1,100811_00001,100811_00001
2,13742336,batch_2.zip,207,100702_00001_0000.nii.gz,False,53483104,53467873,8,2f559ca3,0,False,17093776201,0,813,45,0,2179792896,True,.nii.gz,1,100702_00001,100702_00001
2,13742336,batch_2.zip,208,100926_00001_0000.nii.gz,False,75389972,75863683,8,9eb06b5a,0,False,17147259359,0,813,45,0,2179792896,True,.nii.gz,1,100926_00001,100926_00001
2,13742336,batch_2.zip,209,100563_00001_0000.nii.gz,False,171840202,171791817,8,924126d3,0,False,17222649385,0,813,45,0,2179792896,True,.nii.gz,1,100563_00001,100563_00001
2,13742336,batch_2.zip,210,100892_00001_0000.nii.gz,False,88935170,89496791,8,9c22393c,0,False,17394489641,0,813,45,0,2179792896,True,.nii.gz,1,100892_00001,100892_00001
2,13742336,batch_2.zip,211,101106_00001_0000.nii.gz,False,121229302,121194097,8,c82e64dc,0,False,17483424865,0,813,45,0,2179792896,True,.nii.gz,1,101106_00001,101106_00001
2,13742336,batch_2.zip,212,100880_00001_0000.nii.gz,False,80311673,80291776,8,76de8538,0,False,17604654221,0,813,45,0,2179792896,True,.nii.gz,1,100880_00001,100880_00001
2,13742336,batch_2.zip,213,100778_00001_0000.nii.gz,False,292752918,294151404,8,7690962e,0,False,17684965948,0,813,45,0,2179792896,True,.nii.gz,1,100778_00001,100778_00001
2,13742336,batch_2.zip,214,100682_00001_0000.nii.gz,False,219207295,224286333,8,ef84b154,0,False,17977718920,0,813,45,0,2179792896,True,.nii.gz,1,100682_00001,100682_00001
2,13742336,batch_2.zip,215,100870_00001_0000.nii.gz,False,39805480,39793401,8,673a5ea6,0,False,18196926269,0,813,45,0,2179792896,True,.nii.gz,1,100870_00001,100870_00001
2,13742336,batch_2.zip,216,100850_00001_0000.nii.gz,False,162973422,163830872,8,6b059c05,0,False,18236731803,0,813,45,0,2179792896,True,.nii.gz,1,100850_00001,100850_00001
2,13742336,batch_2.zip,217,100969_00001_0000.nii.gz,False,176663124,181055298,8,f703e5db,0,False,18399705279,0,813,45,0,2179792896,True,.nii.gz,1,100969_00001,100969_00001
2,13742336,batch_2.zip,218,100851_00001_0000.nii.gz,False,93216021,93191367,8,9d7b39a5,0,False,18576368457,0,813,45,0,2179792896,True,.nii.gz,1,100851_00001,100851_00001
2,13742336,batch_2.zip,219,100942_00001_0000.nii.gz,False,92758768,92731591,8,981ec039,0,False,18669584532,0,813,45,0,2179792896,True,.nii.gz,1,100942_00001,100942_00001
2,13742336,batch_2.zip,220,100561_00001_0000.nii.gz,False,39919533,39908185,8,59b7f68c,0,False,18762343354,0,813,45,0,2179792896,True,.nii.gz,1,100561_00001,100561_00001
2,13742336,batch_2.zip,221,100718_00001_0000.nii.gz,False,49753266,49740898,8,b6e9fc27,0,False,18802262941,0,813,45,0,2179792896,True,.nii.gz,1,100718_00001,100718_00001
2,13742336,batch_2.zip,222,100957_00001_0000.nii.gz,False,55375083,55359325,8,1bdbf8ed,0,False,18852016261,0,813,45,0,2179792896,True,.nii.gz,1,100957_00001,100957_00001
2,13742336,batch_2.zip,223,100581_00001_0000.nii.gz,False,134492121,134455666,8,762fb2c1,0,False,18907391398,0,813,45,0,2179792896,True,.nii.gz,1,100581_00001,100581_00001
2,13742336,batch_2.zip,224,101032_00001_0000.nii.gz,False,47334732,47323742,8,c09a0811,0,False,19041883573,0,813,45,0,2179792896,True,.nii.gz,1,101032_00001,101032_00001
2,13742336,batch_2.zip,225,101022_00001_0000.nii.gz,False,97725317,97700941,8,21855cd1,0,False,19089218359,0,813,45,0,2179792896,True,.nii.gz,1,101022_00001,101022_00001
2,13742336,batch_2.zip,226,101042_00001_0000.nii.gz,False,38404075,38392708,8,c5aba37f,0,False,19186943730,0,813,45,0,2179792896,True,.nii.gz,1,101042_00001,101042_00001
2,13742336,batch_2.zip,227,100569_00001_0000.nii.gz,False,40002554,39990375,8,cd8b8f0e,0,False,19225347859,0,813,45,0,2179792896,True,.nii.gz,1,100569_00001,100569_00001
2,13742336,batch_2.zip,228,100603_00001_0000.nii.gz,False,87877664,87856520,8,8bc869aa,0,False,19265350467,0,813,45,0,2179792896,True,.nii.gz,1,100603_00001,100603_00001
2,13742336,batch_2.zip,229,101110_00001_0000.nii.gz,False,204836423,204775507,8,d4b96b65,0,False,19353228185,0,813,45,0,2179792896,True,.nii.gz,1,101110_00001,101110_00001
2,13742336,batch_2.zip,230,100590_00001_0000.nii.gz,False,86154924,86133772,8,0e101b77,0,False,19558064662,0,813,45,0,2179792896,True,.nii.gz,1,100590_00001,100590_00001
2,13742336,batch_2.zip,231,100617_00001_0000.nii.gz,False,21883683,21877437,8,41c31b15,0,False,19644219640,0,813,45,0,2179792896,True,.nii.gz,1,100617_00001,100617_00001
2,13742336,batch_2.zip,232,101096_00001_0000.nii.gz,False,97155632,97130203,8,d92e8bc4,0,False,19666103377,0,813,45,0,2179792896,True,.nii.gz,1,101096_00001,101096_00001
2,13742336,batch_2.zip,233,100657_00001_0000.nii.gz,False,56282551,56591391,8,1a17b194,0,False,19763259063,0,813,45,0,2179792896,True,.nii.gz,1,100657_00001,100657_00001
2,13742336,batch_2.zip,234,100693_00001_0000.nii.gz,False,23302098,23427750,8,26b64573,0,False,19819541668,0,813,45,0,2179792896,True,.nii.gz,1,100693_00001,100693_00001
2,13742336,batch_2.zip,235,100700_00001_0000.nii.gz,False,63332553,63313438,8,b9c6747f,0,False,19842843820,0,813,45,0,2179792896,True,.nii.gz,1,100700_00001,100700_00001
2,13742336,batch_2.zip,236,100917_00001_0000.nii.gz,False,130301758,130264005,8,e37dba6f,0,False,19906176427,0,813,45,0,2179792896,True,.nii.gz,1,100917_00001,100917_00001
2,13742336,batch_2.zip,237,101097_00001_0000.nii.gz,False,73789074,74206370,8,4561ea82,0,False,20036478239,0,813,45,0,2179792896,True,.nii.gz,1,101097_00001,101097_00001
2,13742336,batch_2.zip,238,100970_00001_0000.nii.gz,False,66086217,66068150,8,6f861b46,0,False,20110267367,0,813,45,0,2179792896,True,.nii.gz,1,100970_00001,100970_00001
2,13742336,batch_2.zip,239,101037_00001_0000.nii.gz,False,82278506,82255782,8,87c44d38,0,False,20176353638,0,813,45,0,2179792896,True,.nii.gz,1,101037_00001,101037_00001
2,13742336,batch_2.zip,240,101044_00001_0000.nii.gz,False,122069208,122704690,8,5044d1f1,0,False,20258632198,0,813,45,0,2179792896,True,.nii.gz,1,101044_00001,101044_00001
2,13742336,batch_2.zip,241,101029_00001_0000.nii.gz,False,236820346,236750399,8,30e82b60,0,False,20380701460,0,813,45,0,2179792896,True,.nii.gz,1,101029_00001,101029_00001
2,13742336,batch_2.zip,242,100868_00001_0000.nii.gz,False,54629170,54868521,8,b064559b,0,False,20617521860,0,813,45,0,2179792896,True,.nii.gz,1,100868_00001,100868_00001
2,13742336,batch_2.zip,243,100685_00001_0000.nii.gz,False,93389448,93364455,8,4f8acc05,0,False,20672151084,0,813,45,0,2179792896,True,.nii.gz,1,100685_00001,100685_00001
2,13742336,batch_2.zip,244,100847_00001_0000.nii.gz,False,270632852,272181992,8,401ab2d3,0,False,20765540586,0,813,45,0,2179792896,True,.nii.gz,1,100847_00001,100847_00001
2,13742336,batch_2.zip,245,100663_00001_0000.nii.gz,False,49894288,49880092,8,f4c4750a,0,False,21036173492,0,813,45,0,2179792896,True,.nii.gz,1,100663_00001,100663_00001
2,13742336,batch_2.zip,246,100944_00001_0000.nii.gz,False,61055831,61037752,8,9a14beaf,0,False,21086067834,0,813,45,0,2179792896,True,.nii.gz,1,100944_00001,100944_00001
2,13742336,batch_2.zip,247,100719_00001_0000.nii.gz,False,90104211,90080484,8,99d76852,0,False,21147123719,0,813,45,0,2179792896,True,.nii.gz,1,100719_00001,100719_00001
2,13742336,batch_2.zip,248,100999_00001_0000.nii.gz,False,16332809,16441431,8,e8322973,0,False,21237227984,0,813,45,0,2179792896,True,.nii.gz,1,100999_00001,100999_00001
2,13742336,batch_2.zip,249,100909_00001_0000.nii.gz,False,39482961,39471100,8,e8bc6e98,0,False,21253560847,0,813,45,0,2179792896,True,.nii.gz,1,100909_00001,100909_00001
2,13742336,batch_2.zip,250,101078_00001_0000.nii.gz,False,31669210,31840230,8,bdd1e4be,0,False,21293043862,0,813,45,0,2179792896,True,.nii.gz,1,101078_00001,101078_00001
2,13742336,batch_2.zip,251,101079_00001_0000.nii.gz,False,80685051,80663645,8,dcbd5f0f,0,False,21324713126,0,813,45,0,2179792896,True,.nii.gz,1,101079_00001,101079_00001
2,13742336,batch_2.zip,252,100608_00001_0000.nii.gz,False,73919564,74332828,8,f88f2775,0,False,21405398231,0,813,45,0,2179792896,True,.nii.gz,1,100608_00001,100608_00001
2,13742336,batch_2.zip,253,101059_00001_0000.nii.gz,False,47560300,47546060,8,d6f313a2,0,False,21479317849,0,813,45,0,2179792896,True,.nii.gz,1,101059_00001,101059_00001
2,13742336,batch_2.zip,254,101012_00001_0000.nii.gz,False,73777410,73755200,8,cf81b282,0,False,21526878203,0,813,45,0,2179792896,True,.nii.gz,1,101012_00001,101012_00001
2,13742336,batch_2.zip,255,100622_00001_0000.nii.gz,False,80522663,80501993,8,e39001fb,0,False,21600655667,0,813,45,0,2179792896,True,.nii.gz,1,100622_00001,100622_00001
2,13742336,batch_2.zip,256,100574_00001_0000.nii.gz,False,37130437,37119659,8,8a69ffcc,0,False,21681178384,0,813,45,0,2179792896,True,.nii.gz,1,100574_00001,100574_00001
2,13742336,batch_2.zip,257,100726_00001_0000.nii.gz,False,63672722,63653773,8,a4b6577d,0,False,21718308875,0,813,45,0,2179792896,True,.nii.gz,1,100726_00001,100726_00001
2,13742336,batch_2.zip,258,100973_00001_0000.nii.gz,False,153747957,153705396,8,e476473b,0,False,21781981651,0,813,45,0,2179792896,True,.nii.gz,1,100973_00001,100973_00001
2,13742336,batch_2.zip,259,101017_00001_0000.nii.gz,False,53571715,53901489,8,fa94b379,0,False,21935729662,0,813,45,0,2179792896,True,.nii.gz,1,101017_00001,101017_00001
2,13742336,batch_2.zip,260,100840_00001_0000.nii.gz,False,53753854,53737968,8,83094633,0,False,21989301431,0,813,45,0,2179792896,True,.nii.gz,1,100840_00001,100840_00001
2,13742336,batch_2.zip,261,100933_00001_0000.nii.gz,False,70537464,70934479,8,d66cdba5,0,False,22043055339,0,813,45,0,2179792896,True,.nii.gz,1,100933_00001,100933_00001
2,13742336,batch_2.zip,262,100583_00001_0000.nii.gz,False,31078222,31239606,8,2b08ba34,0,False,22113592857,0,813,45,0,2179792896,True,.nii.gz,1,100583_00001,100583_00001
2,13742336,batch_2.zip,263,100706_00001_0000.nii.gz,False,26181418,26327797,8,8ac0e83d,0,False,22144671133,0,813,45,0,2179792896,True,.nii.gz,1,100706_00001,100706_00001
2,13742336,batch_2.zip,264,100777_00001_0000.nii.gz,False,86850408,86828019,8,daaef712,0,False,22170852605,0,813,45,0,2179792896,True,.nii.gz,1,100777_00001,100777_00001
2,13742336,batch_2.zip,265,100857_00001_0000.nii.gz,False,38873817,38862404,8,07192249,0,False,22257703067,0,813,45,0,2179792896,True,.nii.gz,1,100857_00001,100857_00001
2,13742336,batch_2.zip,266,101111_00001_0000.nii.gz,False,23477903,23633708,8,280c189c,0,False,22296576938,0,813,45,0,2179792896,True,.nii.gz,1,101111_00001,101111_00001
2,13742336,batch_2.zip,267,100792_00001_0000.nii.gz,False,51342246,51735062,8,8cec8098,0,False,22320054895,0,813,45,0,2179792896,True,.nii.gz,1,100792_00001,100792_00001
2,13742336,batch_2.zip,268,101002_00001_0000.nii.gz,False,244358744,244292995,8,31a94ab6,0,False,22371397195,0,813,45,0,2179792896,True,.nii.gz,1,101002_00001,101002_00001
2,13742336,batch_2.zip,269,100650_00001_0000.nii.gz,False,76519305,76900323,8,4378f35f,0,False,22615755993,0,813,45,0,2179792896,True,.nii.gz,1,100650_00001,100650_00001
2,13742336,batch_2.zip,270,100938_00001_0000.nii.gz,False,27988690,27980193,8,f44fef61,0,False,22692275352,0,813,45,0,2179792896,True,.nii.gz,1,100938_00001,100938_00001
2,13742336,batch_2.zip,271,100860_00001_0000.nii.gz,False,28669357,28821917,8,ba796ee3,0,False,22720264096,0,813,45,0,2179792896,True,.nii.gz,1,100860_00001,100860_00001
2,13742336,batch_2.zip,272,100947_00001_0000.nii.gz,False,95568581,95542729,8,17148edc,0,False,22748933507,0,813,45,0,2179792896,True,.nii.gz,1,100947_00001,100947_00001
2,13742336,batch_2.zip,273,100790_00001_0000.nii.gz,False,73040843,73431006,8,036421ea,0,False,22844502142,0,813,45,0,2179792896,True,.nii.gz,1,100790_00001,100790_00001
2,13742336,batch_2.zip,274,101014_00001_0000.nii.gz,False,53455408,53764525,8,c0f5b92e,0,False,22917543039,0,813,45,0,2179792896,True,.nii.gz,1,101014_00001,101014_00001
2,13742336,batch_2.zip,275,100950_00001_0000.nii.gz,False,73149133,73544291,8,23c7755f,0,False,22970998501,0,813,45,0,2179792896,True,.nii.gz,1,100950_00001,100950_00001
2,13742336,batch_2.zip,276,100888_00001_0000.nii.gz,False,96584694,96558638,8,eb0079e7,0,False,23044147688,0,813,45,0,2179792896,True,.nii.gz,1,100888_00001,100888_00001
2,13742336,batch_2.zip,277,100776_00001_0000.nii.gz,False,311066041,312777216,8,54afea1e,0,False,23140732436,0,813,45,0,2179792896,True,.nii.gz,1,100776_00001,100776_00001
2,13742336,batch_2.zip,278,100788_00001_0000.nii.gz,False,66711004,66691154,8,c022ec54,0,False,23451798531,0,813,45,0,2179792896,True,.nii.gz,1,100788_00001,100788_00001
2,13742336,batch_2.zip,279,100673_00001_0000.nii.gz,False,32253777,32463014,8,33124580,0,False,23518509589,0,813,45,0,2179792896,True,.nii.gz,1,100673_00001,100673_00001
2,13742336,batch_2.zip,280,100754_00001_0000.nii.gz,False,89830638,89806838,8,2f978066,0,False,23550763420,0,813,45,0,2179792896,True,.nii.gz,1,100754_00001,100754_00001
2,13742336,batch_2.zip,281,100649_00001_0000.nii.gz,False,97972365,98492408,8,74026886,0,False,23640594112,0,813,45,0,2179792896,True,.nii.gz,1,100649_00001,100649_00001
2,13742336,batch_2.zip,282,100981_00001_0000.nii.gz,False,86133676,86107867,8,6e07cf99,0,False,23738566531,0,813,45,0,2179792896,True,.nii.gz,1,100981_00001,100981_00001
2,13742336,batch_2.zip,283,100916_00001_0000.nii.gz,False,54058546,54438900,8,a4bbf5fd,0,False,23824700261,0,813,45,0,2179792896,True,.nii.gz,1,100916_00001,100916_00001
2,13742336,batch_2.zip,284,100959_00001_0000.nii.gz,False,98536894,98507411,8,eda6edf9,0,False,23878758861,0,813,45,0,2179792896,True,.nii.gz,1,100959_00001,100959_00001
2,13742336,batch_2.zip,285,100577_00001_0000.nii.gz,False,60384229,60365870,8,727cc9c5,0,False,23977295809,0,813,45,0,2179792896,True,.nii.gz,1,100577_00001,100577_00001
2,13742336,batch_2.zip,286,101043_00001_0000.nii.gz,False,48006611,49247873,8,50e4d1a1,0,False,24037680092,0,813,45,0,2179792896,True,.nii.gz,1,101043_00001,101043_00001
2,13742336,batch_2.zip,287,100721_00001_0000.nii.gz,False,121158857,121122923,8,f3c9fa30,0,False,24085686757,0,813,45,0,2179792896,True,.nii.gz,1,100721_00001,100721_00001
2,13742336,batch_2.zip,288,100971_00001_0000.nii.gz,False,63094436,63441422,8,efe3bea2,0,False,24206845668,0,813,45,0,2179792896,True,.nii.gz,1,100971_00001,100971_00001
2,13742336,batch_2.zip,289,100765_00001_0000.nii.gz,False,81622925,81603304,8,b7a30649,0,False,24269940158,0,813,45,0,2179792896,True,.nii.gz,1,100765_00001,100765_00001
2,13742336,batch_2.zip,290,100962_00001_0000.nii.gz,False,68617670,68602817,8,3de24342,0,False,24351563137,0,813,45,0,2179792896,True,.nii.gz,1,100962_00001,100962_00001
2,13742336,batch_2.zip,291,101030_00001_0000.nii.gz,False,67707183,67691238,8,ab332c56,0,False,24420180861,0,813,45,0,2179792896,True,.nii.gz,1,101030_00001,101030_00001
2,13742336,batch_2.zip,292,100560_00001_0000.nii.gz,False,231584776,232736246,8,933f0595,0,False,24487888098,0,813,45,0,2179792896,True,.nii.gz,1,100560_00001,100560_00001
2,13742336,batch_2.zip,293,100983_00001_0000.nii.gz,False,120969387,120938592,8,593bf225,0,False,24719472928,0,813,45,0,2179792896,True,.nii.gz,1,100983_00001,100983_00001
2,13742336,batch_2.zip,294,100804_00001_0000.nii.gz,False,62809788,62791530,8,aa7d9572,0,False,24840442369,0,813,45,0,2179792896,True,.nii.gz,1,100804_00001,100804_00001
2,13742336,batch_2.zip,295,100631_00001_0000.nii.gz,False,241748296,241682183,8,e1026278,0,False,24903252211,0,813,45,0,2179792896,True,.nii.gz,1,100631_00001,100631_00001
2,13742336,batch_2.zip,296,100911_00001_0000.nii.gz,False,287342473,288341571,8,62e7ee1c,0,False,25145000561,0,813,45,0,2179792896,True,.nii.gz,1,100911_00001,100911_00001
2,13742336,batch_2.zip,297,100779_00001_0000.nii.gz,False,40314731,40302967,8,f55e19c8,0,False,25432343088,0,813,45,0,2179792896,True,.nii.gz,1,100779_00001,100779_00001
2,13742336,batch_2.zip,298,100819_00001_0000.nii.gz,False,90963336,90939643,8,f985d9ea,0,False,25472657873,0,813,45,0,2179792896,True,.nii.gz,1,100819_00001,100819_00001
2,13742336,batch_2.zip,299,100958_00001_0000.nii.gz,False,71437075,71816241,8,3d62bdef,0,False,25563621263,0,813,45,0,2179792896,True,.nii.gz,1,100958_00001,100958_00001
2,13742336,batch_2.zip,300,101095_00001_0000.nii.gz,False,87476596,87454363,8,5d2910c9,0,False,25635058392,0,813,45,0,2179792896,True,.nii.gz,1,101095_00001,101095_00001
2,13742336,batch_2.zip,301,100843_00001_0000.nii.gz,False,68598313,68618625,8,eaeb9060,0,False,25722535042,0,813,45,0,2179792896,True,.nii.gz,1,100843_00001,100843_00001
2,13742336,batch_2.zip,302,100822_00001_0000.nii.gz,False,234788227,234717398,8,774cdc1c,0,False,25791133409,0,813,45,0,2179792896,True,.nii.gz,1,100822_00001,100822_00001
2,13742336,batch_2.zip,303,100730_00001_0000.nii.gz,False,177794073,177740084,8,b3eab70d,0,False,26025921690,0,813,45,0,2179792896,True,.nii.gz,1,100730_00001,100730_00001
2,13742336,batch_2.zip,304,100954_00001_0000.nii.gz,False,72390336,72368445,8,ad5a9e93,0,False,26203715817,0,813,45,0,2179792896,True,.nii.gz,1,100954_00001,100954_00001
2,13742336,batch_2.zip,305,100601_00001_0000.nii.gz,False,39503508,39743382,8,0d73617b,0,False,26276106207,0,813,45,0,2179792896,True,.nii.gz,1,100601_00001,100601_00001
2,13742336,batch_2.zip,306,100596_00001_0000.nii.gz,False,233009694,234235863,8,19582736,0,False,26315609769,0,813,45,0,2179792896,True,.nii.gz,1,100596_00001,100596_00001
2,13742336,batch_2.zip,307,101015_00001_0000.nii.gz,False,58975609,59429721,8,bdcabbb7,0,False,26548619517,0,813,45,0,2179792896,True,.nii.gz,1,101015_00001,101015_00001
2,13742336,batch_2.zip,308,100568_00001_0000.nii.gz,False,61112262,61094577,8,bf4b393c,0,False,26607595180,0,813,45,0,2179792896,True,.nii.gz,1,100568_00001,100568_00001
2,13742336,batch_2.zip,309,100987_00001_0000.nii.gz,False,55466988,56691452,8,797078ef,0,False,26668707496,0,813,45,0,2179792896,True,.nii.gz,1,100987_00001,100987_00001
2,13742336,batch_2.zip,310,101010_00001_0000.nii.gz,False,52781893,52767586,8,ce1cb3da,0,False,26724174538,0,813,45,0,2179792896,True,.nii.gz,1,101010_00001,101010_00001
2,13742336,batch_2.zip,311,100974_00001_0000.nii.gz,False,47509133,47817821,8,9ace0060,0,False,26776956485,0,813,45,0,2179792896,True,.nii.gz,1,100974_00001,100974_00001
2,13742336,batch_2.zip,312,100941_00001_0000.nii.gz,False,52112555,52390142,8,0c960f3c,0,False,26824465672,0,813,45,0,2179792896,True,.nii.gz,1,100941_00001,100941_00001
2,13742336,batch_2.zip,313,100727_00001_0000.nii.gz,False,26519502,26677429,8,b045a481,0,False,26876578281,0,813,45,0,2179792896,True,.nii.gz,1,100727_00001,100727_00001
2,13742336,batch_2.zip,314,100692_00001_0000.nii.gz,False,77723021,77705691,8,f3048a78,0,False,26903097837,0,813,45,0,2179792896,True,.nii.gz,1,100692_00001,100692_00001
2,13742336,batch_2.zip,315,100705_00001_0000.nii.gz,False,95648350,95620085,8,d5ec70b4,0,False,26980820912,0,813,45,0,2179792896,True,.nii.gz,1,100705_00001,100705_00001
2,13742336,batch_2.zip,316,100814_00001_0000.nii.gz,False,38977738,39190377,8,fca835e8,0,False,27076469316,0,813,45,0,2179792896,True,.nii.gz,1,100814_00001,100814_00001
2,13742336,batch_2.zip,317,100553_00001_0000.nii.gz,False,55843252,55826449,8,e6f3ba81,0,False,27115447108,0,813,45,0,2179792896,True,.nii.gz,1,100553_00001,100553_00001
2,13742336,batch_2.zip,318,100896_00001_0000.nii.gz,False,77425490,77406991,8,64e7ae5f,0,False,27171290414,0,813,45,0,2179792896,True,.nii.gz,1,100896_00001,100896_00001
2,13742336,batch_2.zip,319,100867_00001_0000.nii.gz,False,90753401,90729716,8,7a04ea9b,0,False,27248715958,0,813,45,0,2179792896,True,.nii.gz,1,100867_00001,100867_00001
2,13742336,batch_2.zip,320,100642_00001_0000.nii.gz,False,151955196,155762753,8,979afcbb,0,False,27339469413,0,813,45,0,2179792896,True,.nii.gz,1,100642_00001,100642_00001
2,13742336,batch_2.zip,321,101064_00001_0000.nii.gz,False,24002414,24167872,8,39e49619,0,False,27491424663,0,813,45,0,2179792896,True,.nii.gz,1,101064_00001,101064_00001
2,13742336,batch_2.zip,322,100813_00001_0000.nii.gz,False,171667678,171616134,8,0103fee4,0,False,27515427131,0,813,45,0,2179792896,True,.nii.gz,1,100813_00001,100813_00001
2,13742336,batch_2.zip,323,100736_00001_0000.nii.gz,False,90633186,90612087,8,f908168a,0,False,27687094863,0,813,45,0,2179792896,True,.nii.gz,1,100736_00001,100736_00001
2,13742336,batch_2.zip,324,100763_00001_0000.nii.gz,False,78895447,78872436,8,ac363897,0,False,27777728103,0,813,45,0,2179792896,True,.nii.gz,1,100763_00001,100763_00001
2,13742336,batch_2.zip,325,100686_00001_0000.nii.gz,False,52405110,53948170,8,9bf6eb7e,0,False,27856623604,0,813,45,0,2179792896,True,.nii.gz,1,100686_00001,100686_00001
2,13742336,batch_2.zip,326,100567_00001_0000.nii.gz,False,38545075,38534336,8,b22358f7,0,False,27909028768,0,813,45,0,2179792896,True,.nii.gz,1,100567_00001,100567_00001
2,13742336,batch_2.zip,327,100664_00001_0000.nii.gz,False,24693805,24845140,8,11126833,0,False,27947573897,0,813,45,0,2179792896,True,.nii.gz,1,100664_00001,100664_00001
2,13742336,batch_2.zip,328,100744_00001_0000.nii.gz,False,78829971,78809846,8,b977cf9a,0,False,27972267756,0,813,45,0,2179792896,True,.nii.gz,1,100744_00001,100744_00001
2,13742336,batch_2.zip,329,101008_00001_0000.nii.gz,False,42062744,42052455,8,a8b1ef81,0,False,28051097781,0,813,45,0,2179792896,True,.nii.gz,1,101008_00001,101008_00001
2,13742336,batch_2.zip,330,100865_00001_0000.nii.gz,False,212832453,212771241,8,ee7ce05e,0,False,28093160579,0,813,45,0,2179792896,True,.nii.gz,1,100865_00001,100865_00001
2,13742336,batch_2.zip,331,100770_00001_0000.nii.gz,False,226093423,226028115,8,83eeaf06,0,False,28305993086,0,813,45,0,2179792896,True,.nii.gz,1,100770_00001,100770_00001
2,13742336,batch_2.zip,332,101077_00001_0000.nii.gz,False,23049783,23042808,8,60f5d568,0,False,28532086563,0,813,45,0,2179792896,True,.nii.gz,1,101077_00001,101077_00001
2,13742336,batch_2.zip,333,100982_00001_0000.nii.gz,False,97538517,97510955,8,ebdd4def,0,False,28555136400,0,813,45,0,2179792896,True,.nii.gz,1,100982_00001,100982_00001
2,13742336,batch_2.zip,334,100687_00001_0000.nii.gz,False,27407058,27569204,8,dd293482,0,False,28652674971,0,813,45,0,2179792896,True,.nii.gz,1,100687_00001,100687_00001
2,13742336,batch_2.zip,335,101051_00001_0000.nii.gz,False,65395940,65377319,8,47a65c7b,0,False,28680082083,0,813,45,0,2179792896,True,.nii.gz,1,101051_00001,101051_00001
2,13742336,batch_2.zip,336,100732_00001_0000.nii.gz,False,44692798,44975988,8,974f1495,0,False,28745478077,0,813,45,0,2179792896,True,.nii.gz,1,100732_00001,100732_00001
2,13742336,batch_2.zip,337,100866_00001_0000.nii.gz,False,52702907,52687489,8,eb0c5216,0,False,28790170929,0,813,45,0,2179792896,True,.nii.gz,1,100866_00001,100866_00001
2,13742336,batch_2.zip,338,100740_00001_0000.nii.gz,False,46886095,46877109,8,684994d1,0,False,28842873890,0,813,45,0,2179792896,True,.nii.gz,1,100740_00001,100740_00001
2,13742336,batch_2.zip,339,100855_00001_0000.nii.gz,False,24240538,24406276,8,99a0780b,0,False,28889760039,0,813,45,0,2179792896,True,.nii.gz,1,100855_00001,100855_00001
2,13742336,batch_2.zip,340,100890_00001_0000.nii.gz,False,28598054,28589427,8,72800ad8,0,False,28914000631,0,813,45,0,2179792896,True,.nii.gz,1,100890_00001,100890_00001
2,13742336,batch_2.zip,341,101003_00001_0000.nii.gz,False,109610326,109577217,8,f43f0423,0,False,28942598739,0,813,45,0,2179792896,True,.nii.gz,1,101003_00001,101003_00001
2,13742336,batch_2.zip,342,100841_00001_0000.nii.gz,False,71877365,71856211,8,c2bdd8d8,0,False,29052209119,0,813,45,0,2179792896,True,.nii.gz,1,100841_00001,100841_00001
2,13742336,batch_2.zip,343,100894_00001_0000.nii.gz,False,123938773,123904987,8,44dbca53,0,False,29124086538,0,813,45,0,2179792896,True,.nii.gz,1,100894_00001,100894_00001
2,13742336,batch_2.zip,344,100871_00001_0000.nii.gz,False,133029687,134024145,8,0acb47d9,0,False,29248025365,0,813,45,0,2179792896,True,.nii.gz,1,100871_00001,100871_00001
2,13742336,batch_2.zip,345,100998_00001_0000.nii.gz,False,61565627,61547333,8,a5febd4d,0,False,29381055106,0,813,45,0,2179792896,True,.nii.gz,1,100998_00001,100998_00001
2,13742336,batch_2.zip,346,100930_00001_0000.nii.gz,False,32699263,32867443,8,50ea93fe,0,False,29442620787,0,813,45,0,2179792896,True,.nii.gz,1,100930_00001,100930_00001
2,13742336,batch_2.zip,347,100899_00001_0000.nii.gz,False,90295121,90272400,8,f666e891,0,False,29475320104,0,813,45,0,2179792896,True,.nii.gz,1,100899_00001,100899_00001
2,13742336,batch_2.zip,348,101007_00001_0000.nii.gz,False,194670176,194677163,8,69ee0cbb,0,False,29565615279,0,813,45,0,2179792896,True,.nii.gz,1,101007_00001,101007_00001
2,13742336,batch_2.zip,349,101035_00001_0000.nii.gz,False,83434803,83412995,8,cef8dcc9,0,False,29760285509,0,813,45,0,2179792896,True,.nii.gz,1,101035_00001,101035_00001
2,13742336,batch_2.zip,350,101088_00001_0000.nii.gz,False,71165291,71147575,8,c9e0a61e,0,False,29843720366,0,813,45,0,2179792896,True,.nii.gz,1,101088_00001,101088_00001
2,13742336,batch_2.zip,351,100606_00001_0000.nii.gz,False,40221454,40209372,8,fefb85fe,0,False,29914885711,0,813,45,0,2179792896,True,.nii.gz,1,100606_00001,100606_00001
2,13742336,batch_2.zip,352,101081_00001_0000.nii.gz,False,238291012,239480449,8,47cba5dd,0,False,29955107219,0,813,45,0,2179792896,True,.nii.gz,1,101081_00001,101081_00001
2,13742336,batch_2.zip,353,100967_00001_0000.nii.gz,False,238603038,238537066,8,cae31834,0,False,30193398285,0,813,45,0,2179792896,True,.nii.gz,1,100967_00001,100967_00001
2,13742336,batch_2.zip,354,100746_00001_0000.nii.gz,False,27537835,27529822,8,f3a45113,0,False,30432001377,0,813,45,0,2179792896,True,.nii.gz,1,100746_00001,100746_00001
2,13742336,batch_2.zip,355,101092_00001_0000.nii.gz,False,116702595,117424320,8,196b979b,0,False,30459539266,0,813,45,0,2179792896,True,.nii.gz,1,101092_00001,101092_00001
2,13742336,batch_2.zip,356,100946_00001_0000.nii.gz,False,85011681,84991598,8,490eea58,0,False,30576241915,0,813,45,0,2179792896,True,.nii.gz,1,100946_00001,100946_00001
2,13742336,batch_2.zip,357,100949_00001_0000.nii.gz,False,25709288,25701951,8,e6de5063,0,False,30661253650,0,813,45,0,2179792896,True,.nii.gz,1,100949_00001,100949_00001
2,13742336,batch_2.zip,358,100629_00001_0000.nii.gz,False,29185286,29328765,8,5e9283fc,0,False,30686962992,0,813,45,0,2179792896,True,.nii.gz,1,100629_00001,100629_00001
2,13742336,batch_2.zip,359,100775_00001_0000.nii.gz,False,45810064,46109729,8,6373ff62,0,False,30716148332,0,813,45,0,2179792896,True,.nii.gz,1,100775_00001,100775_00001
2,13742336,batch_2.zip,360,100862_00001_0000.nii.gz,False,294812316,294734846,8,27e976e2,0,False,30761958450,0,813,45,0,2179792896,True,.nii.gz,1,100862_00001,100862_00001
2,13742336,batch_2.zip,361,100993_00001_0000.nii.gz,False,65336951,65317662,8,88510698,0,False,31056770820,0,813,45,0,2179792896,True,.nii.gz,1,100993_00001,100993_00001
2,13742336,batch_2.zip,362,100907_00001_0000.nii.gz,False,188224533,188174627,8,63bffa5e,0,False,31122107825,0,813,45,0,2179792896,True,.nii.gz,1,100907_00001,100907_00001
2,13742336,batch_2.zip,363,100639_00001_0000.nii.gz,False,38649610,38638255,8,8b81cbad,0,False,31310332412,0,813,45,0,2179792896,True,.nii.gz,1,100639_00001,100639_00001
2,13742336,batch_2.zip,364,100607_00001_0000.nii.gz,False,302494519,302483184,8,c850a93c,0,False,31348982076,0,813,45,0,2179792896,True,.nii.gz,1,100607_00001,100607_00001
2,13742336,batch_2.zip,365,101005_00001_0000.nii.gz,False,298523969,298444511,8,3ddca51f,0,False,31651476649,0,813,45,0,2179792896,True,.nii.gz,1,101005_00001,101005_00001
2,13742336,batch_2.zip,366,100707_00001_0000.nii.gz,False,173914475,173897667,8,cf91f906,0,False,31950000672,0,813,45,0,2179792896,True,.nii.gz,1,100707_00001,100707_00001
2,13742336,batch_2.zip,367,100703_00001_0000.nii.gz,False,55443240,56784858,8,5638c7af,0,False,32123915201,0,813,45,0,2179792896,True,.nii.gz,1,100703_00001,100703_00001
2,13742336,batch_2.zip,368,100747_00001_0000.nii.gz,False,74300268,74277839,8,4ff7b3a4,0,False,32179358495,0,813,45,0,2179792896,True,.nii.gz,1,100747_00001,100747_00001
2,13742336,batch_2.zip,369,100637_00001_0000.nii.gz,False,167886702,167837035,8,d2b2ef5f,0,False,32253658817,0,813,45,0,2179792896,True,.nii.gz,1,100637_00001,100637_00001
2,13742336,batch_2.zip,370,100750_00001_0000.nii.gz,False,97142033,99528442,8,b9423e8e,0,False,32421545573,0,813,45,0,2179792896,True,.nii.gz,1,100750_00001,100750_00001
2,13742336,batch_2.zip,371,100697_00001_0000.nii.gz,False,32796822,32789757,8,0021b317,0,False,32518687660,0,813,45,0,2179792896,True,.nii.gz,1,100697_00001,100697_00001
2,13742336,batch_2.zip,372,100564_00001_0000.nii.gz,False,201107442,201049103,8,e0b490e7,0,False,32551484536,0,813,45,0,2179792896,True,.nii.gz,1,100564_00001,100564_00001
2,13742336,batch_2.zip,373,100739_00001_0000.nii.gz,False,91879234,91854601,8,6d76a42f,0,False,32752592032,0,813,45,0,2179792896,True,.nii.gz,1,100739_00001,100739_00001
2,13742336,batch_2.zip,374,100856_00001_0000.nii.gz,False,76088987,76066197,8,51c51e2f,0,False,32844471320,0,813,45,0,2179792896,True,.nii.gz,1,100856_00001,100856_00001
2,13742336,batch_2.zip,375,100800_00001_0000.nii.gz,False,77279870,77260850,8,d19e2804,0,False,32920560361,0,813,45,0,2179792896,True,.nii.gz,1,100800_00001,100800_00001
2,13742336,batch_2.zip,376,101011_00001_0000.nii.gz,False,39205525,39193662,8,499d03d5,0,False,32997840285,0,813,45,0,2179792896,True,.nii.gz,1,101011_00001,101011_00001
2,13742336,batch_2.zip,377,101004_00001_0000.nii.gz,False,65169860,65494856,8,94fb10c5,0,False,33037045864,0,813,45,0,2179792896,True,.nii.gz,1,101004_00001,101004_00001
2,13742336,batch_2.zip,378,100784_00001_0000.nii.gz,False,47289072,48313914,8,4ec7a955,0,False,33102215778,0,813,45,0,2179792896,True,.nii.gz,1,100784_00001,100784_00001
2,13742336,batch_2.zip,379,100660_00001_0000.nii.gz,False,131127955,131093066,8,d55a3731,0,False,33149504904,0,813,45,0,2179792896,True,.nii.gz,1,100660_00001,100660_00001
2,13742336,batch_2.zip,380,100829_00001_0000.nii.gz,False,24678139,24815079,8,c7c070cf,0,False,33280632913,0,813,45,0,2179792896,True,.nii.gz,1,100829_00001,100829_00001
2,13742336,batch_2.zip,381,100696_00001_0000.nii.gz,False,28946456,29122790,8,c6d0c275,0,False,33305311106,0,813,45,0,2179792896,True,.nii.gz,1,100696_00001,100696_00001
2,13742336,batch_2.zip,382,100633_00001_0000.nii.gz,False,91334304,91309488,8,fe170a21,0,False,33334257616,0,813,45,0,2179792896,True,.nii.gz,1,100633_00001,100633_00001
2,13742336,batch_2.zip,383,100761_00001_0000.nii.gz,False,89741150,89717653,8,2b170118,0,False,33425591974,0,813,45,0,2179792896,True,.nii.gz,1,100761_00001,100761_00001
2,13742336,batch_2.zip,384,100634_00001_0000.nii.gz,False,145748213,145704745,8,8936e534,0,False,33515333178,0,813,45,0,2179792896,True,.nii.gz,1,100634_00001,100634_00001
2,13742336,batch_2.zip,385,100558_00001_0000.nii.gz,False,19445543,19540530,8,1e328ab8,0,False,33661081445,0,813,45,0,2179792896,True,.nii.gz,1,100558_00001,100558_00001
2,13742336,batch_2.zip,386,100912_00001_0000.nii.gz,False,98577304,98548969,8,29c17086,0,False,33680527042,0,813,45,0,2179792896,True,.nii.gz,1,100912_00001,100912_00001
2,13742336,batch_2.zip,387,100725_00001_0000.nii.gz,False,189926210,189918764,8,4065e3ed,0,False,33779104400,0,813,45,0,2179792896,True,.nii.gz,1,100725_00001,100725_00001
2,13742336,batch_2.zip,388,100858_00001_0000.nii.gz,False,30232349,30406244,8,e48df256,0,False,33969030664,0,813,45,0,2179792896,True,.nii.gz,1,100858_00001,100858_00001
2,13742336,batch_2.zip,389,100769_00001_0000.nii.gz,False,62004770,61987052,8,07799396,0,False,33999263067,0,813,45,0,2179792896,True,.nii.gz,1,100769_00001,100769_00001
2,13742336,batch_2.zip,390,100716_00001_0000.nii.gz,False,109972986,110667658,8,f1c9841d,0,False,34061267891,0,813,45,0,2179792896,True,.nii.gz,1,100716_00001,100716_00001
2,13742336,batch_2.zip,391,100586_00001_0000.nii.gz,False,53430652,53414495,8,5b64990d,0,False,34171240931,0,813,45,0,2179792896,True,.nii.gz,1,100586_00001,100586_00001
2,13742336,batch_2.zip,392,100552_00001_0000.nii.gz,False,107750097,107719939,8,7be1cc8a,0,False,34224671637,0,813,45,0,2179792896,True,.nii.gz,1,100552_00001,100552_00001
2,13742336,batch_2.zip,393,100789_00001_0000.nii.gz,False,88262839,88236723,8,5649bfd6,0,False,34332421788,0,813,45,0,2179792896,True,.nii.gz,1,100789_00001,100789_00001
2,13742336,batch_2.zip,394,101085_00001_0000.nii.gz,False,45221451,45208286,8,768160ca,0,False,34420684681,0,813,45,0,2179792896,True,.nii.gz,1,101085_00001,101085_00001
2,13742336,batch_2.zip,395,100966_00001_0000.nii.gz,False,57970354,58282662,8,237c9b34,0,False,34465906186,0,813,45,0,2179792896,True,.nii.gz,1,100966_00001,100966_00001
2,13742336,batch_2.zip,396,100737_00001_0000.nii.gz,False,39924448,39912333,8,b3313beb,0,False,34523876594,0,813,45,0,2179792896,True,.nii.gz,1,100737_00001,100737_00001
2,13742336,batch_2.zip,397,100976_00001_0000.nii.gz,False,25001366,25155198,8,211f004f,0,False,34563801096,0,813,45,0,2179792896,True,.nii.gz,1,100976_00001,100976_00001
2,13742336,batch_2.zip,398,100808_00001_0000.nii.gz,False,41338587,41326622,8,ac0a56e8,0,False,34588802516,0,813,45,0,2179792896,True,.nii.gz,1,100808_00001,100808_00001
2,13742336,batch_2.zip,399,100801_00001_0000.nii.gz,False,48767959,48755010,8,1f081bc1,0,False,34630141157,0,813,45,0,2179792896,True,.nii.gz,1,100801_00001,100801_00001
2,13742336,batch_2.zip,400,100646_00001_0000.nii.gz,False,27260877,27254621,8,5cbc2741,0,False,34678909170,0,813,45,0,2179792896,True,.nii.gz,1,100646_00001,100646_00001
2,13742336,batch_2.zip,401,100825_00001_0000.nii.gz,False,217274277,217208309,8,c2ac2595,0,False,34706170101,0,813,45,0,2179792896,True,.nii.gz,1,100825_00001,100825_00001
2,13742336,batch_2.zip,402,100678_00001_0000.nii.gz,False,40617294,40606893,8,54f81276,0,False,34923444432,0,813,45,0,2179792896,True,.nii.gz,1,100678_00001,100678_00001
2,13742336,batch_2.zip,403,100854_00001_0000.nii.gz,False,71259393,71237999,8,d7e723e3,0,False,34964061780,0,813,45,0,2179792896,True,.nii.gz,1,100854_00001,100854_00001
2,13742336,batch_2.zip,404,100965_00001_0000.nii.gz,False,90144840,90118484,8,0d2f1231,0,False,35035321227,0,813,45,0,2179792896,True,.nii.gz,1,100965_00001,100965_00001
2,13742336,batch_2.zip,405,100605_00001_0000.nii.gz,False,49847400,49833051,8,59e5272e,0,False,35125466121,0,813,45,0,2179792896,True,.nii.gz,1,100605_00001,100605_00001
2,13742336,batch_2.zip,406,101052_00001_0000.nii.gz,False,76541581,78258936,8,22165de6,0,False,35175313575,0,813,45,0,2179792896,True,.nii.gz,1,101052_00001,101052_00001
2,13742336,batch_2.zip,407,100613_00001_0000.nii.gz,False,45714565,45979856,8,e0b16412,0,False,35251855210,0,813,45,0,2179792896,True,.nii.gz,1,100613_00001,100613_00001
2,13742336,batch_2.zip,408,100573_00001_0000.nii.gz,False,59029566,59012410,8,17a2c14d,0,False,35297569829,0,813,45,0,2179792896,True,.nii.gz,1,100573_00001,100573_00001
2,13742336,batch_2.zip,409,100627_00001_0000.nii.gz,False,37186650,37175528,8,5872a050,0,False,35356599449,0,813,45,0,2179792896,True,.nii.gz,1,100627_00001,100627_00001
2,13742336,batch_2.zip,410,100783_00001_0000.nii.gz,False,25820430,25812662,8,15864fb2,0,False,35393786153,0,813,45,0,2179792896,True,.nii.gz,1,100783_00001,100783_00001
2,13742336,batch_2.zip,411,100817_00001_0000.nii.gz,False,47487572,47473542,8,6d37dba7,0,False,35419606637,0,813,45,0,2179792896,True,.nii.gz,1,100817_00001,100817_00001
2,13742336,batch_2.zip,412,101062_00001_0000.nii.gz,False,42590340,42892230,8,be36c442,0,False,35467094263,0,813,45,0,2179792896,True,.nii.gz,1,101062_00001,101062_00001
2,13742336,batch_2.zip,413,100837_00001_0000.nii.gz,False,233116757,234402502,8,2971ec35,0,False,35509684657,0,813,45,0,2179792896,True,.nii.gz,1,100837_00001,100837_00001
2,13742336,batch_2.zip,414,100595_00001_0000.nii.gz,False,27775877,27767461,8,e1a9b938,0,False,35742801468,0,813,45,0,2179792896,True,.nii.gz,1,100595_00001,100595_00001
2,13742336,batch_2.zip,415,100677_00001_0000.nii.gz,False,123146621,123114790,8,7edd6e7a,0,False,35770577399,0,813,45,0,2179792896,True,.nii.gz,1,100677_00001,100677_00001
2,13742336,batch_2.zip,416,100849_00001_0000.nii.gz,False,84842660,84822769,8,93d6802c,0,False,35893724074,0,813,45,0,2179792896,True,.nii.gz,1,100849_00001,100849_00001
2,13742336,batch_2.zip,417,100835_00001_0000.nii.gz,False,18135895,18130715,8,520b263c,0,False,35978566788,0,813,45,0,2179792896,True,.nii.gz,1,100835_00001,100835_00001
2,13742336,batch_2.zip,418,100636_00001_0000.nii.gz,False,260340562,266874517,8,12eda45e,0,False,35996702737,0,813,45,0,2179792896,True,.nii.gz,1,100636_00001,100636_00001
2,13742336,batch_2.zip,419,101056_00001_0000.nii.gz,False,15655874,15734954,8,e1e53ed5,0,False,36257043353,0,813,45,0,2179792896,True,.nii.gz,1,101056_00001,101056_00001
2,13742336,batch_2.zip,420,100756_00001_0000.nii.gz,False,65616581,65597461,8,0783b93e,0,False,36272699281,0,813,45,0,2179792896,True,.nii.gz,1,100756_00001,100756_00001
2,13742336,batch_2.zip,421,100923_00001_0000.nii.gz,False,87624829,87604769,8,2412b192,0,False,36338315916,0,813,45,0,2179792896,True,.nii.gz,1,100923_00001,100923_00001
2,13742336,batch_2.zip,422,100741_00001_0000.nii.gz,False,84046121,84026999,8,05389a70,0,False,36425940799,0,813,45,0,2179792896,True,.nii.gz,1,100741_00001,100741_00001
2,13742336,batch_2.zip,423,100691_00001_0000.nii.gz,False,147397605,147353839,8,75875893,0,False,36509986974,0,813,45,0,2179792896,True,.nii.gz,1,100691_00001,100691_00001
2,13742336,batch_2.zip,424,100882_00001_0000.nii.gz,False,24750654,24743361,8,97effa92,0,False,36657384633,0,813,45,0,2179792896,True,.nii.gz,1,100882_00001,100882_00001
2,13742336,batch_2.zip,425,100630_00001_0000.nii.gz,False,44917329,44905476,8,20ee1c42,0,False,36682135341,0,813,45,0,2179792896,True,.nii.gz,1,100630_00001,100630_00001
2,13742336,batch_2.zip,426,101041_00001_0000.nii.gz,False,26390719,26383491,8,3e4b8d1b,0,False,36727052724,0,813,45,0,2179792896,True,.nii.gz,1,101041_00001,101041_00001
2,13742336,batch_2.zip,427,100834_00001_0000.nii.gz,False,39275169,39263929,8,a66d118e,0,False,36753443497,0,813,45,0,2179792896,True,.nii.gz,1,100834_00001,100834_00001
2,13742336,batch_2.zip,428,100626_00001_0000.nii.gz,False,303702664,303679093,8,f0ee194b,0,False,36792718720,0,813,45,0,2179792896,True,.nii.gz,1,100626_00001,100626_00001
2,13742336,batch_2.zip,429,100956_00001_0000.nii.gz,False,204515802,204453840,8,7426586e,0,False,37096421438,0,813,45,0,2179792896,True,.nii.gz,1,100956_00001,100956_00001
2,13742336,batch_2.zip,430,100599_00001_0000.nii.gz,False,21528383,21701914,8,2b479663,0,False,37300937294,0,813,45,0,2179792896,True,.nii.gz,1,100599_00001,100599_00001
2,13742336,batch_2.zip,431,100991_00001_0000.nii.gz,False,56313550,56296938,8,998342a2,0,False,37322465731,0,813,45,0,2179792896,True,.nii.gz,1,100991_00001,100991_00001
2,13742336,batch_2.zip,432,100671_00001_0000.nii.gz,False,99332550,99309072,8,10cd073b,0,False,37378779335,0,813,45,0,2179792896,True,.nii.gz,1,100671_00001,100671_00001
2,13742336,batch_2.zip,433,100724_00001_0000.nii.gz,False,94565612,94537356,8,449d0a37,0,False,37478111939,0,813,45,0,2179792896,True,.nii.gz,1,100724_00001,100724_00001
2,13742336,batch_2.zip,434,101040_00001_0000.nii.gz,False,83878829,83857683,8,d5ac145e,0,False,37572677605,0,813,45,0,2179792896,True,.nii.gz,1,101040_00001,101040_00001
2,13742336,batch_2.zip,435,100863_00001_0000.nii.gz,False,39177456,39169968,8,e3b3a5ce,0,False,37656556488,0,813,45,0,2179792896,True,.nii.gz,1,100863_00001,100863_00001
2,13742336,batch_2.zip,436,100820_00001_0000.nii.gz,False,51957631,52207223,8,b7c9e6a6,0,False,37695733998,0,813,45,0,2179792896,True,.nii.gz,1,100820_00001,100820_00001
2,13742336,batch_2.zip,437,101048_00001_0000.nii.gz,False,43844930,44141370,8,419c68dd,0,False,37747691683,0,813,45,0,2179792896,True,.nii.gz,1,101048_00001,101048_00001
2,13742336,batch_2.zip,438,100988_00001_0000.nii.gz,False,42791640,43977793,8,8814a2cd,0,False,37791536667,0,813,45,0,2179792896,True,.nii.gz,1,100988_00001,100988_00001
2,13742336,batch_2.zip,439,100900_00001_0000.nii.gz,False,117246952,117213900,8,1013c75b,0,False,37834328361,0,813,45,0,2179792896,True,.nii.gz,1,100900_00001,100900_00001
2,13742336,batch_2.zip,440,100695_00001_0000.nii.gz,False,106039016,106009425,8,f6cc9635,0,False,37951575367,0,813,45,0,2179792896,True,.nii.gz,1,100695_00001,100695_00001
2,13742336,batch_2.zip,441,100774_00001_0000.nii.gz,False,24096769,24089560,8,77ee1663,0,False,38057614437,0,813,45,0,2179792896,True,.nii.gz,1,100774_00001,100774_00001
2,13742336,batch_2.zip,442,100793_00001_0000.nii.gz,False,13270918,13355971,8,49055ff7,0,False,38081711260,0,813,45,0,2179792896,True,.nii.gz,1,100793_00001,100793_00001
2,13742336,batch_2.zip,443,101021_00001_0000.nii.gz,False,24213455,24374330,8,9bfb63ff,0,False,38094982232,0,813,45,0,2179792896,True,.nii.gz,1,101021_00001,101021_00001
2,13742336,batch_2.zip,444,100557_00001_0000.nii.gz,False,98263281,98928200,8,aca25d10,0,False,38119195741,0,813,45,0,2179792896,True,.nii.gz,1,100557_00001,100557_00001
2,13742336,batch_2.zip,445,100831_00001_0000.nii.gz,False,63615090,63597028,8,f01292fe,0,False,38217459076,0,813,45,0,2179792896,True,.nii.gz,1,100831_00001,100831_00001
2,13742336,batch_2.zip,446,100621_00001_0000.nii.gz,False,39000562,38988937,8,26957ba4,0,False,38281074220,0,813,45,0,2179792896,True,.nii.gz,1,100621_00001,100621_00001
2,13742336,batch_2.zip,447,101039_00001_0000.nii.gz,False,65106804,65087798,8,05a6cfc9,0,False,38320074836,0,813,45,0,2179792896,True,.nii.gz,1,101039_00001,101039_00001
2,13742336,batch_2.zip,448,100794_00001_0000.nii.gz,False,49275104,49599140,8,280e74ce,0,False,38385181694,0,813,45,0,2179792896,True,.nii.gz,1,100794_00001,100794_00001
2,13742336,batch_2.zip,449,101093_00001_0000.nii.gz,False,26693537,26685481,8,4a47c9ba,0,False,38434456852,0,813,45,0,2179792896,True,.nii.gz,1,101093_00001,101093_00001
2,13742336,batch_2.zip,450,100628_00001_0000.nii.gz,False,79607031,79588047,8,15493772,0,False,38461150443,0,813,45,0,2179792896,True,.nii.gz,1,100628_00001,100628_00001
2,13742336,batch_2.zip,451,101071_00001_0000.nii.gz,False,47774159,47761158,8,bcbfad4f,0,False,38540757528,0,813,45,0,2179792896,True,.nii.gz,1,101071_00001,101071_00001
2,13742336,batch_2.zip,452,100990_00001_0000.nii.gz,False,315632498,317030109,8,05421f6c,0,False,38588531741,0,813,45,0,2179792896,True,.nii.gz,1,100990_00001,100990_00001
2,13742336,batch_2.zip,453,101038_00001_0000.nii.gz,False,37879486,38851085,8,574a5234,0,False,38904164293,0,813,45,0,2179792896,True,.nii.gz,1,101038_00001,101038_00001
2,13742336,batch_2.zip,454,101047_00001_0000.nii.gz,False,72601794,72579850,8,e58edb0a,0,False,38942043833,0,813,45,0,2179792896,True,.nii.gz,1,101047_00001,101047_00001
2,13742336,batch_2.zip,455,101086_00001_0000.nii.gz,False,31160882,31327916,8,5c924889,0,False,39014645681,0,813,45,0,2179792896,True,.nii.gz,1,101086_00001,101086_00001
2,13742336,batch_2.zip,456,100951_00001_0000.nii.gz,False,74016747,73997937,8,101e4b7e,0,False,39045806617,0,813,45,0,2179792896,True,.nii.gz,1,100951_00001,100951_00001
2,13742336,batch_2.zip,457,100889_00001_0000.nii.gz,False,68526133,68506212,8,086580a0,0,False,39119823418,0,813,45,0,2179792896,True,.nii.gz,1,100889_00001,100889_00001
2,13742336,batch_2.zip,458,100919_00001_0000.nii.gz,False,70553263,70531962,8,10aee0e7,0,False,39188349605,0,813,45,0,2179792896,True,.nii.gz,1,100919_00001,100919_00001
2,13742336,batch_2.zip,459,100895_00001_0000.nii.gz,False,90019385,89996341,8,3661f8f4,0,False,39258902922,0,813,45,0,2179792896,True,.nii.gz,1,100895_00001,100895_00001
2,13742336,batch_2.zip,460,100799_00001_0000.nii.gz,False,42103459,42400884,8,46dc6626,0,False,39348922361,0,813,45,0,2179792896,True,.nii.gz,1,100799_00001,100799_00001
2,13742336,batch_2.zip,461,100720_00001_0000.nii.gz,False,318440931,320045080,8,5a493b26,0,False,39391025874,0,813,45,0,2179792896,True,.nii.gz,1,100720_00001,100720_00001
2,13742336,batch_2.zip,462,100984_00001_0000.nii.gz,False,124204825,124167201,8,fed820f8,0,False,39709466859,0,813,45,0,2179792896,True,.nii.gz,1,100984_00001,100984_00001
2,13742336,batch_2.zip,463,100751_00001_0000.nii.gz,False,47485874,47473129,8,36c22a9c,0,False,39833671738,0,813,45,0,2179792896,True,.nii.gz,1,100751_00001,100751_00001
2,13742336,batch_2.zip,464,101057_00001_0000.nii.gz,False,142489747,142453388,8,30cdbcff,0,False,39881157666,0,813,45,0,2179792896,True,.nii.gz,1,101057_00001,101057_00001
2,13742336,batch_2.zip,465,100745_00001_0000.nii.gz,False,32691908,32865082,8,f8749760,0,False,40023647467,0,813,45,0,2179792896,True,.nii.gz,1,100745_00001,100745_00001
2,13742336,batch_2.zip,466,101069_00001_0000.nii.gz,False,50782438,50767212,8,f5246cfd,0,False,40056339429,0,813,45,0,2179792896,True,.nii.gz,1,101069_00001,101069_00001
2,13742336,batch_2.zip,467,100565_00001_0000.nii.gz,False,62920178,63271552,8,2f81b5aa,0,False,40107121921,0,813,45,0,2179792896,True,.nii.gz,1,100565_00001,100565_00001
2,13742336,batch_2.zip,468,100884_00001_0000.nii.gz,False,157803387,157756955,8,371ba6d0,0,False,40170042153,0,813,45,0,2179792896,True,.nii.gz,1,100884_00001,100884_00001
2,13742336,batch_2.zip,469,101061_00001_0000.nii.gz,False,57250664,57233573,8,069799ec,0,False,40327845594,0,813,45,0,2179792896,True,.nii.gz,1,101061_00001,101061_00001
2,13742336,batch_2.zip,470,100652_00001_0000.nii.gz,False,75343828,75815628,8,8f7d5383,0,False,40385096312,0,813,45,0,2179792896,True,.nii.gz,1,100652_00001,100652_00001
2,13742336,batch_2.zip,471,101090_00001_0000.nii.gz,False,21847468,21841130,8,8ef87538,0,False,40460440194,0,813,45,0,2179792896,True,.nii.gz,1,101090_00001,101090_00001
2,13742336,batch_2.zip,472,100807_00001_0000.nii.gz,False,88358268,88338059,8,2bc51524,0,False,40482287716,0,813,45,0,2179792896,True,.nii.gz,1,100807_00001,100807_00001
2,13742336,batch_2.zip,473,100975_00001_0000.nii.gz,False,168004103,169257675,8,defb0f47,0,False,40570646038,0,813,45,0,2179792896,True,.nii.gz,1,100975_00001,100975_00001
2,13742336,batch_2.zip,474,100780_00001_0000.nii.gz,False,451910955,451788224,8,6a19dc34,0,False,40738650195,0,813,45,0,2179792896,True,.nii.gz,1,100780_00001,100780_00001
2,13742336,batch_2.zip,475,100945_00001_0000.nii.gz,False,99211780,99184333,8,8a52ac33,0,False,41190561204,0,813,45,0,2179792896,True,.nii.gz,1,100945_00001,100945_00001
2,13742336,batch_2.zip,476,100611_00001_0000.nii.gz,False,86487641,86461718,8,4e2cdd1d,0,False,41289773038,0,813,45,0,2179792896,True,.nii.gz,1,100611_00001,100611_00001
2,13742336,batch_2.zip,477,100689_00001_0000.nii.gz,False,83362953,83339483,8,91aa6e57,0,False,41376260733,0,813,45,0,2179792896,True,.nii.gz,1,100689_00001,100689_00001
2,13742336,batch_2.zip,478,101045_00001_0000.nii.gz,False,213982379,215060523,8,43945f75,0,False,41459623740,0,813,45,0,2179792896,True,.nii.gz,1,101045_00001,101045_00001
2,13742336,batch_2.zip,479,100876_00001_0000.nii.gz,False,36423286,36413971,8,143409a5,0,False,41673606173,0,813,45,0,2179792896,True,.nii.gz,1,100876_00001,100876_00001
2,13742336,batch_2.zip,480,100549_00001_0000.nii.gz,False,90789711,90765145,8,81859c68,0,False,41710029513,0,813,45,0,2179792896,True,.nii.gz,1,100549_00001,100549_00001
2,13742336,batch_2.zip,481,100635_00001_0000.nii.gz,False,26765228,26757123,8,7b01d2f8,0,False,41800819278,0,813,45,0,2179792896,True,.nii.gz,1,100635_00001,100635_00001
2,13742336,batch_2.zip,482,100939_00001_0000.nii.gz,False,206903885,206843278,8,1189009a,0,False,41827584560,0,813,45,0,2179792896,True,.nii.gz,1,100939_00001,100939_00001
2,13742336,batch_2.zip,483,100717_00001_0000.nii.gz,False,87665904,87644757,8,c9242915,0,False,42034488499,0,813,45,0,2179792896,True,.nii.gz,1,100717_00001,100717_00001
2,13742336,batch_2.zip,484,100604_00001_0000.nii.gz,False,246170249,253242477,8,e9db18a8,0,False,42122154457,0,813,45,0,2179792896,True,.nii.gz,1,100604_00001,100604_00001
2,13742336,batch_2.zip,485,100934_00001_0000.nii.gz,False,207997578,209030972,8,67d32766,0,False,42368324760,0,813,45,0,2179792896,True,.nii.gz,1,100934_00001,100934_00001
2,13742336,batch_2.zip,486,100669_00001_0000.nii.gz,False,27114356,27107382,8,3040261b,0,False,42576322392,0,813,45,0,2179792896,True,.nii.gz,1,100669_00001,100669_00001
2,13742336,batch_2.zip,487,100859_00001_0000.nii.gz,False,25396177,25388502,8,022dbe7b,0,False,42603436802,0,813,45,0,2179792896,True,.nii.gz,1,100859_00001,100859_00001
2,13742336,batch_2.zip,488,101031_00001_0000.nii.gz,False,123264647,124271681,8,99cc061b,0,False,42628833033,0,813,45,0,2179792896,True,.nii.gz,1,101031_00001,101031_00001
2,13742336,batch_2.zip,489,100559_00001_0000.nii.gz,False,232601060,233761526,8,1aeb3ed5,0,False,42752097734,0,813,45,0,2179792896,True,.nii.gz,1,100559_00001,100559_00001
2,13742336,batch_2.zip,490,100989_00001_0000.nii.gz,False,118871156,118841254,8,f6b748a4,0,False,42984698848,0,813,45,0,2179792896,True,.nii.gz,1,100989_00001,100989_00001
2,13742336,batch_2.zip,491,100648_00001_0000.nii.gz,False,90799914,90777702,8,79f8052e,0,False,43103570058,0,813,45,0,2179792896,True,.nii.gz,1,100648_00001,100648_00001
2,13742336,batch_2.zip,492,100598_00001_0000.nii.gz,False,146196831,146188224,8,25882bc4,0,False,43194370026,0,813,45,0,2179792896,True,.nii.gz,1,100598_00001,100598_00001
2,13742336,batch_2.zip,493,100887_00001_0000.nii.gz,False,38034864,38023909,8,42cf4835,0,False,43340566911,0,813,45,0,2179792896,True,.nii.gz,1,100887_00001,100887_00001
2,13742336,batch_2.zip,494,100576_00001_0000.nii.gz,False,41954590,41942271,8,b6ce5d5c,0,False,43378601829,0,813,45,0,2179792896,True,.nii.gz,1,100576_00001,100576_00001
2,13742336,batch_2.zip,495,100873_00001_0000.nii.gz,False,43335695,43575963,8,779d8ee7,0,False,43420556473,0,813,45,0,2179792896,True,.nii.gz,1,100873_00001,100873_00001
2,13742336,batch_2.zip,496,100979_00001_0000.nii.gz,False,39855440,39843379,8,5b100652,0,False,43463892222,0,813,45,0,2179792896,True,.nii.gz,1,100979_00001,100979_00001
2,13742336,batch_2.zip,497,100548_00001_0000.nii.gz,False,59024127,59006180,8,a545688d,0,False,43503747716,0,813,45,0,2179792896,True,.nii.gz,1,100548_00001,100548_00001
2,13742336,batch_2.zip,498,100824_00001_0000.nii.gz,False,29535497,29695653,8,85683e1a,0,False,43562771897,0,813,45,0,2179792896,True,.nii.gz,1,100824_00001,100824_00001
2,13742336,batch_2.zip,499,100929_00001_0000.nii.gz,False,26344725,26336851,8,3aa13d46,0,False,43592307448,0,813,45,0,2179792896,True,.nii.gz,1,100929_00001,100929_00001
2,13742336,batch_2.zip,500,101068_00001_0000.nii.gz,False,69827488,71461860,8,d3a1dc36,0,False,43618652227,0,813,45,0,2179792896,True,.nii.gz,1,101068_00001,101068_00001
2,13742336,batch_2.zip,501,100771_00001_0000.nii.gz,False,126272639,126241050,8,08a44b8b,0,False,43688479769,0,813,45,0,2179792896,True,.nii.gz,1,100771_00001,100771_00001
2,13742336,batch_2.zip,502,100638_00001_0000.nii.gz,False,158365145,158331523,8,2a83e1e9,0,False,43814752462,0,813,45,0,2179792896,True,.nii.gz,1,100638_00001,100638_00001
2,13742336,batch_2.zip,503,101087_00001_0000.nii.gz,False,103757478,103728084,8,056912a9,0,False,43973117661,0,813,45,0,2179792896,True,.nii.gz,1,101087_00001,101087_00001
2,13742336,batch_2.zip,504,100619_00001_0000.nii.gz,False,118936625,118908141,8,57a5ba56,0,False,44076875193,0,813,45,0,2179792896,True,.nii.gz,1,100619_00001,100619_00001
2,13742336,batch_2.zip,505,100943_00001_0000.nii.gz,False,24668896,24791688,8,6f14c868,0,False,44195811872,0,813,45,0,2179792896,True,.nii.gz,1,100943_00001,100943_00001
2,13742336,batch_2.zip,506,100584_00001_0000.nii.gz,False,124670626,124634272,8,dd3db68f,0,False,44220480822,0,813,45,0,2179792896,True,.nii.gz,1,100584_00001,100584_00001
2,13742336,batch_2.zip,507,101109_00001_0000.nii.gz,False,153961533,153915395,8,ef378ed5,0,False,44345151502,0,813,45,0,2179792896,True,.nii.gz,1,101109_00001,101109_00001
2,13742336,batch_2.zip,508,100708_00001_0000.nii.gz,False,100931485,100905747,8,8bdae07e,0,False,44499113089,0,813,45,0,2179792896,True,.nii.gz,1,100708_00001,100708_00001
2,13742336,batch_2.zip,509,100992_00001_0000.nii.gz,False,78442407,78419996,8,eefb08fe,0,False,44600044628,0,813,45,0,2179792896,True,.nii.gz,1,100992_00001,100992_00001
2,13742336,batch_2.zip,510,101105_00001_0000.nii.gz,False,166184532,166144225,8,50881c36,0,False,44678487089,0,813,45,0,2179792896,True,.nii.gz,1,101105_00001,101105_00001
2,13742336,batch_2.zip,511,101070_00001_0000.nii.gz,False,101451998,101425884,8,e7208623,0,False,44844671675,0,813,45,0,2179792896,True,.nii.gz,1,101070_00001,101070_00001
2,13742336,batch_2.zip,512,100832_00001_0000.nii.gz,False,61404578,61388455,8,8ab33874,0,False,44946123727,0,813,45,0,2179792896,True,.nii.gz,1,100832_00001,100832_00001
2,13742336,batch_2.zip,513,100588_00001_0000.nii.gz,False,23994255,24132723,8,0fbc78ad,0,False,45007528359,0,813,45,0,2179792896,True,.nii.gz,1,100588_00001,100588_00001
2,13742336,batch_2.zip,514,100906_00001_0000.nii.gz,False,40976792,40965354,8,cd5ba63c,0,False,45031522668,0,813,45,0,2179792896,True,.nii.gz,1,100906_00001,100906_00001
2,13742336,batch_2.zip,515,100684_00001_0000.nii.gz,False,24635322,24739291,8,b0c5628d,0,False,45072499514,0,813,45,0,2179792896,True,.nii.gz,1,100684_00001,100684_00001
2,13742336,batch_2.zip,516,100580_00001_0000.nii.gz,False,27508118,27500022,8,133eeb6f,0,False,45097134890,0,813,45,0,2179792896,True,.nii.gz,1,100580_00001,100580_00001
2,13742336,batch_2.zip,517,101104_00001_0000.nii.gz,False,53916113,54270960,8,2753fa5d,0,False,45124643062,0,813,45,0,2179792896,True,.nii.gz,1,101104_00001,101104_00001
2,13742336,batch_2.zip,518,100624_00001_0000.nii.gz,False,40437074,40427190,8,d81d1d45,0,False,45178559229,0,813,45,0,2179792896,True,.nii.gz,1,100624_00001,100624_00001
2,13742336,batch_2.zip,519,100905_00001_0000.nii.gz,False,18529508,18675410,8,65898461,0,False,45218996357,0,813,45,0,2179792896,True,.nii.gz,1,100905_00001,100905_00001
2,13742336,batch_2.zip,520,100679_00001_0000.nii.gz,False,108247252,108882201,8,fff1d667,0,False,45237525919,0,813,45,0,2179792896,True,.nii.gz,1,100679_00001,100679_00001
2,13742336,batch_2.zip,521,100816_00001_0000.nii.gz,False,97854874,97829156,8,5cf98371,0,False,45345773225,0,813,45,0,2179792896,True,.nii.gz,1,100816_00001,100816_00001
2,13742336,batch_2.zip,522,100861_00001_0000.nii.gz,False,126977764,126939259,8,82f731d3,0,False,45443628153,0,813,45,0,2179792896,True,.nii.gz,1,100861_00001,100861_00001
2,13742336,batch_2.zip,523,100762_00001_0000.nii.gz,False,14143537,14239187,8,281988b4,0,False,45570605971,0,813,45,0,2179792896,True,.nii.gz,1,100762_00001,100762_00001
2,13742336,batch_2.zip,524,100925_00001_0000.nii.gz,False,25014517,25006968,8,ce7a645e,0,False,45584749562,0,813,45,0,2179792896,True,.nii.gz,1,100925_00001,100925_00001
2,13742336,batch_2.zip,525,100846_00001_0000.nii.gz,False,159482616,159441248,8,6f89c913,0,False,45609764133,0,813,45,0,2179792896,True,.nii.gz,1,100846_00001,100846_00001
2,13742336,batch_2.zip,526,100781_00001_0000.nii.gz,False,25747634,25739867,8,bafa31c0,0,False,45769246803,0,813,45,0,2179792896,True,.nii.gz,1,100781_00001,100781_00001
2,13742336,batch_2.zip,527,100805_00001_0000.nii.gz,False,32569673,32559948,8,9acd5fe5,0,False,45794994491,0,813,45,0,2179792896,True,.nii.gz,1,100805_00001,100805_00001
2,13742336,batch_2.zip,528,100864_00001_0000.nii.gz,False,21716869,21710435,8,d116dfd2,0,False,45827564218,0,813,45,0,2179792896,True,.nii.gz,1,100864_00001,100864_00001
2,13742336,batch_2.zip,529,100874_00001_0000.nii.gz,False,102125388,102097369,8,1ff08249,0,False,45849281141,0,813,45,0,2179792896,True,.nii.gz,1,100874_00001,100874_00001
2,13742336,batch_2.zip,530,100997_00001_0000.nii.gz,False,34140210,34130402,8,d3b08caa,0,False,45951406583,0,813,45,0,2179792896,True,.nii.gz,1,100997_00001,100997_00001
2,13742336,batch_2.zip,531,101098_00001_0000.nii.gz,False,39520503,39508849,8,06fe119d,0,False,45985546847,0,813,45,0,2179792896,True,.nii.gz,1,101098_00001,101098_00001
2,13742336,batch_2.zip,532,100883_00001_0000.nii.gz,False,71490005,71468756,8,2850aad6,0,False,46025067404,0,813,45,0,2179792896,True,.nii.gz,1,100883_00001,100883_00001
2,13742336,batch_2.zip,533,100795_00001_0000.nii.gz,False,150345121,151358581,8,a339b126,0,False,46096557463,0,813,45,0,2179792896,True,.nii.gz,1,100795_00001,100795_00001
2,13742336,batch_2.zip,534,101053_00001_0000.nii.gz,False,43128378,43118795,8,d5e4c580,0,False,46246902638,0,813,45,0,2179792896,True,.nii.gz,1,101053_00001,101053_00001
2,13742336,batch_2.zip,535,100875_00001_0000.nii.gz,False,26970647,27104394,8,24653e57,0,False,46290031070,0,813,45,0,2179792896,True,.nii.gz,1,100875_00001,100875_00001
2,13742336,batch_2.zip,536,101083_00001_0000.nii.gz,False,90829774,93193764,8,ca6ebc6f,0,False,46317001771,0,813,45,0,2179792896,True,.nii.gz,1,101083_00001,101083_00001
2,13742336,batch_2.zip,537,100566_00001_0000.nii.gz,False,23378824,23371923,8,1040f244,0,False,46407831599,0,813,45,0,2179792896,True,.nii.gz,1,100566_00001,100566_00001
2,13742336,batch_2.zip,538,100936_00001_0000.nii.gz,False,452655969,452607755,8,305d18cf,0,False,46431210477,0,813,45,0,2179792896,True,.nii.gz,1,100936_00001,100936_00001
2,13742336,batch_2.zip,539,100723_00001_0000.nii.gz,False,68861234,68842351,8,170507bb,0,False,46883866500,0,813,45,0,2179792896,True,.nii.gz,1,100723_00001,100723_00001
2,13742336,batch_2.zip,540,100757_00001_0000.nii.gz,False,49008478,49277872,8,dfdee51c,0,False,46952727788,0,813,45,0,2179792896,True,.nii.gz,1,100757_00001,100757_00001
2,13742336,batch_2.zip,541,100994_00001_0000.nii.gz,False,42098758,43276355,8,80e66aa7,0,False,47001736320,0,813,45,0,2179792896,True,.nii.gz,1,100994_00001,100994_00001
2,13742336,batch_2.zip,542,100585_00001_0000.nii.gz,False,80746083,80726159,8,e2448773,0,False,47043835132,0,813,45,0,2179792896,True,.nii.gz,1,100585_00001,100585_00001
2,13742336,batch_2.zip,543,100977_00001_0000.nii.gz,False,83266391,83247488,8,643a3232,0,False,47124581269,0,813,45,0,2179792896,True,.nii.gz,1,100977_00001,100977_00001
2,13742336,batch_2.zip,544,100594_00001_0000.nii.gz,False,45350652,45340413,8,47ca5a92,0,False,47207847714,0,813,45,0,2179792896,True,.nii.gz,1,100594_00001,100594_00001
2,13742336,batch_2.zip,545,100551_00001_0000.nii.gz,False,70740945,70721945,8,c7294ea4,0,False,47253198420,0,813,45,0,2179792896,True,.nii.gz,1,100551_00001,100551_00001
2,13742336,batch_2.zip,546,100688_00001_0000.nii.gz,False,99516194,99486708,8,bf2bf545,0,False,47323939419,0,813,45,0,2179792896,True,.nii.gz,1,100688_00001,100688_00001
2,13742336,batch_2.zip,547,100640_00001_0000.nii.gz,False,37383472,37372481,8,fc4f38c6,0,False,47423455667,0,813,45,0,2179792896,True,.nii.gz,1,100640_00001,100640_00001
2,13742336,batch_2.zip,548,100886_00001_0000.nii.gz,False,29183663,29175045,8,60c4ad6c,0,False,47460839193,0,813,45,0,2179792896,True,.nii.gz,1,100886_00001,100886_00001
2,13742336,batch_2.zip,549,100644_00001_0000.nii.gz,False,94177498,94149011,8,78b1c553,0,False,47490022910,0,813,45,0,2179792896,True,.nii.gz,1,100644_00001,100644_00001
2,13742336,batch_2.zip,550,100901_00001_0000.nii.gz,False,94648722,94625341,8,65f9e79e,0,False,47584200462,0,813,45,0,2179792896,True,.nii.gz,1,100901_00001,100901_00001
2,13742336,batch_2.zip,551,100869_00001_0000.nii.gz,False,142782951,142741809,8,12564a67,0,False,47678849238,0,813,45,0,2179792896,True,.nii.gz,1,100869_00001,100869_00001
2,13742336,batch_2.zip,552,101103_00001_0000.nii.gz,False,108533418,109110156,8,7ab2a2a0,0,False,47821632243,0,813,45,0,2179792896,True,.nii.gz,1,101103_00001,101103_00001
2,13742336,batch_2.zip,553,100927_00001_0000.nii.gz,False,31102315,31283459,8,a07383bd,0,False,47930165715,0,813,45,0,2179792896,True,.nii.gz,1,100927_00001,100927_00001
2,13742336,batch_2.zip,554,100996_00001_0000.nii.gz,False,54115242,54136738,8,68bb4461,0,False,47961268084,0,813,45,0,2179792896,True,.nii.gz,1,100996_00001,100996_00001
2,13742336,batch_2.zip,555,100731_00001_0000.nii.gz,False,196401178,196346013,8,fdfcd406,0,False,48015383380,0,813,45,0,2179792896,True,.nii.gz,1,100731_00001,100731_00001
2,13742336,batch_2.zip,556,100643_00001_0000.nii.gz,False,201669643,201608636,8,eebad7db,0,False,48211784612,0,813,45,0,2179792896,True,.nii.gz,1,100643_00001,100643_00001
2,13742336,batch_2.zip,557,100878_00001_0000.nii.gz,False,95535122,95511940,8,7a315d44,0,False,48413454309,0,813,45,0,2179792896,True,.nii.gz,1,100878_00001,100878_00001
2,13742336,batch_2.zip,558,101050_00001_0000.nii.gz,False,142758516,142752734,8,c4ed18d0,0,False,48508989485,0,813,45,0,2179792896,True,.nii.gz,1,101050_00001,101050_00001
2,13742336,batch_2.zip,559,101080_00001_0000.nii.gz,False,244909035,246263211,8,41230710,0,False,48651748055,0,813,45,0,2179792896,True,.nii.gz,1,101080_00001,101080_00001
2,13742336,batch_2.zip,560,101009_00001_0000.nii.gz,False,25666987,25659420,8,e1d8bead,0,False,48896657144,0,813,45,0,2179792896,True,.nii.gz,1,101009_00001,101009_00001
2,13742336,batch_2.zip,561,100742_00001_0000.nii.gz,False,75379620,75782075,8,29782634,0,False,48922324185,0,813,45,0,2179792896,True,.nii.gz,1,100742_00001,100742_00001
2,13742336,batch_2.zip,562,100667_00001_0000.nii.gz,False,166080080,167304545,8,c94e41b0,0,False,48997703859,0,813,45,0,2179792896,True,.nii.gz,1,100667_00001,100667_00001
2,13742336,batch_2.zip,563,100963_00001_0000.nii.gz,False,50206829,50519884,8,864c7838,0,False,49163783993,0,813,45,0,2179792896,True,.nii.gz,1,100963_00001,100963_00001
2,13742336,batch_2.zip,564,100758_00001_0000.nii.gz,False,41526998,41769019,8,a9c76b8d,0,False,49213990876,0,813,45,0,2179792896,True,.nii.gz,1,100758_00001,100758_00001
2,13742336,batch_2.zip,565,101034_00001_0000.nii.gz,False,29410107,29401476,8,15ac464a,0,False,49255517928,0,813,45,0,2179792896,True,.nii.gz,1,101034_00001,101034_00001
3,11034011,batch_3.zip,0,batch_3/101112_00001_0000.nii.gz,False,62512398,62512398,0,b22f831e,0,False,0,0,788,20,0,2179792896,True,.nii.gz,1,101112_00001,101112_00001
3,11034011,batch_3.zip,1,batch_3/101113_00001_0000.nii.gz,False,36343438,36343438,0,a9fe49da,0,False,62512460,0,788,20,0,2179792896,True,.nii.gz,1,101113_00001,101113_00001
3,11034011,batch_3.zip,2,batch_3/101114_00001_0000.nii.gz,False,67268127,67268127,0,0a477907,0,False,98855960,0,788,20,0,2179792896,True,.nii.gz,1,101114_00001,101114_00001
3,11034011,batch_3.zip,3,batch_3/101115_00001_0000.nii.gz,False,72052487,72052487,0,f64185b7,0,False,166124149,0,788,20,0,2179792896,True,.nii.gz,1,101115_00001,101115_00001
3,11034011,batch_3.zip,4,batch_3/101116_00001_0000.nii.gz,False,26653434,26653434,0,f70f8071,0,False,238176698,0,788,20,0,2179792896,True,.nii.gz,1,101116_00001,101116_00001
3,11034011,batch_3.zip,5,batch_3/101117_00001_0000.nii.gz,False,191044201,191044201,0,5ec49555,0,False,264830194,0,788,20,0,2179792896,True,.nii.gz,1,101117_00001,101117_00001
3,11034011,batch_3.zip,6,batch_3/101118_00001_0000.nii.gz,False,155692154,155692154,0,5620374c,0,False,455874457,0,788,20,0,2179792896,True,.nii.gz,1,101118_00001,101118_00001
3,11034011,batch_3.zip,7,batch_3/101119_00001_0000.nii.gz,False,21703263,21703263,0,feaa92dc,0,False,611566673,0,788,20,0,2179792896,True,.nii.gz,1,101119_00001,101119_00001
3,11034011,batch_3.zip,8,batch_3/101120_00001_0000.nii.gz,False,43700841,43700841,0,c4bb33c8,0,False,633269998,0,788,20,0,2179792896,True,.nii.gz,1,101120_00001,101120_00001
3,11034011,batch_3.zip,9,batch_3/101121_00001_0000.nii.gz,False,59611667,59611667,0,15431d6d,0,False,676970901,0,788,20,0,2179792896,True,.nii.gz,1,101121_00001,101121_00001
3,11034011,batch_3.zip,10,batch_3/101122_00001_0000.nii.gz,False,117712772,117712772,0,7f910f4c,0,False,736582630,0,788,20,0,2179792896,True,.nii.gz,1,101122_00001,101122_00001
3,11034011,batch_3.zip,11,batch_3/101123_00001_0000.nii.gz,False,36188911,36188911,0,faea6e88,0,False,854295464,0,788,20,0,2179792896,True,.nii.gz,1,101123_00001,101123_00001
3,11034011,batch_3.zip,12,batch_3/101124_00001_0000.nii.gz,False,41380272,41380272,0,49065b3d,0,False,890484437,0,788,20,0,2179792896,True,.nii.gz,1,101124_00001,101124_00001
3,11034011,batch_3.zip,13,batch_3/101125_00001_0000.nii.gz,False,96739453,96739453,0,3ddaa8a4,0,False,931864771,0,788,20,0,2179792896,True,.nii.gz,1,101125_00001,101125_00001
3,11034011,batch_3.zip,14,batch_3/101126_00001_0000.nii.gz,False,56007319,56007319,0,f7c49475,0,False,1028604286,0,788,20,0,2179792896,True,.nii.gz,1,101126_00001,101126_00001
3,11034011,batch_3.zip,15,batch_3/101127_00001_0000.nii.gz,False,26165340,26165340,0,b786d8da,0,False,1084611667,0,788,20,0,2179792896,True,.nii.gz,1,101127_00001,101127_00001
3,11034011,batch_3.zip,16,batch_3/101128_00001_0000.nii.gz,False,88153731,88153731,0,b4fac220,0,False,1110777069,0,788,20,0,2179792896,True,.nii.gz,1,101128_00001,101128_00001
3,11034011,batch_3.zip,17,batch_3/101129_00001_0000.nii.gz,False,12990810,12990810,0,9ee03332,0,False,1198930862,0,788,20,0,2179792896,True,.nii.gz,1,101129_00001,101129_00001
3,11034011,batch_3.zip,18,batch_3/101130_00001_0000.nii.gz,False,101985834,101985834,0,76b206a1,0,False,1211921734,0,788,20,0,2179792896,True,.nii.gz,1,101130_00001,101130_00001
3,11034011,batch_3.zip,19,batch_3/101131_00001_0000.nii.gz,False,56979220,56979220,0,c3343f7f,0,False,1313907630,0,788,20,0,2179792896,True,.nii.gz,1,101131_00001,101131_00001
3,11034011,batch_3.zip,20,batch_3/101132_00001_0000.nii.gz,False,143290027,143290027,0,3a35d754,0,False,1370886912,0,788,20,0,2179792896,True,.nii.gz,1,101132_00001,101132_00001
3,11034011,batch_3.zip,21,batch_3/101133_00001_0000.nii.gz,False,22604491,22604491,0,963ff6ca,0,False,1514177001,0,788,20,0,2179792896,True,.nii.gz,1,101133_00001,101133_00001
3,11034011,batch_3.zip,22,batch_3/101134_00001_0000.nii.gz,False,48449886,48449886,0,19633219,0,False,1536781554,0,788,20,0,2179792896,True,.nii.gz,1,101134_00001,101134_00001
3,11034011,batch_3.zip,23,batch_3/101135_00001_0000.nii.gz,False,167496838,167496838,0,62996762,0,False,1585231502,0,788,20,0,2179792896,True,.nii.gz,1,101135_00001,101135_00001
3,11034011,batch_3.zip,24,batch_3/101136_00001_0000.nii.gz,False,78900214,78900214,0,d93438ad,0,False,1752728402,0,788,20,0,2179792896,True,.nii.gz,1,101136_00001,101136_00001
3,11034011,batch_3.zip,25,batch_3/101137_00001_0000.nii.gz,False,44395173,44395173,0,11b7da39,0,False,1831628678,0,788,20,0,2179792896,True,.nii.gz,1,101137_00001,101137_00001
3,11034011,batch_3.zip,26,batch_3/101138_00001_0000.nii.gz,False,41366393,41366393,0,1f64382b,0,False,1876023913,0,788,20,0,2179792896,True,.nii.gz,1,101138_00001,101138_00001
3,11034011,batch_3.zip,27,batch_3/101139_00001_0000.nii.gz,False,19101478,19101478,0,a5dd2447,0,False,1917390368,0,788,20,0,2179792896,True,.nii.gz,1,101139_00001,101139_00001
3,11034011,batch_3.zip,28,batch_3/101140_00001_0000.nii.gz,False,172052551,172052551,0,290fb454,0,False,1936491908,0,788,20,0,2179792896,True,.nii.gz,1,101140_00001,101140_00001
3,11034011,batch_3.zip,29,batch_3/101141_00001_0000.nii.gz,False,88293023,88293023,0,4baa8086,0,False,2108544521,0,788,20,0,2179792896,True,.nii.gz,1,101141_00001,101141_00001
3,11034011,batch_3.zip,30,batch_3/101142_00001_0000.nii.gz,False,157558332,157558332,0,3c53a126,0,False,2196837606,0,813,45,0,2179792896,True,.nii.gz,1,101142_00001,101142_00001
3,11034011,batch_3.zip,31,batch_3/101143_00001_0000.nii.gz,False,93604278,93604278,0,60799b44,0,False,2354396000,0,813,45,0,2179792896,True,.nii.gz,1,101143_00001,101143_00001
3,11034011,batch_3.zip,32,batch_3/101144_00001_0000.nii.gz,False,40770745,40770745,0,791fd63e,0,False,2448000340,0,813,45,0,2179792896,True,.nii.gz,1,101144_00001,101144_00001
3,11034011,batch_3.zip,33,batch_3/101145_00001_0000.nii.gz,False,25556738,25556738,0,feeb8b80,0,False,2488771147,0,813,45,0,2179792896,True,.nii.gz,1,101145_00001,101145_00001
3,11034011,batch_3.zip,34,batch_3/101146_00001_0000.nii.gz,False,30180563,30180563,0,8fa8ad79,0,False,2514327947,0,813,45,0,2179792896,True,.nii.gz,1,101146_00001,101146_00001
3,11034011,batch_3.zip,35,batch_3/101147_00001_0000.nii.gz,False,24227384,24227384,0,202730ff,0,False,2544508572,0,813,45,0,2179792896,True,.nii.gz,1,101147_00001,101147_00001
3,11034011,batch_3.zip,36,batch_3/101148_00001_0000.nii.gz,False,235649445,235649445,0,11da66e3,0,False,2568736018,0,813,45,0,2179792896,True,.nii.gz,1,101148_00001,101148_00001
3,11034011,batch_3.zip,37,batch_3/101149_00001_0000.nii.gz,False,83730789,83730789,0,14de8205,0,False,2804385525,0,813,45,0,2179792896,True,.nii.gz,1,101149_00001,101149_00001
3,11034011,batch_3.zip,38,batch_3/101150_00001_0000.nii.gz,False,99815532,99815532,0,9e0e6e04,0,False,2888116376,0,813,45,0,2179792896,True,.nii.gz,1,101150_00001,101150_00001
3,11034011,batch_3.zip,39,batch_3/101151_00001_0000.nii.gz,False,152516642,152516642,0,8a75eeb2,0,False,2987931970,0,813,45,0,2179792896,True,.nii.gz,1,101151_00001,101151_00001
3,11034011,batch_3.zip,40,batch_3/101152_00001_0000.nii.gz,False,100745641,100745641,0,d47a9cac,0,False,3140448674,0,813,45,0,2179792896,True,.nii.gz,1,101152_00001,101152_00001
3,11034011,batch_3.zip,41,batch_3/101153_00001_0000.nii.gz,False,55407408,55407408,0,d3b9bc9a,0,False,3241194377,0,813,45,0,2179792896,True,.nii.gz,1,101153_00001,101153_00001
3,11034011,batch_3.zip,42,batch_3/101154_00001_0000.nii.gz,False,52735612,52735612,0,1fc3ba3f,0,False,3296601847,0,813,45,0,2179792896,True,.nii.gz,1,101154_00001,101154_00001
3,11034011,batch_3.zip,43,batch_3/101155_00001_0000.nii.gz,False,84674943,84674943,0,04f5cb47,0,False,3349337521,0,813,45,0,2179792896,True,.nii.gz,1,101155_00001,101155_00001
3,11034011,batch_3.zip,44,batch_3/101156_00001_0000.nii.gz,False,38282423,38282423,0,3934cd29,0,False,3434012526,0,813,45,0,2179792896,True,.nii.gz,1,101156_00001,101156_00001
3,11034011,batch_3.zip,45,batch_3/101157_00001_0000.nii.gz,False,75587115,75587115,0,0aba4c00,0,False,3472295011,0,813,45,0,2179792896,True,.nii.gz,1,101157_00001,101157_00001
3,11034011,batch_3.zip,46,batch_3/101158_00001_0000.nii.gz,False,33813384,33813384,0,d38ff053,0,False,3547882188,0,813,45,0,2179792896,True,.nii.gz,1,101158_00001,101158_00001
3,11034011,batch_3.zip,47,batch_3/101159_00001_0000.nii.gz,False,49906876,49906876,0,d6ac74ff,0,False,3581695634,0,813,45,0,2179792896,True,.nii.gz,1,101159_00001,101159_00001
3,11034011,batch_3.zip,48,batch_3/101160_00001_0000.nii.gz,False,21505433,21505433,0,0761a0c0,0,False,3631602572,0,813,45,0,2179792896,True,.nii.gz,1,101160_00001,101160_00001
3,11034011,batch_3.zip,49,batch_3/101161_00001_0000.nii.gz,False,35381788,35381788,0,600c0f6c,0,False,3653108067,0,813,45,0,2179792896,True,.nii.gz,1,101161_00001,101161_00001
3,11034011,batch_3.zip,50,batch_3/101162_00001_0000.nii.gz,False,147565835,147565835,0,7bac7c9e,0,False,3688489917,0,813,45,0,2179792896,True,.nii.gz,1,101162_00001,101162_00001
3,11034011,batch_3.zip,51,batch_3/101163_00001_0000.nii.gz,False,28550659,28550659,0,2ce77ce0,0,False,3836055814,0,813,45,0,2179792896,True,.nii.gz,1,101163_00001,101163_00001
3,11034011,batch_3.zip,52,batch_3/101164_00001_0000.nii.gz,False,224384904,224384904,0,79c30edf,0,False,3864606535,0,813,45,0,2179792896,True,.nii.gz,1,101164_00001,101164_00001
3,11034011,batch_3.zip,53,batch_3/101165_00001_0000.nii.gz,False,165369173,165369173,0,3802a896,0,False,4088991501,0,813,45,0,2179792896,True,.nii.gz,1,101165_00001,101165_00001
3,11034011,batch_3.zip,54,batch_3/101166_00001_0000.nii.gz,False,25462243,25462243,0,da0b2031,0,False,4254360736,0,813,45,0,2179792896,True,.nii.gz,1,101166_00001,101166_00001
3,11034011,batch_3.zip,55,batch_3/101167_00001_0000.nii.gz,False,82033494,82033494,0,c89772d0,0,False,4279823041,0,813,45,0,2179792896,True,.nii.gz,1,101167_00001,101167_00001
3,11034011,batch_3.zip,56,batch_3/101168_00001_0000.nii.gz,False,28913268,28913268,0,b51cd3ed,0,False,4361856597,0,813,45,0,2179792896,True,.nii.gz,1,101168_00001,101168_00001
3,11034011,batch_3.zip,57,batch_3/101169_00001_0000.nii.gz,False,196562678,196562678,0,150c0e9f,0,False,4390769927,0,813,45,0,2179792896,True,.nii.gz,1,101169_00001,101169_00001
3,11034011,batch_3.zip,58,batch_3/101170_00001_0000.nii.gz,False,56079248,56079248,0,5090949f,0,False,4587332667,0,813,45,0,2179792896,True,.nii.gz,1,101170_00001,101170_00001
3,11034011,batch_3.zip,59,batch_3/101171_00001_0000.nii.gz,False,48202832,48202832,0,d3d442f5,0,False,4643411977,0,813,45,0,2179792896,True,.nii.gz,1,101171_00001,101171_00001
3,11034011,batch_3.zip,60,batch_3/101172_00001_0000.nii.gz,False,228771534,228771534,0,ca00eaf6,0,False,4691614871,0,813,45,0,2179792896,True,.nii.gz,1,101172_00001,101172_00001
3,11034011,batch_3.zip,61,batch_3/101173_00001_0000.nii.gz,False,23446026,23446026,0,c0fbcf3a,0,False,4920386467,0,813,45,0,2179792896,True,.nii.gz,1,101173_00001,101173_00001
3,11034011,batch_3.zip,62,batch_3/101174_00001_0000.nii.gz,False,78081512,78081512,0,a71f7be7,0,False,4943832555,0,813,45,0,2179792896,True,.nii.gz,1,101174_00001,101174_00001
3,11034011,batch_3.zip,63,batch_3/101175_00001_0000.nii.gz,False,119722713,119722713,0,0eea9dae,0,False,5021914129,0,813,45,0,2179792896,True,.nii.gz,1,101175_00001,101175_00001
3,11034011,batch_3.zip,64,batch_3/101176_00001_0000.nii.gz,False,92473926,92473926,0,2c7ca7b4,0,False,5141636904,0,813,45,0,2179792896,True,.nii.gz,1,101176_00001,101176_00001
3,11034011,batch_3.zip,65,batch_3/101177_00001_0000.nii.gz,False,48118364,48118364,0,b898f11a,0,False,5234110892,0,813,45,0,2179792896,True,.nii.gz,1,101177_00001,101177_00001
3,11034011,batch_3.zip,66,batch_3/101178_00001_0000.nii.gz,False,35270644,35270644,0,4ae1dd64,0,False,5282229318,0,813,45,0,2179792896,True,.nii.gz,1,101178_00001,101178_00001
3,11034011,batch_3.zip,67,batch_3/101179_00001_0000.nii.gz,False,48020690,48020690,0,42756633,0,False,5317500024,0,813,45,0,2179792896,True,.nii.gz,1,101179_00001,101179_00001
3,11034011,batch_3.zip,68,batch_3/101180_00001_0000.nii.gz,False,41518153,41518153,0,3edd1a03,0,False,5365520776,0,813,45,0,2179792896,True,.nii.gz,1,101180_00001,101180_00001
3,11034011,batch_3.zip,69,batch_3/101181_00001_0000.nii.gz,False,87840882,87840882,0,62249df6,0,False,5407038991,0,813,45,0,2179792896,True,.nii.gz,1,101181_00001,101181_00001
3,11034011,batch_3.zip,70,batch_3/101182_00001_0000.nii.gz,False,49130051,49130051,0,2768e671,0,False,5494879935,0,813,45,0,2179792896,True,.nii.gz,1,101182_00001,101182_00001
3,11034011,batch_3.zip,71,batch_3/101183_00001_0000.nii.gz,False,45848207,45848207,0,c6d58cdc,0,False,5544010048,0,813,45,0,2179792896,True,.nii.gz,1,101183_00001,101183_00001
3,11034011,batch_3.zip,72,batch_3/101184_00001_0000.nii.gz,False,316913702,316913702,0,56af3e9b,0,False,5589858317,0,813,45,0,2179792896,True,.nii.gz,1,101184_00001,101184_00001
3,11034011,batch_3.zip,73,batch_3/101185_00001_0000.nii.gz,False,74063171,74063171,0,17d8c32c,0,False,5906772081,0,813,45,0,2179792896,True,.nii.gz,1,101185_00001,101185_00001
3,11034011,batch_3.zip,74,batch_3/101186_00001_0000.nii.gz,False,22950936,22950936,0,b4ba31e2,0,False,5980835314,0,813,45,0,2179792896,True,.nii.gz,1,101186_00001,101186_00001
3,11034011,batch_3.zip,75,batch_3/101187_00001_0000.nii.gz,False,76864825,76864825,0,17aafec3,0,False,6003786312,0,813,45,0,2179792896,True,.nii.gz,1,101187_00001,101187_00001
3,11034011,batch_3.zip,76,batch_3/101188_00001_0000.nii.gz,False,71763647,71763647,0,c9f576d2,0,False,6080651199,0,813,45,0,2179792896,True,.nii.gz,1,101188_00001,101188_00001
3,11034011,batch_3.zip,77,batch_3/101189_00001_0000.nii.gz,False,118633770,118633770,0,6504ac02,0,False,6152414908,0,813,45,0,2179792896,True,.nii.gz,1,101189_00001,101189_00001
3,11034011,batch_3.zip,78,batch_3/101190_00001_0000.nii.gz,False,39278794,39278794,0,e9c4e03d,0,False,6271048740,0,813,45,0,2179792896,True,.nii.gz,1,101190_00001,101190_00001
3,11034011,batch_3.zip,79,batch_3/101191_00001_0000.nii.gz,False,21591561,21591561,0,0eb28233,0,False,6310327596,0,813,45,0,2179792896,True,.nii.gz,1,101191_00001,101191_00001
3,11034011,batch_3.zip,80,batch_3/101192_00001_0000.nii.gz,False,50069244,50069244,0,38a73141,0,False,6331919219,0,813,45,0,2179792896,True,.nii.gz,1,101192_00001,101192_00001
3,11034011,batch_3.zip,81,batch_3/101193_00001_0000.nii.gz,False,24345098,24345098,0,eb2c85d4,0,False,6381988525,0,813,45,0,2179792896,True,.nii.gz,1,101193_00001,101193_00001
3,11034011,batch_3.zip,82,batch_3/101194_00001_0000.nii.gz,False,252997907,252997907,0,b37df339,0,False,6406333685,0,813,45,0,2179792896,True,.nii.gz,1,101194_00001,101194_00001
3,11034011,batch_3.zip,83,batch_3/101195_00001_0000.nii.gz,False,102788358,102788358,0,c64ed4f3,0,False,6659331654,0,813,45,0,2179792896,True,.nii.gz,1,101195_00001,101195_00001
3,11034011,batch_3.zip,84,batch_3/101196_00001_0000.nii.gz,False,54086899,54086899,0,42b8a9de,0,False,6762120074,0,813,45,0,2179792896,True,.nii.gz,1,101196_00001,101196_00001
3,11034011,batch_3.zip,85,batch_3/101197_00001_0000.nii.gz,False,42730015,42730015,0,cff6a431,0,False,6816207035,0,813,45,0,2179792896,True,.nii.gz,1,101197_00001,101197_00001
3,11034011,batch_3.zip,86,batch_3/101198_00001_0000.nii.gz,False,27647626,27647626,0,6f389ff3,0,False,6858937112,0,813,45,0,2179792896,True,.nii.gz,1,101198_00001,101198_00001
3,11034011,batch_3.zip,87,batch_3/101199_00001_0000.nii.gz,False,174342738,174342738,0,c28cc97d,0,False,6886584800,0,813,45,0,2179792896,True,.nii.gz,1,101199_00001,101199_00001
3,11034011,batch_3.zip,88,batch_3/101200_00001_0000.nii.gz,False,77296789,77296789,0,af525535,0,False,7060927600,0,813,45,0,2179792896,True,.nii.gz,1,101200_00001,101200_00001
3,11034011,batch_3.zip,89,batch_3/101201_00001_0000.nii.gz,False,110199633,110199633,0,c9d85afa,0,False,7138224451,0,813,45,0,2179792896,True,.nii.gz,1,101201_00001,101201_00001
3,11034011,batch_3.zip,90,batch_3/101202_00001_0000.nii.gz,False,40286876,40286876,0,74f9453f,0,False,7248424146,0,813,45,0,2179792896,True,.nii.gz,1,101202_00001,101202_00001
3,11034011,batch_3.zip,91,batch_3/101203_00001_0000.nii.gz,False,101895707,101895707,0,656d81ff,0,False,7288711084,0,813,45,0,2179792896,True,.nii.gz,1,101203_00001,101203_00001
3,11034011,batch_3.zip,92,batch_3/101204_00001_0000.nii.gz,False,78513846,78513846,0,a71a250f,0,False,7390606853,0,813,45,0,2179792896,True,.nii.gz,1,101204_00001,101204_00001
3,11034011,batch_3.zip,93,batch_3/101205_00001_0000.nii.gz,False,212783777,212783777,0,120240de,0,False,7469120761,0,813,45,0,2179792896,True,.nii.gz,1,101205_00001,101205_00001
3,11034011,batch_3.zip,94,batch_3/101206_00001_0000.nii.gz,False,35651243,35651243,0,5a0d3211,0,False,7681904600,0,813,45,0,2179792896,True,.nii.gz,1,101206_00001,101206_00001
3,11034011,batch_3.zip,95,batch_3/101207_00001_0000.nii.gz,False,60050636,60050636,0,1bc83b6d,0,False,7717555905,0,813,45,0,2179792896,True,.nii.gz,1,101207_00001,101207_00001
3,11034011,batch_3.zip,96,batch_3/101208_00001_0000.nii.gz,False,110624220,110624220,0,b5976717,0,False,7777606603,0,813,45,0,2179792896,True,.nii.gz,1,101208_00001,101208_00001
3,11034011,batch_3.zip,97,batch_3/101209_00001_0000.nii.gz,False,213640968,213640968,0,923a6276,0,False,7888230885,0,813,45,0,2179792896,True,.nii.gz,1,101209_00001,101209_00001
3,11034011,batch_3.zip,98,batch_3/101210_00001_0000.nii.gz,False,68857894,68857894,0,49c340a2,0,False,8101871915,0,813,45,0,2179792896,True,.nii.gz,1,101210_00001,101210_00001
3,11034011,batch_3.zip,99,batch_3/101211_00001_0000.nii.gz,False,87576154,87576154,0,41a0393d,0,False,8170729871,0,813,45,0,2179792896,True,.nii.gz,1,101211_00001,101211_00001
3,11034011,batch_3.zip,100,batch_3/101212_00001_0000.nii.gz,False,97311947,97311947,0,72efd641,0,False,8258306087,0,813,45,0,2179792896,True,.nii.gz,1,101212_00001,101212_00001
3,11034011,batch_3.zip,101,batch_3/101213_00001_0000.nii.gz,False,94123824,94123824,0,28347d86,0,False,8355618096,0,813,45,0,2179792896,True,.nii.gz,1,101213_00001,101213_00001
3,11034011,batch_3.zip,102,batch_3/101214_00001_0000.nii.gz,False,53792001,53792001,0,5d2685be,0,False,8449741982,0,813,45,0,2179792896,True,.nii.gz,1,101214_00001,101214_00001
3,11034011,batch_3.zip,103,batch_3/101215_00001_0000.nii.gz,False,42803749,42803749,0,8358a8f6,0,False,8503534045,0,813,45,0,2179792896,True,.nii.gz,1,101215_00001,101215_00001
3,11034011,batch_3.zip,104,batch_3/101216_00001_0000.nii.gz,False,102066236,102066236,0,27dd0f72,0,False,8546337856,0,813,45,0,2179792896,True,.nii.gz,1,101216_00001,101216_00001
3,11034011,batch_3.zip,105,batch_3/101217_00001_0000.nii.gz,False,103784285,103784285,0,7e40cdb9,0,False,8648404154,0,813,45,0,2179792896,True,.nii.gz,1,101217_00001,101217_00001
3,11034011,batch_3.zip,106,batch_3/101218_00001_0000.nii.gz,False,91266500,91266500,0,cbefcb45,0,False,8752188501,0,813,45,0,2179792896,True,.nii.gz,1,101218_00001,101218_00001
3,11034011,batch_3.zip,107,batch_3/101219_00001_0000.nii.gz,False,21520938,21520938,0,516045fd,0,False,8843455063,0,813,45,0,2179792896,True,.nii.gz,1,101219_00001,101219_00001
3,11034011,batch_3.zip,108,batch_3/101220_00001_0000.nii.gz,False,33692260,33692260,0,cfab9603,0,False,8864976063,0,813,45,0,2179792896,True,.nii.gz,1,101220_00001,101220_00001
3,11034011,batch_3.zip,109,batch_3/101221_00001_0000.nii.gz,False,49860179,49860179,0,042ecbb1,0,False,8898668385,0,813,45,0,2179792896,True,.nii.gz,1,101221_00001,101221_00001
3,11034011,batch_3.zip,110,batch_3/101222_00001_0000.nii.gz,False,146762994,146762994,0,7b6fee1a,0,False,8948528626,0,813,45,0,2179792896,True,.nii.gz,1,101222_00001,101222_00001
3,11034011,batch_3.zip,111,batch_3/101223_00001_0000.nii.gz,False,78745254,78745254,0,fde705bd,0,False,9095291682,0,813,45,0,2179792896,True,.nii.gz,1,101223_00001,101223_00001
3,11034011,batch_3.zip,112,batch_3/101224_00001_0000.nii.gz,False,26102186,26102186,0,1270e6a9,0,False,9174036998,0,813,45,0,2179792896,True,.nii.gz,1,101224_00001,101224_00001
3,11034011,batch_3.zip,113,batch_3/101225_00001_0000.nii.gz,False,87716955,87716955,0,5bca583f,0,False,9200139246,0,813,45,0,2179792896,True,.nii.gz,1,101225_00001,101225_00001
3,11034011,batch_3.zip,114,batch_3/101226_00001_0000.nii.gz,False,39273776,39273776,0,6b645b8b,0,False,9287856263,0,813,45,0,2179792896,True,.nii.gz,1,101226_00001,101226_00001
3,11034011,batch_3.zip,115,batch_3/101227_00001_0000.nii.gz,False,78196645,78196645,0,9d1868ae,0,False,9327130101,0,813,45,0,2179792896,True,.nii.gz,1,101227_00001,101227_00001
3,11034011,batch_3.zip,116,batch_3/101228_00001_0000.nii.gz,False,81724928,81724928,0,3e15159a,0,False,9405326808,0,813,45,0,2179792896,True,.nii.gz,1,101228_00001,101228_00001
3,11034011,batch_3.zip,117,batch_3/101229_00001_0000.nii.gz,False,50341715,50341715,0,b632ffe1,0,False,9487051798,0,813,45,0,2179792896,True,.nii.gz,1,101229_00001,101229_00001
3,11034011,batch_3.zip,118,batch_3/101230_00001_0000.nii.gz,False,39317337,39317337,0,ea21b8ed,0,False,9537393575,0,813,45,0,2179792896,True,.nii.gz,1,101230_00001,101230_00001
3,11034011,batch_3.zip,119,batch_3/101231_00001_0000.nii.gz,False,44245004,44245004,0,8c65f61b,0,False,9576710974,0,813,45,0,2179792896,True,.nii.gz,1,101231_00001,101231_00001
3,11034011,batch_3.zip,120,batch_3/101232_00001_0000.nii.gz,False,125606641,125606641,0,f0f79b10,0,False,9620956040,0,813,45,0,2179792896,True,.nii.gz,1,101232_00001,101232_00001
3,11034011,batch_3.zip,121,batch_3/101233_00001_0000.nii.gz,False,38981398,38981398,0,7f334925,0,False,9746562743,0,813,45,0,2179792896,True,.nii.gz,1,101233_00001,101233_00001
3,11034011,batch_3.zip,122,batch_3/101234_00001_0000.nii.gz,False,47534777,47534777,0,2848053a,0,False,9785544203,0,813,45,0,2179792896,True,.nii.gz,1,101234_00001,101234_00001
3,11034011,batch_3.zip,123,batch_3/101235_00001_0000.nii.gz,False,27103498,27103498,0,a61aca4e,0,False,9833079042,0,813,45,0,2179792896,True,.nii.gz,1,101235_00001,101235_00001
3,11034011,batch_3.zip,124,batch_3/101236_00001_0000.nii.gz,False,90882270,90882270,0,346093c1,0,False,9860182602,0,813,45,0,2179792896,True,.nii.gz,1,101236_00001,101236_00001
3,11034011,batch_3.zip,125,batch_3/101237_00001_0000.nii.gz,False,161644327,161644327,0,d621f2d6,0,False,9951064934,0,813,45,0,2179792896,True,.nii.gz,1,101237_00001,101237_00001
3,11034011,batch_3.zip,126,batch_3/101238_00001_0000.nii.gz,False,133830551,133830551,0,51a83f76,0,False,10112709323,0,813,45,0,2179792896,True,.nii.gz,1,101238_00001,101238_00001
3,11034011,batch_3.zip,127,batch_3/101239_00001_0000.nii.gz,False,32187040,32187040,0,e6bf7c56,0,False,10246539936,0,813,45,0,2179792896,True,.nii.gz,1,101239_00001,101239_00001
3,11034011,batch_3.zip,128,batch_3/101240_00001_0000.nii.gz,False,38526910,38526910,0,60877125,0,False,10278727038,0,813,45,0,2179792896,True,.nii.gz,1,101240_00001,101240_00001
3,11034011,batch_3.zip,129,batch_3/101241_00001_0000.nii.gz,False,26635322,26635322,0,9e903d3f,0,False,10317254010,0,813,45,0,2179792896,True,.nii.gz,1,101241_00001,101241_00001
3,11034011,batch_3.zip,130,batch_3/101242_00001_0000.nii.gz,False,66297136,66297136,0,f6c83b67,0,False,10343889394,0,813,45,0,2179792896,True,.nii.gz,1,101242_00001,101242_00001
3,11034011,batch_3.zip,131,batch_3/101243_00001_0000.nii.gz,False,93001005,93001005,0,99e15d7e,0,False,10410186592,0,813,45,0,2179792896,True,.nii.gz,1,101243_00001,101243_00001
3,11034011,batch_3.zip,132,batch_3/101244_00001_0000.nii.gz,False,86759765,86759765,0,df5b0e50,0,False,10503187659,0,813,45,0,2179792896,True,.nii.gz,1,101244_00001,101244_00001
3,11034011,batch_3.zip,133,batch_3/101245_00001_0000.nii.gz,False,95089892,95089892,0,1908d68e,0,False,10589947486,0,813,45,0,2179792896,True,.nii.gz,1,101245_00001,101245_00001
3,11034011,batch_3.zip,134,batch_3/101246_00001_0000.nii.gz,False,83890042,83890042,0,eb2ef249,0,False,10685037440,0,813,45,0,2179792896,True,.nii.gz,1,101246_00001,101246_00001
3,11034011,batch_3.zip,135,batch_3/101247_00001_0000.nii.gz,False,73790816,73790816,0,7f73d049,0,False,10768927544,0,813,45,0,2179792896,True,.nii.gz,1,101247_00001,101247_00001
3,11034011,batch_3.zip,136,batch_3/101248_00001_0000.nii.gz,False,27061619,27061619,0,ced770fe,0,False,10842718422,0,813,45,0,2179792896,True,.nii.gz,1,101248_00001,101248_00001
3,11034011,batch_3.zip,137,batch_3/101249_00001_0000.nii.gz,False,80428598,80428598,0,d0fb8f55,0,False,10869780103,0,813,45,0,2179792896,True,.nii.gz,1,101249_00001,101249_00001
3,11034011,batch_3.zip,138,batch_3/101250_00001_0000.nii.gz,False,62819104,62819104,0,515280e0,0,False,10950208763,0,813,45,0,2179792896,True,.nii.gz,1,101250_00001,101250_00001
3,11034011,batch_3.zip,139,batch_3/101251_00001_0000.nii.gz,False,72963322,72963322,0,76976bbf,0,False,11013027929,0,813,45,0,2179792896,True,.nii.gz,1,101251_00001,101251_00001
3,11034011,batch_3.zip,140,batch_3/101252_00001_0000.nii.gz,False,28391709,28391709,0,650b9ecc,0,False,11085991313,0,813,45,0,2179792896,True,.nii.gz,1,101252_00001,101252_00001
3,11034011,batch_3.zip,141,batch_3/101253_00001_0000.nii.gz,False,97712043,97712043,0,e1894b2e,0,False,11114383084,0,813,45,0,2179792896,True,.nii.gz,1,101253_00001,101253_00001
3,11034011,batch_3.zip,142,batch_3/101254_00001_0000.nii.gz,False,39232336,39232336,0,c316bb86,0,False,11212095189,0,813,45,0,2179792896,True,.nii.gz,1,101254_00001,101254_00001
3,11034011,batch_3.zip,143,batch_3/101255_00001_0000.nii.gz,False,78971117,78971117,0,db9bf880,0,False,11251327587,0,813,45,0,2179792896,True,.nii.gz,1,101255_00001,101255_00001
3,11034011,batch_3.zip,144,batch_3/101256_00001_0000.nii.gz,False,94727767,94727767,0,120c9d99,0,False,11330298766,0,813,45,0,2179792896,True,.nii.gz,1,101256_00001,101256_00001
3,11034011,batch_3.zip,145,batch_3/101257_00001_0000.nii.gz,False,344950613,344950613,0,962ba5ad,0,False,11425026595,0,813,45,0,2179792896,True,.nii.gz,1,101257_00001,101257_00001
3,11034011,batch_3.zip,146,batch_3/101258_00001_0000.nii.gz,False,134170754,134170754,0,ea42e026,0,False,11769977270,0,813,45,0,2179792896,True,.nii.gz,1,101258_00001,101258_00001
3,11034011,batch_3.zip,147,batch_3/101259_00001_0000.nii.gz,False,85232469,85232469,0,486ed9ba,0,False,11904148086,0,813,45,0,2179792896,True,.nii.gz,1,101259_00001,101259_00001
3,11034011,batch_3.zip,148,batch_3/101260_00001_0000.nii.gz,False,76623815,76623815,0,4e4ee468,0,False,11989380617,0,813,45,0,2179792896,True,.nii.gz,1,101260_00001,101260_00001
3,11034011,batch_3.zip,149,batch_3/101261_00001_0000.nii.gz,False,50521965,50521965,0,384ad4eb,0,False,12066004494,0,813,45,0,2179792896,True,.nii.gz,1,101261_00001,101261_00001
3,11034011,batch_3.zip,150,batch_3/101262_00001_0000.nii.gz,False,56344835,56344835,0,6a50eebb,0,False,12116526521,0,813,45,0,2179792896,True,.nii.gz,1,101262_00001,101262_00001
3,11034011,batch_3.zip,151,batch_3/101263_00001_0000.nii.gz,False,68423064,68423064,0,61b466b9,0,False,12172871418,0,813,45,0,2179792896,True,.nii.gz,1,101263_00001,101263_00001
3,11034011,batch_3.zip,152,batch_3/101264_00001_0000.nii.gz,False,158192084,158192084,0,63a836b3,0,False,12241294544,0,813,45,0,2179792896,True,.nii.gz,1,101264_00001,101264_00001
3,11034011,batch_3.zip,153,batch_3/101265_00001_0000.nii.gz,False,46365992,46365992,0,83c99574,0,False,12399486690,0,813,45,0,2179792896,True,.nii.gz,1,101265_00001,101265_00001
3,11034011,batch_3.zip,154,batch_3/101266_00001_0000.nii.gz,False,28747180,28747180,0,7796b69a,0,False,12445852744,0,813,45,0,2179792896,True,.nii.gz,1,101266_00001,101266_00001
3,11034011,batch_3.zip,155,batch_3/101267_00001_0000.nii.gz,False,273277865,273277865,0,e20ef879,0,False,12474599986,0,813,45,0,2179792896,True,.nii.gz,1,101267_00001,101267_00001
3,11034011,batch_3.zip,156,batch_3/101268_00001_0000.nii.gz,False,24115285,24115285,0,f9d2a0d1,0,False,12747877913,0,813,45,0,2179792896,True,.nii.gz,1,101268_00001,101268_00001
3,11034011,batch_3.zip,157,batch_3/101269_00001_0000.nii.gz,False,96085131,96085131,0,25249283,0,False,12771993260,0,813,45,0,2179792896,True,.nii.gz,1,101269_00001,101269_00001
3,11034011,batch_3.zip,158,batch_3/101270_00001_0000.nii.gz,False,74461035,74461035,0,cb27c0cc,0,False,12868078453,0,813,45,0,2179792896,True,.nii.gz,1,101270_00001,101270_00001
3,11034011,batch_3.zip,159,batch_3/101271_00001_0000.nii.gz,False,119839315,119839315,0,8eff2a18,0,False,12942539550,0,813,45,0,2179792896,True,.nii.gz,1,101271_00001,101271_00001
3,11034011,batch_3.zip,160,batch_3/101272_00001_0000.nii.gz,False,57399725,57399725,0,502ff275,0,False,13062378927,0,813,45,0,2179792896,True,.nii.gz,1,101272_00001,101272_00001
3,11034011,batch_3.zip,161,batch_3/101273_00001_0000.nii.gz,False,89031590,89031590,0,260d1737,0,False,13119778714,0,813,45,0,2179792896,True,.nii.gz,1,101273_00001,101273_00001
3,11034011,batch_3.zip,162,batch_3/101274_00001_0000.nii.gz,False,29090331,29090331,0,1b33d230,0,False,13208810366,0,813,45,0,2179792896,True,.nii.gz,1,101274_00001,101274_00001
3,11034011,batch_3.zip,163,batch_3/101275_00001_0000.nii.gz,False,40095484,40095484,0,9f45d02f,0,False,13237900759,0,813,45,0,2179792896,True,.nii.gz,1,101275_00001,101275_00001
3,11034011,batch_3.zip,164,batch_3/101276_00001_0000.nii.gz,False,52944001,52944001,0,6f632de8,0,False,13277996305,0,813,45,0,2179792896,True,.nii.gz,1,101276_00001,101276_00001
3,11034011,batch_3.zip,165,batch_3/101277_00001_0000.nii.gz,False,19027667,19027667,0,bd9ba60c,0,False,13330940368,0,813,45,0,2179792896,True,.nii.gz,1,101277_00001,101277_00001
3,11034011,batch_3.zip,166,batch_3/101278_00001_0000.nii.gz,False,27593336,27593336,0,f819449f,0,False,13349968097,0,813,45,0,2179792896,True,.nii.gz,1,101278_00001,101278_00001
3,11034011,batch_3.zip,167,batch_3/101279_00001_0000.nii.gz,False,29088025,29088025,0,dc5ffc96,0,False,13377561495,0,813,45,0,2179792896,True,.nii.gz,1,101279_00001,101279_00001
3,11034011,batch_3.zip,168,batch_3/101280_00001_0000.nii.gz,False,94019523,94019523,0,dbcab022,0,False,13406649582,0,813,45,0,2179792896,True,.nii.gz,1,101280_00001,101280_00001
3,11034011,batch_3.zip,169,batch_3/101281_00001_0000.nii.gz,False,148686486,148686486,0,246bb8f7,0,False,13500669167,0,813,45,0,2179792896,True,.nii.gz,1,101281_00001,101281_00001
3,11034011,batch_3.zip,170,batch_3/101282_00001_0000.nii.gz,False,42154230,42154230,0,1e62bb25,0,False,13649355715,0,813,45,0,2179792896,True,.nii.gz,1,101282_00001,101282_00001
3,11034011,batch_3.zip,171,batch_3/101283_00001_0000.nii.gz,False,79551945,79551945,0,b27d5442,0,False,13691510007,0,813,45,0,2179792896,True,.nii.gz,1,101283_00001,101283_00001
3,11034011,batch_3.zip,172,batch_3/101284_00001_0000.nii.gz,False,60355730,60355730,0,e190b85e,0,False,13771062014,0,813,45,0,2179792896,True,.nii.gz,1,101284_00001,101284_00001
3,11034011,batch_3.zip,173,batch_3/101285_00001_0000.nii.gz,False,96905429,96905429,0,10181936,0,False,13831417806,0,813,45,0,2179792896,True,.nii.gz,1,101285_00001,101285_00001
3,11034011,batch_3.zip,174,batch_3/101286_00001_0000.nii.gz,False,223371930,223371930,0,6f608d29,0,False,13928323297,0,813,45,0,2179792896,True,.nii.gz,1,101286_00001,101286_00001
3,11034011,batch_3.zip,175,batch_3/101287_00001_0000.nii.gz,False,104935907,104935907,0,e8feac63,0,False,14151695289,0,813,45,0,2179792896,True,.nii.gz,1,101287_00001,101287_00001
3,11034011,batch_3.zip,176,batch_3/101288_00001_0000.nii.gz,False,35362297,35362297,0,a6831ecb,0,False,14256631258,0,813,45,0,2179792896,True,.nii.gz,1,101288_00001,101288_00001
3,11034011,batch_3.zip,177,batch_3/101289_00001_0000.nii.gz,False,72410320,72410320,0,e727684e,0,False,14291993617,0,813,45,0,2179792896,True,.nii.gz,1,101289_00001,101289_00001
3,11034011,batch_3.zip,178,batch_3/101290_00001_0000.nii.gz,False,44353185,44353185,0,6e97532a,0,False,14364403999,0,813,45,0,2179792896,True,.nii.gz,1,101290_00001,101290_00001
3,11034011,batch_3.zip,179,batch_3/101291_00001_0000.nii.gz,False,36047874,36047874,0,39401db7,0,False,14408757246,0,813,45,0,2179792896,True,.nii.gz,1,101291_00001,101291_00001
3,11034011,batch_3.zip,180,batch_3/101292_00001_0000.nii.gz,False,52667228,52667228,0,031b2748,0,False,14444805182,0,813,45,0,2179792896,True,.nii.gz,1,101292_00001,101292_00001
3,11034011,batch_3.zip,181,batch_3/101293_00001_0000.nii.gz,False,47617175,47617175,0,1e801bc4,0,False,14497472472,0,813,45,0,2179792896,True,.nii.gz,1,101293_00001,101293_00001
3,11034011,batch_3.zip,182,batch_3/101294_00001_0000.nii.gz,False,62378202,62378202,0,32179762,0,False,14545089709,0,813,45,0,2179792896,True,.nii.gz,1,101294_00001,101294_00001
3,11034011,batch_3.zip,183,batch_3/101295_00001_0000.nii.gz,False,117754241,117754241,0,78a92a19,0,False,14607467973,0,813,45,0,2179792896,True,.nii.gz,1,101295_00001,101295_00001
3,11034011,batch_3.zip,184,batch_3/101296_00001_0000.nii.gz,False,206834661,206834661,0,28471910,0,False,14725222276,0,813,45,0,2179792896,True,.nii.gz,1,101296_00001,101296_00001
3,11034011,batch_3.zip,185,batch_3/101297_00001_0000.nii.gz,False,32773896,32773896,0,63745234,0,False,14932056999,0,813,45,0,2179792896,True,.nii.gz,1,101297_00001,101297_00001
3,11034011,batch_3.zip,186,batch_3/101298_00001_0000.nii.gz,False,86577738,86577738,0,dfb6ca53,0,False,14964830957,0,813,45,0,2179792896,True,.nii.gz,1,101298_00001,101298_00001
3,11034011,batch_3.zip,187,batch_3/101299_00001_0000.nii.gz,False,38400877,38400877,0,7a011bf1,0,False,15051408757,0,813,45,0,2179792896,True,.nii.gz,1,101299_00001,101299_00001
3,11034011,batch_3.zip,188,batch_3/101300_00001_0000.nii.gz,False,98057356,98057356,0,5d69f6b2,0,False,15089809696,0,813,45,0,2179792896,True,.nii.gz,1,101300_00001,101300_00001
3,11034011,batch_3.zip,189,batch_3/101301_00001_0000.nii.gz,False,40327039,40327039,0,6a2da75e,0,False,15187867114,0,813,45,0,2179792896,True,.nii.gz,1,101301_00001,101301_00001
3,11034011,batch_3.zip,190,batch_3/101302_00001_0000.nii.gz,False,72849585,72849585,0,a92477f9,0,False,15228194215,0,813,45,0,2179792896,True,.nii.gz,1,101302_00001,101302_00001
3,11034011,batch_3.zip,191,batch_3/101303_00001_0000.nii.gz,False,290593252,290593252,0,a8114605,0,False,15301043862,0,813,45,0,2179792896,True,.nii.gz,1,101303_00001,101303_00001
3,11034011,batch_3.zip,192,batch_3/101304_00001_0000.nii.gz,False,95115743,95115743,0,4a00c108,0,False,15591637176,0,813,45,0,2179792896,True,.nii.gz,1,101304_00001,101304_00001
3,11034011,batch_3.zip,193,batch_3/101305_00001_0000.nii.gz,False,50533888,50533888,0,6e1b46cc,0,False,15686752981,0,813,45,0,2179792896,True,.nii.gz,1,101305_00001,101305_00001
3,11034011,batch_3.zip,194,batch_3/101306_00001_0000.nii.gz,False,110920500,110920500,0,23824609,0,False,15737286931,0,813,45,0,2179792896,True,.nii.gz,1,101306_00001,101306_00001
3,11034011,batch_3.zip,195,batch_3/101307_00001_0000.nii.gz,False,103100012,103100012,0,d4d1d490,0,False,15848207493,0,813,45,0,2179792896,True,.nii.gz,1,101307_00001,101307_00001
3,11034011,batch_3.zip,196,batch_3/101308_00001_0000.nii.gz,False,40047662,40047662,0,27bb1d0f,0,False,15951307567,0,813,45,0,2179792896,True,.nii.gz,1,101308_00001,101308_00001
3,11034011,batch_3.zip,197,batch_3/101309_00001_0000.nii.gz,False,61034174,61034174,0,130fabb9,0,False,15991355291,0,813,45,0,2179792896,True,.nii.gz,1,101309_00001,101309_00001
3,11034011,batch_3.zip,198,batch_3/101310_00001_0000.nii.gz,False,90571288,90571288,0,f85265d5,0,False,16052389527,0,813,45,0,2179792896,True,.nii.gz,1,101310_00001,101310_00001
3,11034011,batch_3.zip,199,batch_3/101311_00001_0000.nii.gz,False,90960628,90960628,0,0af00ffa,0,False,16142960877,0,813,45,0,2179792896,True,.nii.gz,1,101311_00001,101311_00001
3,11034011,batch_3.zip,200,batch_3/101312_00001_0000.nii.gz,False,85046553,85046553,0,2ad40198,0,False,16233921567,0,813,45,0,2179792896,True,.nii.gz,1,101312_00001,101312_00001
3,11034011,batch_3.zip,201,batch_3/101313_00001_0000.nii.gz,False,113231431,113231431,0,c8f31cee,0,False,16318968182,0,813,45,0,2179792896,True,.nii.gz,1,101313_00001,101313_00001
3,11034011,batch_3.zip,202,batch_3/101314_00001_0000.nii.gz,False,143286339,143286339,0,12cfabeb,0,False,16432199675,0,813,45,0,2179792896,True,.nii.gz,1,101314_00001,101314_00001
3,11034011,batch_3.zip,203,batch_3/101315_00001_0000.nii.gz,False,117769355,117769355,0,8ad129a1,0,False,16575486076,0,813,45,0,2179792896,True,.nii.gz,1,101315_00001,101315_00001
3,11034011,batch_3.zip,204,batch_3/101316_00001_0000.nii.gz,False,40111827,40111827,0,97ab47fb,0,False,16693255493,0,813,45,0,2179792896,True,.nii.gz,1,101316_00001,101316_00001
3,11034011,batch_3.zip,205,batch_3/101317_00001_0000.nii.gz,False,136759981,136759981,0,e6ce4aa1,0,False,16733367382,0,813,45,0,2179792896,True,.nii.gz,1,101317_00001,101317_00001
3,11034011,batch_3.zip,206,batch_3/101318_00001_0000.nii.gz,False,110462300,110462300,0,93b29079,0,False,16870127425,0,813,45,0,2179792896,True,.nii.gz,1,101318_00001,101318_00001
3,11034011,batch_3.zip,207,batch_3/101319_00001_0000.nii.gz,False,25464925,25464925,0,889db59b,0,False,16980589787,0,813,45,0,2179792896,True,.nii.gz,1,101319_00001,101319_00001
3,11034011,batch_3.zip,208,batch_3/101320_00001_0000.nii.gz,False,45576141,45576141,0,f42dd065,0,False,17006054774,0,813,45,0,2179792896,True,.nii.gz,1,101320_00001,101320_00001
3,11034011,batch_3.zip,209,batch_3/101321_00001_0000.nii.gz,False,211525995,211525995,0,de0418c6,0,False,17051630977,0,813,45,0,2179792896,True,.nii.gz,1,101321_00001,101321_00001
3,11034011,batch_3.zip,210,batch_3/101322_00001_0000.nii.gz,False,96089770,96089770,0,e422088e,0,False,17263157034,0,813,45,0,2179792896,True,.nii.gz,1,101322_00001,101322_00001
3,11034011,batch_3.zip,211,batch_3/101323_00001_0000.nii.gz,False,188342401,188342401,0,2dfcd80b,0,False,17359246866,0,813,45,0,2179792896,True,.nii.gz,1,101323_00001,101323_00001
3,11034011,batch_3.zip,212,batch_3/101324_00001_0000.nii.gz,False,58005049,58005049,0,cd20d96b,0,False,17547589329,0,813,45,0,2179792896,True,.nii.gz,1,101324_00001,101324_00001
3,11034011,batch_3.zip,213,batch_3/101325_00001_0000.nii.gz,False,102730308,102730308,0,7f03e221,0,False,17605594440,0,813,45,0,2179792896,True,.nii.gz,1,101325_00001,101325_00001
3,11034011,batch_3.zip,214,batch_3/101326_00001_0000.nii.gz,False,68424426,68424426,0,cf4fc126,0,False,17708324810,0,813,45,0,2179792896,True,.nii.gz,1,101326_00001,101326_00001
3,11034011,batch_3.zip,215,batch_3/101327_00001_0000.nii.gz,False,135397993,135397993,0,21d7f4d2,0,False,17776749298,0,813,45,0,2179792896,True,.nii.gz,1,101327_00001,101327_00001
3,11034011,batch_3.zip,216,batch_3/101328_00001_0000.nii.gz,False,166050563,166050563,0,8769d8e4,0,False,17912147353,0,813,45,0,2179792896,True,.nii.gz,1,101328_00001,101328_00001
3,11034011,batch_3.zip,217,batch_3/101329_00001_0000.nii.gz,False,108240617,108240617,0,ec1c8ac9,0,False,18078197978,0,813,45,0,2179792896,True,.nii.gz,1,101329_00001,101329_00001
3,11034011,batch_3.zip,218,batch_3/101330_00001_0000.nii.gz,False,76407530,76407530,0,6bc41b18,0,False,18186438657,0,813,45,0,2179792896,True,.nii.gz,1,101330_00001,101330_00001
3,11034011,batch_3.zip,219,batch_3/101331_00001_0000.nii.gz,False,57360664,57360664,0,abe593d3,0,False,18262846249,0,813,45,0,2179792896,True,.nii.gz,1,101331_00001,101331_00001
3,11034011,batch_3.zip,220,batch_3/101332_00001_0000.nii.gz,False,57756177,57756177,0,5872db68,0,False,18320206975,0,813,45,0,2179792896,True,.nii.gz,1,101332_00001,101332_00001
3,11034011,batch_3.zip,221,batch_3/101333_00001_0000.nii.gz,False,42274628,42274628,0,592d1b43,0,False,18377963214,0,813,45,0,2179792896,True,.nii.gz,1,101333_00001,101333_00001
3,11034011,batch_3.zip,222,batch_3/101334_00001_0000.nii.gz,False,26864025,26864025,0,76246dda,0,False,18420237904,0,813,45,0,2179792896,True,.nii.gz,1,101334_00001,101334_00001
3,11034011,batch_3.zip,223,batch_3/101335_00001_0000.nii.gz,False,56375617,56375617,0,2ed0a485,0,False,18447101991,0,813,45,0,2179792896,True,.nii.gz,1,101335_00001,101335_00001
3,11034011,batch_3.zip,224,batch_3/101336_00001_0000.nii.gz,False,212131479,212131479,0,d94b749a,0,False,18503477670,0,813,45,0,2179792896,True,.nii.gz,1,101336_00001,101336_00001
3,11034011,batch_3.zip,225,batch_3/101337_00001_0000.nii.gz,False,45597992,45597992,0,03ce7404,0,False,18715609211,0,813,45,0,2179792896,True,.nii.gz,1,101337_00001,101337_00001
3,11034011,batch_3.zip,226,batch_3/101338_00001_0000.nii.gz,False,95084557,95084557,0,0b7abc2d,0,False,18761207265,0,813,45,0,2179792896,True,.nii.gz,1,101338_00001,101338_00001
3,11034011,batch_3.zip,227,batch_3/101339_00001_0000.nii.gz,False,63530942,63530942,0,1e8c9856,0,False,18856291884,0,813,45,0,2179792896,True,.nii.gz,1,101339_00001,101339_00001
3,11034011,batch_3.zip,228,batch_3/101340_00001_0000.nii.gz,False,306860189,306860189,0,fc2cf2c8,0,False,18919822888,0,813,45,0,2179792896,True,.nii.gz,1,101340_00001,101340_00001
3,11034011,batch_3.zip,229,batch_3/101341_00001_0000.nii.gz,False,64753450,64753450,0,30a68d96,0,False,19226683139,0,813,45,0,2179792896,True,.nii.gz,1,101341_00001,101341_00001
3,11034011,batch_3.zip,230,batch_3/101342_00001_0000.nii.gz,False,25525318,25525318,0,61f748e0,0,False,19291436651,0,813,45,0,2179792896,True,.nii.gz,1,101342_00001,101342_00001
3,11034011,batch_3.zip,231,batch_3/101343_00001_0000.nii.gz,False,99609211,99609211,0,40900b0f,0,False,19316962031,0,813,45,0,2179792896,True,.nii.gz,1,101343_00001,101343_00001
3,11034011,batch_3.zip,232,batch_3/101344_00001_0000.nii.gz,False,70100055,70100055,0,603cdd2e,0,False,19416571304,0,813,45,0,2179792896,True,.nii.gz,1,101344_00001,101344_00001
3,11034011,batch_3.zip,233,batch_3/101345_00001_0000.nii.gz,False,77358573,77358573,0,2c57546e,0,False,19486671421,0,813,45,0,2179792896,True,.nii.gz,1,101345_00001,101345_00001
3,11034011,batch_3.zip,234,batch_3/101346_00001_0000.nii.gz,False,25053086,25053086,0,cfe945c4,0,False,19564030056,0,813,45,0,2179792896,True,.nii.gz,1,101346_00001,101346_00001
3,11034011,batch_3.zip,235,batch_3/101347_00001_0000.nii.gz,False,55214017,55214017,0,1a83b812,0,False,19589083204,0,813,45,0,2179792896,True,.nii.gz,1,101347_00001,101347_00001
3,11034011,batch_3.zip,236,batch_3/101348_00001_0000.nii.gz,False,156405185,156405185,0,17556412,0,False,19644297283,0,813,45,0,2179792896,True,.nii.gz,1,101348_00001,101348_00001
3,11034011,batch_3.zip,237,batch_3/101349_00001_0000.nii.gz,False,28023346,28023346,0,adc3f8d5,0,False,19800702530,0,813,45,0,2179792896,True,.nii.gz,1,101349_00001,101349_00001
3,11034011,batch_3.zip,238,batch_3/101350_00001_0000.nii.gz,False,61624663,61624663,0,6e38d479,0,False,19828725938,0,813,45,0,2179792896,True,.nii.gz,1,101350_00001,101350_00001
3,11034011,batch_3.zip,239,batch_3/101351_00001_0000.nii.gz,False,324029898,324029898,0,0d83f0bf,0,False,19890350663,0,813,45,0,2179792896,True,.nii.gz,1,101351_00001,101351_00001
3,11034011,batch_3.zip,240,batch_3/101352_00001_0000.nii.gz,False,43461746,43461746,0,bc923004,0,False,20214380623,0,813,45,0,2179792896,True,.nii.gz,1,101352_00001,101352_00001
3,11034011,batch_3.zip,241,batch_3/101353_00001_0000.nii.gz,False,71608296,71608296,0,78b5c78c,0,False,20257842431,0,813,45,0,2179792896,True,.nii.gz,1,101353_00001,101353_00001
3,11034011,batch_3.zip,242,batch_3/101354_00001_0000.nii.gz,False,87125347,87125347,0,01dbc561,0,False,20329450789,0,813,45,0,2179792896,True,.nii.gz,1,101354_00001,101354_00001
3,11034011,batch_3.zip,243,batch_3/101355_00001_0000.nii.gz,False,103300611,103300611,0,7e103643,0,False,20416576198,0,813,45,0,2179792896,True,.nii.gz,1,101355_00001,101355_00001
3,11034011,batch_3.zip,244,batch_3/101356_00001_0000.nii.gz,False,53589484,53589484,0,032effd5,0,False,20519876871,0,813,45,0,2179792896,True,.nii.gz,1,101356_00001,101356_00001
3,11034011,batch_3.zip,245,batch_3/101357_00001_0000.nii.gz,False,91911671,91911671,0,5e463425,0,False,20573466417,0,813,45,0,2179792896,True,.nii.gz,1,101357_00001,101357_00001
3,11034011,batch_3.zip,246,batch_3/101358_00001_0000.nii.gz,False,33285423,33285423,0,5bf5cb1d,0,False,20665378150,0,813,45,0,2179792896,True,.nii.gz,1,101358_00001,101358_00001
3,11034011,batch_3.zip,247,batch_3/101359_00001_0000.nii.gz,False,214735120,214735120,0,e9e2f017,0,False,20698663635,0,813,45,0,2179792896,True,.nii.gz,1,101359_00001,101359_00001
3,11034011,batch_3.zip,248,batch_3/101360_00001_0000.nii.gz,False,93972016,93972016,0,ec5f3e16,0,False,20913398817,0,813,45,0,2179792896,True,.nii.gz,1,101360_00001,101360_00001
3,11034011,batch_3.zip,249,batch_3/101361_00001_0000.nii.gz,False,67789157,67789157,0,ed3eca22,0,False,21007370895,0,813,45,0,2179792896,True,.nii.gz,1,101361_00001,101361_00001
3,11034011,batch_3.zip,250,batch_3/101361_00002_0000.nii.gz,False,70339587,70339587,0,74110bc2,0,False,21075160114,0,813,45,0,2179792896,True,.nii.gz,1,101361_00002,101361_00002
3,11034011,batch_3.zip,251,batch_3/101362_00001_0000.nii.gz,False,115567384,115567384,0,1a7c8cbd,0,False,21145499763,0,813,45,0,2179792896,True,.nii.gz,1,101362_00001,101362_00001
3,11034011,batch_3.zip,252,batch_3/101363_00001_0000.nii.gz,False,170996670,170996670,0,d5b2a0f9,0,False,21261067209,0,813,45,0,2179792896,True,.nii.gz,1,101363_00001,101363_00001
3,11034011,batch_3.zip,253,batch_3/101364_00001_0000.nii.gz,False,96479713,96479713,0,7315e6bd,0,False,21432063941,0,813,45,0,2179792896,True,.nii.gz,1,101364_00001,101364_00001
3,11034011,batch_3.zip,254,batch_3/101365_00001_0000.nii.gz,False,57063331,57063331,0,00a2736a,0,False,21528543716,0,813,45,0,2179792896,True,.nii.gz,1,101365_00001,101365_00001
3,11034011,batch_3.zip,255,batch_3/101366_00001_0000.nii.gz,False,124742007,124742007,0,dde413a6,0,False,21585607109,0,813,45,0,2179792896,True,.nii.gz,1,101366_00001,101366_00001
3,11034011,batch_3.zip,256,batch_3/101367_00001_0000.nii.gz,False,81412626,81412626,0,c9c4bd7f,0,False,21710349178,0,813,45,0,2179792896,True,.nii.gz,1,101367_00001,101367_00001
3,11034011,batch_3.zip,257,batch_3/101368_00001_0000.nii.gz,False,93301737,93301737,0,a59a57e2,0,False,21791761866,0,813,45,0,2179792896,True,.nii.gz,1,101368_00001,101368_00001
3,11034011,batch_3.zip,258,batch_3/101369_00001_0000.nii.gz,False,66417401,66417401,0,ae8815c5,0,False,21885063665,0,813,45,0,2179792896,True,.nii.gz,1,101369_00001,101369_00001
3,11034011,batch_3.zip,259,batch_3/101370_00001_0000.nii.gz,False,27233437,27233437,0,78bfff46,0,False,21951481128,0,813,45,0,2179792896,True,.nii.gz,1,101370_00001,101370_00001
3,11034011,batch_3.zip,260,batch_3/101371_00001_0000.nii.gz,False,46371209,46371209,0,d58209e4,0,False,21978714627,0,813,45,0,2179792896,True,.nii.gz,1,101371_00001,101371_00001
3,11034011,batch_3.zip,261,batch_3/101372_00001_0000.nii.gz,False,44602471,44602471,0,40a5a686,0,False,22025085898,0,813,45,0,2179792896,True,.nii.gz,1,101372_00001,101372_00001
3,11034011,batch_3.zip,262,batch_3/101373_00001_0000.nii.gz,False,23065409,23065409,0,2c8bd074,0,False,22069688431,0,813,45,0,2179792896,True,.nii.gz,1,101373_00001,101373_00001
3,11034011,batch_3.zip,263,batch_3/101374_00001_0000.nii.gz,False,271310947,271310947,0,9d4e9ca0,0,False,22092753902,0,813,45,0,2179792896,True,.nii.gz,1,101374_00001,101374_00001
3,11034011,batch_3.zip,264,batch_3/101375_00001_0000.nii.gz,False,38439673,38439673,0,e2529ae0,0,False,22364064911,0,813,45,0,2179792896,True,.nii.gz,1,101375_00001,101375_00001
3,11034011,batch_3.zip,265,batch_3/101376_00001_0000.nii.gz,False,32751666,32751666,0,545817a5,0,False,22402504646,0,813,45,0,2179792896,True,.nii.gz,1,101376_00001,101376_00001
3,11034011,batch_3.zip,266,batch_3/101377_00001_0000.nii.gz,False,68834044,68834044,0,c9f022bd,0,False,22435256374,0,813,45,0,2179792896,True,.nii.gz,1,101377_00001,101377_00001
3,11034011,batch_3.zip,267,batch_3/101378_00001_0000.nii.gz,False,123216888,123216888,0,ccdc7d36,0,False,22504090480,0,813,45,0,2179792896,True,.nii.gz,1,101378_00001,101378_00001
3,11034011,batch_3.zip,268,batch_3/101379_00001_0000.nii.gz,False,75183739,75183739,0,845e06ff,0,False,22627307430,0,813,45,0,2179792896,True,.nii.gz,1,101379_00001,101379_00001
3,11034011,batch_3.zip,269,batch_3/101380_00001_0000.nii.gz,False,85552060,85552060,0,4d67258a,0,False,22702491231,0,813,45,0,2179792896,True,.nii.gz,1,101380_00001,101380_00001
3,11034011,batch_3.zip,270,batch_3/101382_00001_0000.nii.gz,False,42741032,42741032,0,794b0502,0,False,22788043353,0,813,45,0,2179792896,True,.nii.gz,1,101382_00001,101382_00001
3,11034011,batch_3.zip,271,batch_3/101383_00001_0000.nii.gz,False,67619509,67619509,0,f9be3e7b,0,False,22830784447,0,813,45,0,2179792896,True,.nii.gz,1,101383_00001,101383_00001
3,11034011,batch_3.zip,272,batch_3/101384_00001_0000.nii.gz,False,90075382,90075382,0,67f630b4,0,False,22898404018,0,813,45,0,2179792896,True,.nii.gz,1,101384_00001,101384_00001
3,11034011,batch_3.zip,273,batch_3/101385_00001_0000.nii.gz,False,63782505,63782505,0,42844bc0,0,False,22988479462,0,813,45,0,2179792896,True,.nii.gz,1,101385_00001,101385_00001
3,11034011,batch_3.zip,274,batch_3/101386_00001_0000.nii.gz,False,85428050,85428050,0,e618912c,0,False,23052262029,0,813,45,0,2179792896,True,.nii.gz,1,101386_00001,101386_00001
3,11034011,batch_3.zip,275,batch_3/101387_00001_0000.nii.gz,False,71866167,71866167,0,ac6f8355,0,False,23137690141,0,813,45,0,2179792896,True,.nii.gz,1,101387_00001,101387_00001
3,11034011,batch_3.zip,276,batch_3/101388_00001_0000.nii.gz,False,129948488,129948488,0,7ff05937,0,False,23209556370,0,813,45,0,2179792896,True,.nii.gz,1,101388_00001,101388_00001
3,11034011,batch_3.zip,277,batch_3/101389_00001_0000.nii.gz,False,108451509,108451509,0,4b6cbdab,0,False,23339504920,0,813,45,0,2179792896,True,.nii.gz,1,101389_00001,101389_00001
3,11034011,batch_3.zip,278,batch_3/101390_00001_0000.nii.gz,False,74279059,74279059,0,d86e5425,0,False,23447956491,0,813,45,0,2179792896,True,.nii.gz,1,101390_00001,101390_00001
3,11034011,batch_3.zip,279,batch_3/101391_00001_0000.nii.gz,False,68126375,68126375,0,f6e51915,0,False,23522235612,0,813,45,0,2179792896,True,.nii.gz,1,101391_00001,101391_00001
3,11034011,batch_3.zip,280,batch_3/101392_00001_0000.nii.gz,False,71035020,71035020,0,f68318d9,0,False,23590362049,0,813,45,0,2179792896,True,.nii.gz,1,101392_00001,101392_00001
3,11034011,batch_3.zip,281,batch_3/101393_00001_0000.nii.gz,False,240898745,240898745,0,a64a3abc,0,False,23661397131,0,813,45,0,2179792896,True,.nii.gz,1,101393_00001,101393_00001
3,11034011,batch_3.zip,282,batch_3/101394_00001_0000.nii.gz,False,222387752,222387752,0,3656a686,0,False,23902295938,0,813,45,0,2179792896,True,.nii.gz,1,101394_00001,101394_00001
3,11034011,batch_3.zip,283,batch_3/101395_00001_0000.nii.gz,False,86873038,86873038,0,c68c3758,0,False,24124683752,0,813,45,0,2179792896,True,.nii.gz,1,101395_00001,101395_00001
3,11034011,batch_3.zip,284,batch_3/101396_00001_0000.nii.gz,False,37458028,37458028,0,84e85286,0,False,24211556852,0,813,45,0,2179792896,True,.nii.gz,1,101396_00001,101396_00001
3,11034011,batch_3.zip,285,batch_3/101397_00001_0000.nii.gz,False,32793943,32793943,0,c7c3abde,0,False,24249014942,0,813,45,0,2179792896,True,.nii.gz,1,101397_00001,101397_00001
3,11034011,batch_3.zip,286,batch_3/101398_00001_0000.nii.gz,False,26573421,26573421,0,78445b2a,0,False,24281808947,0,813,45,0,2179792896,True,.nii.gz,1,101398_00001,101398_00001
3,11034011,batch_3.zip,287,batch_3/101399_00001_0000.nii.gz,False,60080805,60080805,0,85efcd55,0,False,24308382430,0,813,45,0,2179792896,True,.nii.gz,1,101399_00001,101399_00001
3,11034011,batch_3.zip,288,batch_3/101400_00001_0000.nii.gz,False,63958666,63958666,0,a7b02446,0,False,24368463297,0,813,45,0,2179792896,True,.nii.gz,1,101400_00001,101400_00001
3,11034011,batch_3.zip,289,batch_3/101401_00001_0000.nii.gz,False,84425130,84425130,0,f3bb20d3,0,False,24432422025,0,813,45,0,2179792896,True,.nii.gz,1,101401_00001,101401_00001
3,11034011,batch_3.zip,290,batch_3/101402_00001_0000.nii.gz,False,57267117,57267117,0,f9e1b7ac,0,False,24516847217,0,813,45,0,2179792896,True,.nii.gz,1,101402_00001,101402_00001
3,11034011,batch_3.zip,291,batch_3/101403_00001_0000.nii.gz,False,150041931,150041931,0,da7a1027,0,False,24574114396,0,813,45,0,2179792896,True,.nii.gz,1,101403_00001,101403_00001
3,11034011,batch_3.zip,292,batch_3/101404_00001_0000.nii.gz,False,23580111,23580111,0,bd41ec29,0,False,24724156389,0,813,45,0,2179792896,True,.nii.gz,1,101404_00001,101404_00001
3,11034011,batch_3.zip,293,batch_3/101405_00001_0000.nii.gz,False,89496661,89496661,0,0a1bf270,0,False,24747736562,0,813,45,0,2179792896,True,.nii.gz,1,101405_00001,101405_00001
3,11034011,batch_3.zip,294,batch_3/101406_00001_0000.nii.gz,False,25928623,25928623,0,3df26b9a,0,False,24837233285,0,813,45,0,2179792896,True,.nii.gz,1,101406_00001,101406_00001
3,11034011,batch_3.zip,295,batch_3/101407_00001_0000.nii.gz,False,69356759,69356759,0,a6cac460,0,False,24863161970,0,813,45,0,2179792896,True,.nii.gz,1,101407_00001,101407_00001
3,11034011,batch_3.zip,296,batch_3/101408_00001_0000.nii.gz,False,42938146,42938146,0,2a0cd6f8,0,False,24932518791,0,813,45,0,2179792896,True,.nii.gz,1,101408_00001,101408_00001
3,11034011,batch_3.zip,297,batch_3/101409_00001_0000.nii.gz,False,69693404,69693404,0,75ef195d,0,False,24975456999,0,813,45,0,2179792896,True,.nii.gz,1,101409_00001,101409_00001
3,11034011,batch_3.zip,298,batch_3/101410_00001_0000.nii.gz,False,78107109,78107109,0,43d29787,0,False,25045150465,0,813,45,0,2179792896,True,.nii.gz,1,101410_00001,101410_00001
3,11034011,batch_3.zip,299,batch_3/101411_00001_0000.nii.gz,False,33599707,33599707,0,c47a5e40,0,False,25123257636,0,813,45,0,2179792896,True,.nii.gz,1,101411_00001,101411_00001
3,11034011,batch_3.zip,300,batch_3/101412_00001_0000.nii.gz,False,291640335,291640335,0,a68c9da4,0,False,25156857405,0,813,45,0,2179792896,True,.nii.gz,1,101412_00001,101412_00001
3,11034011,batch_3.zip,301,batch_3/101413_00001_0000.nii.gz,False,170294726,170294726,0,6215b24c,0,False,25448497802,0,813,45,0,2179792896,True,.nii.gz,1,101413_00001,101413_00001
3,11034011,batch_3.zip,302,batch_3/101414_00001_0000.nii.gz,False,25952667,25952667,0,2bd49451,0,False,25618792590,0,813,45,0,2179792896,True,.nii.gz,1,101414_00001,101414_00001
3,11034011,batch_3.zip,303,batch_3/101415_00001_0000.nii.gz,False,301674544,301674544,0,b68158a1,0,False,25644745319,0,813,45,0,2179792896,True,.nii.gz,1,101415_00001,101415_00001
3,11034011,batch_3.zip,304,batch_3/101416_00001_0000.nii.gz,False,104030931,104030931,0,5a7255cf,0,False,25946419925,0,813,45,0,2179792896,True,.nii.gz,1,101416_00001,101416_00001
3,11034011,batch_3.zip,305,batch_3/101417_00001_0000.nii.gz,False,46185494,46185494,0,0015e3ab,0,False,26050450918,0,813,45,0,2179792896,True,.nii.gz,1,101417_00001,101417_00001
3,11034011,batch_3.zip,306,batch_3/101418_00001_0000.nii.gz,False,71317919,71317919,0,8369fc0a,0,False,26096636474,0,813,45,0,2179792896,True,.nii.gz,1,101418_00001,101418_00001
3,11034011,batch_3.zip,307,batch_3/101419_00001_0000.nii.gz,False,157639357,157639357,0,82ba7d08,0,False,26167954455,0,813,45,0,2179792896,True,.nii.gz,1,101419_00001,101419_00001
3,11034011,batch_3.zip,308,batch_3/101420_00001_0000.nii.gz,False,51888084,51888084,0,79e0a0a5,0,False,26325593874,0,813,45,0,2179792896,True,.nii.gz,1,101420_00001,101420_00001
3,11034011,batch_3.zip,309,batch_3/101421_00001_0000.nii.gz,False,28787226,28787226,0,d40425c4,0,False,26377482020,0,813,45,0,2179792896,True,.nii.gz,1,101421_00001,101421_00001
3,11034011,batch_3.zip,310,batch_3/101422_00001_0000.nii.gz,False,74512819,74512819,0,e3a9d1ae,0,False,26406269308,0,813,45,0,2179792896,True,.nii.gz,1,101422_00001,101422_00001
3,11034011,batch_3.zip,311,batch_3/101423_00001_0000.nii.gz,False,94530285,94530285,0,4c4c2e74,0,False,26480782189,0,813,45,0,2179792896,True,.nii.gz,1,101423_00001,101423_00001
3,11034011,batch_3.zip,312,batch_3/101424_00001_0000.nii.gz,False,83561942,83561942,0,788129f8,0,False,26575312536,0,813,45,0,2179792896,True,.nii.gz,1,101424_00001,101424_00001
3,11034011,batch_3.zip,313,batch_3/101425_00001_0000.nii.gz,False,54129604,54129604,0,34e6d636,0,False,26658874540,0,813,45,0,2179792896,True,.nii.gz,1,101425_00001,101425_00001
3,11034011,batch_3.zip,314,batch_3/101426_00001_0000.nii.gz,False,32024277,32024277,0,81632982,0,False,26713004206,0,813,45,0,2179792896,True,.nii.gz,1,101426_00001,101426_00001
3,11034011,batch_3.zip,315,batch_3/101427_00001_0000.nii.gz,False,57101493,57101493,0,1ca4a743,0,False,26745028545,0,813,45,0,2179792896,True,.nii.gz,1,101427_00001,101427_00001
3,11034011,batch_3.zip,316,batch_3/101428_00001_0000.nii.gz,False,224526157,224526157,0,2e87afb0,0,False,26802130100,0,813,45,0,2179792896,True,.nii.gz,1,101428_00001,101428_00001
3,11034011,batch_3.zip,317,batch_3/101429_00001_0000.nii.gz,False,39973122,39973122,0,cc65740e,0,False,27026656319,0,813,45,0,2179792896,True,.nii.gz,1,101429_00001,101429_00001
3,11034011,batch_3.zip,318,batch_3/101430_00001_0000.nii.gz,False,99940079,99940079,0,58d0d90a,0,False,27066629503,0,813,45,0,2179792896,True,.nii.gz,1,101430_00001,101430_00001
3,11034011,batch_3.zip,319,batch_3/101431_00001_0000.nii.gz,False,34355657,34355657,0,673ad6c5,0,False,27166569644,0,813,45,0,2179792896,True,.nii.gz,1,101431_00001,101431_00001
3,11034011,batch_3.zip,320,batch_3/101432_00001_0000.nii.gz,False,88020428,88020428,0,e4c67c51,0,False,27200925363,0,813,45,0,2179792896,True,.nii.gz,1,101432_00001,101432_00001
3,11034011,batch_3.zip,321,batch_3/101433_00001_0000.nii.gz,False,14851129,14851129,0,21ca62cc,0,False,27288945853,0,813,45,0,2179792896,True,.nii.gz,1,101433_00001,101433_00001
3,11034011,batch_3.zip,322,batch_3/101434_00001_0000.nii.gz,False,137269492,137269492,0,7e659588,0,False,27303797044,0,813,45,0,2179792896,True,.nii.gz,1,101434_00001,101434_00001
3,11034011,batch_3.zip,323,batch_3/101435_00001_0000.nii.gz,False,32362241,32362241,0,523d46b6,0,False,27441066598,0,813,45,0,2179792896,True,.nii.gz,1,101435_00001,101435_00001
3,11034011,batch_3.zip,324,batch_3/101436_00001_0000.nii.gz,False,32267233,32267233,0,7fcff11f,0,False,27473428901,0,813,45,0,2179792896,True,.nii.gz,1,101436_00001,101436_00001
3,11034011,batch_3.zip,325,batch_3/101437_00001_0000.nii.gz,False,89414361,89414361,0,a845eeb6,0,False,27505696196,0,813,45,0,2179792896,True,.nii.gz,1,101437_00001,101437_00001
3,11034011,batch_3.zip,326,batch_3/101438_00001_0000.nii.gz,False,90687419,90687419,0,c96990f7,0,False,27595110619,0,813,45,0,2179792896,True,.nii.gz,1,101438_00001,101438_00001
3,11034011,batch_3.zip,327,batch_3/101439_00001_0000.nii.gz,False,48391246,48391246,0,1a1611b9,0,False,27685798100,0,813,45,0,2179792896,True,.nii.gz,1,101439_00001,101439_00001
3,11034011,batch_3.zip,328,batch_3/101440_00001_0000.nii.gz,False,319357377,319357377,0,ea5ed5cc,0,False,27734189408,0,813,45,0,2179792896,True,.nii.gz,1,101440_00001,101440_00001
3,11034011,batch_3.zip,329,batch_3/101441_00001_0000.nii.gz,False,156844839,156844839,0,83e7c324,0,False,28053546847,0,813,45,0,2179792896,True,.nii.gz,1,101441_00001,101441_00001
3,11034011,batch_3.zip,330,batch_3/101442_00001_0000.nii.gz,False,72248249,72248249,0,14635c10,0,False,28210391748,0,813,45,0,2179792896,True,.nii.gz,1,101442_00001,101442_00001
3,11034011,batch_3.zip,331,batch_3/101443_00001_0000.nii.gz,False,15171658,15171658,0,8cc6c6fa,0,False,28282640059,0,813,45,0,2179792896,True,.nii.gz,1,101443_00001,101443_00001
3,11034011,batch_3.zip,332,batch_3/101444_00001_0000.nii.gz,False,80245437,80245437,0,abb0d80c,0,False,28297811779,0,813,45,0,2179792896,True,.nii.gz,1,101444_00001,101444_00001
3,11034011,batch_3.zip,333,batch_3/101445_00001_0000.nii.gz,False,95173271,95173271,0,59fa9666,0,False,28378057278,0,813,45,0,2179792896,True,.nii.gz,1,101445_00001,101445_00001
3,11034011,batch_3.zip,334,batch_3/101446_00001_0000.nii.gz,False,56926689,56926689,0,09a453b5,0,False,28473230611,0,813,45,0,2179792896,True,.nii.gz,1,101446_00001,101446_00001
3,11034011,batch_3.zip,335,batch_3/101447_00001_0000.nii.gz,False,102143547,102143547,0,b42f43f7,0,False,28530157362,0,813,45,0,2179792896,True,.nii.gz,1,101447_00001,101447_00001
3,11034011,batch_3.zip,336,batch_3/101448_00001_0000.nii.gz,False,38849472,38849472,0,1574a0ee,0,False,28632300971,0,813,45,0,2179792896,True,.nii.gz,1,101448_00001,101448_00001
3,11034011,batch_3.zip,337,batch_3/101449_00001_0000.nii.gz,False,42414160,42414160,0,c1ef6f8f,0,False,28671150505,0,813,45,0,2179792896,True,.nii.gz,1,101449_00001,101449_00001
3,11034011,batch_3.zip,338,batch_3/101450_00001_0000.nii.gz,False,15807700,15807700,0,3bf15a10,0,False,28713564727,0,813,45,0,2179792896,True,.nii.gz,1,101450_00001,101450_00001
3,11034011,batch_3.zip,339,batch_3/101451_00001_0000.nii.gz,False,30386872,30386872,0,71b20a39,0,False,28729372489,0,813,45,0,2179792896,True,.nii.gz,1,101451_00001,101451_00001
3,11034011,batch_3.zip,340,batch_3/101452_00001_0000.nii.gz,False,39273324,39273324,0,722ba994,0,False,28759759423,0,813,45,0,2179792896,True,.nii.gz,1,101452_00001,101452_00001
3,11034011,batch_3.zip,341,batch_3/101453_00001_0000.nii.gz,False,105207188,105207188,0,c80c3e51,0,False,28799032809,0,813,45,0,2179792896,True,.nii.gz,1,101453_00001,101453_00001
3,11034011,batch_3.zip,342,batch_3/101454_00001_0000.nii.gz,False,52289655,52289655,0,85eab01e,0,False,28904240059,0,813,45,0,2179792896,True,.nii.gz,1,101454_00001,101454_00001
3,11034011,batch_3.zip,343,batch_3/101455_00001_0000.nii.gz,False,26419795,26419795,0,4fb26d6a,0,False,28956529776,0,813,45,0,2179792896,True,.nii.gz,1,101455_00001,101455_00001
3,11034011,batch_3.zip,344,batch_3/101456_00001_0000.nii.gz,False,242133888,242133888,0,a26eef66,0,False,28982949633,0,813,45,0,2179792896,True,.nii.gz,1,101456_00001,101456_00001
3,11034011,batch_3.zip,345,batch_3/101457_00001_0000.nii.gz,False,39050131,39050131,0,46639a86,0,False,29225083583,0,813,45,0,2179792896,True,.nii.gz,1,101457_00001,101457_00001
3,11034011,batch_3.zip,346,batch_3/101458_00001_0000.nii.gz,False,38689798,38689798,0,ec0d1d8c,0,False,29264133776,0,813,45,0,2179792896,True,.nii.gz,1,101458_00001,101458_00001
3,11034011,batch_3.zip,347,batch_3/101459_00001_0000.nii.gz,False,20209938,20209938,0,8fe2eaee,0,False,29302823636,0,813,45,0,2179792896,True,.nii.gz,1,101459_00001,101459_00001
3,11034011,batch_3.zip,348,batch_3/101460_00001_0000.nii.gz,False,11542794,11542794,0,6695529f,0,False,29323033636,0,813,45,0,2179792896,True,.nii.gz,1,101460_00001,101460_00001
3,11034011,batch_3.zip,349,batch_3/101461_00001_0000.nii.gz,False,39287155,39287155,0,84fb07b7,0,False,29334576492,0,813,45,0,2179792896,True,.nii.gz,1,101461_00001,101461_00001
3,11034011,batch_3.zip,350,batch_3/101462_00001_0000.nii.gz,False,88064804,88064804,0,a4e6f40c,0,False,29373863709,0,813,45,0,2179792896,True,.nii.gz,1,101462_00001,101462_00001
3,11034011,batch_3.zip,351,batch_3/101463_00001_0000.nii.gz,False,214238324,214238324,0,846fd999,0,False,29461928575,0,813,45,0,2179792896,True,.nii.gz,1,101463_00001,101463_00001
3,11034011,batch_3.zip,352,batch_3/101464_00001_0000.nii.gz,False,51038852,51038852,0,697a96a3,0,False,29676166961,0,813,45,0,2179792896,True,.nii.gz,1,101464_00001,101464_00001
3,11034011,batch_3.zip,353,batch_3/101465_00001_0000.nii.gz,False,21982105,21982105,0,1ca565fd,0,False,29727205875,0,813,45,0,2179792896,True,.nii.gz,1,101465_00001,101465_00001
3,11034011,batch_3.zip,354,batch_3/101466_00001_0000.nii.gz,False,126770250,126770250,0,bd4296e3,0,False,29749188042,0,813,45,0,2179792896,True,.nii.gz,1,101466_00001,101466_00001
3,11034011,batch_3.zip,355,batch_3/101467_00001_0000.nii.gz,False,139664328,139664328,0,1977d4c8,0,False,29875958354,0,813,45,0,2179792896,True,.nii.gz,1,101467_00001,101467_00001
3,11034011,batch_3.zip,356,batch_3/101468_00001_0000.nii.gz,False,70864654,70864654,0,4daa0187,0,False,30015622744,0,813,45,0,2179792896,True,.nii.gz,1,101468_00001,101468_00001
3,11034011,batch_3.zip,357,batch_3/101469_00001_0000.nii.gz,False,31996097,31996097,0,b5abafe8,0,False,30086487460,0,813,45,0,2179792896,True,.nii.gz,1,101469_00001,101469_00001
3,11034011,batch_3.zip,358,batch_3/101470_00001_0000.nii.gz,False,46682555,46682555,0,bdd365c0,0,False,30118483619,0,813,45,0,2179792896,True,.nii.gz,1,101470_00001,101470_00001
3,11034011,batch_3.zip,359,batch_3/101471_00001_0000.nii.gz,False,27024296,27024296,0,e2f25081,0,False,30165166236,0,813,45,0,2179792896,True,.nii.gz,1,101471_00001,101471_00001
3,11034011,batch_3.zip,360,batch_3/101472_00001_0000.nii.gz,False,287649027,287649027,0,0588ec20,0,False,30192190594,0,813,45,0,2179792896,True,.nii.gz,1,101472_00001,101472_00001
3,11034011,batch_3.zip,361,batch_3/101473_00001_0000.nii.gz,False,69786846,69786846,0,faf81505,0,False,30479839683,0,813,45,0,2179792896,True,.nii.gz,1,101473_00001,101473_00001
3,11034011,batch_3.zip,362,batch_3/101474_00001_0000.nii.gz,False,56333806,56333806,0,26866085,0,False,30549626591,0,813,45,0,2179792896,True,.nii.gz,1,101474_00001,101474_00001
3,11034011,batch_3.zip,363,batch_3/101475_00001_0000.nii.gz,False,136378677,136378677,0,585d57bb,0,False,30605960459,0,813,45,0,2179792896,True,.nii.gz,1,101475_00001,101475_00001
3,11034011,batch_3.zip,364,batch_3/101476_00001_0000.nii.gz,False,53325019,53325019,0,07740e56,0,False,30742339198,0,813,45,0,2179792896,True,.nii.gz,1,101476_00001,101476_00001
3,11034011,batch_3.zip,365,batch_3/101477_00001_0000.nii.gz,False,142665484,142665484,0,62d74c06,0,False,30795664279,0,813,45,0,2179792896,True,.nii.gz,1,101477_00001,101477_00001
3,11034011,batch_3.zip,366,batch_3/101478_00001_0000.nii.gz,False,184535336,184535336,0,c30eabc0,0,False,30938329825,0,813,45,0,2179792896,True,.nii.gz,1,101478_00001,101478_00001
3,11034011,batch_3.zip,367,batch_3/101479_00001_0000.nii.gz,False,119528110,119528110,0,618d058f,0,False,31122865223,0,813,45,0,2179792896,True,.nii.gz,1,101479_00001,101479_00001
3,11034011,batch_3.zip,368,batch_3/101480_00001_0000.nii.gz,False,628024791,628024791,0,151f703e,0,False,31242393395,0,813,45,0,2179792896,True,.nii.gz,1,101480_00001,101480_00001
3,11034011,batch_3.zip,369,batch_3/101481_00001_0000.nii.gz,False,51842263,51842263,0,6bca243e,0,False,31870418248,0,813,45,0,2179792896,True,.nii.gz,1,101481_00001,101481_00001
3,11034011,batch_3.zip,370,batch_3/101482_00001_0000.nii.gz,False,150975566,150975566,0,6ba33bb8,0,False,31922260573,0,813,45,0,2179792896,True,.nii.gz,1,101482_00001,101482_00001
3,11034011,batch_3.zip,371,batch_3/101483_00001_0000.nii.gz,False,35516587,35516587,0,ce074bc6,0,False,32073236201,0,813,45,0,2179792896,True,.nii.gz,1,101483_00001,101483_00001
3,11034011,batch_3.zip,372,batch_3/101484_00001_0000.nii.gz,False,107748617,107748617,0,347cbaed,0,False,32108752850,0,813,45,0,2179792896,True,.nii.gz,1,101484_00001,101484_00001
3,11034011,batch_3.zip,373,batch_3/101485_00001_0000.nii.gz,False,27245816,27245816,0,1bdc96fa,0,False,32216501529,0,813,45,0,2179792896,True,.nii.gz,1,101485_00001,101485_00001
3,11034011,batch_3.zip,374,batch_3/101486_00001_0000.nii.gz,False,39527940,39527940,0,ead78230,0,False,32243747407,0,813,45,0,2179792896,True,.nii.gz,1,101486_00001,101486_00001
3,11034011,batch_3.zip,375,batch_3/101487_00001_0000.nii.gz,False,52699080,52699080,0,ea0d937f,0,False,32283275409,0,813,45,0,2179792896,True,.nii.gz,1,101487_00001,101487_00001
3,11034011,batch_3.zip,376,batch_3/101488_00001_0000.nii.gz,False,59819169,59819169,0,9a75841e,0,False,32335974551,0,813,45,0,2179792896,True,.nii.gz,1,101488_00001,101488_00001
3,11034011,batch_3.zip,377,batch_3/101489_00001_0000.nii.gz,False,157107491,157107491,0,f2a40202,0,False,32395793782,0,813,45,0,2179792896,True,.nii.gz,1,101489_00001,101489_00001
3,11034011,batch_3.zip,378,batch_3/101490_00001_0000.nii.gz,False,46653676,46653676,0,6600d812,0,False,32552901335,0,813,45,0,2179792896,True,.nii.gz,1,101490_00001,101490_00001
3,11034011,batch_3.zip,379,batch_3/101491_00001_0000.nii.gz,False,40255163,40255163,0,c91b0f5a,0,False,32599555073,0,813,45,0,2179792896,True,.nii.gz,1,101491_00001,101491_00001
3,11034011,batch_3.zip,380,batch_3/101492_00001_0000.nii.gz,False,81031028,81031028,0,61144ce3,0,False,32639810298,0,813,45,0,2179792896,True,.nii.gz,1,101492_00001,101492_00001
3,11034011,batch_3.zip,381,batch_3/101493_00001_0000.nii.gz,False,19423064,19423064,0,3630f938,0,False,32720841388,0,813,45,0,2179792896,True,.nii.gz,1,101493_00001,101493_00001
3,11034011,batch_3.zip,382,batch_3/101494_00001_0000.nii.gz,False,56263240,56263240,0,08621696,0,False,32740264514,0,813,45,0,2179792896,True,.nii.gz,1,101494_00001,101494_00001
3,11034011,batch_3.zip,383,batch_3/101495_00001_0000.nii.gz,False,76469999,76469999,0,8172a285,0,False,32796527816,0,813,45,0,2179792896,True,.nii.gz,1,101495_00001,101495_00001
3,11034011,batch_3.zip,384,batch_3/101496_00001_0000.nii.gz,False,29433308,29433308,0,239b79c1,0,False,32872997877,0,813,45,0,2179792896,True,.nii.gz,1,101496_00001,101496_00001
3,11034011,batch_3.zip,385,batch_3/101497_00001_0000.nii.gz,False,302194981,302194981,0,981f58ea,0,False,32902431247,0,813,45,0,2179792896,True,.nii.gz,1,101497_00001,101497_00001
3,11034011,batch_3.zip,386,batch_3/101498_00001_0000.nii.gz,False,90306088,90306088,0,a3a9a3d1,0,False,33204626290,0,813,45,0,2179792896,True,.nii.gz,1,101498_00001,101498_00001
3,11034011,batch_3.zip,387,batch_3/101499_00001_0000.nii.gz,False,93819127,93819127,0,76290519,0,False,33294932440,0,813,45,0,2179792896,True,.nii.gz,1,101499_00001,101499_00001
3,11034011,batch_3.zip,388,batch_3/101500_00001_0000.nii.gz,False,90849360,90849360,0,9f1a1fed,0,False,33388751629,0,813,45,0,2179792896,True,.nii.gz,1,101500_00001,101500_00001
3,11034011,batch_3.zip,389,batch_3/101501_00001_0000.nii.gz,False,144389051,144389051,0,38aeb815,0,False,33479601051,0,813,45,0,2179792896,True,.nii.gz,1,101501_00001,101501_00001
3,11034011,batch_3.zip,390,batch_3/101502_00001_0000.nii.gz,False,215372544,215372544,0,f6690418,0,False,33623990164,0,813,45,0,2179792896,True,.nii.gz,1,101502_00001,101502_00001
3,11034011,batch_3.zip,391,batch_3/101503_00001_0000.nii.gz,False,48686389,48686389,0,5ef0897d,0,False,33839362770,0,813,45,0,2179792896,True,.nii.gz,1,101503_00001,101503_00001
3,11034011,batch_3.zip,392,batch_3/101504_00001_0000.nii.gz,False,87391357,87391357,0,57cc2841,0,False,33888049221,0,813,45,0,2179792896,True,.nii.gz,1,101504_00001,101504_00001
3,11034011,batch_3.zip,393,batch_3/101505_00001_0000.nii.gz,False,54713694,54713694,0,25145446,0,False,33975440640,0,813,45,0,2179792896,True,.nii.gz,1,101505_00001,101505_00001
3,11034011,batch_3.zip,394,batch_3/101506_00001_0000.nii.gz,False,49518754,49518754,0,2a7f57a3,0,False,34030154396,0,813,45,0,2179792896,True,.nii.gz,1,101506_00001,101506_00001
3,11034011,batch_3.zip,395,batch_3/101507_00001_0000.nii.gz,False,41763273,41763273,0,0099ed27,0,False,34079673212,0,813,45,0,2179792896,True,.nii.gz,1,101507_00001,101507_00001
3,11034011,batch_3.zip,396,batch_3/101508_00001_0000.nii.gz,False,127254071,127254071,0,82d4a130,0,False,34121436547,0,813,45,0,2179792896,True,.nii.gz,1,101508_00001,101508_00001
3,11034011,batch_3.zip,397,batch_3/101509_00001_0000.nii.gz,False,43031538,43031538,0,017e2e8c,0,False,34248690680,0,813,45,0,2179792896,True,.nii.gz,1,101509_00001,101509_00001
3,11034011,batch_3.zip,398,batch_3/101510_00001_0000.nii.gz,False,76256030,76256030,0,a0275bcc,0,False,34291722280,0,813,45,0,2179792896,True,.nii.gz,1,101510_00001,101510_00001
3,11034011,batch_3.zip,399,batch_3/101511_00001_0000.nii.gz,False,37855451,37855451,0,b5649265,0,False,34367978372,0,813,45,0,2179792896,True,.nii.gz,1,101511_00001,101511_00001
3,11034011,batch_3.zip,400,batch_3/101512_00001_0000.nii.gz,False,129618375,129618375,0,377f552c,0,False,34405833885,0,813,45,0,2179792896,True,.nii.gz,1,101512_00001,101512_00001
3,11034011,batch_3.zip,401,batch_3/101513_00001_0000.nii.gz,False,85023819,85023819,0,343531ba,0,False,34535452322,0,813,45,0,2179792896,True,.nii.gz,1,101513_00001,101513_00001
3,11034011,batch_3.zip,402,batch_3/101514_00001_0000.nii.gz,False,95698485,95698485,0,3d83ad25,0,False,34620476203,0,813,45,0,2179792896,True,.nii.gz,1,101514_00001,101514_00001
3,11034011,batch_3.zip,403,batch_3/101515_00001_0000.nii.gz,False,74381562,74381562,0,4275a239,0,False,34716174750,0,813,45,0,2179792896,True,.nii.gz,1,101515_00001,101515_00001
3,11034011,batch_3.zip,404,batch_3/101516_00001_0000.nii.gz,False,73608788,73608788,0,33cc5c6a,0,False,34790556374,0,813,45,0,2179792896,True,.nii.gz,1,101516_00001,101516_00001
3,11034011,batch_3.zip,405,batch_3/101517_00001_0000.nii.gz,False,38308860,38308860,0,f3aa6573,0,False,34864165224,0,813,45,0,2179792896,True,.nii.gz,1,101517_00001,101517_00001
3,11034011,batch_3.zip,406,batch_3/101518_00001_0000.nii.gz,False,92944855,92944855,0,0a891ea1,0,False,34902474146,0,813,45,0,2179792896,True,.nii.gz,1,101518_00001,101518_00001
3,11034011,batch_3.zip,407,batch_3/101519_00001_0000.nii.gz,False,78515748,78515748,0,bd3d6f0e,0,False,34995419063,0,813,45,0,2179792896,True,.nii.gz,1,101519_00001,101519_00001
3,11034011,batch_3.zip,408,batch_3/101520_00001_0000.nii.gz,False,97188301,97188301,0,4f272b8e,0,False,35073934873,0,813,45,0,2179792896,True,.nii.gz,1,101520_00001,101520_00001
3,11034011,batch_3.zip,409,batch_3/101521_00001_0000.nii.gz,False,94918534,94918534,0,c60e28dc,0,False,35171123236,0,813,45,0,2179792896,True,.nii.gz,1,101521_00001,101521_00001
3,11034011,batch_3.zip,410,batch_3/101522_00001_0000.nii.gz,False,61442560,61442560,0,f9fb35a5,0,False,35266041832,0,813,45,0,2179792896,True,.nii.gz,1,101522_00001,101522_00001
3,11034011,batch_3.zip,411,batch_3/101523_00001_0000.nii.gz,False,218412945,218412945,0,e14606f9,0,False,35327484454,0,813,45,0,2179792896,True,.nii.gz,1,101523_00001,101523_00001
3,11034011,batch_3.zip,412,batch_3/101524_00001_0000.nii.gz,False,66056183,66056183,0,27716b4e,0,False,35545897461,0,813,45,0,2179792896,True,.nii.gz,1,101524_00001,101524_00001
3,11034011,batch_3.zip,413,batch_3/101525_00001_0000.nii.gz,False,42249214,42249214,0,9ed9f995,0,False,35611953706,0,813,45,0,2179792896,True,.nii.gz,1,101525_00001,101525_00001
3,11034011,batch_3.zip,414,batch_3/101526_00001_0000.nii.gz,False,23683345,23683345,0,ca5aed86,0,False,35654202982,0,813,45,0,2179792896,True,.nii.gz,1,101526_00001,101526_00001
3,11034011,batch_3.zip,415,batch_3/101527_00001_0000.nii.gz,False,123520668,123520668,0,872e6814,0,False,35677886389,0,813,45,0,2179792896,True,.nii.gz,1,101527_00001,101527_00001
3,11034011,batch_3.zip,416,batch_3/101528_00001_0000.nii.gz,False,38150497,38150497,0,563579ea,0,False,35801407119,0,813,45,0,2179792896,True,.nii.gz,1,101528_00001,101528_00001
3,11034011,batch_3.zip,417,batch_3/101529_00001_0000.nii.gz,False,88120161,88120161,0,372ec198,0,False,35839557678,0,813,45,0,2179792896,True,.nii.gz,1,101529_00001,101529_00001
3,11034011,batch_3.zip,418,batch_3/101530_00001_0000.nii.gz,False,48366475,48366475,0,4939c6ff,0,False,35927677901,0,813,45,0,2179792896,True,.nii.gz,1,101530_00001,101530_00001
3,11034011,batch_3.zip,419,batch_3/101531_00001_0000.nii.gz,False,219884503,219884503,0,f07a9abc,0,False,35976044438,0,813,45,0,2179792896,True,.nii.gz,1,101531_00001,101531_00001
3,11034011,batch_3.zip,420,batch_3/101532_00001_0000.nii.gz,False,41346558,41346558,0,90bd662c,0,False,36195929003,0,813,45,0,2179792896,True,.nii.gz,1,101532_00001,101532_00001
3,11034011,batch_3.zip,421,batch_3/101533_00001_0000.nii.gz,False,219076012,219076012,0,8f6f47d2,0,False,36237275623,0,813,45,0,2179792896,True,.nii.gz,1,101533_00001,101533_00001
3,11034011,batch_3.zip,422,batch_3/101534_00001_0000.nii.gz,False,27111223,27111223,0,45003602,0,False,36456351697,0,813,45,0,2179792896,True,.nii.gz,1,101534_00001,101534_00001
3,11034011,batch_3.zip,423,batch_3/101535_00001_0000.nii.gz,False,104032991,104032991,0,25b25991,0,False,36483462982,0,813,45,0,2179792896,True,.nii.gz,1,101535_00001,101535_00001
3,11034011,batch_3.zip,424,batch_3/101536_00001_0000.nii.gz,False,32371806,32371806,0,63e7e178,0,False,36587496035,0,813,45,0,2179792896,True,.nii.gz,1,101536_00001,101536_00001
3,11034011,batch_3.zip,425,batch_3/101537_00001_0000.nii.gz,False,130139535,130139535,0,1ba7192c,0,False,36619867903,0,813,45,0,2179792896,True,.nii.gz,1,101537_00001,101537_00001
3,11034011,batch_3.zip,426,batch_3/101538_00001_0000.nii.gz,False,21158586,21158586,0,8eab33ed,0,False,36750007500,0,813,45,0,2179792896,True,.nii.gz,1,101538_00001,101538_00001
3,11034011,batch_3.zip,427,batch_3/101539_00001_0000.nii.gz,False,40326941,40326941,0,914c870c,0,False,36771166148,0,813,45,0,2179792896,True,.nii.gz,1,101539_00001,101539_00001
3,11034011,batch_3.zip,428,batch_3/101540_00001_0000.nii.gz,False,93609097,93609097,0,5bd946d6,0,False,36811493151,0,813,45,0,2179792896,True,.nii.gz,1,101540_00001,101540_00001
3,11034011,batch_3.zip,429,batch_3/101541_00001_0000.nii.gz,False,59062090,59062090,0,0ec9fd3f,0,False,36905102310,0,813,45,0,2179792896,True,.nii.gz,1,101541_00001,101541_00001
3,11034011,batch_3.zip,430,batch_3/101542_00001_0000.nii.gz,False,40692206,40692206,0,dc2629bc,0,False,36964164462,0,813,45,0,2179792896,True,.nii.gz,1,101542_00001,101542_00001
3,11034011,batch_3.zip,431,batch_3/101543_00001_0000.nii.gz,False,133816415,133816415,0,bff754e5,0,False,37004856730,0,813,45,0,2179792896,True,.nii.gz,1,101543_00001,101543_00001
3,11034011,batch_3.zip,432,batch_3/101544_00001_0000.nii.gz,False,41587123,41587123,0,b4d4eae8,0,False,37138673207,0,813,45,0,2179792896,True,.nii.gz,1,101544_00001,101544_00001
3,11034011,batch_3.zip,433,batch_3/101545_00001_0000.nii.gz,False,141575914,141575914,0,713e60c6,0,False,37180260392,0,813,45,0,2179792896,True,.nii.gz,1,101545_00001,101545_00001
3,11034011,batch_3.zip,434,batch_3/101546_00001_0000.nii.gz,False,157065235,157065235,0,b64bb46c,0,False,37321836368,0,813,45,0,2179792896,True,.nii.gz,1,101546_00001,101546_00001
3,11034011,batch_3.zip,435,batch_3/101547_00001_0000.nii.gz,False,48936953,48936953,0,4cf6ce5e,0,False,37478901665,0,813,45,0,2179792896,True,.nii.gz,1,101547_00001,101547_00001
3,11034011,batch_3.zip,436,batch_3/101548_00001_0000.nii.gz,False,86225679,86225679,0,0f7860d7,0,False,37527838680,0,813,45,0,2179792896,True,.nii.gz,1,101548_00001,101548_00001
3,11034011,batch_3.zip,437,batch_3/101549_00001_0000.nii.gz,False,40485766,40485766,0,e079ddc6,0,False,37614064421,0,813,45,0,2179792896,True,.nii.gz,1,101549_00001,101549_00001
3,11034011,batch_3.zip,438,batch_3/101550_00001_0000.nii.gz,False,150056064,150056064,0,84964af2,0,False,37654550249,0,813,45,0,2179792896,True,.nii.gz,1,101550_00001,101550_00001
3,11034011,batch_3.zip,439,batch_3/101551_00001_0000.nii.gz,False,82343757,82343757,0,ac455bb8,0,False,37804606375,0,813,45,0,2179792896,True,.nii.gz,1,101551_00001,101551_00001
3,11034011,batch_3.zip,440,batch_3/101552_00001_0000.nii.gz,False,68190018,68190018,0,87c000bc,0,False,37886950194,0,813,45,0,2179792896,True,.nii.gz,1,101552_00001,101552_00001
3,11034011,batch_3.zip,441,batch_3/101553_00001_0000.nii.gz,False,93908957,93908957,0,07af19df,0,False,37955140274,0,813,45,0,2179792896,True,.nii.gz,1,101553_00001,101553_00001
3,11034011,batch_3.zip,442,batch_3/101554_00001_0000.nii.gz,False,48760536,48760536,0,96867cad,0,False,38049049293,0,813,45,0,2179792896,True,.nii.gz,1,101554_00001,101554_00001
3,11034011,batch_3.zip,443,batch_3/101555_00001_0000.nii.gz,False,28531639,28531639,0,d16e81f8,0,False,38097809891,0,813,45,0,2179792896,True,.nii.gz,1,101555_00001,101555_00001
3,11034011,batch_3.zip,444,batch_3/101556_00001_0000.nii.gz,False,11694652,11694652,0,c26dca7a,0,False,38126341592,0,813,45,0,2179792896,True,.nii.gz,1,101556_00001,101556_00001
3,11034011,batch_3.zip,445,batch_3/101557_00001_0000.nii.gz,False,21228649,21228649,0,fd645d02,0,False,38138036306,0,813,45,0,2179792896,True,.nii.gz,1,101557_00001,101557_00001
3,11034011,batch_3.zip,446,batch_3/101558_00001_0000.nii.gz,False,26519719,26519719,0,9e709bfd,0,False,38159265017,0,813,45,0,2179792896,True,.nii.gz,1,101558_00001,101558_00001
3,11034011,batch_3.zip,447,batch_3/101559_00001_0000.nii.gz,False,37642194,37642194,0,17dee970,0,False,38185784798,0,813,45,0,2179792896,True,.nii.gz,1,101559_00001,101559_00001
3,11034011,batch_3.zip,448,batch_3/101560_00001_0000.nii.gz,False,57799113,57799113,0,71e7511d,0,False,38223427054,0,813,45,0,2179792896,True,.nii.gz,1,101560_00001,101560_00001
3,11034011,batch_3.zip,449,batch_3/101561_00001_0000.nii.gz,False,45948986,45948986,0,69f754e5,0,False,38281226229,0,813,45,0,2179792896,True,.nii.gz,1,101561_00001,101561_00001
3,11034011,batch_3.zip,450,batch_3/101562_00001_0000.nii.gz,False,56626667,56626667,0,65ddcf46,0,False,38327175277,0,813,45,0,2179792896,True,.nii.gz,1,101562_00001,101562_00001
3,11034011,batch_3.zip,451,batch_3/101563_00001_0000.nii.gz,False,286448267,286448267,0,727831ae,0,False,38383802006,0,813,45,0,2179792896,True,.nii.gz,1,101563_00001,101563_00001
3,11034011,batch_3.zip,452,batch_3/101564_00001_0000.nii.gz,False,41640367,41640367,0,bcde22b7,0,False,38670250335,0,813,45,0,2179792896,True,.nii.gz,1,101564_00001,101564_00001
3,11034011,batch_3.zip,453,batch_3/101565_00001_0000.nii.gz,False,47709325,47709325,0,e21ed39f,0,False,38711890764,0,813,45,0,2179792896,True,.nii.gz,1,101565_00001,101565_00001
3,11034011,batch_3.zip,454,batch_3/101566_00001_0000.nii.gz,False,101065640,101065640,0,edc23946,0,False,38759600151,0,813,45,0,2179792896,True,.nii.gz,1,101566_00001,101566_00001
3,11034011,batch_3.zip,455,batch_3/101567_00001_0000.nii.gz,False,45823876,45823876,0,eaa3a48d,0,False,38860665853,0,813,45,0,2179792896,True,.nii.gz,1,101567_00001,101567_00001
3,11034011,batch_3.zip,456,batch_3/101568_00001_0000.nii.gz,False,98771661,98771661,0,e2f79186,0,False,38906489791,0,813,45,0,2179792896,True,.nii.gz,1,101568_00001,101568_00001
3,11034011,batch_3.zip,457,batch_3/101569_00001_0000.nii.gz,False,110650317,110650317,0,9b867668,0,False,39005261514,0,813,45,0,2179792896,True,.nii.gz,1,101569_00001,101569_00001
3,11034011,batch_3.zip,458,batch_3/101570_00001_0000.nii.gz,False,31389003,31389003,0,94a53458,0,False,39115911893,0,813,45,0,2179792896,True,.nii.gz,1,101570_00001,101570_00001
3,11034011,batch_3.zip,459,batch_3/101571_00001_0000.nii.gz,False,79586295,79586295,0,9f045cdb,0,False,39147300958,0,813,45,0,2179792896,True,.nii.gz,1,101571_00001,101571_00001
3,11034011,batch_3.zip,460,batch_3/101572_00001_0000.nii.gz,False,135598059,135598059,0,ac112749,0,False,39226887315,0,813,45,0,2179792896,True,.nii.gz,1,101572_00001,101572_00001
3,11034011,batch_3.zip,461,batch_3/101573_00001_0000.nii.gz,False,42676225,42676225,0,27d4c1ea,0,False,39362485436,0,813,45,0,2179792896,True,.nii.gz,1,101573_00001,101573_00001
3,11034011,batch_3.zip,462,batch_3/101574_00001_0000.nii.gz,False,50811884,50811884,0,f3c4ee00,0,False,39405161723,0,813,45,0,2179792896,True,.nii.gz,1,101574_00001,101574_00001
3,11034011,batch_3.zip,463,batch_3/101575_00001_0000.nii.gz,False,83909047,83909047,0,c75f5bae,0,False,39455973669,0,813,45,0,2179792896,True,.nii.gz,1,101575_00001,101575_00001
3,11034011,batch_3.zip,464,batch_3/101576_00001_0000.nii.gz,False,15176854,15176854,0,c65e6573,0,False,39539882778,0,813,45,0,2179792896,True,.nii.gz,1,101576_00001,101576_00001
3,11034011,batch_3.zip,465,batch_3/101577_00001_0000.nii.gz,False,254220224,254220224,0,7850f0d6,0,False,39555059694,0,813,45,0,2179792896,True,.nii.gz,1,101577_00001,101577_00001
3,11034011,batch_3.zip,466,batch_3/101578_00001_0000.nii.gz,False,71218457,71218457,0,f8085bc1,0,False,39809279980,0,813,45,0,2179792896,True,.nii.gz,1,101578_00001,101578_00001
3,11034011,batch_3.zip,467,batch_3/101579_00001_0000.nii.gz,False,38513579,38513579,0,55c8005d,0,False,39880498499,0,813,45,0,2179792896,True,.nii.gz,1,101579_00001,101579_00001
3,11034011,batch_3.zip,468,batch_3/101580_00001_0000.nii.gz,False,89673570,89673570,0,fff9ec86,0,False,39919012140,0,813,45,0,2179792896,True,.nii.gz,1,101580_00001,101580_00001
3,11034011,batch_3.zip,469,batch_3/101581_00001_0000.nii.gz,False,25034139,25034139,0,f0aedc31,0,False,40008685772,0,813,45,0,2179792896,True,.nii.gz,1,101581_00001,101581_00001
3,11034011,batch_3.zip,470,batch_3/101582_00001_0000.nii.gz,False,70649920,70649920,0,a773219e,0,False,40033719973,0,813,45,0,2179792896,True,.nii.gz,1,101582_00001,101582_00001
3,11034011,batch_3.zip,471,batch_3/101583_00001_0000.nii.gz,False,99314840,99314840,0,eaa99867,0,False,40104369955,0,813,45,0,2179792896,True,.nii.gz,1,101583_00001,101583_00001
3,11034011,batch_3.zip,472,batch_3/101584_00001_0000.nii.gz,False,25898236,25898236,0,f86d2444,0,False,40203684857,0,813,45,0,2179792896,True,.nii.gz,1,101584_00001,101584_00001
3,11034011,batch_3.zip,473,batch_3/101585_00001_0000.nii.gz,False,94102477,94102477,0,fbe7f1b3,0,False,40229583155,0,813,45,0,2179792896,True,.nii.gz,1,101585_00001,101585_00001
3,11034011,batch_3.zip,474,batch_3/101586_00001_0000.nii.gz,False,38666544,38666544,0,c21cf66a,0,False,40323685694,0,813,45,0,2179792896,True,.nii.gz,1,101586_00001,101586_00001
3,11034011,batch_3.zip,475,batch_3/101587_00001_0000.nii.gz,False,87631141,87631141,0,8413354c,0,False,40362352300,0,813,45,0,2179792896,True,.nii.gz,1,101587_00001,101587_00001
3,11034011,batch_3.zip,476,batch_3/101588_00001_0000.nii.gz,False,69835520,69835520,0,96b35306,0,False,40449983503,0,813,45,0,2179792896,True,.nii.gz,1,101588_00001,101588_00001
3,11034011,batch_3.zip,477,batch_3/101589_00001_0000.nii.gz,False,145451855,145451855,0,16f16c2a,0,False,40519819085,0,813,45,0,2179792896,True,.nii.gz,1,101589_00001,101589_00001
3,11034011,batch_3.zip,478,batch_3/101590_00001_0000.nii.gz,False,59693471,59693471,0,70aabce7,0,False,40665271002,0,813,45,0,2179792896,True,.nii.gz,1,101590_00001,101590_00001
3,11034011,batch_3.zip,479,batch_3/101591_00001_0000.nii.gz,False,29037160,29037160,0,cea09517,0,False,40724964535,0,813,45,0,2179792896,True,.nii.gz,1,101591_00001,101591_00001
3,11034011,batch_3.zip,480,batch_3/101592_00001_0000.nii.gz,False,14572487,14572487,0,7c18bfe4,0,False,40754001757,0,813,45,0,2179792896,True,.nii.gz,1,101592_00001,101592_00001
3,11034011,batch_3.zip,481,batch_3/101593_00001_0000.nii.gz,False,50578026,50578026,0,a2e6320d,0,False,40768574306,0,813,45,0,2179792896,True,.nii.gz,1,101593_00001,101593_00001
3,11034011,batch_3.zip,482,batch_3/101594_00001_0000.nii.gz,False,30617166,30617166,0,1ad6fe30,0,False,40819152394,0,813,45,0,2179792896,True,.nii.gz,1,101594_00001,101594_00001
3,11034011,batch_3.zip,483,batch_3/101595_00001_0000.nii.gz,False,41664426,41664426,0,6967f834,0,False,40849769622,0,813,45,0,2179792896,True,.nii.gz,1,101595_00001,101595_00001
3,11034011,batch_3.zip,484,batch_3/101595_00002_0000.nii.gz,False,41549689,41549689,0,858c673c,0,False,40891434110,0,813,45,0,2179792896,True,.nii.gz,1,101595_00002,101595_00002
3,11034011,batch_3.zip,485,batch_3/101596_00001_0000.nii.gz,False,231767922,231767922,0,91fa97a5,0,False,40932983861,0,813,45,0,2179792896,True,.nii.gz,1,101596_00001,101596_00001
3,11034011,batch_3.zip,486,batch_3/101597_00001_0000.nii.gz,False,53182102,53182102,0,a8b0b77e,0,False,41164751845,0,813,45,0,2179792896,True,.nii.gz,1,101597_00001,101597_00001
3,11034011,batch_3.zip,487,batch_3/101598_00001_0000.nii.gz,False,217645679,217645679,0,37c2091b,0,False,41217934009,0,813,45,0,2179792896,True,.nii.gz,1,101598_00001,101598_00001
3,11034011,batch_3.zip,488,batch_3/101599_00001_0000.nii.gz,False,89178181,89178181,0,35085af6,0,False,41435579750,0,813,45,0,2179792896,True,.nii.gz,1,101599_00001,101599_00001
3,11034011,batch_3.zip,489,batch_3/101600_00001_0000.nii.gz,False,70128730,70128730,0,8865a1e5,0,False,41524757993,0,813,45,0,2179792896,True,.nii.gz,1,101600_00001,101600_00001
3,11034011,batch_3.zip,490,batch_3/101601_00001_0000.nii.gz,False,27143467,27143467,0,13c8313a,0,False,41594886785,0,813,45,0,2179792896,True,.nii.gz,1,101601_00001,101601_00001
3,11034011,batch_3.zip,491,batch_3/101602_00001_0000.nii.gz,False,167417222,167417222,0,3e3e437f,0,False,41622030314,0,813,45,0,2179792896,True,.nii.gz,1,101602_00001,101602_00001
3,11034011,batch_3.zip,492,batch_3/101603_00001_0000.nii.gz,False,85187647,85187647,0,2ae13a07,0,False,41789447598,0,813,45,0,2179792896,True,.nii.gz,1,101603_00001,101603_00001
3,11034011,batch_3.zip,493,batch_3/101604_00001_0000.nii.gz,False,29991042,29991042,0,2c310c77,0,False,41874635307,0,813,45,0,2179792896,True,.nii.gz,1,101604_00001,101604_00001
3,11034011,batch_3.zip,494,batch_3/101605_00001_0000.nii.gz,False,114055558,114055558,0,9b7fb959,0,False,41904626411,0,813,45,0,2179792896,True,.nii.gz,1,101605_00001,101605_00001
3,11034011,batch_3.zip,495,batch_3/101606_00001_0000.nii.gz,False,57141262,57141262,0,1d3f5aaf,0,False,42018682031,0,813,45,0,2179792896,True,.nii.gz,1,101606_00001,101606_00001
3,11034011,batch_3.zip,496,batch_3/101607_00001_0000.nii.gz,False,23798968,23798968,0,a86b8e00,0,False,42075823355,0,813,45,0,2179792896,True,.nii.gz,1,101607_00001,101607_00001
3,11034011,batch_3.zip,497,batch_3/101608_00001_0000.nii.gz,False,42930151,42930151,0,97309dde,0,False,42099622385,0,813,45,0,2179792896,True,.nii.gz,1,101608_00001,101608_00001
3,11034011,batch_3.zip,498,batch_3/101609_00001_0000.nii.gz,False,31380949,31380949,0,241c089a,0,False,42142552598,0,813,45,0,2179792896,True,.nii.gz,1,101609_00001,101609_00001
3,11034011,batch_3.zip,499,batch_3/101610_00001_0000.nii.gz,False,93219677,93219677,0,91b9ebf4,0,False,42173933609,0,813,45,0,2179792896,True,.nii.gz,1,101610_00001,101610_00001
3,11034011,batch_3.zip,500,batch_3/101611_00001_0000.nii.gz,False,30589171,30589171,0,7f90c132,0,False,42267153348,0,813,45,0,2179792896,True,.nii.gz,1,101611_00001,101611_00001
3,11034011,batch_3.zip,501,batch_3/101612_00001_0000.nii.gz,False,278049376,278049376,0,dccee979,0,False,42297742581,0,813,45,0,2179792896,True,.nii.gz,1,101612_00001,101612_00001
3,11034011,batch_3.zip,502,batch_3/101613_00001_0000.nii.gz,False,24244814,24244814,0,db6ada4b,0,False,42575792019,0,813,45,0,2179792896,True,.nii.gz,1,101613_00001,101613_00001
3,11034011,batch_3.zip,503,batch_3/101614_00001_0000.nii.gz,False,49986117,49986117,0,43a84115,0,False,42600036895,0,813,45,0,2179792896,True,.nii.gz,1,101614_00001,101614_00001
3,11034011,batch_3.zip,504,batch_3/101615_00001_0000.nii.gz,False,156996657,156996657,0,fbf4e0a4,0,False,42650023074,0,813,45,0,2179792896,True,.nii.gz,1,101615_00001,101615_00001
3,11034011,batch_3.zip,505,batch_3/101616_00001_0000.nii.gz,False,178008955,178008955,0,53e7c9dc,0,False,42807019793,0,813,45,0,2179792896,True,.nii.gz,1,101616_00001,101616_00001
3,11034011,batch_3.zip,506,batch_3/101617_00001_0000.nii.gz,False,39332976,39332976,0,8bda76fd,0,False,42985028810,0,813,45,0,2179792896,True,.nii.gz,1,101617_00001,101617_00001
3,11034011,batch_3.zip,507,batch_3/101618_00001_0000.nii.gz,False,82966226,82966226,0,b1adadec,0,False,43024361848,0,813,45,0,2179792896,True,.nii.gz,1,101618_00001,101618_00001
3,11034011,batch_3.zip,508,batch_3/101619_00001_0000.nii.gz,False,68403838,68403838,0,8c3cc0f5,0,False,43107328136,0,813,45,0,2179792896,True,.nii.gz,1,101619_00001,101619_00001
3,11034011,batch_3.zip,509,batch_3/101620_00001_0000.nii.gz,False,64435134,64435134,0,7d9346e8,0,False,43175732036,0,813,45,0,2179792896,True,.nii.gz,1,101620_00001,101620_00001
3,11034011,batch_3.zip,510,batch_3/101621_00001_0000.nii.gz,False,25429209,25429209,0,6a22ac74,0,False,43240167232,0,813,45,0,2179792896,True,.nii.gz,1,101621_00001,101621_00001
3,11034011,batch_3.zip,511,batch_3/101622_00001_0000.nii.gz,False,75593454,75593454,0,c003fbf0,0,False,43265596503,0,813,45,0,2179792896,True,.nii.gz,1,101622_00001,101622_00001
3,11034011,batch_3.zip,512,batch_3/101623_00001_0000.nii.gz,False,43338093,43338093,0,2e61ce3f,0,False,43341190019,0,813,45,0,2179792896,True,.nii.gz,1,101623_00001,101623_00001
3,11034011,batch_3.zip,513,batch_3/101624_00001_0000.nii.gz,False,86382716,86382716,0,f2e9ea50,0,False,43384528174,0,813,45,0,2179792896,True,.nii.gz,1,101624_00001,101624_00001
3,11034011,batch_3.zip,514,batch_3/101625_00001_0000.nii.gz,False,111490039,111490039,0,d2e03725,0,False,43470910952,0,813,45,0,2179792896,True,.nii.gz,1,101625_00001,101625_00001
3,11034011,batch_3.zip,515,batch_3/101626_00001_0000.nii.gz,False,52401236,52401236,0,0193f6bb,0,False,43582401053,0,813,45,0,2179792896,True,.nii.gz,1,101626_00001,101626_00001
3,11034011,batch_3.zip,516,batch_3/101627_00001_0000.nii.gz,False,73506009,73506009,0,798ca50d,0,False,43634802351,0,813,45,0,2179792896,True,.nii.gz,1,101627_00001,101627_00001
3,11034011,batch_3.zip,517,batch_3/101628_00001_0000.nii.gz,False,43061813,43061813,0,3d4ace21,0,False,43708308422,0,813,45,0,2179792896,True,.nii.gz,1,101628_00001,101628_00001
3,11034011,batch_3.zip,518,batch_3/101629_00001_0000.nii.gz,False,50959052,50959052,0,edba7dfa,0,False,43751370297,0,813,45,0,2179792896,True,.nii.gz,1,101629_00001,101629_00001
3,11034011,batch_3.zip,519,batch_3/101630_00001_0000.nii.gz,False,78124874,78124874,0,f8093dc1,0,False,43802329411,0,813,45,0,2179792896,True,.nii.gz,1,101630_00001,101630_00001
3,11034011,batch_3.zip,520,batch_3/101631_00001_0000.nii.gz,False,81946599,81946599,0,0447dda3,0,False,43880454347,0,813,45,0,2179792896,True,.nii.gz,1,101631_00001,101631_00001
3,11034011,batch_3.zip,521,batch_3/101632_00001_0000.nii.gz,False,118733072,118733072,0,c6508dd6,0,False,43962401008,0,813,45,0,2179792896,True,.nii.gz,1,101632_00001,101632_00001
3,11034011,batch_3.zip,522,batch_3/101633_00001_0000.nii.gz,False,77246212,77246212,0,de924115,0,False,44081134142,0,813,45,0,2179792896,True,.nii.gz,1,101633_00001,101633_00001
3,11034011,batch_3.zip,523,batch_3/101634_00001_0000.nii.gz,False,82271863,82271863,0,94f8ac5c,0,False,44158380416,0,813,45,0,2179792896,True,.nii.gz,1,101634_00001,101634_00001
3,11034011,batch_3.zip,524,batch_3/101635_00001_0000.nii.gz,False,12290845,12290845,0,2e60a3d3,0,False,44240652341,0,813,45,0,2179792896,True,.nii.gz,1,101635_00001,101635_00001
3,11034011,batch_3.zip,525,batch_3/101636_00001_0000.nii.gz,False,192688513,192688513,0,694ee6fc,0,False,44252943248,0,813,45,0,2179792896,True,.nii.gz,1,101636_00001,101636_00001
3,11034011,batch_3.zip,526,batch_3/101637_00001_0000.nii.gz,False,16331821,16331821,0,a567c034,0,False,44445631823,0,813,45,0,2179792896,True,.nii.gz,1,101637_00001,101637_00001
3,11034011,batch_3.zip,527,batch_3/101638_00001_0000.nii.gz,False,59060528,59060528,0,22868605,0,False,44461963706,0,813,45,0,2179792896,True,.nii.gz,1,101638_00001,101638_00001
3,11034011,batch_3.zip,528,batch_3/101639_00001_0000.nii.gz,False,69512053,69512053,0,7ec65d4c,0,False,44521024296,0,813,45,0,2179792896,True,.nii.gz,1,101639_00001,101639_00001
3,11034011,batch_3.zip,529,batch_3/101640_00001_0000.nii.gz,False,47493181,47493181,0,96acffa4,0,False,44590536411,0,813,45,0,2179792896,True,.nii.gz,1,101640_00001,101640_00001
3,11034011,batch_3.zip,530,batch_3/101641_00001_0000.nii.gz,False,57688230,57688230,0,37734069,0,False,44638029654,0,813,45,0,2179792896,True,.nii.gz,1,101641_00001,101641_00001
3,11034011,batch_3.zip,531,batch_3/101642_00001_0000.nii.gz,False,89444153,89444153,0,7a0bb0e9,0,False,44695717946,0,813,45,0,2179792896,True,.nii.gz,1,101642_00001,101642_00001
3,11034011,batch_3.zip,532,batch_3/101643_00001_0000.nii.gz,False,163018851,163018851,0,6227ac34,0,False,44785162161,0,813,45,0,2179792896,True,.nii.gz,1,101643_00001,101643_00001
3,11034011,batch_3.zip,533,batch_3/101644_00001_0000.nii.gz,False,89722470,89722470,0,30cac4a2,0,False,44948181074,0,813,45,0,2179792896,True,.nii.gz,1,101644_00001,101644_00001
3,11034011,batch_3.zip,534,batch_3/101645_00001_0000.nii.gz,False,66504584,66504584,0,f0744133,0,False,45037903606,0,813,45,0,2179792896,True,.nii.gz,1,101645_00001,101645_00001
3,11034011,batch_3.zip,535,batch_3/101646_00001_0000.nii.gz,False,85798147,85798147,0,9c76a375,0,False,45104408252,0,813,45,0,2179792896,True,.nii.gz,1,101646_00001,101646_00001
3,11034011,batch_3.zip,536,batch_3/101647_00001_0000.nii.gz,False,108130886,108130886,0,7dfabc4d,0,False,45190206461,0,813,45,0,2179792896,True,.nii.gz,1,101647_00001,101647_00001
3,11034011,batch_3.zip,537,batch_3/101648_00001_0000.nii.gz,False,105266385,105266385,0,36df078b,0,False,45298337409,0,813,45,0,2179792896,True,.nii.gz,1,101648_00001,101648_00001
3,11034011,batch_3.zip,538,batch_3/101649_00001_0000.nii.gz,False,71757040,71757040,0,a1f4a249,0,False,45403603856,0,813,45,0,2179792896,True,.nii.gz,1,101649_00001,101649_00001
3,11034011,batch_3.zip,539,batch_3/101650_00001_0000.nii.gz,False,69799719,69799719,0,10371018,0,False,45475360958,0,813,45,0,2179792896,True,.nii.gz,1,101650_00001,101650_00001
3,11034011,batch_3.zip,540,batch_3/101651_00001_0000.nii.gz,False,86131558,86131558,0,1024da26,0,False,45545160739,0,813,45,0,2179792896,True,.nii.gz,1,101651_00001,101651_00001
3,11034011,batch_3.zip,541,batch_3/101652_00001_0000.nii.gz,False,315008022,315008022,0,0cc71e5e,0,False,45631292359,0,813,45,0,2179792896,True,.nii.gz,1,101652_00001,101652_00001
3,11034011,batch_3.zip,542,batch_3/101653_00001_0000.nii.gz,False,277911677,277911677,0,94b446ff,0,False,45946300443,0,813,45,0,2179792896,True,.nii.gz,1,101653_00001,101653_00001
3,11034011,batch_3.zip,543,batch_3/101654_00001_0000.nii.gz,False,70254213,70254213,0,c48e8113,0,False,46224212182,0,813,45,0,2179792896,True,.nii.gz,1,101654_00001,101654_00001
3,11034011,batch_3.zip,544,batch_3/101655_00001_0000.nii.gz,False,158799031,158799031,0,e284b171,0,False,46294466457,0,813,45,0,2179792896,True,.nii.gz,1,101655_00001,101655_00001
3,11034011,batch_3.zip,545,batch_3/101656_00001_0000.nii.gz,False,27186873,27186873,0,10c66bc6,0,False,46453265550,0,813,45,0,2179792896,True,.nii.gz,1,101656_00001,101656_00001
3,11034011,batch_3.zip,546,batch_3/101657_00001_0000.nii.gz,False,93306444,93306444,0,4bbb8104,0,False,46480452485,0,813,45,0,2179792896,True,.nii.gz,1,101657_00001,101657_00001
3,11034011,batch_3.zip,547,batch_3/101658_00001_0000.nii.gz,False,218688353,218688353,0,d34dfd48,0,False,46573758991,0,813,45,0,2179792896,True,.nii.gz,1,101658_00001,101658_00001
3,11034011,batch_3.zip,548,batch_3/101659_00001_0000.nii.gz,False,54268480,54268480,0,9026b6a2,0,False,46792447406,0,813,45,0,2179792896,True,.nii.gz,1,101659_00001,101659_00001
3,11034011,batch_3.zip,549,batch_3/101660_00001_0000.nii.gz,False,30721942,30721942,0,cb33081f,0,False,46846715948,0,813,45,0,2179792896,True,.nii.gz,1,101660_00001,101660_00001
3,11034011,batch_3.zip,550,batch_3/101661_00001_0000.nii.gz,False,177098631,177098631,0,72980f3c,0,False,46877437952,0,813,45,0,2179792896,True,.nii.gz,1,101661_00001,101661_00001
3,11034011,batch_3.zip,551,batch_3/101662_00001_0000.nii.gz,False,136868893,136868893,0,8ebe1b0a,0,False,47054536645,0,813,45,0,2179792896,True,.nii.gz,1,101662_00001,101662_00001
3,11034011,batch_3.zip,552,batch_3/101663_00001_0000.nii.gz,False,28298499,28298499,0,5aaa9e3c,0,False,47191405600,0,813,45,0,2179792896,True,.nii.gz,1,101663_00001,101663_00001
3,11034011,batch_3.zip,553,batch_3/101664_00001_0000.nii.gz,False,59759524,59759524,0,e9ef280e,0,False,47219704161,0,813,45,0,2179792896,True,.nii.gz,1,101664_00001,101664_00001
3,11034011,batch_3.zip,554,batch_3/101665_00001_0000.nii.gz,False,59282615,59282615,0,919e0122,0,False,47279463747,0,813,45,0,2179792896,True,.nii.gz,1,101665_00001,101665_00001
3,11034011,batch_3.zip,555,batch_3/101666_00001_0000.nii.gz,False,140416995,140416995,0,10d60868,0,False,47338746424,0,813,45,0,2179792896,True,.nii.gz,1,101666_00001,101666_00001
3,11034011,batch_3.zip,556,batch_3/101667_00001_0000.nii.gz,False,30561407,30561407,0,10c8a9e0,0,False,47479163481,0,813,45,0,2179792896,True,.nii.gz,1,101667_00001,101667_00001
3,11034011,batch_3.zip,557,batch_3/101668_00001_0000.nii.gz,False,25604808,25604808,0,2cc447a8,0,False,47509724950,0,813,45,0,2179792896,True,.nii.gz,1,101668_00001,101668_00001
3,11034011,batch_3.zip,558,batch_3/101669_00001_0000.nii.gz,False,163666199,163666199,0,51240ccc,0,False,47535329820,0,813,45,0,2179792896,True,.nii.gz,1,101669_00001,101669_00001
3,11034011,batch_3.zip,559,batch_3/101670_00001_0000.nii.gz,False,94132903,94132903,0,ebc9620f,0,False,47698996081,0,813,45,0,2179792896,True,.nii.gz,1,101670_00001,101670_00001
3,11034011,batch_3.zip,560,batch_3/101671_00001_0000.nii.gz,False,47109680,47109680,0,e62d5539,0,False,47793129046,0,813,45,0,2179792896,True,.nii.gz,1,101671_00001,101671_00001
3,11034011,batch_3.zip,561,batch_3/101672_00001_0000.nii.gz,False,51376520,51376520,0,4fce08b3,0,False,47840238788,0,813,45,0,2179792896,True,.nii.gz,1,101672_00001,101672_00001
3,11034011,batch_3.zip,562,batch_3/101673_00001_0000.nii.gz,False,93945235,93945235,0,c6f99c2e,0,False,47891615370,0,813,45,0,2179792896,True,.nii.gz,1,101673_00001,101673_00001
3,11034011,batch_3.zip,563,batch_3/101674_00001_0000.nii.gz,False,90898711,90898711,0,70ecc265,0,False,47985560667,0,813,45,0,2179792896,True,.nii.gz,1,101674_00001,101674_00001
3,11034011,batch_3.zip,564,batch_3/101675_00001_0000.nii.gz,False,32284523,32284523,0,1494f0b7,0,False,48076459440,0,813,45,0,2179792896,True,.nii.gz,1,101675_00001,101675_00001
3,11034011,batch_3.zip,565,batch_3/101676_00001_0000.nii.gz,False,51323132,51323132,0,d74bfb38,0,False,48108744025,0,813,45,0,2179792896,True,.nii.gz,1,101676_00001,101676_00001
3,11034011,batch_3.zip,566,batch_3/101677_00001_0000.nii.gz,False,64429286,64429286,0,f81fd36c,0,False,48160067219,0,813,45,0,2179792896,True,.nii.gz,1,101677_00001,101677_00001
3,11034011,batch_3.zip,567,batch_3/101678_00001_0000.nii.gz,False,56956283,56956283,0,bc2c8bf4,0,False,48224496567,0,813,45,0,2179792896,True,.nii.gz,1,101678_00001,101678_00001
3,11034011,batch_3.zip,568,batch_3/101679_00001_0000.nii.gz,False,109962788,109962788,0,e9a36fcb,0,False,48281452912,0,813,45,0,2179792896,True,.nii.gz,1,101679_00001,101679_00001
3,11034011,batch_3.zip,569,batch_3/101680_00001_0000.nii.gz,False,70194833,70194833,0,623651ea,0,False,48391415762,0,813,45,0,2179792896,True,.nii.gz,1,101680_00001,101680_00001
3,11034011,batch_3.zip,570,batch_3/101681_00001_0000.nii.gz,False,18147710,18147710,0,482ac12a,0,False,48461610657,0,813,45,0,2179792896,True,.nii.gz,1,101681_00001,101681_00001
3,11034011,batch_3.zip,571,batch_3/101682_00001_0000.nii.gz,False,55957607,55957607,0,d2dfb70b,0,False,48479758429,0,813,45,0,2179792896,True,.nii.gz,1,101682_00001,101682_00001
3,11034011,batch_3.zip,572,batch_3/101683_00001_0000.nii.gz,False,31567797,31567797,0,f8c97d79,0,False,48535716098,0,813,45,0,2179792896,True,.nii.gz,1,101683_00001,101683_00001
3,11034011,batch_3.zip,573,batch_3/101684_00001_0000.nii.gz,False,92741458,92741458,0,8d8725a5,0,False,48567283957,0,813,45,0,2179792896,True,.nii.gz,1,101684_00001,101684_00001
3,11034011,batch_3.zip,574,batch_3/101685_00001_0000.nii.gz,False,64416074,64416074,0,621368c7,0,False,48660025477,0,813,45,0,2179792896,True,.nii.gz,1,101685_00001,101685_00001
3,11034011,batch_3.zip,575,batch_3/101686_00001_0000.nii.gz,False,28189951,28189951,0,2b6e9210,0,False,48724441613,0,813,45,0,2179792896,True,.nii.gz,1,101686_00001,101686_00001
3,11034011,batch_3.zip,576,batch_3/101687_00001_0000.nii.gz,False,247049143,247049143,0,148092ae,0,False,48752631626,0,813,45,0,2179792896,True,.nii.gz,1,101687_00001,101687_00001
3,11034011,batch_3.zip,577,batch_3/101688_00001_0000.nii.gz,False,26416195,26416195,0,e3f9176f,0,False,48999680831,0,813,45,0,2179792896,True,.nii.gz,1,101688_00001,101688_00001
3,11034011,batch_3.zip,578,batch_3/101689_00001_0000.nii.gz,False,80975005,80975005,0,a4d1c442,0,False,49026097088,0,813,45,0,2179792896,True,.nii.gz,1,101689_00001,101689_00001
3,11034011,batch_3.zip,579,batch_3/101690_00001_0000.nii.gz,False,179923801,179923801,0,0684bb0b,0,False,49107072155,0,813,45,0,2179792896,True,.nii.gz,1,101690_00001,101690_00001
4,10999754,batch_4.zip,0,batch_4/101691_00001_0000.nii.gz,False,220374107,220374107,0,fbb07ac3,0,False,0,0,788,20,0,2179792896,True,.nii.gz,1,101691_00001,101691_00001
4,10999754,batch_4.zip,1,batch_4/101692_00001_0000.nii.gz,False,208578739,208578739,0,ee3e55ff,0,False,220374169,0,788,20,0,2179792896,True,.nii.gz,1,101692_00001,101692_00001
4,10999754,batch_4.zip,2,batch_4/101693_00001_0000.nii.gz,False,146148700,146148700,0,e2c2851d,0,False,428952970,0,788,20,0,2179792896,True,.nii.gz,1,101693_00001,101693_00001
4,10999754,batch_4.zip,3,batch_4/101694_00001_0000.nii.gz,False,98438842,98438842,0,5c797ec7,0,False,575101732,0,788,20,0,2179792896,True,.nii.gz,1,101694_00001,101694_00001
4,10999754,batch_4.zip,4,batch_4/101695_00001_0000.nii.gz,False,221182215,221182215,0,810d8ebf,0,False,673540636,0,788,20,0,2179792896,True,.nii.gz,1,101695_00001,101695_00001
4,10999754,batch_4.zip,5,batch_4/101696_00001_0000.nii.gz,False,44463433,44463433,0,26baca1c,0,False,894722913,0,788,20,0,2179792896,True,.nii.gz,1,101696_00001,101696_00001
4,10999754,batch_4.zip,6,batch_4/101697_00001_0000.nii.gz,False,25539771,25539771,0,a286744d,0,False,939186408,0,788,20,0,2179792896,True,.nii.gz,1,101697_00001,101697_00001
4,10999754,batch_4.zip,7,batch_4/101698_00001_0000.nii.gz,False,165319268,165319268,0,e13c3861,0,False,964726241,0,788,20,0,2179792896,True,.nii.gz,1,101698_00001,101698_00001
4,10999754,batch_4.zip,8,batch_4/101699_00001_0000.nii.gz,False,49302384,49302384,0,2e9294d2,0,False,1130045571,0,788,20,0,2179792896,True,.nii.gz,1,101699_00001,101699_00001
4,10999754,batch_4.zip,9,batch_4/101700_00001_0000.nii.gz,False,27745442,27745442,0,ac798730,0,False,1179348017,0,788,20,0,2179792896,True,.nii.gz,1,101700_00001,101700_00001
4,10999754,batch_4.zip,10,batch_4/101701_00001_0000.nii.gz,False,31322891,31322891,0,7276873a,0,False,1207093521,0,788,20,0,2179792896,True,.nii.gz,1,101701_00001,101701_00001
4,10999754,batch_4.zip,11,batch_4/101702_00001_0000.nii.gz,False,98165189,98165189,0,b5831530,0,False,1238416474,0,788,20,0,2179792896,True,.nii.gz,1,101702_00001,101702_00001
4,10999754,batch_4.zip,12,batch_4/101703_00001_0000.nii.gz,False,154479743,154479743,0,0548e325,0,False,1336581725,0,788,20,0,2179792896,True,.nii.gz,1,101703_00001,101703_00001
4,10999754,batch_4.zip,13,batch_4/101704_00001_0000.nii.gz,False,61636483,61636483,0,f5bb4b0d,0,False,1491061530,0,788,20,0,2179792896,True,.nii.gz,1,101704_00001,101704_00001
4,10999754,batch_4.zip,14,batch_4/101705_00001_0000.nii.gz,False,175196986,175196986,0,b60a68d4,0,False,1552698075,0,788,20,0,2179792896,True,.nii.gz,1,101705_00001,101705_00001
4,10999754,batch_4.zip,15,batch_4/101706_00001_0000.nii.gz,False,95102451,95102451,0,5e413f53,0,False,1727895123,0,788,20,0,2179792896,True,.nii.gz,1,101706_00001,101706_00001
4,10999754,batch_4.zip,16,batch_4/101707_00001_0000.nii.gz,False,34405751,34405751,0,a2c552ee,0,False,1822997636,0,788,20,0,2179792896,True,.nii.gz,1,101707_00001,101707_00001
4,10999754,batch_4.zip,17,batch_4/101708_00001_0000.nii.gz,False,69650745,69650745,0,411cbcad,0,False,1857403449,0,788,20,0,2179792896,True,.nii.gz,1,101708_00001,101708_00001
4,10999754,batch_4.zip,18,batch_4/101709_00001_0000.nii.gz,False,58014699,58014699,0,c1dd945d,0,False,1927054256,0,788,20,0,2179792896,True,.nii.gz,1,101709_00001,101709_00001
4,10999754,batch_4.zip,19,batch_4/101710_00001_0000.nii.gz,False,38698677,38698677,0,06c361b5,0,False,1985069017,0,788,20,0,2179792896,True,.nii.gz,1,101710_00001,101710_00001
4,10999754,batch_4.zip,20,batch_4/101711_00001_0000.nii.gz,False,84840103,84840103,0,89ef3755,0,False,2023767756,0,788,20,0,2179792896,True,.nii.gz,1,101711_00001,101711_00001
4,10999754,batch_4.zip,21,batch_4/101712_00001_0000.nii.gz,False,201559337,201559337,0,50b7fb95,0,False,2108607921,0,788,20,0,2179792896,True,.nii.gz,1,101712_00001,101712_00001
4,10999754,batch_4.zip,22,batch_4/101713_00001_0000.nii.gz,False,43208209,43208209,0,9a099dd6,0,False,2310167320,0,813,45,0,2179792896,True,.nii.gz,1,101713_00001,101713_00001
4,10999754,batch_4.zip,23,batch_4/101714_00001_0000.nii.gz,False,91550682,91550682,0,59a162a9,0,False,2353375591,0,813,45,0,2179792896,True,.nii.gz,1,101714_00001,101714_00001
4,10999754,batch_4.zip,24,batch_4/101715_00001_0000.nii.gz,False,361675815,361675815,0,a663d264,0,False,2444926335,0,813,45,0,2179792896,True,.nii.gz,1,101715_00001,101715_00001
4,10999754,batch_4.zip,25,batch_4/101716_00001_0000.nii.gz,False,219737819,219737819,0,486400b7,0,False,2806602212,0,813,45,0,2179792896,True,.nii.gz,1,101716_00001,101716_00001
4,10999754,batch_4.zip,26,batch_4/101717_00001_0000.nii.gz,False,72880459,72880459,0,3c1bd4b7,0,False,3026340093,0,813,45,0,2179792896,True,.nii.gz,1,101717_00001,101717_00001
4,10999754,batch_4.zip,27,batch_4/101718_00001_0000.nii.gz,False,64628874,64628874,0,c3b6f8f7,0,False,3099220614,0,813,45,0,2179792896,True,.nii.gz,1,101718_00001,101718_00001
4,10999754,batch_4.zip,28,batch_4/101719_00001_0000.nii.gz,False,27229278,27229278,0,0a9d27dd,0,False,3163849550,0,813,45,0,2179792896,True,.nii.gz,1,101719_00001,101719_00001
4,10999754,batch_4.zip,29,batch_4/101720_00001_0000.nii.gz,False,48269577,48269577,0,394677a3,0,False,3191078890,0,813,45,0,2179792896,True,.nii.gz,1,101720_00001,101720_00001
4,10999754,batch_4.zip,30,batch_4/101721_00001_0000.nii.gz,False,286755027,286755027,0,1d2c86af,0,False,3239348529,0,813,45,0,2179792896,True,.nii.gz,1,101721_00001,101721_00001
4,10999754,batch_4.zip,31,batch_4/101722_00001_0000.nii.gz,False,39193169,39193169,0,d9c39076,0,False,3526103618,0,813,45,0,2179792896,True,.nii.gz,1,101722_00001,101722_00001
4,10999754,batch_4.zip,32,batch_4/101723_00001_0000.nii.gz,False,26973442,26973442,0,208ec011,0,False,3565296849,0,813,45,0,2179792896,True,.nii.gz,1,101723_00001,101723_00001
4,10999754,batch_4.zip,33,batch_4/101724_00001_0000.nii.gz,False,38989714,38989714,0,0671a26a,0,False,3592270353,0,813,45,0,2179792896,True,.nii.gz,1,101724_00001,101724_00001
4,10999754,batch_4.zip,34,batch_4/101725_00001_0000.nii.gz,False,81757436,81757436,0,fde9fc97,0,False,3631260129,0,813,45,0,2179792896,True,.nii.gz,1,101725_00001,101725_00001
4,10999754,batch_4.zip,35,batch_4/101726_00001_0000.nii.gz,False,81995919,81995919,0,17f45788,0,False,3713017627,0,813,45,0,2179792896,True,.nii.gz,1,101726_00001,101726_00001
4,10999754,batch_4.zip,36,batch_4/101727_00001_0000.nii.gz,False,39204916,39204916,0,412bc362,0,False,3795013608,0,813,45,0,2179792896,True,.nii.gz,1,101727_00001,101727_00001
4,10999754,batch_4.zip,37,batch_4/101728_00001_0000.nii.gz,False,174744805,174744805,0,22765aa9,0,False,3834218586,0,813,45,0,2179792896,True,.nii.gz,1,101728_00001,101728_00001
4,10999754,batch_4.zip,38,batch_4/101729_00001_0000.nii.gz,False,96683899,96683899,0,b5b763d5,0,False,4008963453,0,813,45,0,2179792896,True,.nii.gz,1,101729_00001,101729_00001
4,10999754,batch_4.zip,39,batch_4/101730_00001_0000.nii.gz,False,26571979,26571979,0,13997d4d,0,False,4105647414,0,813,45,0,2179792896,True,.nii.gz,1,101730_00001,101730_00001
4,10999754,batch_4.zip,40,batch_4/101731_00001_0000.nii.gz,False,66962916,66962916,0,f3944a2b,0,False,4132219455,0,813,45,0,2179792896,True,.nii.gz,1,101731_00001,101731_00001
4,10999754,batch_4.zip,41,batch_4/101732_00001_0000.nii.gz,False,94098708,94098708,0,fd8a05db,0,False,4199182433,0,813,45,0,2179792896,True,.nii.gz,1,101732_00001,101732_00001
4,10999754,batch_4.zip,42,batch_4/101733_00001_0000.nii.gz,False,21181448,21181448,0,57f74377,0,False,4293281203,0,813,45,0,2179792896,True,.nii.gz,1,101733_00001,101733_00001
4,10999754,batch_4.zip,43,batch_4/101734_00001_0000.nii.gz,False,121130714,121130714,0,6a580404,0,False,4314462713,0,813,45,0,2179792896,True,.nii.gz,1,101734_00001,101734_00001
4,10999754,batch_4.zip,44,batch_4/101735_00001_0000.nii.gz,False,81076142,81076142,0,3ac9d003,0,False,4435593489,0,813,45,0,2179792896,True,.nii.gz,1,101735_00001,101735_00001
4,10999754,batch_4.zip,45,batch_4/101736_00001_0000.nii.gz,False,34308537,34308537,0,5dcb87ab,0,False,4516669693,0,813,45,0,2179792896,True,.nii.gz,1,101736_00001,101736_00001
4,10999754,batch_4.zip,46,batch_4/101737_00001_0000.nii.gz,False,259396057,259396057,0,4cbaf5ff,0,False,4550978292,0,813,45,0,2179792896,True,.nii.gz,1,101737_00001,101737_00001
4,10999754,batch_4.zip,47,batch_4/101738_00001_0000.nii.gz,False,326542749,326542749,0,bac58633,0,False,4810374411,0,813,45,0,2179792896,True,.nii.gz,1,101738_00001,101738_00001
4,10999754,batch_4.zip,48,batch_4/101739_00001_0000.nii.gz,False,74623038,74623038,0,42d4a449,0,False,5136917222,0,813,45,0,2179792896,True,.nii.gz,1,101739_00001,101739_00001
4,10999754,batch_4.zip,49,batch_4/101740_00001_0000.nii.gz,False,86307115,86307115,0,c8c09062,0,False,5211540322,0,813,45,0,2179792896,True,.nii.gz,1,101740_00001,101740_00001
4,10999754,batch_4.zip,50,batch_4/101741_00001_0000.nii.gz,False,29193608,29193608,0,f85a7497,0,False,5297847499,0,813,45,0,2179792896,True,.nii.gz,1,101741_00001,101741_00001
4,10999754,batch_4.zip,51,batch_4/101742_00001_0000.nii.gz,False,37220764,37220764,0,4e4fa84a,0,False,5327041169,0,813,45,0,2179792896,True,.nii.gz,1,101742_00001,101742_00001
4,10999754,batch_4.zip,52,batch_4/101743_00001_0000.nii.gz,False,44551474,44551474,0,2e2feab2,0,False,5364261995,0,813,45,0,2179792896,True,.nii.gz,1,101743_00001,101743_00001
4,10999754,batch_4.zip,53,batch_4/101744_00001_0000.nii.gz,False,161983506,161983506,0,18f975bb,0,False,5408813531,0,813,45,0,2179792896,True,.nii.gz,1,101744_00001,101744_00001
4,10999754,batch_4.zip,54,batch_4/101745_00001_0000.nii.gz,False,27072264,27072264,0,7aa6cd4e,0,False,5570797099,0,813,45,0,2179792896,True,.nii.gz,1,101745_00001,101745_00001
4,10999754,batch_4.zip,55,batch_4/101746_00001_0000.nii.gz,False,165467443,165467443,0,ca8e72f3,0,False,5597869425,0,813,45,0,2179792896,True,.nii.gz,1,101746_00001,101746_00001
4,10999754,batch_4.zip,56,batch_4/101747_00001_0000.nii.gz,False,162393309,162393309,0,c6dabfdf,0,False,5763336930,0,813,45,0,2179792896,True,.nii.gz,1,101747_00001,101747_00001
4,10999754,batch_4.zip,57,batch_4/101748_00001_0000.nii.gz,False,32071712,32071712,0,597440c0,0,False,5925730301,0,813,45,0,2179792896,True,.nii.gz,1,101748_00001,101748_00001
4,10999754,batch_4.zip,58,batch_4/101749_00001_0000.nii.gz,False,74490887,74490887,0,8b6428f9,0,False,5957802075,0,813,45,0,2179792896,True,.nii.gz,1,101749_00001,101749_00001
4,10999754,batch_4.zip,59,batch_4/101750_00001_0000.nii.gz,False,21838108,21838108,0,2a797931,0,False,6032293024,0,813,45,0,2179792896,True,.nii.gz,1,101750_00001,101750_00001
4,10999754,batch_4.zip,60,batch_4/101751_00001_0000.nii.gz,False,48048445,48048445,0,434e6108,0,False,6054131194,0,813,45,0,2179792896,True,.nii.gz,1,101751_00001,101751_00001
4,10999754,batch_4.zip,61,batch_4/101752_00001_0000.nii.gz,False,58055811,58055811,0,29dbc3b3,0,False,6102179701,0,813,45,0,2179792896,True,.nii.gz,1,101752_00001,101752_00001
4,10999754,batch_4.zip,62,batch_4/101753_00001_0000.nii.gz,False,76923903,76923903,0,4c6ef604,0,False,6160235574,0,813,45,0,2179792896,True,.nii.gz,1,101753_00001,101753_00001
4,10999754,batch_4.zip,63,batch_4/101754_00001_0000.nii.gz,False,30487482,30487482,0,24e4619b,0,False,6237159539,0,813,45,0,2179792896,True,.nii.gz,1,101754_00001,101754_00001
4,10999754,batch_4.zip,64,batch_4/101755_00001_0000.nii.gz,False,49655343,49655343,0,e0313bec,0,False,6267647083,0,813,45,0,2179792896,True,.nii.gz,1,101755_00001,101755_00001
4,10999754,batch_4.zip,65,batch_4/101756_00001_0000.nii.gz,False,80371233,80371233,0,d78b0177,0,False,6317302488,0,813,45,0,2179792896,True,.nii.gz,1,101756_00001,101756_00001
4,10999754,batch_4.zip,66,batch_4/101757_00001_0000.nii.gz,False,49667817,49667817,0,71989979,0,False,6397673783,0,813,45,0,2179792896,True,.nii.gz,1,101757_00001,101757_00001
4,10999754,batch_4.zip,67,batch_4/101758_00001_0000.nii.gz,False,67348181,67348181,0,6d1672e1,0,False,6447341662,0,813,45,0,2179792896,True,.nii.gz,1,101758_00001,101758_00001
4,10999754,batch_4.zip,68,batch_4/101759_00001_0000.nii.gz,False,25462431,25462431,0,984c9f6f,0,False,6514689905,0,813,45,0,2179792896,True,.nii.gz,1,101759_00001,101759_00001
4,10999754,batch_4.zip,69,batch_4/101760_00001_0000.nii.gz,False,25820812,25820812,0,0fa2db68,0,False,6540152398,0,813,45,0,2179792896,True,.nii.gz,1,101760_00001,101760_00001
4,10999754,batch_4.zip,70,batch_4/101761_00001_0000.nii.gz,False,76846781,76846781,0,c7e7916f,0,False,6565973272,0,813,45,0,2179792896,True,.nii.gz,1,101761_00001,101761_00001
4,10999754,batch_4.zip,71,batch_4/101762_00001_0000.nii.gz,False,96327558,96327558,0,fff5e3c1,0,False,6642820115,0,813,45,0,2179792896,True,.nii.gz,1,101762_00001,101762_00001
4,10999754,batch_4.zip,72,batch_4/101763_00001_0000.nii.gz,False,55730104,55730104,0,59f85252,0,False,6739147735,0,813,45,0,2179792896,True,.nii.gz,1,101763_00001,101763_00001
4,10999754,batch_4.zip,73,batch_4/101764_00001_0000.nii.gz,False,25347894,25347894,0,b367441b,0,False,6794877901,0,813,45,0,2179792896,True,.nii.gz,1,101764_00001,101764_00001
4,10999754,batch_4.zip,74,batch_4/101765_00001_0000.nii.gz,False,57944178,57944178,0,76503d62,0,False,6820225857,0,813,45,0,2179792896,True,.nii.gz,1,101765_00001,101765_00001
4,10999754,batch_4.zip,75,batch_4/101766_00001_0000.nii.gz,False,72924361,72924361,0,0ec3e6ee,0,False,6878170097,0,813,45,0,2179792896,True,.nii.gz,1,101766_00001,101766_00001
4,10999754,batch_4.zip,76,batch_4/101767_00001_0000.nii.gz,False,246098654,246098654,0,7b3f14aa,0,False,6951094520,0,813,45,0,2179792896,True,.nii.gz,1,101767_00001,101767_00001
4,10999754,batch_4.zip,77,batch_4/101768_00001_0000.nii.gz,False,24325009,24325009,0,25c4443c,0,False,7197193236,0,813,45,0,2179792896,True,.nii.gz,1,101768_00001,101768_00001
4,10999754,batch_4.zip,78,batch_4/101769_00001_0000.nii.gz,False,86255108,86255108,0,5d5537f4,0,False,7221518307,0,813,45,0,2179792896,True,.nii.gz,1,101769_00001,101769_00001
4,10999754,batch_4.zip,79,batch_4/101770_00001_0000.nii.gz,False,105659045,105659045,0,e3ae9bd3,0,False,7307773477,0,813,45,0,2179792896,True,.nii.gz,1,101770_00001,101770_00001
4,10999754,batch_4.zip,80,batch_4/101771_00001_0000.nii.gz,False,52535206,52535206,0,aad6ec26,0,False,7413432584,0,813,45,0,2179792896,True,.nii.gz,1,101771_00001,101771_00001
4,10999754,batch_4.zip,81,batch_4/101772_00001_0000.nii.gz,False,72156699,72156699,0,cc17c6c4,0,False,7465967852,0,813,45,0,2179792896,True,.nii.gz,1,101772_00001,101772_00001
4,10999754,batch_4.zip,82,batch_4/101773_00001_0000.nii.gz,False,127232280,127232280,0,cad32608,0,False,7538124613,0,813,45,0,2179792896,True,.nii.gz,1,101773_00001,101773_00001
4,10999754,batch_4.zip,83,batch_4/101774_00001_0000.nii.gz,False,151685501,151685501,0,3a8c19df,0,False,7665356955,0,813,45,0,2179792896,True,.nii.gz,1,101774_00001,101774_00001
4,10999754,batch_4.zip,84,batch_4/101775_00001_0000.nii.gz,False,26672569,26672569,0,af2c1b70,0,False,7817042518,0,813,45,0,2179792896,True,.nii.gz,1,101775_00001,101775_00001
4,10999754,batch_4.zip,85,batch_4/101776_00001_0000.nii.gz,False,75313890,75313890,0,ab533d12,0,False,7843715149,0,813,45,0,2179792896,True,.nii.gz,1,101776_00001,101776_00001
4,10999754,batch_4.zip,86,batch_4/101777_00001_0000.nii.gz,False,55038576,55038576,0,7b645f6b,0,False,7919029101,0,813,45,0,2179792896,True,.nii.gz,1,101777_00001,101777_00001
4,10999754,batch_4.zip,87,batch_4/101778_00001_0000.nii.gz,False,25639504,25639504,0,bf998750,0,False,7974067739,0,813,45,0,2179792896,True,.nii.gz,1,101778_00001,101778_00001
4,10999754,batch_4.zip,88,batch_4/101779_00001_0000.nii.gz,False,97914673,97914673,0,e9d4d060,0,False,7999707305,0,813,45,0,2179792896,True,.nii.gz,1,101779_00001,101779_00001
4,10999754,batch_4.zip,89,batch_4/101780_00001_0000.nii.gz,False,31166177,31166177,0,b316cd8e,0,False,8097622040,0,813,45,0,2179792896,True,.nii.gz,1,101780_00001,101780_00001
4,10999754,batch_4.zip,90,batch_4/101781_00001_0000.nii.gz,False,296381492,296381492,0,f65e0ee0,0,False,8128788279,0,813,45,0,2179792896,True,.nii.gz,1,101781_00001,101781_00001
4,10999754,batch_4.zip,91,batch_4/101782_00001_0000.nii.gz,False,94524972,94524972,0,940439b5,0,False,8425169833,0,813,45,0,2179792896,True,.nii.gz,1,101782_00001,101782_00001
4,10999754,batch_4.zip,92,batch_4/101783_00001_0000.nii.gz,False,135123574,135123574,0,2eb5c684,0,False,8519694867,0,813,45,0,2179792896,True,.nii.gz,1,101783_00001,101783_00001
4,10999754,batch_4.zip,93,batch_4/101784_00001_0000.nii.gz,False,164641416,164641416,0,d881422e,0,False,8654818503,0,813,45,0,2179792896,True,.nii.gz,1,101784_00001,101784_00001
4,10999754,batch_4.zip,94,batch_4/101785_00001_0000.nii.gz,False,39748261,39748261,0,5456f42c,0,False,8819459981,0,813,45,0,2179792896,True,.nii.gz,1,101785_00001,101785_00001
4,10999754,batch_4.zip,95,batch_4/101786_00001_0000.nii.gz,False,42998884,42998884,0,0ba80f54,0,False,8859208304,0,813,45,0,2179792896,True,.nii.gz,1,101786_00001,101786_00001
4,10999754,batch_4.zip,96,batch_4/101787_00001_0000.nii.gz,False,69214794,69214794,0,c6605e94,0,False,8902207250,0,813,45,0,2179792896,True,.nii.gz,1,101787_00001,101787_00001
4,10999754,batch_4.zip,97,batch_4/101788_00001_0000.nii.gz,False,78769258,78769258,0,f3eb84ff,0,False,8971422106,0,813,45,0,2179792896,True,.nii.gz,1,101788_00001,101788_00001
4,10999754,batch_4.zip,98,batch_4/101789_00001_0000.nii.gz,False,231777593,231777593,0,7c295027,0,False,9050191426,0,813,45,0,2179792896,True,.nii.gz,1,101789_00001,101789_00001
4,10999754,batch_4.zip,99,batch_4/101790_00001_0000.nii.gz,False,85478956,85478956,0,b3797ae7,0,False,9281969081,0,813,45,0,2179792896,True,.nii.gz,1,101790_00001,101790_00001
4,10999754,batch_4.zip,100,batch_4/101791_00001_0000.nii.gz,False,212944848,212944848,0,63c5d450,0,False,9367448099,0,813,45,0,2179792896,True,.nii.gz,1,101791_00001,101791_00001
4,10999754,batch_4.zip,101,batch_4/101792_00001_0000.nii.gz,False,176570179,176570179,0,fe4b0d5f,0,False,9580393009,0,813,45,0,2179792896,True,.nii.gz,1,101792_00001,101792_00001
4,10999754,batch_4.zip,102,batch_4/101793_00001_0000.nii.gz,False,96245924,96245924,0,82b84114,0,False,9756963250,0,813,45,0,2179792896,True,.nii.gz,1,101793_00001,101793_00001
4,10999754,batch_4.zip,103,batch_4/101794_00001_0000.nii.gz,False,292864778,292864778,0,b1bb4f23,0,False,9853209236,0,813,45,0,2179792896,True,.nii.gz,1,101794_00001,101794_00001
4,10999754,batch_4.zip,104,batch_4/101795_00001_0000.nii.gz,False,42738241,42738241,0,709ea2ca,0,False,10146074076,0,813,45,0,2179792896,True,.nii.gz,1,101795_00001,101795_00001
4,10999754,batch_4.zip,105,batch_4/101796_00001_0000.nii.gz,False,36636450,36636450,0,b61b7713,0,False,10188812379,0,813,45,0,2179792896,True,.nii.gz,1,101796_00001,101796_00001
4,10999754,batch_4.zip,106,batch_4/101797_00001_0000.nii.gz,False,86431052,86431052,0,32dbffe9,0,False,10225448891,0,813,45,0,2179792896,True,.nii.gz,1,101797_00001,101797_00001
4,10999754,batch_4.zip,107,batch_4/101798_00001_0000.nii.gz,False,62404054,62404054,0,6ba17601,0,False,10311880005,0,813,45,0,2179792896,True,.nii.gz,1,101798_00001,101798_00001
4,10999754,batch_4.zip,108,batch_4/101799_00001_0000.nii.gz,False,36956382,36956382,0,77ed46b2,0,False,10374284121,0,813,45,0,2179792896,True,.nii.gz,1,101799_00001,101799_00001
4,10999754,batch_4.zip,109,batch_4/101800_00001_0000.nii.gz,False,50027661,50027661,0,bd546ef1,0,False,10411240565,0,813,45,0,2179792896,True,.nii.gz,1,101800_00001,101800_00001
4,10999754,batch_4.zip,110,batch_4/101801_00001_0000.nii.gz,False,168202806,168202806,0,662c177a,0,False,10461268288,0,813,45,0,2179792896,True,.nii.gz,1,101801_00001,101801_00001
4,10999754,batch_4.zip,111,batch_4/101802_00001_0000.nii.gz,False,92619082,92619082,0,e9c709d4,0,False,10629471156,0,813,45,0,2179792896,True,.nii.gz,1,101802_00001,101802_00001
4,10999754,batch_4.zip,112,batch_4/101803_00001_0000.nii.gz,False,41869990,41869990,0,89e1f0fc,0,False,10722090300,0,813,45,0,2179792896,True,.nii.gz,1,101803_00001,101803_00001
4,10999754,batch_4.zip,113,batch_4/101804_00001_0000.nii.gz,False,26738840,26738840,0,cbc27645,0,False,10763960352,0,813,45,0,2179792896,True,.nii.gz,1,101804_00001,101804_00001
4,10999754,batch_4.zip,114,batch_4/101805_00001_0000.nii.gz,False,86509793,86509793,0,85510ed0,0,False,10790699254,0,813,45,0,2179792896,True,.nii.gz,1,101805_00001,101805_00001
4,10999754,batch_4.zip,115,batch_4/101806_00001_0000.nii.gz,False,48321191,48321191,0,c4cd0631,0,False,10877209109,0,813,45,0,2179792896,True,.nii.gz,1,101806_00001,101806_00001
4,10999754,batch_4.zip,116,batch_4/101807_00001_0000.nii.gz,False,202647240,202647240,0,6c2b0b3e,0,False,10925530362,0,813,45,0,2179792896,True,.nii.gz,1,101807_00001,101807_00001
4,10999754,batch_4.zip,117,batch_4/101808_00001_0000.nii.gz,False,56056923,56056923,0,c418eb37,0,False,11128177664,0,813,45,0,2179792896,True,.nii.gz,1,101808_00001,101808_00001
4,10999754,batch_4.zip,118,batch_4/101809_00001_0000.nii.gz,False,67559882,67559882,0,0d138610,0,False,11184234649,0,813,45,0,2179792896,True,.nii.gz,1,101809_00001,101809_00001
4,10999754,batch_4.zip,119,batch_4/101810_00001_0000.nii.gz,False,46210836,46210836,0,5ae4f58d,0,False,11251794593,0,813,45,0,2179792896,True,.nii.gz,1,101810_00001,101810_00001
4,10999754,batch_4.zip,120,batch_4/101811_00001_0000.nii.gz,False,72964777,72964777,0,538650ce,0,False,11298005491,0,813,45,0,2179792896,True,.nii.gz,1,101811_00001,101811_00001
4,10999754,batch_4.zip,121,batch_4/101812_00001_0000.nii.gz,False,92972369,92972369,0,44afb74e,0,False,11370970330,0,813,45,0,2179792896,True,.nii.gz,1,101812_00001,101812_00001
4,10999754,batch_4.zip,122,batch_4/101813_00001_0000.nii.gz,False,38891383,38891383,0,ee2f479f,0,False,11463942761,0,813,45,0,2179792896,True,.nii.gz,1,101813_00001,101813_00001
4,10999754,batch_4.zip,123,batch_4/101814_00001_0000.nii.gz,False,52332724,52332724,0,439a236e,0,False,11502834206,0,813,45,0,2179792896,True,.nii.gz,1,101814_00001,101814_00001
4,10999754,batch_4.zip,124,batch_4/101815_00001_0000.nii.gz,False,32980237,32980237,0,d3a6b891,0,False,11555166992,0,813,45,0,2179792896,True,.nii.gz,1,101815_00001,101815_00001
4,10999754,batch_4.zip,125,batch_4/101816_00001_0000.nii.gz,False,51466535,51466535,0,9880f0e7,0,False,11588147291,0,813,45,0,2179792896,True,.nii.gz,1,101816_00001,101816_00001
4,10999754,batch_4.zip,126,batch_4/101817_00001_0000.nii.gz,False,57040072,57040072,0,2cd2ed00,0,False,11639613888,0,813,45,0,2179792896,True,.nii.gz,1,101817_00001,101817_00001
4,10999754,batch_4.zip,127,batch_4/101818_00001_0000.nii.gz,False,80592143,80592143,0,69186bc0,0,False,11696654022,0,813,45,0,2179792896,True,.nii.gz,1,101818_00001,101818_00001
4,10999754,batch_4.zip,128,batch_4/101819_00001_0000.nii.gz,False,66034404,66034404,0,1d5dfd6f,0,False,11777246227,0,813,45,0,2179792896,True,.nii.gz,1,101819_00001,101819_00001
4,10999754,batch_4.zip,129,batch_4/101820_00001_0000.nii.gz,False,74448641,74448641,0,c0d53a6d,0,False,11843280693,0,813,45,0,2179792896,True,.nii.gz,1,101820_00001,101820_00001
4,10999754,batch_4.zip,130,batch_4/101821_00001_0000.nii.gz,False,18424553,18424553,0,cac03260,0,False,11917729396,0,813,45,0,2179792896,True,.nii.gz,1,101821_00001,101821_00001
4,10999754,batch_4.zip,131,batch_4/101822_00001_0000.nii.gz,False,133195508,133195508,0,ab2df5a1,0,False,11936154011,0,813,45,0,2179792896,True,.nii.gz,1,101822_00001,101822_00001
4,10999754,batch_4.zip,132,batch_4/101823_00001_0000.nii.gz,False,142908900,142908900,0,22a18e5d,0,False,12069349581,0,813,45,0,2179792896,True,.nii.gz,1,101823_00001,101823_00001
4,10999754,batch_4.zip,133,batch_4/101824_00001_0000.nii.gz,False,44098721,44098721,0,fdf6fefb,0,False,12212258543,0,813,45,0,2179792896,True,.nii.gz,1,101824_00001,101824_00001
4,10999754,batch_4.zip,134,batch_4/101825_00001_0000.nii.gz,False,97780721,97780721,0,d345eb99,0,False,12256357326,0,813,45,0,2179792896,True,.nii.gz,1,101825_00001,101825_00001
4,10999754,batch_4.zip,135,batch_4/101826_00001_0000.nii.gz,False,25001308,25001308,0,49f9623e,0,False,12354138109,0,813,45,0,2179792896,True,.nii.gz,1,101826_00001,101826_00001
4,10999754,batch_4.zip,136,batch_4/101827_00001_0000.nii.gz,False,56194036,56194036,0,29f5bbee,0,False,12379139479,0,813,45,0,2179792896,True,.nii.gz,1,101827_00001,101827_00001
4,10999754,batch_4.zip,137,batch_4/101828_00001_0000.nii.gz,False,96623675,96623675,0,4dd99f81,0,False,12435333577,0,813,45,0,2179792896,True,.nii.gz,1,101828_00001,101828_00001
4,10999754,batch_4.zip,138,batch_4/101829_00001_0000.nii.gz,False,76000410,76000410,0,7dd3a471,0,False,12531957314,0,813,45,0,2179792896,True,.nii.gz,1,101829_00001,101829_00001
4,10999754,batch_4.zip,139,batch_4/101830_00001_0000.nii.gz,False,55395664,55395664,0,3a614d37,0,False,12607957786,0,813,45,0,2179792896,True,.nii.gz,1,101830_00001,101830_00001
4,10999754,batch_4.zip,140,batch_4/101831_00001_0000.nii.gz,False,24666873,24666873,0,f1841b1a,0,False,12663353512,0,813,45,0,2179792896,True,.nii.gz,1,101831_00001,101831_00001
4,10999754,batch_4.zip,141,batch_4/101832_00001_0000.nii.gz,False,282209203,282209203,0,45de43b6,0,False,12688020447,0,813,45,0,2179792896,True,.nii.gz,1,101832_00001,101832_00001
4,10999754,batch_4.zip,142,batch_4/101833_00001_0000.nii.gz,False,83396049,83396049,0,6c57d974,0,False,12970229712,0,813,45,0,2179792896,True,.nii.gz,1,101833_00001,101833_00001
4,10999754,batch_4.zip,143,batch_4/101834_00001_0000.nii.gz,False,72313872,72313872,0,cc9aafb0,0,False,13053625823,0,813,45,0,2179792896,True,.nii.gz,1,101834_00001,101834_00001
4,10999754,batch_4.zip,144,batch_4/101835_00001_0000.nii.gz,False,52618045,52618045,0,162d85e9,0,False,13125939757,0,813,45,0,2179792896,True,.nii.gz,1,101835_00001,101835_00001
4,10999754,batch_4.zip,145,batch_4/101836_00001_0000.nii.gz,False,151742467,151742467,0,04bf314f,0,False,13178557864,0,813,45,0,2179792896,True,.nii.gz,1,101836_00001,101836_00001
4,10999754,batch_4.zip,146,batch_4/101837_00001_0000.nii.gz,False,34130245,34130245,0,7b43794d,0,False,13330300393,0,813,45,0,2179792896,True,.nii.gz,1,101837_00001,101837_00001
4,10999754,batch_4.zip,147,batch_4/101838_00001_0000.nii.gz,False,28931334,28931334,0,6f463a58,0,False,13364430700,0,813,45,0,2179792896,True,.nii.gz,1,101838_00001,101838_00001
4,10999754,batch_4.zip,148,batch_4/101839_00001_0000.nii.gz,False,50100332,50100332,0,33a4c268,0,False,13393362096,0,813,45,0,2179792896,True,.nii.gz,1,101839_00001,101839_00001
4,10999754,batch_4.zip,149,batch_4/101840_00001_0000.nii.gz,False,61071018,61071018,0,6e16ee77,0,False,13443462490,0,813,45,0,2179792896,True,.nii.gz,1,101840_00001,101840_00001
4,10999754,batch_4.zip,150,batch_4/101841_00001_0000.nii.gz,False,146740287,146740287,0,f25a2a37,0,False,13504533570,0,813,45,0,2179792896,True,.nii.gz,1,101841_00001,101841_00001
4,10999754,batch_4.zip,151,batch_4/101842_00001_0000.nii.gz,False,51203371,51203371,0,34129d56,0,False,13651273919,0,813,45,0,2179792896,True,.nii.gz,1,101842_00001,101842_00001
4,10999754,batch_4.zip,152,batch_4/101843_00001_0000.nii.gz,False,77977637,77977637,0,677d1544,0,False,13702477352,0,813,45,0,2179792896,True,.nii.gz,1,101843_00001,101843_00001
4,10999754,batch_4.zip,153,batch_4/101844_00001_0000.nii.gz,False,50504158,50504158,0,fc68d6c2,0,False,13780455051,0,813,45,0,2179792896,True,.nii.gz,1,101844_00001,101844_00001
4,10999754,batch_4.zip,154,batch_4/101845_00001_0000.nii.gz,False,160903187,160903187,0,c3d51cc9,0,False,13830959271,0,813,45,0,2179792896,True,.nii.gz,1,101845_00001,101845_00001
4,10999754,batch_4.zip,155,batch_4/101846_00001_0000.nii.gz,False,200673668,200673668,0,f7827fdd,0,False,13991862520,0,813,45,0,2179792896,True,.nii.gz,1,101846_00001,101846_00001
4,10999754,batch_4.zip,156,batch_4/101847_00001_0000.nii.gz,False,50580303,50580303,0,aa8de24e,0,False,14192536250,0,813,45,0,2179792896,True,.nii.gz,1,101847_00001,101847_00001
4,10999754,batch_4.zip,157,batch_4/101848_00001_0000.nii.gz,False,32560884,32560884,0,e01792ce,0,False,14243116615,0,813,45,0,2179792896,True,.nii.gz,1,101848_00001,101848_00001
4,10999754,batch_4.zip,158,batch_4/101849_00001_0000.nii.gz,False,25628069,25628069,0,af0a20f9,0,False,14275677561,0,813,45,0,2179792896,True,.nii.gz,1,101849_00001,101849_00001
4,10999754,batch_4.zip,159,batch_4/101850_00001_0000.nii.gz,False,62158439,62158439,0,7ea66cc3,0,False,14301305692,0,813,45,0,2179792896,True,.nii.gz,1,101850_00001,101850_00001
4,10999754,batch_4.zip,160,batch_4/101851_00001_0000.nii.gz,False,59162335,59162335,0,200773ac,0,False,14363464193,0,813,45,0,2179792896,True,.nii.gz,1,101851_00001,101851_00001
4,10999754,batch_4.zip,161,batch_4/101852_00001_0000.nii.gz,False,23949660,23949660,0,8281de56,0,False,14422626590,0,813,45,0,2179792896,True,.nii.gz,1,101852_00001,101852_00001
4,10999754,batch_4.zip,162,batch_4/101853_00001_0000.nii.gz,False,104591721,104591721,0,32a319bf,0,False,14446576312,0,813,45,0,2179792896,True,.nii.gz,1,101853_00001,101853_00001
4,10999754,batch_4.zip,163,batch_4/101854_00001_0000.nii.gz,False,44776648,44776648,0,6af72ac4,0,False,14551168095,0,813,45,0,2179792896,True,.nii.gz,1,101854_00001,101854_00001
4,10999754,batch_4.zip,164,batch_4/101855_00001_0000.nii.gz,False,78430554,78430554,0,bfb38465,0,False,14595944805,0,813,45,0,2179792896,True,.nii.gz,1,101855_00001,101855_00001
4,10999754,batch_4.zip,165,batch_4/101856_00001_0000.nii.gz,False,115006630,115006630,0,d2db19a6,0,False,14674375421,0,813,45,0,2179792896,True,.nii.gz,1,101856_00001,101856_00001
4,10999754,batch_4.zip,166,batch_4/101857_00001_0000.nii.gz,False,216345689,216345689,0,cfaa4ac7,0,False,14789382113,0,813,45,0,2179792896,True,.nii.gz,1,101857_00001,101857_00001
4,10999754,batch_4.zip,167,batch_4/101858_00001_0000.nii.gz,False,49385895,49385895,0,54b2992d,0,False,15005727864,0,813,45,0,2179792896,True,.nii.gz,1,101858_00001,101858_00001
4,10999754,batch_4.zip,168,batch_4/101859_00001_0000.nii.gz,False,39307109,39307109,0,8f4ffb59,0,False,15055113821,0,813,45,0,2179792896,True,.nii.gz,1,101859_00001,101859_00001
4,10999754,batch_4.zip,169,batch_4/101860_00001_0000.nii.gz,False,50354680,50354680,0,dacca438,0,False,15094420992,0,813,45,0,2179792896,True,.nii.gz,1,101860_00001,101860_00001
4,10999754,batch_4.zip,170,batch_4/101861_00001_0000.nii.gz,False,93376931,93376931,0,49e0ab3a,0,False,15144775734,0,813,45,0,2179792896,True,.nii.gz,1,101861_00001,101861_00001
4,10999754,batch_4.zip,171,batch_4/101862_00001_0000.nii.gz,False,13242866,13242866,0,3030b8c1,0,False,15238152727,0,813,45,0,2179792896,True,.nii.gz,1,101862_00001,101862_00001
4,10999754,batch_4.zip,172,batch_4/101863_00001_0000.nii.gz,False,44943730,44943730,0,3227e9f8,0,False,15251395655,0,813,45,0,2179792896,True,.nii.gz,1,101863_00001,101863_00001
4,10999754,batch_4.zip,173,batch_4/101864_00001_0000.nii.gz,False,73914072,73914072,0,afb348b9,0,False,15296339447,0,813,45,0,2179792896,True,.nii.gz,1,101864_00001,101864_00001
4,10999754,batch_4.zip,174,batch_4/101865_00001_0000.nii.gz,False,86506118,86506118,0,6e44aa05,0,False,15370253581,0,813,45,0,2179792896,True,.nii.gz,1,101865_00001,101865_00001
4,10999754,batch_4.zip,175,batch_4/101866_00001_0000.nii.gz,False,35280276,35280276,0,11d0a2dd,0,False,15456759761,0,813,45,0,2179792896,True,.nii.gz,1,101866_00001,101866_00001
4,10999754,batch_4.zip,176,batch_4/101867_00001_0000.nii.gz,False,52919941,52919941,0,ccd5dd2b,0,False,15492040099,0,813,45,0,2179792896,True,.nii.gz,1,101867_00001,101867_00001
4,10999754,batch_4.zip,177,batch_4/101868_00001_0000.nii.gz,False,244679358,244679358,0,627b582e,0,False,15544960102,0,813,45,0,2179792896,True,.nii.gz,1,101868_00001,101868_00001
4,10999754,batch_4.zip,178,batch_4/101869_00001_0000.nii.gz,False,104320359,104320359,0,c4547766,0,False,15789639522,0,813,45,0,2179792896,True,.nii.gz,1,101869_00001,101869_00001
4,10999754,batch_4.zip,179,batch_4/101870_00001_0000.nii.gz,False,57600447,57600447,0,1ebc43cc,0,False,15893959943,0,813,45,0,2179792896,True,.nii.gz,1,101870_00001,101870_00001
4,10999754,batch_4.zip,180,batch_4/101871_00001_0000.nii.gz,False,141632864,141632864,0,affb6797,0,False,15951560452,0,813,45,0,2179792896,True,.nii.gz,1,101871_00001,101871_00001
4,10999754,batch_4.zip,181,batch_4/101872_00001_0000.nii.gz,False,29479593,29479593,0,0a55b733,0,False,16093193378,0,813,45,0,2179792896,True,.nii.gz,1,101872_00001,101872_00001
4,10999754,batch_4.zip,182,batch_4/101873_00001_0000.nii.gz,False,68609699,68609699,0,90824c37,0,False,16122673033,0,813,45,0,2179792896,True,.nii.gz,1,101873_00001,101873_00001
4,10999754,batch_4.zip,183,batch_4/101874_00001_0000.nii.gz,False,38854103,38854103,0,98a1aca2,0,False,16191282794,0,813,45,0,2179792896,True,.nii.gz,1,101874_00001,101874_00001
4,10999754,batch_4.zip,184,batch_4/101875_00001_0000.nii.gz,False,38420799,38420799,0,7d7dec3e,0,False,16230136959,0,813,45,0,2179792896,True,.nii.gz,1,101875_00001,101875_00001
4,10999754,batch_4.zip,185,batch_4/101876_00001_0000.nii.gz,False,243957657,243957657,0,a19cc19b,0,False,16268557820,0,813,45,0,2179792896,True,.nii.gz,1,101876_00001,101876_00001
4,10999754,batch_4.zip,186,batch_4/101877_00001_0000.nii.gz,False,74504169,74504169,0,1dbb8b1a,0,False,16512515539,0,813,45,0,2179792896,True,.nii.gz,1,101877_00001,101877_00001
4,10999754,batch_4.zip,187,batch_4/101878_00001_0000.nii.gz,False,62762079,62762079,0,6ead240b,0,False,16587019770,0,813,45,0,2179792896,True,.nii.gz,1,101878_00001,101878_00001
4,10999754,batch_4.zip,188,batch_4/101879_00001_0000.nii.gz,False,101185253,101185253,0,d580c8ab,0,False,16649781911,0,813,45,0,2179792896,True,.nii.gz,1,101879_00001,101879_00001
4,10999754,batch_4.zip,189,batch_4/101880_00001_0000.nii.gz,False,49714296,49714296,0,34be6dc8,0,False,16750967226,0,813,45,0,2179792896,True,.nii.gz,1,101880_00001,101880_00001
4,10999754,batch_4.zip,190,batch_4/101881_00001_0000.nii.gz,False,86832612,86832612,0,82263750,0,False,16800681584,0,813,45,0,2179792896,True,.nii.gz,1,101881_00001,101881_00001
4,10999754,batch_4.zip,191,batch_4/101882_00001_0000.nii.gz,False,348563959,348563959,0,0f04418e,0,False,16887514258,0,813,45,0,2179792896,True,.nii.gz,1,101882_00001,101882_00001
4,10999754,batch_4.zip,192,batch_4/101883_00001_0000.nii.gz,False,80790555,80790555,0,71da0ab5,0,False,17236078279,0,813,45,0,2179792896,True,.nii.gz,1,101883_00001,101883_00001
4,10999754,batch_4.zip,193,batch_4/101884_00001_0000.nii.gz,False,70979894,70979894,0,d7d5c0e8,0,False,17316868896,0,813,45,0,2179792896,True,.nii.gz,1,101884_00001,101884_00001
4,10999754,batch_4.zip,194,batch_4/101885_00001_0000.nii.gz,False,42487532,42487532,0,d0d02be2,0,False,17387848852,0,813,45,0,2179792896,True,.nii.gz,1,101885_00001,101885_00001
4,10999754,batch_4.zip,195,batch_4/101886_00001_0000.nii.gz,False,155076345,155076345,0,1a93bdac,0,False,17430336446,0,813,45,0,2179792896,True,.nii.gz,1,101886_00001,101886_00001
4,10999754,batch_4.zip,196,batch_4/101887_00001_0000.nii.gz,False,43606214,43606214,0,fd817988,0,False,17585412853,0,813,45,0,2179792896,True,.nii.gz,1,101887_00001,101887_00001
4,10999754,batch_4.zip,197,batch_4/101888_00001_0000.nii.gz,False,82191445,82191445,0,703f4216,0,False,17629019129,0,813,45,0,2179792896,True,.nii.gz,1,101888_00001,101888_00001
4,10999754,batch_4.zip,198,batch_4/101889_00001_0000.nii.gz,False,64022612,64022612,0,aabd967c,0,False,17711210636,0,813,45,0,2179792896,True,.nii.gz,1,101889_00001,101889_00001
4,10999754,batch_4.zip,199,batch_4/101890_00001_0000.nii.gz,False,89210307,89210307,0,71c5f9ce,0,False,17775233310,0,813,45,0,2179792896,True,.nii.gz,1,101890_00001,101890_00001
4,10999754,batch_4.zip,200,batch_4/101891_00001_0000.nii.gz,False,53945139,53945139,0,ef5a5e1c,0,False,17864443679,0,813,45,0,2179792896,True,.nii.gz,1,101891_00001,101891_00001
4,10999754,batch_4.zip,201,batch_4/101892_00001_0000.nii.gz,False,40217730,40217730,0,e506d1bd,0,False,17918388880,0,813,45,0,2179792896,True,.nii.gz,1,101892_00001,101892_00001
4,10999754,batch_4.zip,202,batch_4/101893_00001_0000.nii.gz,False,38465974,38465974,0,3e47cf3c,0,False,17958606672,0,813,45,0,2179792896,True,.nii.gz,1,101893_00001,101893_00001
4,10999754,batch_4.zip,203,batch_4/101894_00001_0000.nii.gz,False,40869002,40869002,0,e9c30ef8,0,False,17997072708,0,813,45,0,2179792896,True,.nii.gz,1,101894_00001,101894_00001
4,10999754,batch_4.zip,204,batch_4/101895_00001_0000.nii.gz,False,66833662,66833662,0,52900da5,0,False,18037941772,0,813,45,0,2179792896,True,.nii.gz,1,101895_00001,101895_00001
4,10999754,batch_4.zip,205,batch_4/101896_00001_0000.nii.gz,False,93720516,93720516,0,0faf2c8f,0,False,18104775496,0,813,45,0,2179792896,True,.nii.gz,1,101896_00001,101896_00001
4,10999754,batch_4.zip,206,batch_4/101897_00001_0000.nii.gz,False,139416669,139416669,0,11696552,0,False,18198496074,0,813,45,0,2179792896,True,.nii.gz,1,101897_00001,101897_00001
4,10999754,batch_4.zip,207,batch_4/101898_00001_0000.nii.gz,False,159979134,159979134,0,d9ac6911,0,False,18337912805,0,813,45,0,2179792896,True,.nii.gz,1,101898_00001,101898_00001
4,10999754,batch_4.zip,208,batch_4/101899_00001_0000.nii.gz,False,170890092,170890092,0,ec40b939,0,False,18497892001,0,813,45,0,2179792896,True,.nii.gz,1,101899_00001,101899_00001
4,10999754,batch_4.zip,209,batch_4/101900_00001_0000.nii.gz,False,181281190,181281190,0,e6d6b40f,0,False,18668782155,0,813,45,0,2179792896,True,.nii.gz,1,101900_00001,101900_00001
4,10999754,batch_4.zip,210,batch_4/101901_00001_0000.nii.gz,False,54296534,54296534,0,be7e1c9c,0,False,18850063407,0,813,45,0,2179792896,True,.nii.gz,1,101901_00001,101901_00001
4,10999754,batch_4.zip,211,batch_4/101902_00001_0000.nii.gz,False,14486168,14486168,0,802b783b,0,False,18904360003,0,813,45,0,2179792896,True,.nii.gz,1,101902_00001,101902_00001
4,10999754,batch_4.zip,212,batch_4/101903_00001_0000.nii.gz,False,25252193,25252193,0,e063f8c9,0,False,18918846233,0,813,45,0,2179792896,True,.nii.gz,1,101903_00001,101903_00001
4,10999754,batch_4.zip,213,batch_4/101904_00001_0000.nii.gz,False,134751949,134751949,0,94285e79,0,False,18944098488,0,813,45,0,2179792896,True,.nii.gz,1,101904_00001,101904_00001
4,10999754,batch_4.zip,214,batch_4/101905_00001_0000.nii.gz,False,27818380,27818380,0,3f4a2f2e,0,False,19078850499,0,813,45,0,2179792896,True,.nii.gz,1,101905_00001,101905_00001
4,10999754,batch_4.zip,215,batch_4/101906_00001_0000.nii.gz,False,44442997,44442997,0,b6a4bfc1,0,False,19106668941,0,813,45,0,2179792896,True,.nii.gz,1,101906_00001,101906_00001
4,10999754,batch_4.zip,216,batch_4/101907_00001_0000.nii.gz,False,55267723,55267723,0,109c856e,0,False,19151112000,0,813,45,0,2179792896,True,.nii.gz,1,101907_00001,101907_00001
4,10999754,batch_4.zip,217,batch_4/101908_00001_0000.nii.gz,False,24727729,24727729,0,2616622b,0,False,19206379785,0,813,45,0,2179792896,True,.nii.gz,1,101908_00001,101908_00001
4,10999754,batch_4.zip,218,batch_4/101909_00001_0000.nii.gz,False,95246245,95246245,0,c1a5783f,0,False,19231107576,0,813,45,0,2179792896,True,.nii.gz,1,101909_00001,101909_00001
4,10999754,batch_4.zip,219,batch_4/101910_00001_0000.nii.gz,False,134131888,134131888,0,5457feb6,0,False,19326353883,0,813,45,0,2179792896,True,.nii.gz,1,101910_00001,101910_00001
4,10999754,batch_4.zip,220,batch_4/101911_00001_0000.nii.gz,False,25914658,25914658,0,d1b92e4b,0,False,19460485833,0,813,45,0,2179792896,True,.nii.gz,1,101911_00001,101911_00001
4,10999754,batch_4.zip,221,batch_4/101912_00001_0000.nii.gz,False,31102377,31102377,0,4d05ce10,0,False,19486400553,0,813,45,0,2179792896,True,.nii.gz,1,101912_00001,101912_00001
4,10999754,batch_4.zip,222,batch_4/101913_00001_0000.nii.gz,False,198758362,198758362,0,881ec38c,0,False,19517502992,0,813,45,0,2179792896,True,.nii.gz,1,101913_00001,101913_00001
4,10999754,batch_4.zip,223,batch_4/101914_00001_0000.nii.gz,False,60432715,60432715,0,8b8846d9,0,False,19716261416,0,813,45,0,2179792896,True,.nii.gz,1,101914_00001,101914_00001
4,10999754,batch_4.zip,224,batch_4/101915_00001_0000.nii.gz,False,230500313,230500313,0,4c1870d5,0,False,19776694193,0,813,45,0,2179792896,True,.nii.gz,1,101915_00001,101915_00001
4,10999754,batch_4.zip,225,batch_4/101916_00001_0000.nii.gz,False,77571708,77571708,0,7130a0b0,0,False,20007194568,0,813,45,0,2179792896,True,.nii.gz,1,101916_00001,101916_00001
4,10999754,batch_4.zip,226,batch_4/101917_00001_0000.nii.gz,False,58908216,58908216,0,2f463473,0,False,20084766338,0,813,45,0,2179792896,True,.nii.gz,1,101917_00001,101917_00001
4,10999754,batch_4.zip,227,batch_4/101918_00001_0000.nii.gz,False,83476166,83476166,0,89745554,0,False,20143674616,0,813,45,0,2179792896,True,.nii.gz,1,101918_00001,101918_00001
4,10999754,batch_4.zip,228,batch_4/101919_00001_0000.nii.gz,False,207561946,207561946,0,224023c0,0,False,20227150844,0,813,45,0,2179792896,True,.nii.gz,1,101919_00001,101919_00001
4,10999754,batch_4.zip,229,batch_4/101920_00001_0000.nii.gz,False,120138398,120138398,0,014232cc,0,False,20434712852,0,813,45,0,2179792896,True,.nii.gz,1,101920_00001,101920_00001
4,10999754,batch_4.zip,230,batch_4/101921_00001_0000.nii.gz,False,70701684,70701684,0,0eb19946,0,False,20554851312,0,813,45,0,2179792896,True,.nii.gz,1,101921_00001,101921_00001
4,10999754,batch_4.zip,231,batch_4/101922_00001_0000.nii.gz,False,147167282,147167282,0,0b0749af,0,False,20625553058,0,813,45,0,2179792896,True,.nii.gz,1,101922_00001,101922_00001
4,10999754,batch_4.zip,232,batch_4/101923_00001_0000.nii.gz,False,74740241,74740241,0,e407e928,0,False,20772720402,0,813,45,0,2179792896,True,.nii.gz,1,101923_00001,101923_00001
4,10999754,batch_4.zip,233,batch_4/101924_00001_0000.nii.gz,False,49254446,49254446,0,6074cac2,0,False,20847460705,0,813,45,0,2179792896,True,.nii.gz,1,101924_00001,101924_00001
4,10999754,batch_4.zip,234,batch_4/101925_00001_0000.nii.gz,False,36406607,36406607,0,78ad7687,0,False,20896715213,0,813,45,0,2179792896,True,.nii.gz,1,101925_00001,101925_00001
4,10999754,batch_4.zip,235,batch_4/101926_00001_0000.nii.gz,False,28169231,28169231,0,15930114,0,False,20933121882,0,813,45,0,2179792896,True,.nii.gz,1,101926_00001,101926_00001
4,10999754,batch_4.zip,236,batch_4/101927_00001_0000.nii.gz,False,95461561,95461561,0,546d110b,0,False,20961291175,0,813,45,0,2179792896,True,.nii.gz,1,101927_00001,101927_00001
4,10999754,batch_4.zip,237,batch_4/101928_00001_0000.nii.gz,False,91678068,91678068,0,b244d4c8,0,False,21056752798,0,813,45,0,2179792896,True,.nii.gz,1,101928_00001,101928_00001
4,10999754,batch_4.zip,238,batch_4/101929_00001_0000.nii.gz,False,92262148,92262148,0,ea267837,0,False,21148430928,0,813,45,0,2179792896,True,.nii.gz,1,101929_00001,101929_00001
4,10999754,batch_4.zip,239,batch_4/101930_00001_0000.nii.gz,False,103077094,103077094,0,e587990d,0,False,21240693138,0,813,45,0,2179792896,True,.nii.gz,1,101930_00001,101930_00001
4,10999754,batch_4.zip,240,batch_4/101931_00001_0000.nii.gz,False,26627540,26627540,0,90ada237,0,False,21343770294,0,813,45,0,2179792896,True,.nii.gz,1,101931_00001,101931_00001
4,10999754,batch_4.zip,241,batch_4/101932_00001_0000.nii.gz,False,36627083,36627083,0,6b8cd5df,0,False,21370397896,0,813,45,0,2179792896,True,.nii.gz,1,101932_00001,101932_00001
4,10999754,batch_4.zip,242,batch_4/101933_00001_0000.nii.gz,False,39691044,39691044,0,b6e4f47e,0,False,21407025041,0,813,45,0,2179792896,True,.nii.gz,1,101933_00001,101933_00001
4,10999754,batch_4.zip,243,batch_4/101934_00001_0000.nii.gz,False,32135219,32135219,0,f8db7e27,0,False,21446716147,0,813,45,0,2179792896,True,.nii.gz,1,101934_00001,101934_00001
4,10999754,batch_4.zip,244,batch_4/101935_00001_0000.nii.gz,False,76698157,76698157,0,02b7c492,0,False,21478851428,0,813,45,0,2179792896,True,.nii.gz,1,101935_00001,101935_00001
4,10999754,batch_4.zip,245,batch_4/101936_00001_0000.nii.gz,False,80382882,80382882,0,7690b27d,0,False,21555549647,0,813,45,0,2179792896,True,.nii.gz,1,101936_00001,101936_00001
4,10999754,batch_4.zip,246,batch_4/101937_00001_0000.nii.gz,False,39388564,39388564,0,02f92503,0,False,21635932591,0,813,45,0,2179792896,True,.nii.gz,1,101937_00001,101937_00001
4,10999754,batch_4.zip,247,batch_4/101938_00001_0000.nii.gz,False,48793975,48793975,0,a13ccede,0,False,21675321217,0,813,45,0,2179792896,True,.nii.gz,1,101938_00001,101938_00001
4,10999754,batch_4.zip,248,batch_4/101939_00001_0000.nii.gz,False,90420102,90420102,0,51da9a94,0,False,21724115254,0,813,45,0,2179792896,True,.nii.gz,1,101939_00001,101939_00001
4,10999754,batch_4.zip,249,batch_4/101940_00001_0000.nii.gz,False,31036278,31036278,0,55ea0203,0,False,21814535418,0,813,45,0,2179792896,True,.nii.gz,1,101940_00001,101940_00001
4,10999754,batch_4.zip,250,batch_4/101941_00001_0000.nii.gz,False,25805636,25805636,0,6b2e9076,0,False,21845571758,0,813,45,0,2179792896,True,.nii.gz,1,101941_00001,101941_00001
4,10999754,batch_4.zip,251,batch_4/101942_00001_0000.nii.gz,False,48274017,48274017,0,9369cdd8,0,False,21871377456,0,813,45,0,2179792896,True,.nii.gz,1,101942_00001,101942_00001
4,10999754,batch_4.zip,252,batch_4/101943_00001_0000.nii.gz,False,45619632,45619632,0,007c19d3,0,False,21919651535,0,813,45,0,2179792896,True,.nii.gz,1,101943_00001,101943_00001
4,10999754,batch_4.zip,253,batch_4/101944_00001_0000.nii.gz,False,56892546,56892546,0,d144f485,0,False,21965271229,0,813,45,0,2179792896,True,.nii.gz,1,101944_00001,101944_00001
4,10999754,batch_4.zip,254,batch_4/101945_00001_0000.nii.gz,False,62130927,62130927,0,a9dd2af8,0,False,22022163837,0,813,45,0,2179792896,True,.nii.gz,1,101945_00001,101945_00001
4,10999754,batch_4.zip,255,batch_4/101946_00001_0000.nii.gz,False,52251822,52251822,0,5a3db70b,0,False,22084294826,0,813,45,0,2179792896,True,.nii.gz,1,101946_00001,101946_00001
4,10999754,batch_4.zip,256,batch_4/101947_00001_0000.nii.gz,False,85029803,85029803,0,dac0a27e,0,False,22136546710,0,813,45,0,2179792896,True,.nii.gz,1,101947_00001,101947_00001
4,10999754,batch_4.zip,257,batch_4/101948_00001_0000.nii.gz,False,23513447,23513447,0,1faa3de7,0,False,22221576575,0,813,45,0,2179792896,True,.nii.gz,1,101948_00001,101948_00001
4,10999754,batch_4.zip,258,batch_4/101949_00001_0000.nii.gz,False,31802936,31802936,0,4b833e2e,0,False,22245090084,0,813,45,0,2179792896,True,.nii.gz,1,101949_00001,101949_00001
4,10999754,batch_4.zip,259,batch_4/101950_00001_0000.nii.gz,False,101465951,101465951,0,fc5eab6f,0,False,22276893082,0,813,45,0,2179792896,True,.nii.gz,1,101950_00001,101950_00001
4,10999754,batch_4.zip,260,batch_4/101951_00001_0000.nii.gz,False,62667927,62667927,0,1391c1a2,0,False,22378359095,0,813,45,0,2179792896,True,.nii.gz,1,101951_00001,101951_00001
4,10999754,batch_4.zip,261,batch_4/101952_00001_0000.nii.gz,False,78667504,78667504,0,90055ef3,0,False,22441027084,0,813,45,0,2179792896,True,.nii.gz,1,101952_00001,101952_00001
4,10999754,batch_4.zip,262,batch_4/101953_00001_0000.nii.gz,False,84009957,84009957,0,133f1626,0,False,22519694650,0,813,45,0,2179792896,True,.nii.gz,1,101953_00001,101953_00001
4,10999754,batch_4.zip,263,batch_4/101954_00001_0000.nii.gz,False,125134618,125134618,0,4a073b90,0,False,22603704669,0,813,45,0,2179792896,True,.nii.gz,1,101954_00001,101954_00001
4,10999754,batch_4.zip,264,batch_4/101955_00001_0000.nii.gz,False,33661470,33661470,0,779a64f1,0,False,22728839349,0,813,45,0,2179792896,True,.nii.gz,1,101955_00001,101955_00001
4,10999754,batch_4.zip,265,batch_4/101956_00001_0000.nii.gz,False,20205390,20205390,0,31ce4c76,0,False,22762500881,0,813,45,0,2179792896,True,.nii.gz,1,101956_00001,101956_00001
4,10999754,batch_4.zip,266,batch_4/101957_00001_0000.nii.gz,False,105724772,105724772,0,20619228,0,False,22782706333,0,813,45,0,2179792896,True,.nii.gz,1,101957_00001,101957_00001
4,10999754,batch_4.zip,267,batch_4/101958_00001_0000.nii.gz,False,38826130,38826130,0,457cd4bc,0,False,22888431167,0,813,45,0,2179792896,True,.nii.gz,1,101958_00001,101958_00001
4,10999754,batch_4.zip,268,batch_4/101959_00001_0000.nii.gz,False,90330742,90330742,0,d1e8f944,0,False,22927257359,0,813,45,0,2179792896,True,.nii.gz,1,101959_00001,101959_00001
4,10999754,batch_4.zip,269,batch_4/101960_00001_0000.nii.gz,False,119649457,119649457,0,ed3b3420,0,False,23017588163,0,813,45,0,2179792896,True,.nii.gz,1,101960_00001,101960_00001
4,10999754,batch_4.zip,270,batch_4/101961_00001_0000.nii.gz,False,101229393,101229393,0,734ad670,0,False,23137237682,0,813,45,0,2179792896,True,.nii.gz,1,101961_00001,101961_00001
4,10999754,batch_4.zip,271,batch_4/101962_00001_0000.nii.gz,False,73377898,73377898,0,3ea5a1fb,0,False,23238467137,0,813,45,0,2179792896,True,.nii.gz,1,101962_00001,101962_00001
4,10999754,batch_4.zip,272,batch_4/101963_00001_0000.nii.gz,False,20692321,20692321,0,76809a53,0,False,23311845097,0,813,45,0,2179792896,True,.nii.gz,1,101963_00001,101963_00001
4,10999754,batch_4.zip,273,batch_4/101964_00001_0000.nii.gz,False,168238310,168238310,0,d275bfdc,0,False,23332537480,0,813,45,0,2179792896,True,.nii.gz,1,101964_00001,101964_00001
4,10999754,batch_4.zip,274,batch_4/101965_00001_0000.nii.gz,False,177903191,177903191,0,52b21448,0,False,23500775852,0,813,45,0,2179792896,True,.nii.gz,1,101965_00001,101965_00001
4,10999754,batch_4.zip,275,batch_4/101966_00001_0000.nii.gz,False,77307903,77307903,0,b2683d82,0,False,23678679105,0,813,45,0,2179792896,True,.nii.gz,1,101966_00001,101966_00001
4,10999754,batch_4.zip,276,batch_4/101967_00001_0000.nii.gz,False,40899804,40899804,0,e4d124dd,0,False,23755987070,0,813,45,0,2179792896,True,.nii.gz,1,101967_00001,101967_00001
4,10999754,batch_4.zip,277,batch_4/101968_00001_0000.nii.gz,False,71181341,71181341,0,d295f715,0,False,23796886936,0,813,45,0,2179792896,True,.nii.gz,1,101968_00001,101968_00001
4,10999754,batch_4.zip,278,batch_4/101969_00001_0000.nii.gz,False,22864337,22864337,0,394be2b5,0,False,23868068339,0,813,45,0,2179792896,True,.nii.gz,1,101969_00001,101969_00001
4,10999754,batch_4.zip,279,batch_4/101970_00001_0000.nii.gz,False,79992492,79992492,0,91430da7,0,False,23890932738,0,813,45,0,2179792896,True,.nii.gz,1,101970_00001,101970_00001
4,10999754,batch_4.zip,280,batch_4/101970_00002_0000.nii.gz,False,78450737,78450737,0,803b3260,0,False,23970925292,0,813,45,0,2179792896,True,.nii.gz,1,101970_00002,101970_00002
4,10999754,batch_4.zip,281,batch_4/101971_00001_0000.nii.gz,False,149588992,149588992,0,a7a0239d,0,False,24049376091,0,813,45,0,2179792896,True,.nii.gz,1,101971_00001,101971_00001
4,10999754,batch_4.zip,282,batch_4/101972_00001_0000.nii.gz,False,322985659,322985659,0,444f73b4,0,False,24198965145,0,813,45,0,2179792896,True,.nii.gz,1,101972_00001,101972_00001
4,10999754,batch_4.zip,283,batch_4/101973_00001_0000.nii.gz,False,26685373,26685373,0,41b7a589,0,False,24521950866,0,813,45,0,2179792896,True,.nii.gz,1,101973_00001,101973_00001
4,10999754,batch_4.zip,284,batch_4/101974_00001_0000.nii.gz,False,215445840,215445840,0,20901643,0,False,24548636301,0,813,45,0,2179792896,True,.nii.gz,1,101974_00001,101974_00001
4,10999754,batch_4.zip,285,batch_4/101975_00001_0000.nii.gz,False,77451513,77451513,0,0f68f58e,0,False,24764082203,0,813,45,0,2179792896,True,.nii.gz,1,101975_00001,101975_00001
4,10999754,batch_4.zip,286,batch_4/101976_00001_0000.nii.gz,False,28444374,28444374,0,0a76b49f,0,False,24841533778,0,813,45,0,2179792896,True,.nii.gz,1,101976_00001,101976_00001
4,10999754,batch_4.zip,287,batch_4/101977_00001_0000.nii.gz,False,94138893,94138893,0,c378aebb,0,False,24869978214,0,813,45,0,2179792896,True,.nii.gz,1,101977_00001,101977_00001
4,10999754,batch_4.zip,288,batch_4/101978_00001_0000.nii.gz,False,58115705,58115705,0,5ce85b09,0,False,24964117169,0,813,45,0,2179792896,True,.nii.gz,1,101978_00001,101978_00001
4,10999754,batch_4.zip,289,batch_4/101979_00001_0000.nii.gz,False,78042782,78042782,0,e022e18f,0,False,25022232936,0,813,45,0,2179792896,True,.nii.gz,1,101979_00001,101979_00001
4,10999754,batch_4.zip,290,batch_4/101980_00001_0000.nii.gz,False,94079684,94079684,0,ffff8bfe,0,False,25100275780,0,813,45,0,2179792896,True,.nii.gz,1,101980_00001,101980_00001
4,10999754,batch_4.zip,291,batch_4/101981_00001_0000.nii.gz,False,86584348,86584348,0,ca5a542e,0,False,25194355526,0,813,45,0,2179792896,True,.nii.gz,1,101981_00001,101981_00001
4,10999754,batch_4.zip,292,batch_4/101982_00001_0000.nii.gz,False,43691529,43691529,0,f9d7f9b0,0,False,25280939936,0,813,45,0,2179792896,True,.nii.gz,1,101982_00001,101982_00001
4,10999754,batch_4.zip,293,batch_4/101983_00001_0000.nii.gz,False,96653056,96653056,0,2710706a,0,False,25324631527,0,813,45,0,2179792896,True,.nii.gz,1,101983_00001,101983_00001
4,10999754,batch_4.zip,294,batch_4/101984_00001_0000.nii.gz,False,204774678,204774678,0,f6609403,0,False,25421284645,0,813,45,0,2179792896,True,.nii.gz,1,101984_00001,101984_00001
4,10999754,batch_4.zip,295,batch_4/101985_00001_0000.nii.gz,False,296586332,296586332,0,307e4d6f,0,False,25626059385,0,813,45,0,2179792896,True,.nii.gz,1,101985_00001,101985_00001
4,10999754,batch_4.zip,296,batch_4/101986_00001_0000.nii.gz,False,57300337,57300337,0,82010417,0,False,25922645779,0,813,45,0,2179792896,True,.nii.gz,1,101986_00001,101986_00001
4,10999754,batch_4.zip,297,batch_4/101987_00001_0000.nii.gz,False,61968028,61968028,0,4bb2d0e4,0,False,25979946178,0,813,45,0,2179792896,True,.nii.gz,1,101987_00001,101987_00001
4,10999754,batch_4.zip,298,batch_4/101988_00001_0000.nii.gz,False,48278864,48278864,0,de611b83,0,False,26041914268,0,813,45,0,2179792896,True,.nii.gz,1,101988_00001,101988_00001
4,10999754,batch_4.zip,299,batch_4/101989_00001_0000.nii.gz,False,106041336,106041336,0,d57cadf7,0,False,26090193194,0,813,45,0,2179792896,True,.nii.gz,1,101989_00001,101989_00001
4,10999754,batch_4.zip,300,batch_4/101990_00001_0000.nii.gz,False,39907380,39907380,0,274dd65e,0,False,26196234592,0,813,45,0,2179792896,True,.nii.gz,1,101990_00001,101990_00001
4,10999754,batch_4.zip,301,batch_4/101991_00001_0000.nii.gz,False,37580778,37580778,0,aed7e5bf,0,False,26236142034,0,813,45,0,2179792896,True,.nii.gz,1,101991_00001,101991_00001
4,10999754,batch_4.zip,302,batch_4/101992_00001_0000.nii.gz,False,135694313,135694313,0,1e5f4d15,0,False,26273722874,0,813,45,0,2179792896,True,.nii.gz,1,101992_00001,101992_00001
4,10999754,batch_4.zip,303,batch_4/101993_00001_0000.nii.gz,False,85245156,85245156,0,51b30b99,0,False,26409417249,0,813,45,0,2179792896,True,.nii.gz,1,101993_00001,101993_00001
4,10999754,batch_4.zip,304,batch_4/101994_00001_0000.nii.gz,False,85507845,85507845,0,5e8e45d1,0,False,26494662467,0,813,45,0,2179792896,True,.nii.gz,1,101994_00001,101994_00001
4,10999754,batch_4.zip,305,batch_4/101995_00001_0000.nii.gz,False,158611137,158611137,0,7111190c,0,False,26580170374,0,813,45,0,2179792896,True,.nii.gz,1,101995_00001,101995_00001
4,10999754,batch_4.zip,306,batch_4/101996_00001_0000.nii.gz,False,237731768,237731768,0,6f590765,0,False,26738781573,0,813,45,0,2179792896,True,.nii.gz,1,101996_00001,101996_00001
4,10999754,batch_4.zip,307,batch_4/101997_00001_0000.nii.gz,False,73473915,73473915,0,a440587b,0,False,26976513403,0,813,45,0,2179792896,True,.nii.gz,1,101997_00001,101997_00001
4,10999754,batch_4.zip,308,batch_4/101998_00001_0000.nii.gz,False,36447209,36447209,0,da188929,0,False,27049987380,0,813,45,0,2179792896,True,.nii.gz,1,101998_00001,101998_00001
4,10999754,batch_4.zip,309,batch_4/101999_00001_0000.nii.gz,False,66505839,66505839,0,5a21346e,0,False,27086434651,0,813,45,0,2179792896,True,.nii.gz,1,101999_00001,101999_00001
4,10999754,batch_4.zip,310,batch_4/102000_00001_0000.nii.gz,False,23922876,23922876,0,bdb9c397,0,False,27152940552,0,813,45,0,2179792896,True,.nii.gz,1,102000_00001,102000_00001
4,10999754,batch_4.zip,311,batch_4/102001_00001_0000.nii.gz,False,50243444,50243444,0,129ec8f8,0,False,27176863490,0,813,45,0,2179792896,True,.nii.gz,1,102001_00001,102001_00001
4,10999754,batch_4.zip,312,batch_4/102002_00001_0000.nii.gz,False,72742341,72742341,0,01ec8f90,0,False,27227106996,0,813,45,0,2179792896,True,.nii.gz,1,102002_00001,102002_00001
4,10999754,batch_4.zip,313,batch_4/102003_00001_0000.nii.gz,False,99101436,99101436,0,308c79ce,0,False,27299849399,0,813,45,0,2179792896,True,.nii.gz,1,102003_00001,102003_00001
4,10999754,batch_4.zip,314,batch_4/102004_00001_0000.nii.gz,False,217735215,217735215,0,f119cd5e,0,False,27398950897,0,813,45,0,2179792896,True,.nii.gz,1,102004_00001,102004_00001
4,10999754,batch_4.zip,315,batch_4/102005_00001_0000.nii.gz,False,44820390,44820390,0,292fe0c6,0,False,27616686174,0,813,45,0,2179792896,True,.nii.gz,1,102005_00001,102005_00001
4,10999754,batch_4.zip,316,batch_4/102006_00001_0000.nii.gz,False,135757728,135757728,0,6e947b0c,0,False,27661506626,0,813,45,0,2179792896,True,.nii.gz,1,102006_00001,102006_00001
4,10999754,batch_4.zip,317,batch_4/102007_00001_0000.nii.gz,False,25685518,25685518,0,f672c5ab,0,False,27797264416,0,813,45,0,2179792896,True,.nii.gz,1,102007_00001,102007_00001
4,10999754,batch_4.zip,318,batch_4/102008_00001_0000.nii.gz,False,27547497,27547497,0,21167905,0,False,27822949996,0,813,45,0,2179792896,True,.nii.gz,1,102008_00001,102008_00001
4,10999754,batch_4.zip,319,batch_4/102009_00001_0000.nii.gz,False,322242805,322242805,0,9cbb5eeb,0,False,27850497555,0,813,45,0,2179792896,True,.nii.gz,1,102009_00001,102009_00001
4,10999754,batch_4.zip,320,batch_4/102010_00001_0000.nii.gz,False,97144232,97144232,0,c0b9c92d,0,False,28172740422,0,813,45,0,2179792896,True,.nii.gz,1,102010_00001,102010_00001
4,10999754,batch_4.zip,321,batch_4/102011_00001_0000.nii.gz,False,334086843,334086843,0,433bc9b6,0,False,28269884716,0,813,45,0,2179792896,True,.nii.gz,1,102011_00001,102011_00001
4,10999754,batch_4.zip,322,batch_4/102012_00001_0000.nii.gz,False,82665047,82665047,0,7feca9e2,0,False,28603971621,0,813,45,0,2179792896,True,.nii.gz,1,102012_00001,102012_00001
4,10999754,batch_4.zip,323,batch_4/102013_00001_0000.nii.gz,False,28225128,28225128,0,d9dd163b,0,False,28686636730,0,813,45,0,2179792896,True,.nii.gz,1,102013_00001,102013_00001
4,10999754,batch_4.zip,324,batch_4/102014_00001_0000.nii.gz,False,45734980,45734980,0,dffdb723,0,False,28714861920,0,813,45,0,2179792896,True,.nii.gz,1,102014_00001,102014_00001
4,10999754,batch_4.zip,325,batch_4/102015_00001_0000.nii.gz,False,77008709,77008709,0,48657621,0,False,28760596962,0,813,45,0,2179792896,True,.nii.gz,1,102015_00001,102015_00001
4,10999754,batch_4.zip,326,batch_4/102016_00001_0000.nii.gz,False,38362275,38362275,0,e36c04b5,0,False,28837605733,0,813,45,0,2179792896,True,.nii.gz,1,102016_00001,102016_00001
4,10999754,batch_4.zip,327,batch_4/102017_00001_0000.nii.gz,False,61047217,61047217,0,2f917b77,0,False,28875968070,0,813,45,0,2179792896,True,.nii.gz,1,102017_00001,102017_00001
4,10999754,batch_4.zip,328,batch_4/102018_00001_0000.nii.gz,False,93443530,93443530,0,f5be2927,0,False,28937015349,0,813,45,0,2179792896,True,.nii.gz,1,102018_00001,102018_00001
4,10999754,batch_4.zip,329,batch_4/102019_00001_0000.nii.gz,False,17199180,17199180,0,3c2dcb5c,0,False,29030458941,0,813,45,0,2179792896,True,.nii.gz,1,102019_00001,102019_00001
4,10999754,batch_4.zip,330,batch_4/102020_00001_0000.nii.gz,False,24573686,24573686,0,d7ee25cb,0,False,29047658183,0,813,45,0,2179792896,True,.nii.gz,1,102020_00001,102020_00001
4,10999754,batch_4.zip,331,batch_4/102021_00001_0000.nii.gz,False,81498054,81498054,0,78bedf47,0,False,29072231931,0,813,45,0,2179792896,True,.nii.gz,1,102021_00001,102021_00001
4,10999754,batch_4.zip,332,batch_4/102022_00001_0000.nii.gz,False,93590464,93590464,0,949694ad,0,False,29153730047,0,813,45,0,2179792896,True,.nii.gz,1,102022_00001,102022_00001
4,10999754,batch_4.zip,333,batch_4/102023_00001_0000.nii.gz,False,58562315,58562315,0,37ecba17,0,False,29247320573,0,813,45,0,2179792896,True,.nii.gz,1,102023_00001,102023_00001
4,10999754,batch_4.zip,334,batch_4/102024_00001_0000.nii.gz,False,30710124,30710124,0,4b12d191,0,False,29305882950,0,813,45,0,2179792896,True,.nii.gz,1,102024_00001,102024_00001
4,10999754,batch_4.zip,335,batch_4/102025_00001_0000.nii.gz,False,98968175,98968175,0,70e80e30,0,False,29336593136,0,813,45,0,2179792896,True,.nii.gz,1,102025_00001,102025_00001
4,10999754,batch_4.zip,336,batch_4/102026_00001_0000.nii.gz,False,33815739,33815739,0,4bcceb47,0,False,29435561373,0,813,45,0,2179792896,True,.nii.gz,1,102026_00001,102026_00001
4,10999754,batch_4.zip,337,batch_4/102027_00001_0000.nii.gz,False,39517327,39517327,0,cd40fdf0,0,False,29469377174,0,813,45,0,2179792896,True,.nii.gz,1,102027_00001,102027_00001
4,10999754,batch_4.zip,338,batch_4/102028_00001_0000.nii.gz,False,82068518,82068518,0,1c1e2cab,0,False,29508894563,0,813,45,0,2179792896,True,.nii.gz,1,102028_00001,102028_00001
4,10999754,batch_4.zip,339,batch_4/102029_00001_0000.nii.gz,False,286551700,286551700,0,d0409ec7,0,False,29590963143,0,813,45,0,2179792896,True,.nii.gz,1,102029_00001,102029_00001
4,10999754,batch_4.zip,340,batch_4/102030_00001_0000.nii.gz,False,82341661,82341661,0,fd6d61d0,0,False,29877514905,0,813,45,0,2179792896,True,.nii.gz,1,102030_00001,102030_00001
4,10999754,batch_4.zip,341,batch_4/102031_00001_0000.nii.gz,False,33534047,33534047,0,d4cc25e8,0,False,29959856628,0,813,45,0,2179792896,True,.nii.gz,1,102031_00001,102031_00001
4,10999754,batch_4.zip,342,batch_4/102032_00001_0000.nii.gz,False,98008287,98008287,0,09f9eb0b,0,False,29993390737,0,813,45,0,2179792896,True,.nii.gz,1,102032_00001,102032_00001
4,10999754,batch_4.zip,343,batch_4/102033_00001_0000.nii.gz,False,42310931,42310931,0,a966b0f0,0,False,30091399086,0,813,45,0,2179792896,True,.nii.gz,1,102033_00001,102033_00001
4,10999754,batch_4.zip,344,batch_4/102034_00001_0000.nii.gz,False,55342195,55342195,0,68f8953c,0,False,30133710079,0,813,45,0,2179792896,True,.nii.gz,1,102034_00001,102034_00001
4,10999754,batch_4.zip,345,batch_4/102035_00001_0000.nii.gz,False,35625527,35625527,0,1c05198a,0,False,30189052336,0,813,45,0,2179792896,True,.nii.gz,1,102035_00001,102035_00001
4,10999754,batch_4.zip,346,batch_4/102036_00001_0000.nii.gz,False,43069782,43069782,0,c33f53c5,0,False,30224677925,0,813,45,0,2179792896,True,.nii.gz,1,102036_00001,102036_00001
4,10999754,batch_4.zip,347,batch_4/102037_00001_0000.nii.gz,False,32535225,32535225,0,1939bc85,0,False,30267747769,0,813,45,0,2179792896,True,.nii.gz,1,102037_00001,102037_00001
4,10999754,batch_4.zip,348,batch_4/102038_00001_0000.nii.gz,False,22794294,22794294,0,b86e1b2d,0,False,30300283056,0,813,45,0,2179792896,True,.nii.gz,1,102038_00001,102038_00001
4,10999754,batch_4.zip,349,batch_4/102039_00001_0000.nii.gz,False,48783741,48783741,0,6dd7e6dc,0,False,30323077412,0,813,45,0,2179792896,True,.nii.gz,1,102039_00001,102039_00001
4,10999754,batch_4.zip,350,batch_4/102040_00001_0000.nii.gz,False,71170987,71170987,0,09cb948a,0,False,30371861215,0,813,45,0,2179792896,True,.nii.gz,1,102040_00001,102040_00001
4,10999754,batch_4.zip,351,batch_4/102041_00001_0000.nii.gz,False,48821446,48821446,0,d51be846,0,False,30443032264,0,813,45,0,2179792896,True,.nii.gz,1,102041_00001,102041_00001
4,10999754,batch_4.zip,352,batch_4/102042_00001_0000.nii.gz,False,77209915,77209915,0,a020afdc,0,False,30491853772,0,813,45,0,2179792896,True,.nii.gz,1,102042_00001,102042_00001
4,10999754,batch_4.zip,353,batch_4/102043_00001_0000.nii.gz,False,82855686,82855686,0,e88605f3,0,False,30569063749,0,813,45,0,2179792896,True,.nii.gz,1,102043_00001,102043_00001
4,10999754,batch_4.zip,354,batch_4/102044_00001_0000.nii.gz,False,207408745,207408745,0,8cfa8475,0,False,30651919497,0,813,45,0,2179792896,True,.nii.gz,1,102044_00001,102044_00001
4,10999754,batch_4.zip,355,batch_4/102045_00001_0000.nii.gz,False,59375368,59375368,0,095195e5,0,False,30859328304,0,813,45,0,2179792896,True,.nii.gz,1,102045_00001,102045_00001
4,10999754,batch_4.zip,356,batch_4/102046_00001_0000.nii.gz,False,88823068,88823068,0,82d38030,0,False,30918703734,0,813,45,0,2179792896,True,.nii.gz,1,102046_00001,102046_00001
4,10999754,batch_4.zip,357,batch_4/102047_00001_0000.nii.gz,False,14243175,14243175,0,6e95756c,0,False,31007526864,0,813,45,0,2179792896,True,.nii.gz,1,102047_00001,102047_00001
4,10999754,batch_4.zip,358,batch_4/102048_00001_0000.nii.gz,False,32243141,32243141,0,1ab3e4d3,0,False,31021770101,0,813,45,0,2179792896,True,.nii.gz,1,102048_00001,102048_00001
4,10999754,batch_4.zip,359,batch_4/102049_00001_0000.nii.gz,False,40315950,40315950,0,7d1b26a9,0,False,31054013304,0,813,45,0,2179792896,True,.nii.gz,1,102049_00001,102049_00001
4,10999754,batch_4.zip,360,batch_4/102050_00001_0000.nii.gz,False,53137303,53137303,0,0f21328f,0,False,31094329316,0,813,45,0,2179792896,True,.nii.gz,1,102050_00001,102050_00001
4,10999754,batch_4.zip,361,batch_4/102051_00001_0000.nii.gz,False,103548135,103548135,0,36290b5d,0,False,31147466681,0,813,45,0,2179792896,True,.nii.gz,1,102051_00001,102051_00001
4,10999754,batch_4.zip,362,batch_4/102052_00001_0000.nii.gz,False,88499504,88499504,0,d57936c3,0,False,31251014878,0,813,45,0,2179792896,True,.nii.gz,1,102052_00001,102052_00001
4,10999754,batch_4.zip,363,batch_4/102053_00001_0000.nii.gz,False,40474208,40474208,0,88e88bfa,0,False,31339514444,0,813,45,0,2179792896,True,.nii.gz,1,102053_00001,102053_00001
4,10999754,batch_4.zip,364,batch_4/102054_00001_0000.nii.gz,False,90352078,90352078,0,700124cd,0,False,31379988714,0,813,45,0,2179792896,True,.nii.gz,1,102054_00001,102054_00001
4,10999754,batch_4.zip,365,batch_4/102055_00001_0000.nii.gz,False,89585658,89585658,0,c464cc6d,0,False,31470340854,0,813,45,0,2179792896,True,.nii.gz,1,102055_00001,102055_00001
4,10999754,batch_4.zip,366,batch_4/102056_00001_0000.nii.gz,False,40135246,40135246,0,322b6277,0,False,31559926574,0,813,45,0,2179792896,True,.nii.gz,1,102056_00001,102056_00001
4,10999754,batch_4.zip,367,batch_4/102057_00001_0000.nii.gz,False,57731681,57731681,0,060e9484,0,False,31600061882,0,813,45,0,2179792896,True,.nii.gz,1,102057_00001,102057_00001
4,10999754,batch_4.zip,368,batch_4/102058_00001_0000.nii.gz,False,45311462,45311462,0,35229175,0,False,31657793625,0,813,45,0,2179792896,True,.nii.gz,1,102058_00001,102058_00001
4,10999754,batch_4.zip,369,batch_4/102059_00001_0000.nii.gz,False,38951370,38951370,0,d2a88419,0,False,31703105149,0,813,45,0,2179792896,True,.nii.gz,1,102059_00001,102059_00001
4,10999754,batch_4.zip,370,batch_4/102060_00001_0000.nii.gz,False,87865232,87865232,0,6b90366b,0,False,31742056581,0,813,45,0,2179792896,True,.nii.gz,1,102060_00001,102060_00001
4,10999754,batch_4.zip,371,batch_4/102061_00001_0000.nii.gz,False,222938670,222938670,0,1c732744,0,False,31829921875,0,813,45,0,2179792896,True,.nii.gz,1,102061_00001,102061_00001
4,10999754,batch_4.zip,372,batch_4/102062_00001_0000.nii.gz,False,22949009,22949009,0,ca5bd200,0,False,32052860607,0,813,45,0,2179792896,True,.nii.gz,1,102062_00001,102062_00001
4,10999754,batch_4.zip,373,batch_4/102063_00001_0000.nii.gz,False,137418791,137418791,0,3ab304c8,0,False,32075809678,0,813,45,0,2179792896,True,.nii.gz,1,102063_00001,102063_00001
4,10999754,batch_4.zip,374,batch_4/102064_00001_0000.nii.gz,False,55645894,55645894,0,f48b28f3,0,False,32213228531,0,813,45,0,2179792896,True,.nii.gz,1,102064_00001,102064_00001
4,10999754,batch_4.zip,375,batch_4/102065_00001_0000.nii.gz,False,153150118,153150118,0,321e554e,0,False,32268874487,0,813,45,0,2179792896,True,.nii.gz,1,102065_00001,102065_00001
4,10999754,batch_4.zip,376,batch_4/102065_00002_0000.nii.gz,False,52314859,52314859,0,5674015a,0,False,32422024667,0,813,45,0,2179792896,True,.nii.gz,1,102065_00002,102065_00002
4,10999754,batch_4.zip,377,batch_4/102066_00001_0000.nii.gz,False,52101528,52101528,0,a67ac979,0,False,32474339588,0,813,45,0,2179792896,True,.nii.gz,1,102066_00001,102066_00001
4,10999754,batch_4.zip,378,batch_4/102067_00001_0000.nii.gz,False,38509754,38509754,0,2a3b231a,0,False,32526441178,0,813,45,0,2179792896,True,.nii.gz,1,102067_00001,102067_00001
4,10999754,batch_4.zip,379,batch_4/102068_00001_0000.nii.gz,False,118975614,118975614,0,9df12b19,0,False,32564950994,0,813,45,0,2179792896,True,.nii.gz,1,102068_00001,102068_00001
4,10999754,batch_4.zip,380,batch_4/102069_00001_0000.nii.gz,False,39725120,39725120,0,521b3631,0,False,32683926670,0,813,45,0,2179792896,True,.nii.gz,1,102069_00001,102069_00001
4,10999754,batch_4.zip,381,batch_4/102070_00001_0000.nii.gz,False,104456020,104456020,0,518e91e4,0,False,32723651852,0,813,45,0,2179792896,True,.nii.gz,1,102070_00001,102070_00001
4,10999754,batch_4.zip,382,batch_4/102071_00001_0000.nii.gz,False,95234197,95234197,0,3b363bf3,0,False,32828107934,0,813,45,0,2179792896,True,.nii.gz,1,102071_00001,102071_00001
4,10999754,batch_4.zip,383,batch_4/102072_00001_0000.nii.gz,False,123505104,123505104,0,99fd39b5,0,False,32923342193,0,813,45,0,2179792896,True,.nii.gz,1,102072_00001,102072_00001
4,10999754,batch_4.zip,384,batch_4/102073_00001_0000.nii.gz,False,25844436,25844436,0,2995cf9d,0,False,33046847359,0,813,45,0,2179792896,True,.nii.gz,1,102073_00001,102073_00001
4,10999754,batch_4.zip,385,batch_4/102074_00001_0000.nii.gz,False,84826521,84826521,0,8afbc7c5,0,False,33072691857,0,813,45,0,2179792896,True,.nii.gz,1,102074_00001,102074_00001
4,10999754,batch_4.zip,386,batch_4/102075_00001_0000.nii.gz,False,200875815,200875815,0,bb0f2749,0,False,33157518440,0,813,45,0,2179792896,True,.nii.gz,1,102075_00001,102075_00001
4,10999754,batch_4.zip,387,batch_4/102076_00001_0000.nii.gz,False,87870130,87870130,0,37eeeee7,0,False,33358394317,0,813,45,0,2179792896,True,.nii.gz,1,102076_00001,102076_00001
4,10999754,batch_4.zip,388,batch_4/102077_00001_0000.nii.gz,False,47167737,47167737,0,7dc5dadd,0,False,33446264509,0,813,45,0,2179792896,True,.nii.gz,1,102077_00001,102077_00001
4,10999754,batch_4.zip,389,batch_4/102078_00001_0000.nii.gz,False,201841892,201841892,0,bb0baa0c,0,False,33493432308,0,813,45,0,2179792896,True,.nii.gz,1,102078_00001,102078_00001
4,10999754,batch_4.zip,390,batch_4/102079_00001_0000.nii.gz,False,56550530,56550530,0,ef8b1b9f,0,False,33695274262,0,813,45,0,2179792896,True,.nii.gz,1,102079_00001,102079_00001
4,10999754,batch_4.zip,391,batch_4/102080_00001_0000.nii.gz,False,29469526,29469526,0,0a1c4d96,0,False,33751824854,0,813,45,0,2179792896,True,.nii.gz,1,102080_00001,102080_00001
4,10999754,batch_4.zip,392,batch_4/102081_00001_0000.nii.gz,False,92910130,92910130,0,062f84f9,0,False,33781294442,0,813,45,0,2179792896,True,.nii.gz,1,102081_00001,102081_00001
4,10999754,batch_4.zip,393,batch_4/102082_00001_0000.nii.gz,False,34984747,34984747,0,c9e79be7,0,False,33874204634,0,813,45,0,2179792896,True,.nii.gz,1,102082_00001,102082_00001
4,10999754,batch_4.zip,394,batch_4/102083_00001_0000.nii.gz,False,27113990,27113990,0,08ff2d62,0,False,33909189443,0,813,45,0,2179792896,True,.nii.gz,1,102083_00001,102083_00001
4,10999754,batch_4.zip,395,batch_4/102084_00001_0000.nii.gz,False,88401550,88401550,0,e39a3534,0,False,33936303495,0,813,45,0,2179792896,True,.nii.gz,1,102084_00001,102084_00001
4,10999754,batch_4.zip,396,batch_4/102085_00001_0000.nii.gz,False,181908891,181908891,0,9177bf0c,0,False,34024705107,0,813,45,0,2179792896,True,.nii.gz,1,102085_00001,102085_00001
4,10999754,batch_4.zip,397,batch_4/102086_00001_0000.nii.gz,False,82119282,82119282,0,4b51dde1,0,False,34206614060,0,813,45,0,2179792896,True,.nii.gz,1,102086_00001,102086_00001
4,10999754,batch_4.zip,398,batch_4/102087_00001_0000.nii.gz,False,43621483,43621483,0,76d2f57e,0,False,34288733404,0,813,45,0,2179792896,True,.nii.gz,1,102087_00001,102087_00001
4,10999754,batch_4.zip,399,batch_4/102088_00001_0000.nii.gz,False,110127016,110127016,0,5793d684,0,False,34332354949,0,813,45,0,2179792896,True,.nii.gz,1,102088_00001,102088_00001
4,10999754,batch_4.zip,400,batch_4/102089_00001_0000.nii.gz,False,92754599,92754599,0,3757c584,0,False,34442482027,0,813,45,0,2179792896,True,.nii.gz,1,102089_00001,102089_00001
4,10999754,batch_4.zip,401,batch_4/102090_00001_0000.nii.gz,False,171248812,171248812,0,078af8d6,0,False,34535236688,0,813,45,0,2179792896,True,.nii.gz,1,102090_00001,102090_00001
4,10999754,batch_4.zip,402,batch_4/102091_00001_0000.nii.gz,False,36795814,36795814,0,383b7394,0,False,34706485562,0,813,45,0,2179792896,True,.nii.gz,1,102091_00001,102091_00001
4,10999754,batch_4.zip,403,batch_4/102092_00001_0000.nii.gz,False,39990528,39990528,0,472453f4,0,False,34743281438,0,813,45,0,2179792896,True,.nii.gz,1,102092_00001,102092_00001
4,10999754,batch_4.zip,404,batch_4/102093_00001_0000.nii.gz,False,118742169,118742169,0,f3be14f9,0,False,34783272028,0,813,45,0,2179792896,True,.nii.gz,1,102093_00001,102093_00001
4,10999754,batch_4.zip,405,batch_4/102094_00001_0000.nii.gz,False,26869925,26869925,0,5aae3334,0,False,34902014259,0,813,45,0,2179792896,True,.nii.gz,1,102094_00001,102094_00001
4,10999754,batch_4.zip,406,batch_4/102095_00001_0000.nii.gz,False,56719517,56719517,0,ed24a807,0,False,34928884246,0,813,45,0,2179792896,True,.nii.gz,1,102095_00001,102095_00001
4,10999754,batch_4.zip,407,batch_4/102096_00001_0000.nii.gz,False,120051669,120051669,0,4e83fe42,0,False,34985603825,0,813,45,0,2179792896,True,.nii.gz,1,102096_00001,102096_00001
4,10999754,batch_4.zip,408,batch_4/102097_00001_0000.nii.gz,False,76764833,76764833,0,e4defa99,0,False,35105655556,0,813,45,0,2179792896,True,.nii.gz,1,102097_00001,102097_00001
4,10999754,batch_4.zip,409,batch_4/102098_00001_0000.nii.gz,False,74661176,74661176,0,5fcfb57c,0,False,35182420451,0,813,45,0,2179792896,True,.nii.gz,1,102098_00001,102098_00001
4,10999754,batch_4.zip,410,batch_4/102099_00001_0000.nii.gz,False,70000980,70000980,0,292e4fcf,0,False,35257081689,0,813,45,0,2179792896,True,.nii.gz,1,102099_00001,102099_00001
4,10999754,batch_4.zip,411,batch_4/102100_00001_0000.nii.gz,False,31681925,31681925,0,e2590d15,0,False,35327082731,0,813,45,0,2179792896,True,.nii.gz,1,102100_00001,102100_00001
4,10999754,batch_4.zip,412,batch_4/102101_00001_0000.nii.gz,False,13582352,13582352,0,2c059468,0,False,35358764718,0,813,45,0,2179792896,True,.nii.gz,1,102101_00001,102101_00001
4,10999754,batch_4.zip,413,batch_4/102102_00001_0000.nii.gz,False,213813729,213813729,0,38cf41f8,0,False,35372347132,0,813,45,0,2179792896,True,.nii.gz,1,102102_00001,102102_00001
4,10999754,batch_4.zip,414,batch_4/102103_00001_0000.nii.gz,False,53527758,53527758,0,10413b2f,0,False,35586160923,0,813,45,0,2179792896,True,.nii.gz,1,102103_00001,102103_00001
4,10999754,batch_4.zip,415,batch_4/102104_00001_0000.nii.gz,False,59137099,59137099,0,1189c442,0,False,35639688743,0,813,45,0,2179792896,True,.nii.gz,1,102104_00001,102104_00001
4,10999754,batch_4.zip,416,batch_4/102105_00001_0000.nii.gz,False,71021105,71021105,0,fccfb7f5,0,False,35698825904,0,813,45,0,2179792896,True,.nii.gz,1,102105_00001,102105_00001
4,10999754,batch_4.zip,417,batch_4/102106_00001_0000.nii.gz,False,141245562,141245562,0,1e7c9731,0,False,35769847071,0,813,45,0,2179792896,True,.nii.gz,1,102106_00001,102106_00001
4,10999754,batch_4.zip,418,batch_4/102107_00001_0000.nii.gz,False,85787856,85787856,0,461e349c,0,False,35911092695,0,813,45,0,2179792896,True,.nii.gz,1,102107_00001,102107_00001
4,10999754,batch_4.zip,419,batch_4/102108_00001_0000.nii.gz,False,68606748,68606748,0,62d3a4e6,0,False,35996880613,0,813,45,0,2179792896,True,.nii.gz,1,102108_00001,102108_00001
4,10999754,batch_4.zip,420,batch_4/102109_00001_0000.nii.gz,False,70375915,70375915,0,79c3f53f,0,False,36065487423,0,813,45,0,2179792896,True,.nii.gz,1,102109_00001,102109_00001
4,10999754,batch_4.zip,421,batch_4/102110_00001_0000.nii.gz,False,114359969,114359969,0,166df909,0,False,36135863400,0,813,45,0,2179792896,True,.nii.gz,1,102110_00001,102110_00001
4,10999754,batch_4.zip,422,batch_4/102111_00001_0000.nii.gz,False,54084313,54084313,0,15bb9c20,0,False,36250223431,0,813,45,0,2179792896,True,.nii.gz,1,102111_00001,102111_00001
4,10999754,batch_4.zip,423,batch_4/102112_00001_0000.nii.gz,False,26738016,26738016,0,93586472,0,False,36304307806,0,813,45,0,2179792896,True,.nii.gz,1,102112_00001,102112_00001
4,10999754,batch_4.zip,424,batch_4/102113_00001_0000.nii.gz,False,56404252,56404252,0,a546822f,0,False,36331045884,0,813,45,0,2179792896,True,.nii.gz,1,102113_00001,102113_00001
4,10999754,batch_4.zip,425,batch_4/102114_00001_0000.nii.gz,False,87641435,87641435,0,086e57d8,0,False,36387450198,0,813,45,0,2179792896,True,.nii.gz,1,102114_00001,102114_00001
4,10999754,batch_4.zip,426,batch_4/102115_00001_0000.nii.gz,False,52198194,52198194,0,90c96164,0,False,36475091695,0,813,45,0,2179792896,True,.nii.gz,1,102115_00001,102115_00001
4,10999754,batch_4.zip,427,batch_4/102116_00001_0000.nii.gz,False,51127774,51127774,0,35f57ef6,0,False,36527289951,0,813,45,0,2179792896,True,.nii.gz,1,102116_00001,102116_00001
4,10999754,batch_4.zip,428,batch_4/102117_00001_0000.nii.gz,False,25510533,25510533,0,2f4150e7,0,False,36578417787,0,813,45,0,2179792896,True,.nii.gz,1,102117_00001,102117_00001
4,10999754,batch_4.zip,429,batch_4/102118_00001_0000.nii.gz,False,25862195,25862195,0,6ef1268b,0,False,36603928382,0,813,45,0,2179792896,True,.nii.gz,1,102118_00001,102118_00001
4,10999754,batch_4.zip,430,batch_4/102119_00001_0000.nii.gz,False,96067147,96067147,0,4b0b9dd4,0,False,36629790639,0,813,45,0,2179792896,True,.nii.gz,1,102119_00001,102119_00001
4,10999754,batch_4.zip,431,batch_4/102120_00001_0000.nii.gz,False,46134208,46134208,0,429eab86,0,False,36725857848,0,813,45,0,2179792896,True,.nii.gz,1,102120_00001,102120_00001
4,10999754,batch_4.zip,432,batch_4/102121_00001_0000.nii.gz,False,205871602,205871602,0,907d1111,0,False,36771992118,0,813,45,0,2179792896,True,.nii.gz,1,102121_00001,102121_00001
4,10999754,batch_4.zip,433,batch_4/102122_00001_0000.nii.gz,False,19987329,19987329,0,7f2e9050,0,False,36977863782,0,813,45,0,2179792896,True,.nii.gz,1,102122_00001,102122_00001
4,10999754,batch_4.zip,434,batch_4/102123_00001_0000.nii.gz,False,45243403,45243403,0,c334e203,0,False,36997851173,0,813,45,0,2179792896,True,.nii.gz,1,102123_00001,102123_00001
4,10999754,batch_4.zip,435,batch_4/102124_00001_0000.nii.gz,False,38987955,38987955,0,91374e6e,0,False,37043094638,0,813,45,0,2179792896,True,.nii.gz,1,102124_00001,102124_00001
4,10999754,batch_4.zip,436,batch_4/102125_00001_0000.nii.gz,False,50425886,50425886,0,1f25838d,0,False,37082082655,0,813,45,0,2179792896,True,.nii.gz,1,102125_00001,102125_00001
4,10999754,batch_4.zip,437,batch_4/102126_00001_0000.nii.gz,False,111697172,111697172,0,de3f70f6,0,False,37132508603,0,813,45,0,2179792896,True,.nii.gz,1,102126_00001,102126_00001
4,10999754,batch_4.zip,438,batch_4/102127_00001_0000.nii.gz,False,56050705,56050705,0,54e902ee,0,False,37244205837,0,813,45,0,2179792896,True,.nii.gz,1,102127_00001,102127_00001
4,10999754,batch_4.zip,439,batch_4/102128_00001_0000.nii.gz,False,34931544,34931544,0,f1af47ea,0,False,37300256604,0,813,45,0,2179792896,True,.nii.gz,1,102128_00001,102128_00001
4,10999754,batch_4.zip,440,batch_4/102129_00001_0000.nii.gz,False,82660722,82660722,0,9e95f6a1,0,False,37335188210,0,813,45,0,2179792896,True,.nii.gz,1,102129_00001,102129_00001
4,10999754,batch_4.zip,441,batch_4/102130_00001_0000.nii.gz,False,50383269,50383269,0,56670e7a,0,False,37417848994,0,813,45,0,2179792896,True,.nii.gz,1,102130_00001,102130_00001
4,10999754,batch_4.zip,442,batch_4/102131_00001_0000.nii.gz,False,26117144,26117144,0,4406b676,0,False,37468232325,0,813,45,0,2179792896,True,.nii.gz,1,102131_00001,102131_00001
4,10999754,batch_4.zip,443,batch_4/102132_00001_0000.nii.gz,False,167655092,167655092,0,bd9a0fbd,0,False,37494349531,0,813,45,0,2179792896,True,.nii.gz,1,102132_00001,102132_00001
4,10999754,batch_4.zip,444,batch_4/102133_00001_0000.nii.gz,False,313395545,313395545,0,1bd9c545,0,False,37662004685,0,813,45,0,2179792896,True,.nii.gz,1,102133_00001,102133_00001
4,10999754,batch_4.zip,445,batch_4/102134_00001_0000.nii.gz,False,92148525,92148525,0,f27032de,0,False,37975400292,0,813,45,0,2179792896,True,.nii.gz,1,102134_00001,102134_00001
4,10999754,batch_4.zip,446,batch_4/102135_00001_0000.nii.gz,False,45608561,45608561,0,bfa445eb,0,False,38067548879,0,813,45,0,2179792896,True,.nii.gz,1,102135_00001,102135_00001
4,10999754,batch_4.zip,447,batch_4/102136_00001_0000.nii.gz,False,65776462,65776462,0,613deed1,0,False,38113157502,0,813,45,0,2179792896,True,.nii.gz,1,102136_00001,102136_00001
4,10999754,batch_4.zip,448,batch_4/102137_00001_0000.nii.gz,False,45264823,45264823,0,5bbd7020,0,False,38178934026,0,813,45,0,2179792896,True,.nii.gz,1,102137_00001,102137_00001
4,10999754,batch_4.zip,449,batch_4/102138_00001_0000.nii.gz,False,23381056,23381056,0,14ecf9fb,0,False,38224198911,0,813,45,0,2179792896,True,.nii.gz,1,102138_00001,102138_00001
4,10999754,batch_4.zip,450,batch_4/102139_00001_0000.nii.gz,False,153359223,153359223,0,85831e3d,0,False,38247580029,0,813,45,0,2179792896,True,.nii.gz,1,102139_00001,102139_00001
4,10999754,batch_4.zip,451,batch_4/102140_00001_0000.nii.gz,False,40762424,40762424,0,364796f6,0,False,38400939314,0,813,45,0,2179792896,True,.nii.gz,1,102140_00001,102140_00001
4,10999754,batch_4.zip,452,batch_4/102141_00001_0000.nii.gz,False,26591832,26591832,0,64628f4b,0,False,38441701800,0,813,45,0,2179792896,True,.nii.gz,1,102141_00001,102141_00001
4,10999754,batch_4.zip,453,batch_4/102142_00001_0000.nii.gz,False,88762618,88762618,0,82cea06c,0,False,38468293694,0,813,45,0,2179792896,True,.nii.gz,1,102142_00001,102142_00001
4,10999754,batch_4.zip,454,batch_4/102143_00001_0000.nii.gz,False,125659578,125659578,0,20259f98,0,False,38557056374,0,813,45,0,2179792896,True,.nii.gz,1,102143_00001,102143_00001
4,10999754,batch_4.zip,455,batch_4/102144_00001_0000.nii.gz,False,70275794,70275794,0,7f29a27b,0,False,38682716014,0,813,45,0,2179792896,True,.nii.gz,1,102144_00001,102144_00001
4,10999754,batch_4.zip,456,batch_4/102145_00001_0000.nii.gz,False,23792793,23792793,0,e1de963b,0,False,38752991870,0,813,45,0,2179792896,True,.nii.gz,1,102145_00001,102145_00001
4,10999754,batch_4.zip,457,batch_4/102146_00001_0000.nii.gz,False,52685052,52685052,0,3a762469,0,False,38776784725,0,813,45,0,2179792896,True,.nii.gz,1,102146_00001,102146_00001
4,10999754,batch_4.zip,458,batch_4/102147_00001_0000.nii.gz,False,45383865,45383865,0,edc95dd9,0,False,38829469839,0,813,45,0,2179792896,True,.nii.gz,1,102147_00001,102147_00001
4,10999754,batch_4.zip,459,batch_4/102148_00001_0000.nii.gz,False,76242446,76242446,0,6c53b43f,0,False,38874853766,0,813,45,0,2179792896,True,.nii.gz,1,102148_00001,102148_00001
4,10999754,batch_4.zip,460,batch_4/102149_00001_0000.nii.gz,False,212088022,212088022,0,9ff034e0,0,False,38951096274,0,813,45,0,2179792896,True,.nii.gz,1,102149_00001,102149_00001
4,10999754,batch_4.zip,461,batch_4/102150_00001_0000.nii.gz,False,28233461,28233461,0,57291cff,0,False,39163184358,0,813,45,0,2179792896,True,.nii.gz,1,102150_00001,102150_00001
4,10999754,batch_4.zip,462,batch_4/102151_00001_0000.nii.gz,False,94796468,94796468,0,36199507,0,False,39191417881,0,813,45,0,2179792896,True,.nii.gz,1,102151_00001,102151_00001
4,10999754,batch_4.zip,463,batch_4/102152_00001_0000.nii.gz,False,89635132,89635132,0,232f615c,0,False,39286214411,0,813,45,0,2179792896,True,.nii.gz,1,102152_00001,102152_00001
4,10999754,batch_4.zip,464,batch_4/102153_00001_0000.nii.gz,False,53896371,53896371,0,62892851,0,False,39375849605,0,813,45,0,2179792896,True,.nii.gz,1,102153_00001,102153_00001
4,10999754,batch_4.zip,465,batch_4/102154_00001_0000.nii.gz,False,38656005,38656005,0,49e17cd3,0,False,39429746038,0,813,45,0,2179792896,True,.nii.gz,1,102154_00001,102154_00001
4,10999754,batch_4.zip,466,batch_4/102155_00001_0000.nii.gz,False,230944887,230944887,0,dcc8a072,0,False,39468402105,0,813,45,0,2179792896,True,.nii.gz,1,102155_00001,102155_00001
4,10999754,batch_4.zip,467,batch_4/102156_00001_0000.nii.gz,False,41185269,41185269,0,9181a487,0,False,39699347054,0,813,45,0,2179792896,True,.nii.gz,1,102156_00001,102156_00001
4,10999754,batch_4.zip,468,batch_4/102157_00001_0000.nii.gz,False,102913400,102913400,0,9a255eac,0,False,39740532385,0,813,45,0,2179792896,True,.nii.gz,1,102157_00001,102157_00001
4,10999754,batch_4.zip,469,batch_4/102158_00001_0000.nii.gz,False,76520563,76520563,0,bb60e899,0,False,39843445847,0,813,45,0,2179792896,True,.nii.gz,1,102158_00001,102158_00001
4,10999754,batch_4.zip,470,batch_4/102159_00001_0000.nii.gz,False,63363018,63363018,0,fd49fc84,0,False,39919966472,0,813,45,0,2179792896,True,.nii.gz,1,102159_00001,102159_00001
4,10999754,batch_4.zip,471,batch_4/102160_00001_0000.nii.gz,False,226930747,226930747,0,ab46f1ea,0,False,39983329552,0,813,45,0,2179792896,True,.nii.gz,1,102160_00001,102160_00001
4,10999754,batch_4.zip,472,batch_4/102161_00001_0000.nii.gz,False,82985749,82985749,0,e7fd3997,0,False,40210260361,0,813,45,0,2179792896,True,.nii.gz,1,102161_00001,102161_00001
4,10999754,batch_4.zip,473,batch_4/102162_00001_0000.nii.gz,False,91734452,91734452,0,c02f61d6,0,False,40293246172,0,813,45,0,2179792896,True,.nii.gz,1,102162_00001,102162_00001
4,10999754,batch_4.zip,474,batch_4/102163_00001_0000.nii.gz,False,41608286,41608286,0,17db752a,0,False,40384980686,0,813,45,0,2179792896,True,.nii.gz,1,102163_00001,102163_00001
4,10999754,batch_4.zip,475,batch_4/102164_00001_0000.nii.gz,False,117310920,117310920,0,968bae6c,0,False,40426589034,0,813,45,0,2179792896,True,.nii.gz,1,102164_00001,102164_00001
4,10999754,batch_4.zip,476,batch_4/102165_00001_0000.nii.gz,False,51450016,51450016,0,6077e3eb,0,False,40543900016,0,813,45,0,2179792896,True,.nii.gz,1,102165_00001,102165_00001
4,10999754,batch_4.zip,477,batch_4/102166_00001_0000.nii.gz,False,80298841,80298841,0,aa847cbf,0,False,40595350094,0,813,45,0,2179792896,True,.nii.gz,1,102166_00001,102166_00001
4,10999754,batch_4.zip,478,batch_4/102167_00001_0000.nii.gz,False,73826000,73826000,0,1153c130,0,False,40675648997,0,813,45,0,2179792896,True,.nii.gz,1,102167_00001,102167_00001
4,10999754,batch_4.zip,479,batch_4/102168_00001_0000.nii.gz,False,227748457,227748457,0,cfbf76fd,0,False,40749475059,0,813,45,0,2179792896,True,.nii.gz,1,102168_00001,102168_00001
4,10999754,batch_4.zip,480,batch_4/102169_00001_0000.nii.gz,False,85064661,85064661,0,07141ace,0,False,40977223578,0,813,45,0,2179792896,True,.nii.gz,1,102169_00001,102169_00001
4,10999754,batch_4.zip,481,batch_4/102170_00001_0000.nii.gz,False,98727704,98727704,0,1f991712,0,False,41062288301,0,813,45,0,2179792896,True,.nii.gz,1,102170_00001,102170_00001
4,10999754,batch_4.zip,482,batch_4/102171_00001_0000.nii.gz,False,30174345,30174345,0,4dc5b4da,0,False,41161016067,0,813,45,0,2179792896,True,.nii.gz,1,102171_00001,102171_00001
4,10999754,batch_4.zip,483,batch_4/102172_00001_0000.nii.gz,False,35982582,35982582,0,2a7cce59,0,False,41191190474,0,813,45,0,2179792896,True,.nii.gz,1,102172_00001,102172_00001
4,10999754,batch_4.zip,484,batch_4/102173_00001_0000.nii.gz,False,213576493,213576493,0,8fe6ef28,0,False,41227173118,0,813,45,0,2179792896,True,.nii.gz,1,102173_00001,102173_00001
4,10999754,batch_4.zip,485,batch_4/102174_00001_0000.nii.gz,False,80402789,80402789,0,168351f2,0,False,41440749673,0,813,45,0,2179792896,True,.nii.gz,1,102174_00001,102174_00001
4,10999754,batch_4.zip,486,batch_4/102175_00001_0000.nii.gz,False,135360875,135360875,0,4f243dfe,0,False,41521152524,0,813,45,0,2179792896,True,.nii.gz,1,102175_00001,102175_00001
4,10999754,batch_4.zip,487,batch_4/102176_00001_0000.nii.gz,False,35146208,35146208,0,06e0da3f,0,False,41656513461,0,813,45,0,2179792896,True,.nii.gz,1,102176_00001,102176_00001
4,10999754,batch_4.zip,488,batch_4/102177_00001_0000.nii.gz,False,70446863,70446863,0,267e1f3e,0,False,41691659731,0,813,45,0,2179792896,True,.nii.gz,1,102177_00001,102177_00001
4,10999754,batch_4.zip,489,batch_4/102178_00001_0000.nii.gz,False,56388550,56388550,0,6a548dc6,0,False,41762106656,0,813,45,0,2179792896,True,.nii.gz,1,102178_00001,102178_00001
4,10999754,batch_4.zip,490,batch_4/102179_00001_0000.nii.gz,False,69210466,69210466,0,a6f1e867,0,False,41818495268,0,813,45,0,2179792896,True,.nii.gz,1,102179_00001,102179_00001
4,10999754,batch_4.zip,491,batch_4/102180_00001_0000.nii.gz,False,98035860,98035860,0,3dab3429,0,False,41887705796,0,813,45,0,2179792896,True,.nii.gz,1,102180_00001,102180_00001
4,10999754,batch_4.zip,492,batch_4/102181_00001_0000.nii.gz,False,45466126,45466126,0,02a275ca,0,False,41985741718,0,813,45,0,2179792896,True,.nii.gz,1,102181_00001,102181_00001
4,10999754,batch_4.zip,493,batch_4/102182_00001_0000.nii.gz,False,72924906,72924906,0,a56d0260,0,False,42031207906,0,813,45,0,2179792896,True,.nii.gz,1,102182_00001,102182_00001
4,10999754,batch_4.zip,494,batch_4/102183_00001_0000.nii.gz,False,83258047,83258047,0,fa00fd2b,0,False,42104132874,0,813,45,0,2179792896,True,.nii.gz,1,102183_00001,102183_00001
4,10999754,batch_4.zip,495,batch_4/102184_00001_0000.nii.gz,False,146622130,146622130,0,584ec17c,0,False,42187390983,0,813,45,0,2179792896,True,.nii.gz,1,102184_00001,102184_00001
4,10999754,batch_4.zip,496,batch_4/102185_00001_0000.nii.gz,False,40020952,40020952,0,d8cf6e13,0,False,42334013175,0,813,45,0,2179792896,True,.nii.gz,1,102185_00001,102185_00001
4,10999754,batch_4.zip,497,batch_4/102186_00001_0000.nii.gz,False,87203068,87203068,0,be291435,0,False,42374034189,0,813,45,0,2179792896,True,.nii.gz,1,102186_00001,102186_00001
4,10999754,batch_4.zip,498,batch_4/102187_00001_0000.nii.gz,False,24494694,24494694,0,29a959d7,0,False,42461237319,0,813,45,0,2179792896,True,.nii.gz,1,102187_00001,102187_00001
4,10999754,batch_4.zip,499,batch_4/102188_00001_0000.nii.gz,False,302583944,302583944,0,926742b9,0,False,42485732075,0,813,45,0,2179792896,True,.nii.gz,1,102188_00001,102188_00001
4,10999754,batch_4.zip,500,batch_4/102189_00001_0000.nii.gz,False,57641541,57641541,0,8eea672b,0,False,42788316081,0,813,45,0,2179792896,True,.nii.gz,1,102189_00001,102189_00001
4,10999754,batch_4.zip,501,batch_4/102190_00001_0000.nii.gz,False,44750591,44750591,0,652adc4f,0,False,42845957684,0,813,45,0,2179792896,True,.nii.gz,1,102190_00001,102190_00001
4,10999754,batch_4.zip,502,batch_4/102191_00001_0000.nii.gz,False,208689741,208689741,0,3849a979,0,False,42890708337,0,813,45,0,2179792896,True,.nii.gz,1,102191_00001,102191_00001
4,10999754,batch_4.zip,503,batch_4/102192_00001_0000.nii.gz,False,33655938,33655938,0,ccf6f24c,0,False,43099398140,0,813,45,0,2179792896,True,.nii.gz,1,102192_00001,102192_00001
4,10999754,batch_4.zip,504,batch_4/102193_00001_0000.nii.gz,False,73591565,73591565,0,ffb165e7,0,False,43133054140,0,813,45,0,2179792896,True,.nii.gz,1,102193_00001,102193_00001
4,10999754,batch_4.zip,505,batch_4/102194_00001_0000.nii.gz,False,71853251,71853251,0,50b18c5c,0,False,43206645767,0,813,45,0,2179792896,True,.nii.gz,1,102194_00001,102194_00001
4,10999754,batch_4.zip,506,batch_4/102195_00001_0000.nii.gz,False,37773737,37773737,0,558d6107,0,False,43278499080,0,813,45,0,2179792896,True,.nii.gz,1,102195_00001,102195_00001
4,10999754,batch_4.zip,507,batch_4/102196_00001_0000.nii.gz,False,194049619,194049619,0,cd225a67,0,False,43316272879,0,813,45,0,2179792896,True,.nii.gz,1,102196_00001,102196_00001
4,10999754,batch_4.zip,508,batch_4/102197_00001_0000.nii.gz,False,46682724,46682724,0,ef7ccd5d,0,False,43510322560,0,813,45,0,2179792896,True,.nii.gz,1,102197_00001,102197_00001
4,10999754,batch_4.zip,509,batch_4/102198_00001_0000.nii.gz,False,20683425,20683425,0,8fce973f,0,False,43557005346,0,813,45,0,2179792896,True,.nii.gz,1,102198_00001,102198_00001
4,10999754,batch_4.zip,510,batch_4/102199_00001_0000.nii.gz,False,274904154,274904154,0,4ac2fb6c,0,False,43577688833,0,813,45,0,2179792896,True,.nii.gz,1,102199_00001,102199_00001
4,10999754,batch_4.zip,511,batch_4/102200_00001_0000.nii.gz,False,153086807,153086807,0,ccec2e7a,0,False,43852593049,0,813,45,0,2179792896,True,.nii.gz,1,102200_00001,102200_00001
4,10999754,batch_4.zip,512,batch_4/102201_00001_0000.nii.gz,False,195748511,195748511,0,aed2c25c,0,False,44005679918,0,813,45,0,2179792896,True,.nii.gz,1,102201_00001,102201_00001
4,10999754,batch_4.zip,513,batch_4/102202_00001_0000.nii.gz,False,83390900,83390900,0,011b43c7,0,False,44201428491,0,813,45,0,2179792896,True,.nii.gz,1,102202_00001,102202_00001
4,10999754,batch_4.zip,514,batch_4/102203_00001_0000.nii.gz,False,50645660,50645660,0,1df43fc4,0,False,44284819453,0,813,45,0,2179792896,True,.nii.gz,1,102203_00001,102203_00001
4,10999754,batch_4.zip,515,batch_4/102204_00001_0000.nii.gz,False,52600125,52600125,0,466485ae,0,False,44335465175,0,813,45,0,2179792896,True,.nii.gz,1,102204_00001,102204_00001
4,10999754,batch_4.zip,516,batch_4/102205_00001_0000.nii.gz,False,14185327,14185327,0,64cf96aa,0,False,44388065362,0,813,45,0,2179792896,True,.nii.gz,1,102205_00001,102205_00001
4,10999754,batch_4.zip,517,batch_4/102206_00001_0000.nii.gz,False,64528056,64528056,0,950fa067,0,False,44402250751,0,813,45,0,2179792896,True,.nii.gz,1,102206_00001,102206_00001
4,10999754,batch_4.zip,518,batch_4/102207_00001_0000.nii.gz,False,163647160,163647160,0,02e408f5,0,False,44466778869,0,813,45,0,2179792896,True,.nii.gz,1,102207_00001,102207_00001
4,10999754,batch_4.zip,519,batch_4/102208_00001_0000.nii.gz,False,161653849,161653849,0,cbfb614d,0,False,44630426091,0,813,45,0,2179792896,True,.nii.gz,1,102208_00001,102208_00001
4,10999754,batch_4.zip,520,batch_4/102209_00001_0000.nii.gz,False,142037594,142037594,0,c16334a6,0,False,44792080002,0,813,45,0,2179792896,True,.nii.gz,1,102209_00001,102209_00001
4,10999754,batch_4.zip,521,batch_4/102210_00001_0000.nii.gz,False,81547405,81547405,0,e05f4f65,0,False,44934117658,0,813,45,0,2179792896,True,.nii.gz,1,102210_00001,102210_00001
4,10999754,batch_4.zip,522,batch_4/102211_00001_0000.nii.gz,False,48313994,48313994,0,c73e12ad,0,False,45015665125,0,813,45,0,2179792896,True,.nii.gz,1,102211_00001,102211_00001
4,10999754,batch_4.zip,523,batch_4/102212_00001_0000.nii.gz,False,302203535,302203535,0,a622b548,0,False,45063979181,0,813,45,0,2179792896,True,.nii.gz,1,102212_00001,102212_00001
4,10999754,batch_4.zip,524,batch_4/102213_00001_0000.nii.gz,False,71145810,71145810,0,a8b129bc,0,False,45366182778,0,813,45,0,2179792896,True,.nii.gz,1,102213_00001,102213_00001
4,10999754,batch_4.zip,525,batch_4/102214_00001_0000.nii.gz,False,77967364,77967364,0,3d201626,0,False,45437328650,0,813,45,0,2179792896,True,.nii.gz,1,102214_00001,102214_00001
4,10999754,batch_4.zip,526,batch_4/102215_00001_0000.nii.gz,False,119918565,119918565,0,3cab4a51,0,False,45515296076,0,813,45,0,2179792896,True,.nii.gz,1,102215_00001,102215_00001
4,10999754,batch_4.zip,527,batch_4/102216_00001_0000.nii.gz,False,102216373,102216373,0,f44ae0c6,0,False,45635214703,0,813,45,0,2179792896,True,.nii.gz,1,102216_00001,102216_00001
4,10999754,batch_4.zip,528,batch_4/102217_00001_0000.nii.gz,False,34248403,34248403,0,0982ddf1,0,False,45737431138,0,813,45,0,2179792896,True,.nii.gz,1,102217_00001,102217_00001
4,10999754,batch_4.zip,529,batch_4/102218_00001_0000.nii.gz,False,226415547,226415547,0,6a5c0774,0,False,45771679603,0,813,45,0,2179792896,True,.nii.gz,1,102218_00001,102218_00001
4,10999754,batch_4.zip,530,batch_4/102219_00001_0000.nii.gz,False,81728052,81728052,0,2aea3a41,0,False,45998095212,0,813,45,0,2179792896,True,.nii.gz,1,102219_00001,102219_00001
4,10999754,batch_4.zip,531,batch_4/102220_00001_0000.nii.gz,False,32613237,32613237,0,59f619a1,0,False,46079823326,0,813,45,0,2179792896,True,.nii.gz,1,102220_00001,102220_00001
4,10999754,batch_4.zip,532,batch_4/102221_00001_0000.nii.gz,False,92751987,92751987,0,88f9071d,0,False,46112436625,0,813,45,0,2179792896,True,.nii.gz,1,102221_00001,102221_00001
4,10999754,batch_4.zip,533,batch_4/102222_00001_0000.nii.gz,False,39043524,39043524,0,1a5bee69,0,False,46205188674,0,813,45,0,2179792896,True,.nii.gz,1,102222_00001,102222_00001
4,10999754,batch_4.zip,534,batch_4/102223_00001_0000.nii.gz,False,26794771,26794771,0,652b3f37,0,False,46244232260,0,813,45,0,2179792896,True,.nii.gz,1,102223_00001,102223_00001
