study_id,patient_id,partition,diagnostic_label,annotation_type,effective_isotropic_spacing_mm,resampled_shape_x,resampled_shape_y,resampled_shape_z,canvas_shape_json,minimum_pancreas_axis_voxels,estimated_pancreas_voxels
100000_00001,100000,train,non-PDAC,automatic,4.043636322021484,88,88,54,"[96, 96, 160]",13.921875,1286.1578437458008
100001_00001,100001,train,non-PDAC,automatic,4.545454545454546,88,88,93,"[96, 96, 160]",12.374999999999998,620.2408007812498
100002_00001,100002,train,PDAC,manual,4.125090859153054,88,88,136,"[96, 96, 160]",23.999471376571393,1181.0989845688703
100003_00001,100003,train,PDAC,automatic,4.061090989546343,88,88,60,"[96, 96, 160]",19.249999999999996,1178.1691559155317
100005_00001,100005,train,PDAC,automatic,4.54981821233576,88,88,96,"[96, 96, 160]",10.022401747231642,359.3222397797485
100006_00001,100006,train,non-PDAC,automatic,4.125,88,88,117,"[96, 96, 160]",17.1875,828.91015625
100007_00001,100007,train,non-PDAC,automatic,5.3522727272727275,88,88,102,"[96, 96, 160]",13.921875,681.66890799164
100010_00001,100010,train,non-PDAC,automatic,4.54400010542436,88,88,51,"[96, 96, 160]",19.14612631635825,682.4013457675286
100011_00001,100011,train,PDAC,automatic,3.909090909090909,88,88,118,"[96, 96, 160]",22.515625,1676.4533237191133
100012_00001,100012,train,non-PDAC,automatic,3.522727272727273,88,88,125,"[96, 96, 160]",18.90625,2131.1933089717736
100013_00001,100013,train,non-PDAC,automatic,4.794181823730469,88,88,140,"[96, 96, 160]",17.875,591.5817008724869
100014_00001,100014,train,non-PDAC,automatic,4.549893812699751,88,88,137,"[96, 96, 160]",14.769576046526216,689.9747923885697
100016_00001,100016,train,PDAC,automatic,3.8400001525878906,88,88,70,"[96, 96, 160]",13.921875,1324.4714355468752
100017_00001,100017,validation,non-PDAC,automatic,4.238636363636363,88,88,141,"[96, 96, 160]",19.421875,1146.5399231898564
100019_00001,100019,train,non-PDAC,automatic,3.977272727272727,88,88,138,"[96, 96, 160]",16.37257128034319,751.9337863471679
100020_00001,100020,train,non-PDAC,automatic,3.5568181818181817,88,88,57,"[96, 96, 160]",17.1875,803.8274573182908
100021_00001,100021,validation,PDAC,automatic,4.193181818181818,88,88,98,"[96, 96, 160]",16.84375,805.7732310721544
100022_00001,100022,train,non-PDAC,automatic,4.54981821233576,88,88,59,"[96, 96, 160]",15.640625,860.77262033598
100023_00001,100023,train,non-PDAC,automatic,5.204545454545454,88,88,92,"[96, 96, 160]",19.078125,967.233481594569
100024_00001,100024,validation,non-PDAC,automatic,4.0227272727272725,88,88,50,"[96, 96, 160]",21.875706214689266,1194.8069054555087
100025_00001,100025,train,non-PDAC,automatic,3.884055397727273,88,88,103,"[96, 96, 160]",18.046875,735.7159835204395
100026_00001,100026,train,non-PDAC,automatic,4.479999889026988,88,88,52,"[96, 96, 160]",18.046875,682.0512940555747
100027_00001,100027,train,non-PDAC,automatic,3.8863636363636362,88,88,96,"[96, 96, 160]",19.25,963.8735865542764
100028_00001,100028,validation,PDAC,manual,4.5498879172585225,88,88,59,"[96, 96, 160]",10.0546875,265.8438490986614
100029_00001,100029,train,non-PDAC,automatic,4.5498879172585225,88,88,148,"[96, 96, 160]",21.828125,940.888293766212
100030_00001,100030,train,PDAC,manual,4.5498879172585225,88,88,141,"[96, 96, 160]",12.527781131440404,303.6631508087205
100031_00001,100031,train,non-PDAC,automatic,4.4772727272727275,88,88,96,"[96, 96, 160]",14.953125,976.2885791759198
100033_00001,100033,train,PDAC,automatic,3.6704545454545454,88,88,109,"[96, 96, 160]",19.616099363510084,1050.956894530447
100035_00001,100035,validation,non-PDAC,automatic,3.977272727272727,88,88,107,"[96, 96, 160]",13.234375,1030.8565290178574
100038_00001,100038,validation,non-PDAC,automatic,4.545454545454546,88,88,109,"[96, 96, 160]",16.671875,1047.3046289062497
100040_00001,100040,train,non-PDAC,automatic,4.738636363636363,88,88,101,"[96, 96, 160]",15.510791366906476,698.2756505732915
100041_00001,100041,train,non-PDAC,automatic,5.465909090909091,88,88,80,"[96, 96, 160]",13.40625,403.8366156120062
100042_00001,100042,train,non-PDAC,automatic,5.170454545454546,88,88,43,"[96, 96, 160]",16.5,714.2126802884613
100043_00001,100043,train,PDAC,manual,4.318181818181818,88,88,109,"[96, 96, 160]",17.53125,929.404818564967
100044_00001,100044,train,non-PDAC,automatic,3.9631580522185876,81,81,152,"[96, 96, 160]",22.078352376337158,1117.8553769660637
100045_00001,100045,train,non-PDAC,automatic,4.54981821233576,88,88,63,"[96, 96, 160]",15.8125,711.0481921842762
100046_00001,100046,validation,non-PDAC,automatic,4.026181654496626,88,88,58,"[96, 96, 160]",17.359375,1395.8820816802452
100047_00001,100047,train,non-PDAC,automatic,4.2272727272727275,88,88,108,"[96, 96, 160]",19.37419303514624,1789.742955990219
100047_00002,100047,train,non-PDAC,automatic,4.545454545454546,88,88,149,"[96, 96, 160]",18.479999999999997,1532.0505395507807
100047_00003,100047,train,non-PDAC,automatic,4.440789473684211,83,83,152,"[96, 96, 160]",18.915555555555557,1621.7078885892902
100047_00004,100047,train,non-PDAC,automatic,5.136363636363637,88,88,144,"[96, 96, 160]",16.938053097345133,937.3259687845683
100047_00005,100047,train,non-PDAC,automatic,4.54981821233576,88,88,147,"[96, 96, 160]",18.286445162621973,1574.0809420805836
100048_00001,100048,validation,non-PDAC,automatic,4.318181818181818,88,88,98,"[96, 96, 160]",19.421875,833.5818487870064
100050_00001,100050,train,PDAC,manual,5.300363714044744,88,88,132,"[96, 96, 160]",15.281970138269688,355.3540316947531
100051_00001,100051,validation,non-PDAC,automatic,4.526315789473684,81,81,152,"[96, 96, 160]",19.947583575581397,1370.7099381069877
100052_00001,100052,train,non-PDAC,automatic,3.659090909090909,88,88,117,"[96, 96, 160]",19.67701863354037,1244.1068456424687
100053_00001,100053,train,non-PDAC,automatic,4.342105435697656,74,74,152,"[96, 96, 160]",13.818181818181818,471.02012952552724
100054_00001,100054,train,non-PDAC,automatic,3.8636363636363638,88,88,131,"[96, 96, 160]",16.671875,1754.025258501838
100055_00001,100055,train,non-PDAC,automatic,4.121052795334866,88,88,152,"[96, 96, 160]",17.471264367816094,1115.727565158585
100057_00001,100057,train,non-PDAC,automatic,4.431818181818182,88,88,100,"[96, 96, 160]",13.75,784.622100360577
100060_00001,100060,train,PDAC,manual,4.54981821233576,88,88,49,"[96, 96, 160]",17.875,793.5098755825459
100061_00001,100061,train,non-PDAC,automatic,4.590909090909091,88,88,107,"[96, 96, 160]",19.59375,1038.5664666808477
100063_00001,100063,train,non-PDAC,automatic,4.131578947368421,88,88,152,"[96, 96, 160]",17.426751592356688,572.462274608619
100064_00001,100064,train,non-PDAC,automatic,5.346909262917259,88,88,127,"[96, 96, 160]",8.59375,507.84670743957685
100065_00001,100065,validation,PDAC,manual,4.1022727272727275,88,88,102,"[96, 96, 160]",14.78125,1419.4515289560247
100066_00001,100066,train,non-PDAC,automatic,4.6370908563787285,88,88,146,"[96, 96, 160]",16.38958613361118,594.9814743227751
100069_00001,100069,validation,non-PDAC,automatic,4.407236767050467,79,79,152,"[96, 96, 160]",19.970704922872628,982.0292420926817
100070_00001,100070,train,non-PDAC,automatic,4.294737012762773,85,85,152,"[96, 96, 160]",12.817101810748131,950.0136952319959
100071_00001,100071,train,non-PDAC,automatic,4.54400010542436,88,88,51,"[96, 96, 160]",15.296875000000002,618.342721051948
100075_00001,100075,validation,non-PDAC,automatic,3.9738183455033735,88,88,56,"[96, 96, 160]",18.5625,1757.9477319970708
100077_00001,100077,validation,non-PDAC,automatic,4.47894743516257,79,79,152,"[96, 96, 160]",18.532478876400717,1172.331040121321
100079_00001,100079,train,non-PDAC,automatic,4.61052649899533,80,80,152,"[96, 96, 160]",16.48819951644305,1195.3840242198423
100080_00001,100080,train,non-PDAC,automatic,4.579545454545454,88,88,101,"[96, 96, 160]",17.015625,614.3851000310175
100082_00001,100082,train,PDAC,automatic,4.761363636363637,88,88,99,"[96, 96, 160]",12.71875,460.99946393943907
100083_00001,100083,train,non-PDAC,automatic,4.295454545454546,88,88,113,"[96, 96, 160]",18.158730158730158,515.5169813368054
100084_00001,100084,train,non-PDAC,automatic,4.2272727272727275,88,88,99,"[96, 96, 160]",18.049462058210885,482.34493256192417
100087_00001,100087,train,non-PDAC,automatic,5.056000102650035,88,88,130,"[96, 96, 160]",19.59375,780.1819578111978
100091_00001,100091,train,PDAC,automatic,4.3279477899724785,88,88,149,"[96, 96, 160]",17.329229380670725,518.8800699615329
100094_00001,100094,validation,non-PDAC,automatic,3.9318181818181817,88,88,95,"[96, 96, 160]",18.3121387283237,1293.9518097453035
100096_00001,100096,validation,PDAC,automatic,3.977272727272727,88,88,110,"[96, 96, 160]",17.1875,1274.8409762728893
100098_00001,100098,train,non-PDAC,automatic,4.834908918900923,88,88,145,"[96, 96, 160]",17.1875,794.6786889139869
100099_00001,100099,validation,non-PDAC,automatic,3.965909090909091,88,88,100,"[96, 96, 160]",18.21875,898.3177381805159
100100_00001,100100,train,PDAC,manual,4.0,88,88,100,"[96, 96, 160]",16.84375,497.027587890625
100101_00001,100101,train,PDAC,manual,4.821052703418229,84,84,152,"[96, 96, 160]",18.329191989553486,708.4350591681763
100102_00001,100102,validation,PDAC,manual,4.6477272727272725,88,88,113,"[96, 96, 160]",13.234375,573.5221338248778
100103_00001,100103,train,non-PDAC,automatic,5.26012524691495,88,88,61,"[96, 96, 160]",12.775361710198956,529.8521340240076
100104_00001,100104,train,non-PDAC,automatic,5.10254530473189,88,88,32,"[96, 96, 160]",15.468749999999998,996.8332542002923
100106_00001,100106,train,non-PDAC,automatic,4.386363636363637,88,88,119,"[96, 96, 160]",19.59375,919.9249817843263
100107_00001,100107,train,PDAC,manual,4.909090909090909,88,88,98,"[96, 96, 160]",11.855374654134115,392.91774035369355
100109_00001,100109,train,non-PDAC,automatic,4.125090859153054,88,88,59,"[96, 96, 160]",21.484375,1415.708942204545
100111_00001,100111,validation,non-PDAC,automatic,4.3522727272727275,88,88,98,"[96, 96, 160]",18.5625,1123.8762927341709
100112_00001,100112,train,non-PDAC,automatic,4.636363636363637,88,88,99,"[96, 96, 160]",11.6875,584.5298138786764
100113_00001,100113,train,PDAC,manual,3.6363636363636362,88,88,115,"[96, 96, 160]",18.390625,238.4247985839844
100114_00001,100114,train,non-PDAC,automatic,4.545454545454546,88,88,152,"[96, 96, 160]",16.5,949.9492578124997
100117_00001,100117,train,non-PDAC,automatic,4.125,88,88,52,"[96, 96, 160]",18.5625,1403.552734375
100119_00001,100119,train,non-PDAC,automatic,4.026181654496626,88,88,70,"[96, 96, 160]",20.453125000000004,1087.8351810447741
100122_00001,100122,train,non-PDAC,automatic,4.738636363636363,88,88,97,"[96, 96, 160]",11.34375,627.1230328237411
100124_00001,100124,train,PDAC,manual,3.1818181818181817,88,88,132,"[96, 96, 160]",19.8,1956.224623325893
100125_00001,100125,train,non-PDAC,automatic,3.977272727272727,88,88,117,"[96, 96, 160]",12.375,856.2221986607144
100126_00001,100126,train,PDAC,automatic,4.306818181818182,88,88,101,"[96, 96, 160]",11.6875,666.9541350593668
100127_00001,100127,train,PDAC,manual,4.5498879172585225,88,88,54,"[96, 96, 160]",20.96875,1216.2887613277578
100128_00001,100128,train,non-PDAC,automatic,4.181818181818182,88,88,96,"[96, 96, 160]",14.265625,913.2673213792885
100129_00001,100129,train,non-PDAC,automatic,4.295454545454546,88,88,44,"[96, 96, 160]",15.015873015873014,685.6572885664681
100130_00001,100130,train,PDAC,manual,4.473684210526316,84,84,152,"[96, 96, 160]",16.094117647058823,1354.3944441868093
100131_00001,100131,train,non-PDAC,automatic,3.659090909090909,88,88,120,"[96, 96, 160]",23.375,1818.822350543478
100132_00001,100132,train,non-PDAC,automatic,3.647727272727273,88,88,60,"[96, 96, 160]",22.515625,1252.0722960475075
100133_00001,100133,train,non-PDAC,automatic,4.215909090909091,88,88,48,"[96, 96, 160]",13.921875,566.5606890161725
100134_00001,100134,validation,PDAC,manual,4.2272727272727275,88,88,121,"[96, 96, 160]",10.484375,1004.8123963443605
100135_00001,100135,train,PDAC,automatic,4.037818215110085,88,88,109,"[96, 96, 160]",16.048271398754384,190.82687934896902
100136_00001,100136,train,non-PDAC,automatic,4.045454545454546,88,88,115,"[96, 96, 160]",16.06741573033708,946.9223193908003
100137_00001,100137,train,non-PDAC,automatic,3.8842106806604484,88,88,152,"[96, 96, 160]",20.624175453969915,1249.517711771367
100138_00001,100138,train,PDAC,manual,5.454545454545454,88,88,110,"[96, 96, 160]",10.3125,199.30067749023442
100139_00001,100139,train,non-PDAC,automatic,4.556818181818182,88,88,97,"[96, 96, 160]",16.458852867830423,980.5032901145574
100143_00001,100143,train,PDAC,automatic,4.7727272727272725,88,88,90,"[96, 96, 160]",11.515625,451.8863839285715
100144_00001,100144,train,PDAC,manual,4.818181818181818,88,88,92,"[96, 96, 160]",12.03125,566.8190733711674
100145_00001,100145,train,non-PDAC,automatic,3.715909090909091,88,88,58,"[96, 96, 160]",19.078125,1731.367668315176
100146_00001,100146,train,non-PDAC,automatic,4.318181818181818,88,88,99,"[96, 96, 160]",18.734375,1455.8359786184208
100148_00001,100148,train,non-PDAC,automatic,4.511363636363637,88,88,91,"[96, 96, 160]",17.359375,1070.649448500472
100150_00001,100150,train,PDAC,automatic,4.556818181818182,88,88,144,"[96, 96, 160]",17.117206982543642,850.2148875857232
100151_00001,100151,train,non-PDAC,automatic,4.3977272727272725,88,88,59,"[96, 96, 160]",12.03125,661.7920300387599
100152_00001,100152,train,non-PDAC,automatic,4.5498879172585225,88,88,98,"[96, 96, 160]",14.3515625,578.7830421306718
100156_00001,100156,train,non-PDAC,automatic,4.431818181818182,88,88,110,"[96, 96, 160]",20.30769230769231,914.5625751201924
100157_00001,100157,train,PDAC,automatic,4.0,83,83,152,"[96, 96, 160]",15.90380859375,574.146692276001
100158_00001,100158,validation,non-PDAC,automatic,3.770181829279119,88,88,65,"[96, 96, 160]",18.046875,1516.3260276054882
100159_00001,100159,train,non-PDAC,automatic,4.1022727272727275,88,88,110,"[96, 96, 160]",21.484375,1718.463303704671
100160_00001,100160,train,non-PDAC,automatic,4.568420974831832,79,79,152,"[96, 96, 160]",15.917699003795693,1037.934713730466
100161_00001,100161,train,PDAC,manual,4.306818181818182,88,88,120,"[96, 96, 160]",15.125,1023.6013357519789
100166_00001,100166,validation,PDAC,manual,3.9431818181818183,88,88,48,"[96, 96, 160]",17.878962536023053,847.1954644722621
100168_00001,100168,validation,PDAC,manual,4.295454545454546,88,88,111,"[96, 96, 160]",17.1875,752.2115334694977
100169_00001,100169,train,non-PDAC,automatic,5.149090853604403,88,88,51,"[96, 96, 160]",13.40625,566.2463556305444
100171_00001,100171,validation,non-PDAC,automatic,4.704545454545454,88,88,104,"[96, 96, 160]",18.492753623188406,702.5821090919386
100172_00001,100172,train,non-PDAC,automatic,4.54981821233576,88,88,51,"[96, 96, 160]",18.046875,1035.801331775076
100173_00001,100173,train,non-PDAC,automatic,4.704545454545454,88,88,96,"[96, 96, 160]",14.609375000000002,1136.8958333333337
100175_00001,100175,train,non-PDAC,automatic,4.447368421052632,82,82,152,"[96, 96, 160]",18.390440088757394,824.3078904705242
100178_00001,100178,train,non-PDAC,automatic,4.447368421052632,82,82,152,"[96, 96, 160]",14.706730769230768,819.8394213399608
100179_00001,100179,validation,non-PDAC,automatic,3.977272727272727,88,88,110,"[96, 96, 160]",19.10857142857143,1183.386752232143
100180_00001,100180,train,PDAC,automatic,4.068181818181818,88,88,58,"[96, 96, 160]",23.106145251396647,1894.1712421438547
100181_00001,100181,train,non-PDAC,automatic,4.54400010542436,88,88,51,"[96, 96, 160]",16.84375,949.6259603330719
100182_00001,100182,train,non-PDAC,automatic,4.416727239435369,88,88,102,"[96, 96, 160]",16.5,842.9521667395852
100183_00001,100183,validation,PDAC,manual,3.522727272727273,88,88,117,"[96, 96, 160]",16.5,1262.7392893145159
100184_00001,100184,train,non-PDAC,automatic,4.54400010542436,88,88,56,"[96, 96, 160]",15.125000000000002,1068.1989554279264
100186_00001,100186,train,non-PDAC,automatic,4.931818181818182,88,88,86,"[96, 96, 160]",16.62672811059908,910.3544516849079
100189_00001,100189,train,non-PDAC,automatic,4.511363636363637,88,88,98,"[96, 96, 160]",16.846347607052895,563.8729534005037
100191_00001,100191,train,non-PDAC,automatic,5.370181690562855,88,88,124,"[96, 96, 160]",14.748104945183744,643.8601587555603
100192_00001,100192,train,non-PDAC,automatic,3.6363636363636362,88,88,87,"[96, 96, 160]",21.828125,2398.41270272623
100193_00001,100193,train,non-PDAC,automatic,4.042105423776727,84,84,152,"[96, 96, 160]",21.58900212313599,1140.963344999501
100194_00001,100194,validation,PDAC,manual,3.909090909090909,88,88,115,"[96, 96, 160]",20.96875,1662.0480339208314
100195_00001,100195,validation,non-PDAC,automatic,3.8636363636363638,88,88,109,"[96, 96, 160]",14.4375,1273.0898782169115
100196_00001,100196,validation,PDAC,automatic,4.806818181818182,88,88,136,"[96, 96, 160]",12.203125,903.8159629875887
100197_00001,100197,train,PDAC,automatic,4.008727333762429,88,88,58,"[96, 96, 160]",11.34375,843.7337594647246
100199_00001,100199,train,non-PDAC,automatic,4.011363636363637,88,88,36,"[96, 96, 160]",17.53125,1431.2506584189089
100201_00001,100201,train,non-PDAC,automatic,4.181818181818182,88,88,48,"[96, 96, 160]",12.91304347826087,751.5484831436821
100202_00001,100202,train,non-PDAC,automatic,4.681818181818182,88,88,57,"[96, 96, 160]",18.2621359223301,1527.4250962340716
100203_00001,100203,train,non-PDAC,automatic,4.4886342828924,88,88,110,"[96, 96, 160]",19.9375,411.41305414346243
100206_00001,100206,validation,non-PDAC,automatic,4.806818181818182,88,88,91,"[96, 96, 160]",11.0,683.3223810579196
100207_00001,100207,validation,non-PDAC,automatic,4.54981821233576,88,88,51,"[96, 96, 160]",21.09974410399928,1069.7910890751775
100208_00001,100208,train,PDAC,manual,4.159090909090909,88,88,108,"[96, 96, 160]",12.203125,738.5660700563524
100209_00001,100209,train,non-PDAC,automatic,4.121052795334866,87,87,152,"[96, 96, 160]",16.88888888888889,1145.0787362121125
100210_00001,100210,train,non-PDAC,automatic,4.318181818181818,88,88,105,"[96, 96, 160]",16.84375,1001.0719443873354
100211_00001,100211,train,non-PDAC,automatic,4.2631578947368425,79,79,152,"[96, 96, 160]",13.700231481481481,514.990452381179
100212_00001,100212,validation,non-PDAC,automatic,4.444078871686208,83,83,152,"[96, 96, 160]",12.291636034639895,807.1618832525176
100213_00001,100213,validation,PDAC,automatic,4.488636363636363,88,88,87,"[96, 96, 160]",12.475949367088608,565.5565367879748
100214_00001,100214,train,non-PDAC,automatic,4.54981821233576,88,88,145,"[96, 96, 160]",19.34143238354247,1354.0792317618736
100215_00001,100215,validation,non-PDAC,automatic,4.200000166893005,77,77,152,"[96, 96, 160]",15.02976130753285,1146.7569747855487
100216_00001,100216,train,non-PDAC,automatic,4.342763083937921,84,84,152,"[96, 96, 160]",15.060975866242988,664.1674539986521
100217_00001,100217,train,PDAC,manual,4.681818181818182,88,88,97,"[96, 96, 160]",17.941747572815533,799.4272057986955
100219_00001,100219,train,PDAC,automatic,4.363636363636363,88,88,88,"[96, 96, 160]",17.875,802.3450622558596
100222_00001,100222,validation,non-PDAC,automatic,5.056818181818182,88,88,102,"[96, 96, 160]",17.015625,613.5224170470506
100224_00001,100224,train,non-PDAC,automatic,4.860619631680575,88,88,58,"[96, 96, 160]",11.859375,973.4602722362602
100226_00001,100226,validation,PDAC,manual,3.977272727272727,88,88,73,"[96, 96, 160]",17.015625,1270.2062779017858
100227_00001,100227,train,non-PDAC,automatic,4.363636363636363,88,88,113,"[96, 96, 160]",25.781250000000004,3525.720214843751
100228_00001,100228,validation,non-PDAC,automatic,4.318181818181818,88,88,115,"[96, 96, 160]",21.828125,1082.2242238898025
100229_00001,100229,train,PDAC,automatic,4.056818181818182,88,88,152,"[96, 96, 160]",20.453125,1466.3478725466268
100230_00001,100230,train,non-PDAC,automatic,4.659090909090909,88,88,132,"[96, 96, 160]",15.125,773.4154916158536
100231_00001,100231,train,non-PDAC,automatic,3.9204545454545454,88,88,102,"[96, 96, 160]",17.217391304347828,913.502734375
100232_00001,100232,train,non-PDAC,automatic,4.54981821233576,88,88,51,"[96, 96, 160]",14.835757573124495,737.7043428233532
100233_00001,100233,train,non-PDAC,automatic,4.54981821233576,88,88,51,"[96, 96, 160]",14.835757573124495,768.5678215866833
100234_00001,100234,train,PDAC,manual,3.977272727272727,88,88,109,"[96, 96, 160]",17.34857142857143,1100.9494252232143
100235_00001,100235,validation,PDAC,manual,4.5498879172585225,88,88,104,"[96, 96, 160]",5.9296875,82.17882397965982
100236_00001,100236,train,non-PDAC,automatic,4.806818181818182,88,88,97,"[96, 96, 160]",12.03125,538.6077196919326
100237_00001,100237,train,non-PDAC,automatic,3.977272727272727,88,88,98,"[96, 96, 160]",18.046875,2214.3268401227683
100239_00001,100239,validation,non-PDAC,automatic,4.318181818181818,88,88,78,"[96, 96, 160]",14.09375,484.3072265624999
100240_00001,100240,train,non-PDAC,automatic,4.545454545454546,88,88,98,"[96, 96, 160]",12.374999999999998,588.6815429687498
100241_00001,100241,validation,non-PDAC,automatic,5.10254530473189,88,88,95,"[96, 96, 160]",14.265624999999998,1025.6665754726685
100242_00001,100242,train,non-PDAC,automatic,5.011362942782315,88,88,87,"[96, 96, 160]",17.460319876855674,625.3284584551902
100243_00001,100243,train,PDAC,automatic,5.0,88,88,135,"[96, 96, 160]",18.0,776.320166015625
100244_00001,100244,train,PDAC,manual,3.991272666237571,88,88,102,"[96, 96, 160]",13.0625,616.8172007475887
100245_00001,100245,train,PDAC,manual,3.284090909090909,88,88,63,"[96, 96, 160]",23.546875,2488.4648302335636
100246_00001,100246,train,PDAC,manual,4.295454545454546,88,88,109,"[96, 96, 160]",13.749999999999998,1186.6597842261901
100247_00001,100247,train,PDAC,manual,4.113636363636363,88,88,105,"[96, 96, 160]",13.921875000000002,723.1653681802487
100248_00001,100248,train,PDAC,automatic,5.25,88,88,84,"[96, 96, 160]",9.625,648.7966657366071
100249_00001,100249,train,non-PDAC,automatic,4.681818181818182,88,88,95,"[96, 96, 160]",18.5625,723.2750564130765
100250_00001,100250,train,non-PDAC,automatic,4.6022727272727275,88,88,112,"[96, 96, 160]",18.5625,786.6610532407407
100251_00001,100251,train,non-PDAC,automatic,4.863636363636363,88,88,108,"[96, 96, 160]",13.234375,866.1801255841124
100252_00001,100252,train,non-PDAC,automatic,5.318181818181818,88,88,54,"[96, 96, 160]",11.6875,398.17350260416663
100253_00001,100253,train,non-PDAC,automatic,4.54981821233576,88,88,107,"[96, 96, 160]",10.3125,511.9227741863107
100254_00001,100254,train,non-PDAC,automatic,4.318181818181818,88,88,55,"[96, 96, 160]",20.14736842105263,1728.9078407689142
100255_00001,100255,train,PDAC,manual,4.21967245403089,83,83,152,"[96, 96, 160]",18.626753975678202,773.0816135335515
100256_00001,100256,train,non-PDAC,automatic,4.491636449640447,88,88,145,"[96, 96, 160]",15.984375,1197.402427159767
100257_00001,100257,train,PDAC,automatic,5.4772727272727275,88,88,83,"[96, 96, 160]",14.887632540152774,906.5820012185442
100258_00001,100258,train,non-PDAC,automatic,4.545454545454546,88,88,103,"[96, 96, 160]",20.624999999999996,670.0493164062498
100259_00001,100259,validation,PDAC,manual,5.544727325439453,88,88,114,"[96, 96, 160]",11.0,336.5603732188891
100262_00001,100262,train,PDAC,automatic,4.761363636363637,88,88,96,"[96, 96, 160]",10.3125,343.12982454504765
100263_00001,100263,validation,non-PDAC,automatic,4.503272663463246,88,88,145,"[96, 96, 160]",17.1875,1043.4491269051225
100265_00001,100265,validation,PDAC,automatic,4.302631578947368,85,85,152,"[96, 96, 160]",19.249614318940985,814.2021567194595
100265_00002,100265,validation,PDAC,automatic,4.3618421052631575,78,78,152,"[96, 96, 160]",18.56073246606335,750.2032051672043
100266_00001,100266,train,PDAC,automatic,4.545454545454546,88,88,43,"[96, 96, 160]",10.999999999999998,342.1735839843749
100268_00001,100268,train,non-PDAC,automatic,4.431818181818182,88,88,111,"[96, 96, 160]",19.078125,1274.5684795673078
100268_00002,100268,train,non-PDAC,automatic,4.534090909090909,88,88,108,"[96, 96, 160]",11.859375,325.9284686325188
100269_00001,100269,train,non-PDAC,automatic,3.6363636363636362,88,88,64,"[96, 96, 160]",17.82000070810318,1262.4743470412216
100270_00001,100270,validation,non-PDAC,automatic,3.590909090909091,88,88,111,"[96, 96, 160]",16.671875,1534.049236056171
100272_00001,100272,train,non-PDAC,automatic,4.090909090909091,88,88,99,"[96, 96, 160]",15.296875,933.2814290364585
100274_00001,100274,train,non-PDAC,automatic,4.545454545454546,88,88,46,"[96, 96, 160]",16.328125,723.2893164062498
100275_00001,100275,train,PDAC,manual,4.4772727272727275,88,88,101,"[96, 96, 160]",15.8125,891.7847795050759
100276_00001,100276,train,PDAC,manual,4.590545307506215,88,88,149,"[96, 96, 160]",16.55576732370528,1009.5005914760217
100277_00001,100277,train,non-PDAC,automatic,4.526315789473684,88,88,152,"[96, 96, 160]",15.811182776162791,750.0295724756144
100279_00001,100279,train,non-PDAC,automatic,4.381091031161222,88,88,97,"[96, 96, 160]",16.43426314333832,1038.775695733051
100281_00001,100281,train,non-PDAC,automatic,4.110526377041089,77,77,152,"[96, 96, 160]",18.882253137443804,682.2833609002231
100283_00001,100283,train,non-PDAC,automatic,4.677631578947368,82,82,152,"[96, 96, 160]",13.623561120066798,1050.8633647020852
100285_00001,100285,train,PDAC,automatic,4.068181818181818,88,88,124,"[96, 96, 160]",16.84375,901.1277223725558
100287_00001,100287,train,non-PDAC,automatic,4.8977272727272725,88,88,102,"[96, 96, 160]",15.125,932.7199395482891
100290_00001,100290,train,PDAC,manual,4.2949989720394735,73,73,152,"[96, 96, 160]",17.719211811391002,1080.345964149864
100291_00001,100291,train,non-PDAC,automatic,4.318181818181818,88,88,103,"[96, 96, 160]",13.578125,529.6430458470394
100293_00001,100293,train,non-PDAC,automatic,5.681818181818182,88,88,87,"[96, 96, 160]",12.144,428.24925
100294_00001,100294,validation,non-PDAC,automatic,4.54981821233576,88,88,61,"[96, 96, 160]",18.21875,911.1774294845568
100295_00001,100295,validation,PDAC,manual,3.9886363636363638,88,88,51,"[96, 96, 160]",22.515625,1214.9521252197926
100296_00001,100296,train,PDAC,manual,4.829545454545454,88,88,103,"[96, 96, 160]",17.703125,586.3495404411766
100297_00001,100297,train,non-PDAC,automatic,4.318181818181818,88,88,109,"[96, 96, 160]",18.734375,980.8360377261512
100298_00001,100298,train,non-PDAC,automatic,4.282181826504794,88,88,54,"[96, 96, 160]",16.463569940827004,1085.3999650632559
100300_00001,100300,train,non-PDAC,automatic,4.75,88,88,53,"[96, 96, 160]",19.894736842105264,818.8396381578947
100301_00001,100301,train,non-PDAC,automatic,4.125,88,88,124,"[96, 96, 160]",19.765625,1239.583984375
100302_00001,100302,train,non-PDAC,automatic,4.2105263157894735,84,84,152,"[96, 96, 160]",13.3,672.6149434021712
100303_00001,100303,validation,non-PDAC,automatic,4.54981821233576,88,88,51,"[96, 96, 160]",15.8125,859.4376812497635
100304_00001,100304,validation,non-PDAC,automatic,3.647727272727273,88,88,113,"[96, 96, 160]",23.03125,1677.0235948252562
100305_00001,100305,train,non-PDAC,automatic,4.068181818181818,88,88,107,"[96, 96, 160]",17.703125,1666.0627809663058
100306_00001,100306,train,non-PDAC,automatic,4.54400010542436,88,88,61,"[96, 96, 160]",15.640625000000002,374.78537428739645
100307_00001,100307,train,non-PDAC,automatic,4.2727272727272725,88,88,148,"[96, 96, 160]",19.659574468085108,741.6906790226064
100308_00001,100308,train,non-PDAC,automatic,5.113636363636363,88,88,104,"[96, 96, 160]",15.125000000000002,461.0060611979167
100309_00001,100309,train,non-PDAC,automatic,4.659090909090909,88,88,41,"[96, 96, 160]",12.203125,459.5697241806402
100310_00001,100310,train,non-PDAC,automatic,4.435855263157895,70,70,152,"[96, 96, 160]",17.842880978865406,965.6356336283667
100311_00001,100311,train,non-PDAC,automatic,4.549893812699751,88,88,133,"[96, 96, 160]",18.46197005815777,1052.3132338034934
100312_00001,100312,train,PDAC,manual,3.977272727272727,88,88,103,"[96, 96, 160]",13.578125,1083.0269754464287
100313_00001,100313,validation,non-PDAC,automatic,4.329545454545454,88,88,103,"[96, 96, 160]",15.468750000000002,1349.094918799213
100314_00001,100314,validation,non-PDAC,automatic,4.409090909090909,88,88,94,"[96, 96, 160]",13.40625,826.8667319386276
100315_00001,100315,train,non-PDAC,automatic,3.727272727272727,88,88,111,"[96, 96, 160]",14.890243902439025,307.80405332984
100316_00001,100316,train,PDAC,manual,4.677631578947368,86,86,152,"[96, 96, 160]",14.109704641350211,463.7851340231139
100317_00001,100317,train,non-PDAC,automatic,4.54981821233576,88,88,54,"[96, 96, 160]",17.359375,605.4968719273552
100318_00001,100318,validation,non-PDAC,automatic,3.8863636363636362,88,88,119,"[96, 96, 160]",22.0,1522.2993249725878
100321_00001,100321,train,non-PDAC,automatic,4.549893812699751,88,88,115,"[96, 96, 160]",22.515625000000004,1220.198425727305
100322_00001,100322,train,non-PDAC,automatic,4.5227272727272725,88,88,112,"[96, 96, 160]",16.582914572864322,875.2616966669285
100324_00001,100324,validation,PDAC,manual,4.625,88,88,107,"[96, 96, 160]",17.72972972972973,715.3971706081081
100326_00001,100326,train,non-PDAC,automatic,4.886363636363637,88,88,81,"[96, 96, 160]",15.812499999999998,736.8985737645347
100327_00001,100327,validation,non-PDAC,automatic,3.723636280406605,88,88,107,"[96, 96, 160]",16.671875,657.3216798728738
100328_00001,100328,train,PDAC,automatic,3.977272727272727,88,88,120,"[96, 96, 160]",21.828125,1212.9257421875002
100330_00001,100330,train,non-PDAC,automatic,4.54400010542436,88,88,59,"[96, 96, 160]",17.703125,968.9349026921413
100331_00001,100331,train,non-PDAC,automatic,4.39772519198331,88,88,100,"[96, 96, 160]",12.364346935347653,576.095877286158
100333_00001,100333,train,non-PDAC,automatic,5.681818181818182,88,88,88,"[96, 96, 160]",13.0625,755.19172265625
100335_00001,100335,train,PDAC,manual,4.761363636363637,88,88,105,"[96, 96, 160]",15.984374999999998,551.4367098933471
100338_00001,100338,validation,non-PDAC,automatic,4.026181654496626,88,88,114,"[96, 96, 160]",19.250000000000004,861.6606947501116
100339_00001,100339,train,PDAC,manual,3.3068161010742188,88,88,125,"[96, 96, 160]",20.109375,1486.233794998512
100340_00001,100340,train,non-PDAC,automatic,3.977272727272727,88,88,108,"[96, 96, 160]",9.96875,694.0734207589287
100341_00001,100341,train,non-PDAC,automatic,4.54981821233576,88,88,140,"[96, 96, 160]",18.390625,819.2031576249559
100344_00001,100344,train,PDAC,manual,5.170454545454546,88,88,89,"[96, 96, 160]",14.093749999999998,575.5535156249998
100347_00001,100347,train,PDAC,manual,4.5,88,88,104,"[96, 96, 160]",15.640625,584.1571723090278
100348_00001,100348,train,non-PDAC,automatic,5.277090939608487,88,88,44,"[96, 96, 160]",11.171875,400.48462742332805
100350_00001,100350,validation,non-PDAC,automatic,4.568181818181818,88,88,112,"[96, 96, 160]",18.71641791044776,1047.729878439832
100352_00001,100352,validation,non-PDAC,automatic,5.068181818181818,88,88,135,"[96, 96, 160]",18.90625,416.6165459466087
100353_00001,100353,train,non-PDAC,automatic,4.261363636363637,88,88,105,"[96, 96, 160]",20.767999999999997,1083.5899765624997
100354_00001,100354,train,non-PDAC,automatic,4.54981821233576,88,88,64,"[96, 96, 160]",14.242327836138754,679.483519067152
100355_00001,100355,train,PDAC,automatic,3.8295454545454546,88,88,121,"[96, 96, 160]",16.973293768545993,1084.083393221439
100356_00001,100356,train,PDAC,automatic,4.4567271145907315,88,88,103,"[96, 96, 160]",17.232377275315965,1015.0058483931384
100358_00001,100358,train,non-PDAC,automatic,4.042105423776727,80,80,152,"[96, 96, 160]",18.245441983324607,858.1985844613233
100360_00001,100360,train,non-PDAC,automatic,3.7954545454545454,88,88,73,"[96, 96, 160]",19.760479041916167,1611.2869251730915
100361_00001,100361,train,non-PDAC,automatic,4.54981821233576,88,88,55,"[96, 96, 160]",17.359375,653.9745135300577
100362_00001,100362,train,non-PDAC,automatic,5.0227272727272725,88,88,49,"[96, 96, 160]",16.328125,947.5664393912615
100363_00001,100363,train,non-PDAC,automatic,4.2727272727272725,88,88,115,"[96, 96, 160]",16.84375,1148.7404187790892
100366_00001,100366,train,non-PDAC,automatic,5.457454681396484,88,88,125,"[96, 96, 160]",16.124733314099505,716.2219953940518
100367_00001,100367,train,non-PDAC,automatic,4.318181818181818,88,88,150,"[96, 96, 160]",13.0625,698.8365696957236
100369_00001,100369,train,PDAC,manual,3.9318181818181817,88,88,109,"[96, 96, 160]",19.075144508670522,892.011628432081
100370_00001,100370,train,non-PDAC,automatic,4.590909090909091,88,88,107,"[96, 96, 160]",20.584158415841586,1147.23850363552
100371_00001,100371,train,non-PDAC,automatic,3.9389090104536577,88,88,105,"[96, 96, 160]",19.25,1340.7116568205568
100372_00001,100372,train,PDAC,automatic,4.431818181818182,88,88,104,"[96, 96, 160]",14.953125,1317.7219951923078
100373_00001,100373,train,PDAC,automatic,4.2272727272727275,88,88,99,"[96, 96, 160]",14.265625,956.6352854082659
100375_00001,100375,train,non-PDAC,automatic,4.346181696111506,88,88,53,"[96, 96, 160]",14.4375,929.1470876706949
100376_00001,100376,train,non-PDAC,automatic,4.136363636363637,88,88,138,"[96, 96, 160]",14.265624999999998,792.2238152472526
100377_00001,100377,train,non-PDAC,automatic,4.159090909090909,88,88,110,"[96, 96, 160]",19.83606557377049,1726.5561363345284
100378_00001,100378,train,non-PDAC,automatic,4.683636405251243,88,88,112,"[96, 96, 160]",14.609375,713.0634599911044
100379_00001,100379,train,PDAC,manual,4.3618421052631575,87,87,152,"[96, 96, 160]",18.152881078590635,541.041285334324
100380_00001,100380,train,non-PDAC,automatic,4.54981821233576,88,88,57,"[96, 96, 160]",19.59375,1712.3306297642755
100381_00001,100381,train,PDAC,automatic,4.113636363636363,88,88,108,"[96, 96, 160]",16.84375,948.6850720821825
100382_00001,100382,train,non-PDAC,automatic,3.7954545454545454,88,88,119,"[96, 96, 160]",19.765625,1600.0440037892965
100383_00001,100383,train,non-PDAC,automatic,4.329545454545454,88,88,59,"[96, 96, 160]",9.28125,636.4335014763781
100384_00001,100384,train,non-PDAC,automatic,4.7727272727272725,88,88,118,"[96, 96, 160]",13.75,421.928980654762
100386_00001,100386,validation,PDAC,automatic,3.8863650235262783,88,88,97,"[96, 96, 160]",19.078125,1420.7392247110201
100388_00001,100388,train,non-PDAC,automatic,4.545454545454546,88,88,43,"[96, 96, 160]",13.749999999999998,944.9905029296872
100392_00001,100392,train,non-PDAC,automatic,5.393454464999112,88,88,54,"[96, 96, 160]",12.71875,539.6923965066843
100393_00001,100393,train,non-PDAC,automatic,4.340909090909091,88,88,97,"[96, 96, 160]",17.703125,1093.2365034789448
100394_00001,100394,train,PDAC,automatic,3.897727272727273,88,88,115,"[96, 96, 160]",15.8125,1052.9327453079445
100395_00001,100395,train,non-PDAC,automatic,3.9318181818181817,88,88,66,"[96, 96, 160]",17.359375,1151.668276395412
100397_00001,100397,train,PDAC,manual,3.75,88,88,56,"[96, 96, 160]",11.0,472.0181640625
100398_00001,100398,validation,non-PDAC,automatic,4.954545454545454,88,88,83,"[96, 96, 160]",14.093750000000002,612.1006844896791
100400_00001,100400,train,non-PDAC,automatic,4.673684396241841,77,77,152,"[96, 96, 160]",15.888535535683701,608.971662854856
100401_00001,100401,train,non-PDAC,automatic,4.295454545454546,88,88,112,"[96, 96, 160]",19.937499999999996,1350.466122581845
100402_00001,100402,train,PDAC,manual,4.381091031161222,88,88,51,"[96, 96, 160]",16.328125,587.7535277558163
100404_00001,100404,validation,PDAC,manual,4.54981821233576,88,88,130,"[96, 96, 160]",19.25,752.7416451933694
100405_00001,100405,train,PDAC,manual,4.443181818181818,88,88,106,"[96, 96, 160]",14.265625,794.7324062457969
100406_00001,100406,train,non-PDAC,automatic,4.318181818181818,88,88,100,"[96, 96, 160]",19.59375,812.6994603207236
100407_00001,100407,train,PDAC,automatic,4.7727272727272725,88,88,94,"[96, 96, 160]",11.6875,368.07992931547625
100409_00001,100409,validation,PDAC,manual,4.421052631578948,79,79,152,"[96, 96, 160]",13.86166710938726,489.5622053584168
100410_00001,100410,train,non-PDAC,automatic,4.659090909090909,88,88,111,"[96, 96, 160]",13.75,413.8058367556659
100411_00001,100411,validation,non-PDAC,automatic,4.261363636363637,88,88,105,"[96, 96, 160]",17.703125,1073.2851249999997
100413_00001,100413,validation,PDAC,automatic,3.852272727272727,88,88,104,"[96, 96, 160]",14.953125,1226.1567752770593
100415_00001,100415,train,non-PDAC,automatic,4.545454545454546,88,88,116,"[96, 96, 160]",19.765625,1274.6599658203122
100416_00001,100416,train,PDAC,manual,5.6785455183549365,88,88,130,"[96, 96, 160]",14.088114595791044,282.77160764534597
100416_00002,100416,train,PDAC,manual,4.763248559675719,76,76,152,"[96, 96, 160]",16.49266862170088,434.520074388808
100417_00001,100417,train,non-PDAC,automatic,3.7934546037153765,88,88,114,"[96, 96, 160]",11.6875,425.1667671199941
100417_00002,100417,train,non-PDAC,automatic,3.6363636363636362,88,88,109,"[96, 96, 160]",9.96875,365.7894104003907
100419_00001,100419,validation,PDAC,manual,4.54981821233576,88,88,141,"[96, 96, 160]",13.40625,636.1051599710148
100420_00001,100420,train,non-PDAC,automatic,4.318181818181818,88,88,115,"[96, 96, 160]",18.21875,773.243546977796
100421_00001,100421,train,non-PDAC,automatic,4.545454545454546,88,88,98,"[96, 96, 160]",11.171874999999998,468.51459960937484
100423_00001,100423,train,non-PDAC,automatic,4.545454545454546,88,88,99,"[96, 96, 160]",18.21875,913.6717089843747
100425_00001,100425,train,non-PDAC,automatic,3.1136363636363638,88,88,63,"[96, 96, 160]",24.921875,3497.133999344206
100426_00001,100426,train,PDAC,automatic,3.9545454545454546,88,88,116,"[96, 96, 160]",17.1875,1016.126049524066
100427_00001,100427,train,PDAC,manual,4.549893812699751,88,88,136,"[96, 96, 160]",16.5,400.58180435554567
100428_00001,100428,train,non-PDAC,automatic,4.704545454545454,88,88,116,"[96, 96, 160]",20.109375,891.5624080049821
100430_00001,100430,validation,PDAC,manual,4.375,88,88,85,"[96, 96, 160]",20.625,978.1958705357143
100431_00001,100431,train,PDAC,manual,4.045454545454546,88,88,104,"[96, 96, 160]",18.539325842696627,1166.2095933549856
100432_00001,100432,train,non-PDAC,automatic,4.5498879172585225,88,88,106,"[96, 96, 160]",18.90625,638.4327454010547
100434_00001,100434,train,non-PDAC,automatic,4.54400010542436,88,88,135,"[96, 96, 160]",18.309859002964664,436.5673190136501
100435_00001,100435,train,PDAC,manual,4.54981821233576,88,88,150,"[96, 96, 160]",14.4375,423.9662220022999
100436_00001,100436,train,PDAC,automatic,4.1477272727272725,88,88,111,"[96, 96, 160]",14.09375,630.9714897260275
100437_00001,100437,validation,non-PDAC,automatic,4.54981821233576,88,88,57,"[96, 96, 160]",12.375,438.4191732439477
100438_00001,100438,train,PDAC,manual,4.659090909090909,88,88,139,"[96, 96, 160]",18.029268292682925,1108.4987995426827
100440_00001,100440,train,PDAC,manual,4.421052631578948,77,77,152,"[96, 96, 160]",12.877476199751808,881.9896306646217
100443_00001,100443,train,non-PDAC,automatic,4.545454545454546,88,88,62,"[96, 96, 160]",11.859374999999998,727.0067578124998
100444_00001,100444,train,non-PDAC,automatic,4.526315789473684,81,81,152,"[96, 96, 160]",17.277434593023255,772.1471223745895
100445_00001,100445,validation,non-PDAC,automatic,4.25,88,88,109,"[96, 96, 160]",13.0625,1163.6310317095588
100446_00001,100446,train,non-PDAC,automatic,4.043636322021484,88,88,57,"[96, 96, 160]",17.015625,1159.5672287656307
100447_00001,100447,train,non-PDAC,automatic,3.8068181818181817,88,88,115,"[96, 96, 160]",19.25,1033.0653655550375
100449_00001,100449,validation,non-PDAC,automatic,4.454545454545454,88,88,137,"[96, 96, 160]",17.91428540920725,843.587154300091
100451_00001,100451,train,non-PDAC,automatic,4.078947368421052,88,88,152,"[96, 96, 160]",12.784778225806454,884.3852768054952
100452_00001,100452,train,non-PDAC,automatic,5.0227272727272725,88,88,91,"[96, 96, 160]",17.02262443438914,383.50119750424216
100455_00001,100455,train,non-PDAC,automatic,3.75,88,88,53,"[96, 96, 160]",10.140625,110.365234375
100455_00002,100455,train,non-PDAC,automatic,4.0227272727272725,88,88,41,"[96, 96, 160]",6.463276836158192,46.38173110875707
100456_00001,100456,validation,non-PDAC,automatic,3.76436372236772,88,88,36,"[96, 96, 160]",15.301391293981801,1196.8888545358395
100456_00002,100456,validation,non-PDAC,automatic,3.991272666237571,88,88,58,"[96, 96, 160]",13.529519157332805,750.2690727480783
100457_00001,100457,train,non-PDAC,automatic,4.189473746638549,86,86,152,"[96, 96, 160]",17.376884422110553,1042.2719499915108
100458_00001,100458,train,non-PDAC,automatic,4.181818181818182,88,88,66,"[96, 96, 160]",21.16304347826087,946.4556088654892
100459_00001,100459,train,non-PDAC,automatic,4.189091075550426,88,88,151,"[96, 96, 160]",17.875,1187.6160944455428
100460_00001,100460,validation,non-PDAC,automatic,3.6363636363636362,88,88,61,"[96, 96, 160]",21.3125,2054.4258775339845
100461_00001,100461,train,non-PDAC,automatic,3.991272666237571,88,88,52,"[96, 96, 160]",20.109375,776.5611058266809
100462_00001,100462,train,PDAC,automatic,4.409090909090909,88,88,142,"[96, 96, 160]",13.40625,461.3167636517397
100464_00001,100464,train,PDAC,manual,4.3522727272727275,88,88,100,"[96, 96, 160]",21.02349869451697,1272.1863832000652
100465_00001,100465,validation,non-PDAC,automatic,3.4204545454545454,88,88,104,"[96, 96, 160]",17.015625,1405.4472850913621
100466_00001,100466,train,non-PDAC,automatic,4.54981821233576,88,88,51,"[96, 96, 160]",12.375,826.7399764157685
100467_00001,100467,train,PDAC,automatic,3.977272727272727,88,88,143,"[96, 96, 160]",16.342857142857145,804.5642466517859
100468_00001,100468,train,non-PDAC,automatic,4.54981821233576,88,88,51,"[96, 96, 160]",15.125,914.694560420702
100470_00001,100470,train,non-PDAC,automatic,4.515789653125562,82,82,152,"[96, 96, 160]",18.572166836950924,812.4064959306394
100471_00001,100471,train,non-PDAC,automatic,4.54981821233576,88,88,51,"[96, 96, 160]",12.857656563374562,604.2872410313495
100472_00001,100472,validation,non-PDAC,automatic,4.203947368421052,86,86,152,"[96, 96, 160]",21.241197183098592,893.9498591013784
100474_00001,100474,validation,PDAC,automatic,4.988636363636363,88,88,85,"[96, 96, 160]",14.315531840900084,454.6095437164921
100476_00001,100476,train,non-PDAC,automatic,4.705256722190163,88,88,100,"[96, 96, 160]",17.359375,1042.3535224919967
100477_00001,100477,train,PDAC,automatic,3.8815789473684212,84,84,152,"[96, 96, 160]",19.322033898305083,1077.2265501204954
100478_00001,100478,train,non-PDAC,automatic,4.171636408025568,88,88,108,"[96, 96, 160]",16.108787079575276,438.1572388002419
100479_00001,100479,train,PDAC,manual,4.318181818181818,88,88,105,"[96, 96, 160]",19.9375,1104.088306949013
100481_00001,100481,train,non-PDAC,automatic,3.5067461187189277,88,88,65,"[96, 96, 160]",4.10636977789847,11.786932098075022
100482_00001,100482,train,non-PDAC,automatic,4.526315789473684,87,87,152,"[96, 96, 160]",18.558139534883722,881.3101236890661
100483_00001,100483,train,non-PDAC,automatic,4.54981821233576,88,88,109,"[96, 96, 160]",14.953125,917.462473388756
100484_00001,100484,validation,non-PDAC,automatic,4.860619631680575,88,88,131,"[96, 96, 160]",12.546875,835.823976140762
100485_00001,100485,train,non-PDAC,automatic,4.416058992084704,82,82,152,"[96, 96, 160]",11.0472157046457,1290.748798214167
100486_00001,100486,train,non-PDAC,automatic,4.357894910009284,82,82,152,"[96, 96, 160]",17.14956383871001,856.2145165074129
100487_00001,100487,train,non-PDAC,automatic,4.54400010542436,88,88,51,"[96, 96, 160]",11.687500000000002,1120.8747818630322
100488_00001,100488,train,non-PDAC,automatic,4.8977272727272725,88,88,83,"[96, 96, 160]",15.925754060324827,609.6114142256382
100491_00001,100491,train,non-PDAC,automatic,3.9563636779785156,88,88,67,"[96, 96, 160]",19.9375,1546.1702481883863
100493_00001,100493,train,non-PDAC,automatic,4.54981821233576,88,88,139,"[96, 96, 160]",19.517263587029223,794.1046270084996
100494_00001,100494,validation,non-PDAC,automatic,4.590909090909091,88,88,99,"[96, 96, 160]",8.078125,599.3515238242575
100495_00001,100495,train,non-PDAC,automatic,5.12695277820934,88,88,125,"[96, 96, 160]",12.890625,550.7782305695504
100496_00001,100496,train,PDAC,manual,4.572368421052632,88,88,152,"[96, 96, 160]",18.299925302601544,722.3589188863625
100497_00001,100497,train,non-PDAC,automatic,4.54400010542436,88,88,51,"[96, 96, 160]",19.476231942502356,730.8280667810121
100498_00001,100498,train,PDAC,manual,4.045454545454546,88,88,57,"[96, 96, 160]",15.124999999999998,720.2962605337077
100499_00001,100499,train,non-PDAC,automatic,5.10254530473189,88,88,121,"[96, 96, 160]",9.96875,404.69762625434447
100501_00001,100501,train,non-PDAC,automatic,4.8522727272727275,88,88,83,"[96, 96, 160]",11.747072599531615,614.8471896955502
100502_00001,100502,validation,non-PDAC,automatic,4.436842281567423,86,86,152,"[96, 96, 160]",16.799785255715562,898.1318168511082
100503_00001,100503,train,PDAC,manual,4.75,88,88,125,"[96, 96, 160]",15.296875,666.414776585604
100505_00001,100505,train,non-PDAC,automatic,4.204545454545454,88,88,98,"[96, 96, 160]",15.812500000000002,889.3509580869935
100508_00001,100508,train,PDAC,manual,4.346181696111506,88,88,104,"[96, 96, 160]",18.867135737414003,333.5018123961706
100509_00001,100509,train,non-PDAC,automatic,4.5498879172585225,88,88,65,"[96, 96, 160]",12.203125,1026.669725206982
100510_00001,100510,train,non-PDAC,automatic,4.811636491255327,88,88,48,"[96, 96, 160]",15.468749999999998,885.8922149128653
100512_00001,100512,train,PDAC,automatic,3.715909090909091,88,88,105,"[96, 96, 160]",15.640625,410.66673236811926
100513_00001,100513,train,non-PDAC,automatic,4.511363636363637,88,88,92,"[96, 96, 160]",14.781249999999998,811.9162862090678
100514_00001,100514,train,non-PDAC,automatic,4.2272727272727275,88,88,108,"[96, 96, 160]",17.741935483870968,846.0575463079634
100516_00001,100516,train,non-PDAC,automatic,4.54400010542436,88,88,51,"[96, 96, 160]",17.53125,885.7721203821476
100517_00001,100517,train,non-PDAC,automatic,3.834181698885831,88,88,56,"[96, 96, 160]",16.84375,894.4632616042514
100518_00001,100518,train,non-PDAC,automatic,4.454545454545454,88,88,102,"[96, 96, 160]",12.375000000000002,616.3760039660398
100519_00001,100519,train,non-PDAC,automatic,4.549893812699751,88,88,132,"[96, 96, 160]",18.98945491696228,536.7059277363876
100520_00001,100520,train,PDAC,automatic,3.5568181818181817,88,88,113,"[96, 96, 160]",19.078125,1500.497853434505
100521_00001,100521,train,non-PDAC,automatic,3.6363636363636362,88,88,59,"[96, 96, 160]",17.94375,1483.9159286499025
100522_00001,100522,train,non-PDAC,automatic,4.189091075550426,88,88,150,"[96, 96, 160]",18.21875,927.2617085774741
100524_00001,100524,train,non-PDAC,automatic,3.6931818181818183,88,88,135,"[96, 96, 160]",23.150769230769228,1706.8995162259614
100525_00001,100525,train,non-PDAC,automatic,4.369454470547763,88,88,92,"[96, 96, 160]",13.578125,525.8984535967365
100526_00001,100526,train,PDAC,manual,4.056818181818182,88,88,99,"[96, 96, 160]",14.953125,502.1396730567228
100529_00001,100529,validation,non-PDAC,automatic,5.544727325439453,88,88,42,"[96, 96, 160]",16.5,642.6805493159006
100530_00001,100530,train,PDAC,manual,4.329545454545454,88,88,110,"[96, 96, 160]",19.401574803149607,714.0669803969818
100531_00001,100531,train,non-PDAC,automatic,3.840909090909091,88,88,100,"[96, 96, 160]",17.875,1225.235123312685
100533_00001,100533,train,PDAC,manual,4.660363630814985,88,88,99,"[96, 96, 160]",17.166042467379295,975.3796354517417
100534_00001,100534,train,non-PDAC,automatic,4.090909090909091,88,88,109,"[96, 96, 160]",14.953125,960.3931884765626
100535_00001,100535,train,non-PDAC,automatic,3.6363636363636362,88,88,127,"[96, 96, 160]",19.421875,1979.5571245589674
100536_00001,100536,validation,non-PDAC,automatic,3.6363636363636362,88,88,96,"[96, 96, 160]",22.275000000000002,1053.9628784179688
100538_00001,100538,train,non-PDAC,automatic,4.54981821233576,88,88,51,"[96, 96, 160]",16.5,924.5993120465484
100539_00001,100539,train,non-PDAC,automatic,4.2727272727272725,88,88,44,"[96, 96, 160]",15.812500000000002,1215.5904800739695
100540_00001,100540,train,non-PDAC,automatic,4.480263157894737,88,88,152,"[96, 96, 160]",20.088105726872246,920.8690997897487
100541_00001,100541,train,non-PDAC,automatic,3.977272727272727,88,88,113,"[96, 96, 160]",19.25,1057.0533320765758
100544_00001,100544,train,PDAC,manual,4.545454545454546,88,88,141,"[96, 96, 160]",9.453125,410.44582519531235
100545_00001,100545,validation,PDAC,manual,4.47418178211559,88,88,138,"[96, 96, 160]",11.6875,762.0796989291082
100546_00001,100546,train,non-PDAC,automatic,4.159090909090909,88,88,145,"[96, 96, 160]",16.328125,939.3326235911884
100549_00001,100549,train,non-PDAC,automatic,4.7272727272727275,88,88,99,"[96, 96, 160]",17.76923076923077,644.1344604492186
100550_00001,100550,train,non-PDAC,automatic,4.238636363636363,88,88,109,"[96, 96, 160]",4.984375,30.5366983285858
100551_00001,100551,train,non-PDAC,automatic,4.340909090909091,88,88,110,"[96, 96, 160]",18.42931937172775,982.6115121891362
100552_00001,100552,train,non-PDAC,automatic,4.1022727272727275,88,88,126,"[96, 96, 160]",18.28254847645429,1309.1229548995843
100556_00001,100556,train,non-PDAC,automatic,4.171636408025568,88,88,65,"[96, 96, 160]",12.03125,1145.5505919564155
100557_00001,100557,train,PDAC,manual,5.068181818181818,88,88,130,"[96, 96, 160]",11.859375,449.2894391115471
100559_00001,100559,validation,non-PDAC,automatic,5.215909090909091,88,88,95,"[96, 96, 160]",15.030936563196786,356.7893010964361
100561_00001,100561,train,non-PDAC,automatic,3.991272666237571,88,88,58,"[96, 96, 160]",15.296875,975.2865125808379
100562_00001,100562,train,non-PDAC,automatic,4.840909090909091,88,88,90,"[96, 96, 160]",14.953125,833.3029544454225
100563_00001,100563,train,PDAC,manual,4.545454545454546,88,88,134,"[96, 96, 160]",18.259999999999998,707.5616796874998
100564_00001,100564,train,PDAC,manual,4.137094598067434,77,77,152,"[96, 96, 160]",12.846696211234656,517.8140349874599
100565_00001,100565,train,PDAC,manual,4.545454545454546,88,88,78,"[96, 96, 160]",13.234374999999998,579.9598535156248
100566_00001,100566,train,non-PDAC,automatic,4.54981821233576,88,88,49,"[96, 96, 160]",17.1875,1194.0086037152037
100568_00001,100568,train,non-PDAC,automatic,4.922181909734553,88,88,120,"[96, 96, 160]",16.671875,955.307492366654
100569_00001,100569,train,non-PDAC,automatic,5.236363497647372,88,88,44,"[96, 96, 160]",16.614583773469494,815.2466608483701
100570_00001,100570,train,non-PDAC,automatic,4.2123635031960225,88,88,101,"[96, 96, 160]",19.9375,1053.9594527627464
100571_00001,100571,train,non-PDAC,automatic,4.659090909090909,88,88,145,"[96, 96, 160]",19.421875,903.6749428353658
100572_00001,100572,train,non-PDAC,automatic,4.670454545454546,88,88,115,"[96, 96, 160]",18.94890510948905,1072.7468350821166
100573_00001,100573,train,non-PDAC,automatic,4.136363636363637,88,88,65,"[96, 96, 160]",19.945054945054945,1607.4477458576575
100574_00001,100574,train,PDAC,automatic,4.54981821233576,88,88,103,"[96, 96, 160]",19.781010097499326,821.169162325322
100575_00001,100575,train,non-PDAC,automatic,3.4886363636363638,88,88,57,"[96, 96, 160]",21.828125,1851.523087591612
100578_00001,100578,train,non-PDAC,automatic,4.54400010542436,88,88,51,"[96, 96, 160]",18.5625,2426.0265969503494
100580_00001,100580,validation,non-PDAC,automatic,3.7818180431019175,88,88,71,"[96, 96, 160]",20.109375,1497.3376200548778
100581_00001,100581,train,non-PDAC,automatic,4.095394736842105,83,83,152,"[96, 96, 160]",20.14457831325301,880.2790908106224
100582_00001,100582,train,non-PDAC,automatic,4.238636363636363,88,88,111,"[96, 96, 160]",15.2171581769437,760.3543796079091
100583_00001,100583,train,PDAC,manual,4.431818181818182,88,88,101,"[96, 96, 160]",15.794871794871796,750.6538711939103
100584_00001,100584,train,non-PDAC,automatic,3.0894546508789062,88,88,125,"[96, 96, 160]",25.78125,2304.552442716048
100585_00001,100585,train,non-PDAC,automatic,4.2272727272727275,88,88,95,"[96, 96, 160]",18.5625,1010.3465694304433
100590_00001,100590,train,non-PDAC,automatic,3.6931818181818183,88,88,115,"[96, 96, 160]",20.307692307692307,538.5510757211538
100591_00001,100591,validation,non-PDAC,automatic,4.840909090909091,88,88,141,"[96, 96, 160]",12.546875,1236.7183923855634
100592_00001,100592,validation,non-PDAC,automatic,4.811636491255327,88,88,48,"[96, 96, 160]",18.90625,843.0213864332468
100593_00001,100593,train,non-PDAC,automatic,4.329545454545454,88,88,98,"[96, 96, 160]",17.703125,1005.8646038385829
100594_00001,100594,train,non-PDAC,automatic,3.4886363636363638,88,88,64,"[96, 96, 160]",22.171875,2300.4129650600566
100595_00001,100595,train,non-PDAC,automatic,4.660363630814985,88,88,55,"[96, 96, 160]",18.53932660145626,1012.4906918581255
100596_00001,100596,validation,non-PDAC,automatic,3.8863636363636362,88,88,121,"[96, 96, 160]",17.1875,1112.337106993598
100598_00001,100598,validation,non-PDAC,manual,4.283554770729759,88,88,115,"[96, 96, 160]",14.953125,1298.8070579720352
100600_00001,100600,validation,non-PDAC,automatic,4.318181818181818,88,88,102,"[96, 96, 160]",12.505263157894737,603.1777857730262
100602_00001,100602,train,PDAC,manual,4.3522727272727275,88,88,142,"[96, 96, 160]",11.34375,489.3781617167101
100603_00001,100603,train,non-PDAC,automatic,4.136363636363637,88,88,106,"[96, 96, 160]",15.468749999999998,1267.7380773523348
100604_00001,100604,train,non-PDAC,automatic,4.3181845925071025,88,88,107,"[96, 96, 160]",20.1184081270507,959.0799405839197
100606_00001,100606,train,non-PDAC,automatic,4.54400010542436,88,88,51,"[96, 96, 160]",13.578125000000002,1171.4566187331366
100607_00001,100607,train,non-PDAC,automatic,4.5498879172585225,88,88,147,"[96, 96, 160]",16.5859375,1235.9745999690244
100608_00001,100608,train,PDAC,manual,5.034090909090909,88,88,138,"[96, 96, 160]",15.296875,619.6987558196952
100609_00001,100609,train,non-PDAC,automatic,4.318181818181818,88,88,88,"[96, 96, 160]",12.375,938.3324244449011
100610_00001,100610,validation,non-PDAC,automatic,4.39272724498402,88,88,53,"[96, 96, 160]",12.890625000000002,975.2771957048658
100613_00001,100613,train,PDAC,manual,3.8636363636363638,88,88,108,"[96, 96, 160]",22.515625,1244.922346047794
100614_00001,100614,train,non-PDAC,automatic,4.54981821233576,88,88,51,"[96, 96, 160]",11.859375,944.4282936691865
100615_00001,100615,train,non-PDAC,automatic,4.5498879172585225,88,88,131,"[96, 96, 160]",17.703125,690.4938031618743
100616_00001,100616,validation,PDAC,automatic,4.228072773326527,88,88,146,"[96, 96, 160]",13.492187499999998,354.11719307795204
100617_00001,100617,train,PDAC,manual,3.977272727272727,88,88,56,"[96, 96, 160]",17.015625,1166.905228794643
100618_00001,100618,train,non-PDAC,automatic,4.056818181818182,88,88,47,"[96, 96, 160]",17.703125,731.9429572610296
100619_00001,100619,train,PDAC,automatic,4.704545454545454,88,88,137,"[96, 96, 160]",17.855072463768117,763.8613068953806
100620_00001,100620,train,non-PDAC,automatic,3.7954545454545454,88,88,106,"[96, 96, 160]",26.08383233532934,1669.8481854650076
100621_00001,100621,train,non-PDAC,automatic,3.9563636779785156,88,88,59,"[96, 96, 160]",15.46875,706.3767891802144
100622_00001,100622,train,non-PDAC,automatic,4.590909090909091,88,88,88,"[96, 96, 160]",13.578125,602.3629525061881
100623_00001,100623,train,PDAC,manual,3.8295454545454546,88,88,122,"[96, 96, 160]",19.584569732937684,828.8279801094213
100624_00001,100624,validation,non-PDAC,automatic,3.8068181818181817,88,88,53,"[96, 96, 160]",19.59375,1510.4351270988807
100625_00001,100625,validation,non-PDAC,automatic,4.363636363636363,88,88,104,"[96, 96, 160]",17.53125,1193.6573562622075
100627_00001,100627,validation,non-PDAC,automatic,4.439272793856534,88,88,77,"[96, 96, 160]",13.0625,1304.5373801872179
100628_00001,100628,train,non-PDAC,automatic,3.6931818181818183,88,88,106,"[96, 96, 160]",17.875,1515.8042307692306
100630_00001,100630,train,non-PDAC,automatic,3.659090909090909,88,88,59,"[96, 96, 160]",15.987577639751553,1410.4495523583073
100632_00001,100632,train,non-PDAC,automatic,4.54981821233576,88,88,54,"[96, 96, 160]",14.09375,598.3599965292872
100635_00001,100635,train,non-PDAC,automatic,4.549893812699751,88,88,56,"[96, 96, 160]",19.25,1107.4906483758173
100636_00001,100636,validation,PDAC,automatic,4.723684210526316,78,78,152,"[96, 96, 160]",12.677141364902507,500.44776037837534
100637_00001,100637,train,non-PDAC,automatic,5.1258180791681465,88,88,129,"[96, 96, 160]",17.363082073026582,960.6645843604309
100638_00001,100638,train,non-PDAC,automatic,5.4375,69,69,152,"[96, 96, 160]",12.09051724137931,637.1507972913563
100640_00001,100640,train,non-PDAC,automatic,4.293818040327593,88,88,54,"[96, 96, 160]",14.609374999999998,684.0197625748237
100641_00001,100641,train,non-PDAC,automatic,4.068181818181818,88,88,111,"[96, 96, 160]",16.671875,1343.685803290852
100642_00001,100642,train,PDAC,automatic,4.454545454545454,88,88,88,"[96, 96, 160]",17.1875,980.044087259158
100643_00001,100643,train,non-PDAC,automatic,4.54400010542436,88,88,139,"[96, 96, 160]",18.661971676098602,749.9517244232413
100644_00001,100644,train,non-PDAC,automatic,4.54981821233576,88,88,65,"[96, 96, 160]",20.453125,1219.6265279110933
100645_00001,100645,train,PDAC,manual,3.9210526315789473,85,85,152,"[96, 96, 160]",15.302013422818792,615.5832294976257
100646_00001,100646,train,non-PDAC,automatic,4.545454545454546,88,88,105,"[96, 96, 160]",12.031249999999998,724.5436279296873
100647_00001,100647,train,PDAC,automatic,4.0,88,88,105,"[96, 96, 160]",14.953125,556.1539306640625
100648_00001,100648,validation,non-PDAC,automatic,4.1022727272727275,88,88,112,"[96, 96, 160]",12.066481994459833,1254.369132509522
100649_00001,100649,train,PDAC,manual,4.374999306418679,88,88,94,"[96, 96, 160]",18.734375,532.3967082863086
100650_00001,100650,train,non-PDAC,automatic,3.977272727272727,88,88,104,"[96, 96, 160]",17.359375,683.1030691964287
100653_00001,100653,train,non-PDAC,automatic,5.213091070001775,88,88,56,"[96, 96, 160]",12.375,574.7891095899722
100654_00001,100654,train,non-PDAC,automatic,3.8636363636363638,88,88,114,"[96, 96, 160]",17.015625,617.0019933363969
100656_00001,100656,validation,non-PDAC,automatic,4.346181696111506,88,88,65,"[96, 96, 160]",16.671875,908.2320618659153
100657_00001,100657,train,non-PDAC,automatic,4.375,88,88,107,"[96, 96, 160]",25.37142857142857,1253.76796875
100658_00001,100658,train,PDAC,manual,3.9204545454545454,88,88,99,"[96, 96, 160]",13.75,660.4816236413044
100659_00001,100659,train,non-PDAC,automatic,4.306818181818182,88,88,107,"[96, 96, 160]",13.234375,1018.3541031085093
100660_00001,100660,train,non-PDAC,automatic,3.9671052631578947,81,81,152,"[96, 96, 160]",16.80470045605307,1505.0950689028432
100663_00001,100663,train,non-PDAC,automatic,4.54400010542436,88,88,133,"[96, 96, 160]",11.515625000000002,554.089063227171
100665_00001,100665,train,PDAC,manual,4.170454545454546,88,88,104,"[96, 96, 160]",15.468749999999998,688.4856469260897
100666_00001,100666,train,non-PDAC,automatic,3.875,88,88,96,"[96, 96, 160]",15.640625,1053.7909211189517
100668_00001,100668,train,PDAC,manual,4.818181818181818,88,88,136,"[96, 96, 160]",16.41698085249595,611.0804781509969
100669_00001,100669,train,non-PDAC,automatic,4.545454545454546,88,88,106,"[96, 96, 160]",15.812499999999998,884.1271484374997
100670_00001,100670,train,non-PDAC,automatic,4.545454545454546,88,88,125,"[96, 96, 160]",15.296874999999998,468.57309082031236
100672_00001,100672,train,non-PDAC,automatic,4.045454545454546,88,88,115,"[96, 96, 160]",12.890624999999998,446.5267237974016
100673_00001,100673,train,PDAC,manual,3.999203075062145,88,88,46,"[96, 96, 160]",21.484375,569.3688071440624
100674_00001,100674,train,non-PDAC,automatic,3.4545454545454546,88,88,60,"[96, 96, 160]",18.526315789473685,1545.8141029759456
100675_00001,100675,train,non-PDAC,automatic,4.318181818181818,88,88,61,"[96, 96, 160]",13.2,283.9594366776315
100676_00001,100676,train,non-PDAC,automatic,4.636363636363637,88,88,82,"[96, 96, 160]",9.625,427.5688404756433
100677_00001,100677,validation,non-PDAC,automatic,4.715909090909091,88,88,134,"[96, 96, 160]",10.3125,425.26164109563257
100678_00001,100678,train,non-PDAC,automatic,5.079272877086293,88,88,130,"[96, 96, 160]",14.175257313858387,726.0453052638477
100679_00001,100679,train,PDAC,manual,4.375,88,88,142,"[96, 96, 160]",18.90625,1050.9714285714285
100680_00001,100680,train,non-PDAC,automatic,4.276363719593395,88,88,111,"[96, 96, 160]",15.468750000000002,1307.4642773441765
100681_00001,100681,train,non-PDAC,automatic,5.371095137162642,88,88,125,"[96, 96, 160]",11.859375000000002,529.5442842797339
100682_00001,100682,train,non-PDAC,automatic,4.409090909090909,88,88,145,"[96, 96, 160]",17.359375,780.53271484375
100683_00001,100683,train,non-PDAC,automatic,3.723636280406605,88,88,124,"[96, 96, 160]",17.875,1583.7181788507921
100684_00001,100684,validation,PDAC,manual,5.55681748823686,88,88,78,"[96, 96, 160]",20.109375,998.024126148505
100685_00001,100685,train,non-PDAC,automatic,5.136363636363637,88,88,97,"[96, 96, 160]",16.328125,732.17537939021
100686_00001,100686,validation,non-PDAC,automatic,3.6363636363636362,88,88,90,"[96, 96, 160]",11.171875,1145.7624438060748
100688_00001,100688,train,non-PDAC,automatic,5.454545454545454,88,88,95,"[96, 96, 160]",11.6875,591.1105529785158
100689_00001,100689,train,non-PDAC,automatic,3.9545454545454546,88,88,110,"[96, 96, 160]",18.734375,735.2524498248922
100690_00001,100690,train,PDAC,manual,4.578947368421052,87,87,152,"[96, 96, 160]",13.54705459770115,429.97968347662453
100691_00001,100691,train,PDAC,manual,4.724363500421697,88,88,127,"[96, 96, 160]",15.640625,621.0389339459399
100692_00001,100692,train,non-PDAC,automatic,4.3522727272727275,88,88,95,"[96, 96, 160]",14.475195822454307,1068.9281525375325
100694_00001,100694,train,non-PDAC,automatic,4.659090909090909,88,88,101,"[96, 96, 160]",15.8125,624.4673851943597
100695_00001,100695,validation,PDAC,manual,4.54981821233576,88,88,48,"[96, 96, 160]",18.734375,1154.9213092929967
100697_00001,100697,train,non-PDAC,automatic,4.545454545454546,88,88,124,"[96, 96, 160]",14.781249999999998,621.6315917968748
100698_00001,100698,train,PDAC,manual,4.545454545454546,88,88,101,"[96, 96, 160]",17.875,980.9560986328122
100699_00001,100699,train,non-PDAC,automatic,4.526315789473684,81,81,152,"[96, 96, 160]",16.963299418604652,802.0153087724545
100701_00001,100701,train,non-PDAC,automatic,5.25,88,88,93,"[96, 96, 160]",15.428571428571429,707.6339285714286
100702_00001,100702,validation,non-PDAC,automatic,4.54981821233576,88,88,71,"[96, 96, 160]",18.46227609099937,920.9178999378267
100704_00001,100704,train,non-PDAC,automatic,4.401315789473684,79,79,152,"[96, 96, 160]",19.234304932735427,554.6495245066577
100705_00001,100705,validation,PDAC,manual,4.670454545454546,88,88,103,"[96, 96, 160]",18.390625,690.3955291970801
100707_00001,100707,train,non-PDAC,automatic,4.205882332541726,88,88,100,"[96, 96, 160]",15.977619915542652,1065.6385527369832
100709_00001,100709,train,PDAC,automatic,4.283554770729759,88,88,88,"[96, 96, 160]",16.15625,849.2849254613542
100710_00001,100710,validation,non-PDAC,automatic,4.526545437899503,88,88,57,"[96, 96, 160]",18.026993070538648,975.5113961449755
100711_00001,100711,train,PDAC,manual,4.5498879172585225,88,88,146,"[96, 96, 160]",14.609375,771.3251796648533
100712_00001,100712,train,PDAC,manual,4.0131578947368425,79,79,152,"[96, 96, 160]",11.303317584366093,1080.8487490485963
100713_00001,100713,train,PDAC,manual,3.977272727272727,88,88,104,"[96, 96, 160]",19.9375,2048.529324776786
100714_00001,100714,train,PDAC,manual,5.0,88,88,98,"[96, 96, 160]",11.6875,380.1810546875
100715_00001,100715,train,PDAC,manual,3.977272727272727,88,88,110,"[96, 96, 160]",16.594285714285714,838.2031919642858
100716_00001,100716,train,non-PDAC,automatic,5.295453158291903,88,88,92,"[96, 96, 160]",13.0625,804.5053963736725
100717_00001,100717,train,non-PDAC,automatic,3.8181818181818183,88,88,112,"[96, 96, 160]",21.3125,1690.4076014927452
100718_00001,100718,train,non-PDAC,automatic,4.159090909090909,88,88,58,"[96, 96, 160]",17.672131147540984,1298.7179655481557
100719_00001,100719,train,non-PDAC,automatic,4.943181818181818,88,88,96,"[96, 96, 160]",10.3125,647.8764412715516
100720_00001,100720,train,non-PDAC,automatic,4.204545454545454,88,88,149,"[96, 96, 160]",16.84375,913.1043462531351
100724_00001,100724,train,non-PDAC,automatic,4.318181818181818,88,88,104,"[96, 96, 160]",21.484375,1422.9372378700655
100725_00001,100725,train,PDAC,manual,4.5498879172585225,88,88,143,"[96, 96, 160]",13.0625,442.2983320711367
100726_00001,100726,train,non-PDAC,automatic,3.8295454545454546,88,88,105,"[96, 96, 160]",18.21875,1625.9052415615727
100728_00001,100728,train,PDAC,manual,3.965909090909091,88,88,109,"[96, 96, 160]",19.25,1051.463780444126
100729_00001,100729,train,non-PDAC,automatic,3.6363636363636362,88,88,113,"[96, 96, 160]",19.80000078678131,570.601282439282
100730_00001,100730,train,non-PDAC,automatic,4.579545454545454,88,88,55,"[96, 96, 160]",11.496306388608872,576.9698213613951
100731_00001,100731,validation,non-PDAC,automatic,4.54400010542436,88,88,141,"[96, 96, 160]",19.190140685799506,914.3672383673035
100733_00001,100733,train,PDAC,manual,4.534090909090909,88,88,120,"[96, 96, 160]",19.849624060150376,266.8671679197995
100734_00001,100734,train,PDAC,manual,4.545454545454546,88,88,55,"[96, 96, 160]",13.921874999999998,718.3045654296873
100735_00001,100735,train,non-PDAC,automatic,4.6477272727272725,88,88,58,"[96, 96, 160]",14.09375,709.5884851581602
100736_00001,100736,train,non-PDAC,automatic,3.727272727272727,88,88,116,"[96, 96, 160]",19.25,1411.3382330173401
100737_00001,100737,train,non-PDAC,automatic,4.54981821233576,88,88,51,"[96, 96, 160]",11.171875,897.251679238902
100738_00001,100738,validation,non-PDAC,automatic,3.977272727272727,88,88,108,"[96, 96, 160]",16.15625,785.1637332589287
100739_00001,100739,train,non-PDAC,automatic,5.488636363636363,88,88,98,"[96, 96, 160]",13.391304347826088,645.0099111995343
100740_00001,100740,validation,PDAC,automatic,5.6785455183549365,88,88,111,"[96, 96, 160]",13.578124999999998,332.4059425585891
100741_00001,100741,train,non-PDAC,automatic,4.840909090909091,88,88,93,"[96, 96, 160]",20.450704225352112,1061.4827519806338
100742_00001,100742,train,non-PDAC,automatic,4.306818181818182,88,88,151,"[96, 96, 160]",18.5625,966.252169566293
100743_00001,100743,train,PDAC,manual,4.54400010542436,88,88,104,"[96, 96, 160]",17.359375,638.070320047171
100744_00001,100744,train,non-PDAC,automatic,5.375,88,88,84,"[96, 96, 160]",13.40625,510.83148619186045
100745_00001,100745,train,PDAC,automatic,4.6022727272727275,88,88,40,"[96, 96, 160]",14.09375,834.0702256944443
100746_00001,100746,train,non-PDAC,automatic,4.54981821233576,88,88,59,"[96, 96, 160]",14.09375,449.9815521179256
100748_00001,100748,train,non-PDAC,automatic,4.23563627763228,88,88,55,"[96, 96, 160]",14.437499999999998,533.5937990863295
100749_00001,100749,train,non-PDAC,automatic,4.357894910009284,80,80,152,"[96, 96, 160]",18.724637681159418,1191.3937632033667
100752_00001,100752,train,non-PDAC,automatic,5.068181818181818,88,88,87,"[96, 96, 160]",13.578125,690.8899068105382
100753_00001,100753,train,non-PDAC,automatic,4.568181818181818,88,88,111,"[96, 96, 160]",13.134328358208954,586.166647232587
100754_00001,100754,train,non-PDAC,automatic,5.0227272727272725,88,88,96,"[96, 96, 160]",14.78125,628.2908852693723
100756_00001,100756,train,PDAC,manual,4.431818181818182,88,88,99,"[96, 96, 160]",14.09375,487.3401041666667
100757_00001,100757,train,PDAC,automatic,3.7954545454545454,88,88,72,"[96, 96, 160]",19.421875,1190.1073984842815
100758_00001,100758,train,non-PDAC,automatic,4.3977272727272725,88,88,113,"[96, 96, 160]",15.462532299741603,913.8533793604653
100759_00001,100759,validation,non-PDAC,automatic,4.159090909090909,88,88,56,"[96, 96, 160]",17.672131147540984,977.1441550332991
100760_00001,100760,train,non-PDAC,automatic,4.436842281567423,80,80,152,"[96, 96, 160]",16.227758007117437,643.3030154388949
100761_00001,100761,train,non-PDAC,automatic,4.420454545454546,88,88,100,"[96, 96, 160]",19.341902313624676,938.2852315633031
100763_00001,100763,train,non-PDAC,automatic,3.723636280406605,88,88,65,"[96, 96, 160]",13.921875,1149.2609452180911
100764_00001,100764,train,non-PDAC,automatic,4.363636363636363,88,88,105,"[96, 96, 160]",15.640625000000002,868.888969421387
100765_00001,100765,train,non-PDAC,automatic,3.0795454545454546,88,88,132,"[96, 96, 160]",23.867158671586715,2617.384563826107
100766_00001,100766,train,non-PDAC,automatic,4.200000166893005,70,70,152,"[96, 96, 160]",19.78214254847596,1307.6895892205825
100767_00001,100767,train,non-PDAC,automatic,4.136363636363637,88,88,149,"[96, 96, 160]",15.738461270437135,842.243427663891
100769_00001,100769,train,non-PDAC,automatic,3.886545354669744,88,88,146,"[96, 96, 160]",19.142965324461642,933.6995810014224
100770_00001,100770,train,non-PDAC,automatic,5.659090909090909,88,88,92,"[96, 96, 160]",15.46875,310.8130676969867
100771_00001,100771,train,non-PDAC,automatic,4.318181818181818,88,88,149,"[96, 96, 160]",9.378947368421052,239.50611636513153
100772_00001,100772,train,non-PDAC,automatic,4.340909090909091,88,88,119,"[96, 96, 160]",9.28125,600.828922093697
100774_00001,100774,train,non-PDAC,automatic,5.56800009987571,88,88,42,"[96, 96, 160]",12.50000027248727,424.95770558638213
100775_00001,100775,train,PDAC,manual,4.704545454545454,88,88,91,"[96, 96, 160]",12.890625000000002,577.9233044610509
100776_00001,100776,train,PDAC,manual,4.409088134765625,88,88,143,"[96, 96, 160]",12.375,376.86528098033125
100777_00001,100777,train,non-PDAC,automatic,4.386363636363637,88,88,101,"[96, 96, 160]",17.703125,806.2291126943004
100778_00001,100778,train,non-PDAC,automatic,4.568181818181818,88,88,119,"[96, 96, 160]",14.4375,1206.3655233184347
100779_00001,100779,train,non-PDAC,automatic,4.136727419766513,88,88,56,"[96, 96, 160]",20.109375,1127.1636256422694
100780_00001,100780,train,PDAC,manual,4.654073614823191,80,80,152,"[96, 96, 160]",19.62849872773537,816.1295402548144
100781_00001,100781,train,non-PDAC,automatic,3.5490909923206675,88,88,69,"[96, 96, 160]",17.703125,1733.221658885505
100783_00001,100783,train,non-PDAC,automatic,3.6363636363636362,88,88,67,"[96, 96, 160]",23.890625,1162.1034250840896
100784_00001,100784,train,non-PDAC,automatic,4.2727272727272725,88,88,147,"[96, 96, 160]",11.859375,670.4710615442156
100785_00001,100785,train,non-PDAC,automatic,4.545454545454546,88,88,147,"[96, 96, 160]",19.799999999999997,1298.3489062499996
100787_00001,100787,train,non-PDAC,automatic,3.8167273781516333,88,88,61,"[96, 96, 160]",18.5625,1246.3839931003993
100788_00001,100788,validation,non-PDAC,automatic,4.549893812699751,88,88,137,"[96, 96, 160]",14.953125000000002,383.3591128086175
100789_00001,100789,train,PDAC,manual,3.8636363636363638,88,88,117,"[96, 96, 160]",14.78125,866.484211282169
100790_00001,100790,validation,PDAC,manual,3.965909090909091,88,88,106,"[96, 96, 160]",16.15625,1051.1062410458453
100791_00001,100791,validation,non-PDAC,automatic,4.5,88,88,148,"[96, 96, 160]",17.703125,1673.3114420572917
100792_00001,100792,train,non-PDAC,automatic,5.636363636363637,88,88,130,"[96, 96, 160]",12.71875,720.4481949344756
100794_00001,100794,validation,non-PDAC,automatic,3.727272727272727,88,88,122,"[96, 96, 160]",17.1875,1556.7697337080795
100795_00001,100795,train,PDAC,manual,4.25,88,88,104,"[96, 96, 160]",17.359375,925.5234949448529
100798_00001,100798,train,non-PDAC,automatic,4.056818181818182,88,88,129,"[96, 96, 160]",25.78125,1718.4837923450634
100801_00001,100801,train,non-PDAC,automatic,4.159090909090909,88,88,56,"[96, 96, 160]",11.6875,831.41687211834
100802_00001,100802,validation,non-PDAC,automatic,4.545454545454546,88,88,46,"[96, 96, 160]",20.9,1000.6871337890622
100803_00001,100803,train,PDAC,manual,4.171636408025568,88,88,105,"[96, 96, 160]",14.265625,743.5892257414916
100804_00001,100804,validation,non-PDAC,automatic,4.1644736842105265,84,84,152,"[96, 96, 160]",16.367989731437596,949.065505797156
100805_00001,100805,train,non-PDAC,automatic,4.439272793856534,88,88,69,"[96, 96, 160]",14.609375,617.9715410668587
100807_00001,100807,train,non-PDAC,automatic,4.863636363636363,88,88,102,"[96, 96, 160]",8.765625,518.5947379709405
100808_00001,100808,train,non-PDAC,automatic,4.2240000638094815,88,88,55,"[96, 96, 160]",12.890625,1149.1308038687848
100809_00001,100809,train,PDAC,manual,3.647727272727273,88,88,117,"[96, 96, 160]",23.02827163648754,2216.755625125403
100810_00001,100810,train,non-PDAC,automatic,4.2240000638094815,88,88,55,"[96, 96, 160]",20.109375,1217.2450835405061
100811_00001,100811,train,non-PDAC,automatic,4.511363636363637,88,88,119,"[96, 96, 160]",16.15625,823.9157425810766
100812_00001,100812,validation,non-PDAC,automatic,4.5498879172585225,88,88,54,"[96, 96, 160]",18.46199397994693,986.1475822927428
100813_00001,100813,train,non-PDAC,automatic,4.439272793856534,88,88,149,"[96, 96, 160]",14.609375,1008.2988762766955
100814_00001,100814,train,non-PDAC,automatic,4.545454545454546,88,88,49,"[96, 96, 160]",11.859374999999998,607.3337402343748
100815_00001,100815,train,PDAC,manual,4.971589868718928,88,88,92,"[96, 96, 160]",18.21875,592.554706311366
100816_00001,100816,validation,non-PDAC,automatic,4.5,88,88,109,"[96, 96, 160]",17.333333333333332,1125.2665201822917
100817_00001,100817,train,non-PDAC,automatic,4.549893812699751,88,88,96,"[96, 96, 160]",16.671875,925.8149984185386
100818_00001,100818,train,non-PDAC,automatic,4.818181818181818,88,88,99,"[96, 96, 160]",19.61320754716981,1125.919023621757
100819_00001,100819,train,non-PDAC,automatic,4.636363636363637,88,88,104,"[96, 96, 160]",17.359375,913.4855310776652
100820_00001,100820,train,PDAC,manual,5.068181818181818,88,88,90,"[96, 96, 160]",16.671875,592.6060205297085
100821_00001,100821,validation,non-PDAC,automatic,4.579545454545454,88,88,134,"[96, 96, 160]",17.875,739.3598693393302
100822_00001,100822,validation,PDAC,automatic,4.7157895439549495,87,87,152,"[96, 96, 160]",15.548615662987084,246.41092523591283
100823_00001,100823,train,non-PDAC,automatic,4.840909090909091,88,88,91,"[96, 96, 160]",16.84375,921.927665602993
100824_00001,100824,train,PDAC,manual,4.261363636363637,88,88,59,"[96, 96, 160]",13.406249999999998,844.9354374999998
100825_00001,100825,train,PDAC,manual,5.10254530473189,88,88,138,"[96, 96, 160]",11.859374999999998,545.3222989272166
100826_00001,100826,train,PDAC,automatic,4.681820956143466,88,88,114,"[96, 96, 160]",10.828125,248.60327349718793
100827_00001,100827,train,non-PDAC,automatic,3.653818303888494,88,88,66,"[96, 96, 160]",14.78125,2473.639006299616
100828_00001,100828,train,non-PDAC,automatic,5.0,88,88,138,"[96, 96, 160]",12.03125,671.2427734375
100831_00001,100831,train,PDAC,manual,4.465909090909091,88,88,99,"[96, 96, 160]",20.28125,894.7815780057251
100832_00001,100832,validation,non-PDAC,automatic,5.375,88,88,84,"[96, 96, 160]",15.296875,738.1791424418604
100833_00001,100833,train,non-PDAC,automatic,3.9431818181818183,88,88,60,"[96, 96, 160]",15.723342939481267,657.6637135266569
100834_00001,100834,validation,non-PDAC,automatic,3.991272666237571,88,88,58,"[96, 96, 160]",18.5625,894.5298095344843
100835_00001,100835,train,non-PDAC,automatic,4.54400010542436,88,88,38,"[96, 96, 160]",13.234375000000002,461.6043811887144
100836_00001,100836,validation,non-PDAC,automatic,4.834908918900923,88,88,48,"[96, 96, 160]",11.343750000000002,675.1058798011687
100837_00001,100837,train,PDAC,manual,4.322368421052632,81,81,152,"[96, 96, 160]",19.45276826484018,947.033643733454
100838_00001,100838,train,non-PDAC,automatic,4.54981821233576,88,88,64,"[96, 96, 160]",18.46227682462431,752.4728735749043
100839_00001,100839,train,non-PDAC,automatic,4.318181818181818,88,88,112,"[96, 96, 160]",13.234375,673.7263954564144
100841_00001,100841,train,non-PDAC,automatic,5.1118421052631575,88,88,152,"[96, 96, 160]",14.410472972972974,972.7224642521571
100844_00001,100844,validation,non-PDAC,automatic,4.318181818181818,88,88,56,"[96, 96, 160]",19.421875,1220.8962813527958
100845_00001,100845,validation,non-PDAC,automatic,3.5568181818181817,88,88,57,"[96, 96, 160]",15.296875,1600.6534107927318
100847_00001,100847,train,non-PDAC,automatic,5.056820262562145,88,88,114,"[96, 96, 160]",18.5625,1047.9926560335698
100848_00001,100848,train,non-PDAC,automatic,4.673684396241841,83,83,152,"[96, 96, 160]",18.486486486486484,860.2837983594777
100849_00001,100849,validation,non-PDAC,automatic,3.9318181818181817,88,88,108,"[96, 96, 160]",20.219653179190754,1007.3786861000723
100850_00001,100850,train,PDAC,automatic,4.8977272727272725,88,88,103,"[96, 96, 160]",11.859375,485.3911008193156
100851_00001,100851,train,non-PDAC,automatic,4.954545454545454,88,88,101,"[96, 96, 160]",12.110091743119266,523.2011987528671
100852_00001,100852,train,PDAC,automatic,8.592105263157896,54,54,152,"[96, 96, 160]",5.9213605474732,74.81057339635142
100853_00001,100853,validation,non-PDAC,automatic,3.6363636363636362,88,88,114,"[96, 96, 160]",22.34375,2250.546826171875
100854_00001,100854,train,non-PDAC,automatic,4.278947538451145,88,88,152,"[96, 96, 160]",20.103540873900027,1022.4677458496893
100857_00001,100857,train,non-PDAC,automatic,3.6363636363636362,88,88,64,"[96, 96, 160]",21.140625,1876.3980468750003
100861_00001,100861,validation,non-PDAC,automatic,5.015272660688921,88,88,98,"[96, 96, 160]",15.468749999999998,777.2722812122283
100863_00001,100863,train,non-PDAC,automatic,3.659090909090909,88,88,56,"[96, 96, 160]",16.328125,1150.2544885481366
100864_00001,100864,train,non-PDAC,automatic,4.101818084716797,88,88,48,"[96, 96, 160]",11.702128401597,387.9191283418215
100865_00001,100865,validation,non-PDAC,automatic,4.2947369061018295,85,85,152,"[96, 96, 160]",19.206065435617187,1092.0726668647662
100867_00001,100867,train,non-PDAC,automatic,4.7272727272727275,88,88,99,"[96, 96, 160]",19.35576923076923,874.8654151329627
100869_00001,100869,train,non-PDAC,automatic,4.008727333762429,88,88,112,"[96, 96, 160]",14.953125000000002,1434.9730554806004
100870_00001,100870,train,non-PDAC,automatic,4.31127270785245,88,88,54,"[96, 96, 160]",16.700404933527146,857.7658502707185
100871_00001,100871,validation,PDAC,automatic,3.6136363636363638,88,88,116,"[96, 96, 160]",18.5625,918.4141976218552
100872_00001,100872,train,non-PDAC,automatic,4.526315789473684,83,83,152,"[96, 96, 160]",15.815497819767442,976.7504756164187
100873_00001,100873,train,non-PDAC,automatic,4.090909090909091,88,88,123,"[96, 96, 160]",18.90625,791.1766710069445
100874_00001,100874,train,non-PDAC,automatic,5.181818181818182,88,88,101,"[96, 96, 160]",16.15625,926.8804610402962
100876_00001,100876,validation,PDAC,manual,4.0227272727272725,88,88,58,"[96, 96, 160]",21.875706214689266,1224.3719544491528
100877_00001,100877,train,non-PDAC,automatic,4.545454545454546,88,88,134,"[96, 96, 160]",17.015625,633.1998535156248
100878_00001,100878,train,non-PDAC,automatic,4.193181818181818,88,88,109,"[96, 96, 160]",15.640625,513.5179592225609
100880_00001,100880,train,non-PDAC,automatic,4.7272727272727275,88,88,91,"[96, 96, 160]",16.84375,652.5519456129807
100882_00001,100882,train,PDAC,manual,4.54981821233576,88,88,107,"[96, 96, 160]",13.0625,783.5823991905963
100883_00001,100883,validation,non-PDAC,automatic,4.283560666170987,88,88,152,"[96, 96, 160]",20.453125,949.1335309199648
100884_00001,100884,train,PDAC,manual,4.416000019420277,88,88,144,"[96, 96, 160]",17.015625,1016.2417049221418
100885_00001,100885,validation,non-PDAC,automatic,4.136363636363637,88,88,150,"[96, 96, 160]",15.47252747252747,762.7996651785712
100886_00001,100886,train,non-PDAC,automatic,4.293818040327593,88,88,65,"[96, 96, 160]",14.609374999999998,967.9186524355274
100887_00001,100887,train,non-PDAC,automatic,4.346181696111506,88,88,138,"[96, 96, 160]",19.078125,987.3872189126259
100888_00001,100888,validation,non-PDAC,automatic,4.681818181818182,88,88,103,"[96, 96, 160]",17.875,967.537381959193
100889_00001,100889,train,non-PDAC,automatic,4.200000166893005,77,77,152,"[96, 96, 160]",18.303570701252877,1711.2081568463373
100890_00001,100890,train,non-PDAC,automatic,4.549893812699751,88,88,59,"[96, 96, 160]",10.656250000000002,410.0207030899621
100892_00001,100892,train,non-PDAC,automatic,5.681818181818182,88,88,82,"[96, 96, 160]",14.784,610.921201171875
100893_00001,100893,validation,non-PDAC,automatic,4.193181818181818,88,88,103,"[96, 96, 160]",21.3125,1457.9792936991869
100894_00001,100894,train,non-PDAC,automatic,3.838815789473684,88,88,152,"[96, 96, 160]",24.47043701799486,1384.1857025055865
100896_00001,100896,train,non-PDAC,automatic,4.454545454545454,88,88,92,"[96, 96, 160]",13.469387755102042,448.5320920360333
100898_00001,100898,train,non-PDAC,automatic,4.2272727272727275,88,88,94,"[96, 96, 160]",16.32258064516129,1096.2385017641127
100899_00001,100899,train,non-PDAC,automatic,3.897727272727273,88,88,114,"[96, 96, 160]",17.015625,704.3387703853862
100902_00001,100902,train,non-PDAC,automatic,3.772727272727273,88,88,59,"[96, 96, 160]",17.1875,1504.7744905402858
100903_00001,100903,train,PDAC,automatic,4.136363636363637,88,88,100,"[96, 96, 160]",17.875,648.4918414105424
100904_00001,100904,validation,PDAC,automatic,4.784090909090909,88,88,135,"[96, 96, 160]",13.234375,421.19229234709024
100905_00001,100905,train,PDAC,automatic,3.852270646528764,88,88,83,"[96, 96, 160]",15.46875,976.9375705471407
100907_00001,100907,train,non-PDAC,automatic,4.113636363636363,88,88,70,"[96, 96, 160]",21.65625,1727.034689550242
100908_00001,100908,validation,PDAC,automatic,3.977272727272727,88,88,145,"[96, 96, 160]",13.40625,330.9079910714286
100909_00001,100909,train,non-PDAC,automatic,4.54981821233576,88,88,51,"[96, 96, 160]",13.75,874.8125959095513
100910_00001,100910,train,non-PDAC,automatic,4.54400010542436,88,88,56,"[96, 96, 160]",13.406250000000002,738.3797781096745
100911_00001,100911,train,non-PDAC,automatic,4.545454545454546,88,88,131,"[96, 96, 160]",17.359375,504.80256693405084
100912_00001,100912,train,PDAC,manual,3.602272727272727,88,88,110,"[96, 96, 160]",14.78125,1134.9416302205639
100914_00001,100914,train,non-PDAC,automatic,3.977272727272727,88,88,63,"[96, 96, 160]",14.265625,1407.7701785714287
100915_00001,100915,train,PDAC,manual,4.704545454545454,88,88,104,"[96, 96, 160]",15.640625000000002,592.5662633416734
100916_00001,100916,validation,non-PDAC,automatic,4.590909090909091,88,88,149,"[96, 96, 160]",16.671875,807.3974899443069
100918_00001,100918,train,non-PDAC,automatic,4.318181818181818,88,88,111,"[96, 96, 160]",20.109375,980.4768811677629
100919_00001,100919,train,PDAC,manual,4.2272727272727275,88,88,107,"[96, 96, 160]",14.78125,332.19092442030677
100920_00001,100920,train,non-PDAC,automatic,4.357894910009284,85,85,152,"[96, 96, 160]",15.530434782608696,802.3569918632365
100921_00001,100921,train,non-PDAC,automatic,4.54981821233576,88,88,51,"[96, 96, 160]",13.40625,615.954785227774
100922_00001,100922,train,non-PDAC,automatic,3.909090909090909,88,88,112,"[96, 96, 160]",22.511627906976745,2086.1714094295057
100923_00001,100923,train,non-PDAC,automatic,5.431818181818182,88,88,95,"[96, 96, 160]",10.3125,503.84019106302304
100925_00001,100925,train,non-PDAC,automatic,4.322908921675249,88,88,54,"[96, 96, 160]",19.249999999999996,957.9117392103014
100926_00001,100926,train,PDAC,automatic,4.284090909090909,88,88,152,"[96, 96, 160]",15.125,822.4557257128647
100928_00001,100928,train,PDAC,manual,3.6363636363636362,88,88,57,"[96, 96, 160]",16.5,693.3564392089845
100929_00001,100929,train,non-PDAC,automatic,4.479999889026988,88,88,55,"[96, 96, 160]",13.406250000000002,1251.199247145498
100931_00001,100931,train,PDAC,manual,3.8636363636363638,88,88,97,"[96, 96, 160]",17.08235294117647,649.7111960018382
100932_00001,100932,validation,PDAC,manual,4.488636363636363,88,88,119,"[96, 96, 160]",14.093750000000002,888.6583662974685
100933_00001,100933,train,PDAC,automatic,3.9671052631578947,87,87,152,"[96, 96, 160]",18.905472636815922,1037.59743720018
100936_00001,100936,train,PDAC,manual,4.5498879172585225,88,88,68,"[96, 96, 160]",13.428902078405736,662.426122207569
100937_00001,100937,train,non-PDAC,automatic,4.991999886252663,88,88,126,"[96, 96, 160]",16.025641390800086,716.4347396162699
100938_00001,100938,validation,non-PDAC,automatic,3.6363636363636362,88,88,70,"[96, 96, 160]",21.484375,1764.9723601727603
100939_00001,100939,train,non-PDAC,automatic,8.25,55,55,152,"[96, 96, 160]",9.502840909090908,151.30934433109505
100940_00001,100940,train,non-PDAC,automatic,4.0227272727272725,88,88,97,"[96, 96, 160]",19.016949152542374,1011.4683527542376
100942_00001,100942,train,PDAC,manual,4.7272727272727275,88,88,104,"[96, 96, 160]",15.8125,460.08399141751795
100945_00001,100945,train,non-PDAC,automatic,4.454545454545454,88,88,112,"[96, 96, 160]",17.846938775510207,1182.4475770288589
100946_00001,100946,train,non-PDAC,automatic,4.318181818181818,88,88,101,"[96, 96, 160]",15.125,643.177564761513
100947_00001,100947,train,non-PDAC,automatic,4.0,88,88,114,"[96, 96, 160]",19.25,877.9109802246094
100950_00001,100950,train,PDAC,automatic,4.545454545454546,88,88,140,"[96, 96, 160]",13.062499999999998,700.2372802734372
100952_00001,100952,train,non-PDAC,automatic,4.045454545454546,88,88,113,"[96, 96, 160]",14.831460674157302,974.7111212912569
100953_00001,100953,train,non-PDAC,automatic,4.026181654496626,88,88,61,"[96, 96, 160]",20.625000000000004,914.206993964007
100954_00001,100954,validation,non-PDAC,automatic,4.436842281567423,79,79,152,"[96, 96, 160]",14.604982206405694,806.3614537320555
100955_00001,100955,train,non-PDAC,automatic,4.54981821233576,88,88,51,"[96, 96, 160]",20.440377100749306,1668.8873442495199
100956_00001,100956,train,PDAC,automatic,4.54400010542436,88,88,139,"[96, 96, 160]",18.046875,1117.3212952628571
100958_00001,100958,train,PDAC,manual,4.159090909090909,88,88,101,"[96, 96, 160]",14.265625,778.4196443818305
100960_00001,100960,train,non-PDAC,automatic,4.318181818181818,88,88,136,"[96, 96, 160]",18.90625,937.7475123355262
100961_00001,100961,train,non-PDAC,automatic,5.789090936834162,88,88,55,"[96, 96, 160]",17.53125,1031.4954801843196
100962_00001,100962,validation,non-PDAC,automatic,5.545454545454546,88,88,74,"[96, 96, 160]",14.60655737704918,610.2583007812499
100963_00001,100963,train,non-PDAC,automatic,5.420454545454546,88,88,122,"[96, 96, 160]",14.020964360587001,801.6824718291402
100965_00001,100965,train,PDAC,manual,3.1363636363636362,88,88,137,"[96, 96, 160]",22.859375,2459.357623556386
100966_00001,100966,train,non-PDAC,automatic,4.306818181818182,88,88,74,"[96, 96, 160]",11.0,800.3230128627969
100967_00001,100967,train,PDAC,manual,3.977272727272727,88,88,98,"[96, 96, 160]",16.671875,798.2355111377581
100968_00001,100968,train,non-PDAC,automatic,4.318181818181818,88,88,97,"[96, 96, 160]",21.073684210526316,1450.7941046463814
100969_00001,100969,validation,non-PDAC,automatic,4.4772727272727275,88,88,109,"[96, 96, 160]",13.234375,604.0924760072968
100971_00001,100971,validation,non-PDAC,automatic,4.605263157894737,80,80,152,"[96, 96, 160]",10.806249999999999,420.9653683392856
100972_00001,100972,train,non-PDAC,automatic,3.9950311834161933,88,88,54,"[96, 96, 160]",12.71875,403.01542846150795
100973_00001,100973,train,non-PDAC,automatic,4.215909090909091,88,88,93,"[96, 96, 160]",17.267924785614014,993.3787252135475
100975_00001,100975,validation,PDAC,manual,5.636363636363637,88,88,113,"[96, 96, 160]",8.25,434.30772350680434
100977_00001,100977,train,non-PDAC,automatic,4.125,88,88,105,"[96, 96, 160]",16.727272727272727,663.1796875
100979_00001,100979,train,non-PDAC,automatic,4.54981821233576,88,88,51,"[96, 96, 160]",15.296875,659.6739888152114
100981_00001,100981,train,PDAC,manual,4.534090909090909,88,88,94,"[96, 96, 160]",19.9375,1387.1847905897557
100982_00001,100982,train,non-PDAC,automatic,4.204545454545454,88,88,114,"[96, 96, 160]",15.296875000000002,1525.5667097761827
100983_00001,100983,train,PDAC,automatic,4.806818181818182,88,88,129,"[96, 96, 160]",11.515625,394.4400210549646
100985_00001,100985,train,non-PDAC,automatic,3.8181818181818183,88,88,117,"[96, 96, 160]",22.785714285714285,1441.3093174525668
100988_00001,100988,train,PDAC,automatic,4.090909090909091,88,88,93,"[96, 96, 160]",14.666666666666666,541.3144938151042
100990_00001,100990,train,non-PDAC,automatic,3.965909090909091,88,88,103,"[96, 96, 160]",18.21875,961.9895460243554
100991_00001,100991,train,non-PDAC,automatic,4.511363636363637,88,88,61,"[96, 96, 160]",11.515625,469.39319554864596
100993_00001,100993,train,non-PDAC,automatic,3.8842106806604484,83,83,152,"[96, 96, 160]",20.59620514363996,809.7496719257189
100994_00001,100994,train,PDAC,automatic,3.977272727272727,88,88,110,"[96, 96, 160]",17.09714285714286,1125.675424107143
100997_00001,100997,train,non-PDAC,automatic,4.590545307506215,88,88,69,"[96, 96, 160]",13.578124999999998,1183.5853062659612
100998_00001,100998,train,non-PDAC,automatic,4.681818181818182,88,88,92,"[96, 96, 160]",14.951456310679612,518.4075394417476
101001_00001,101001,train,non-PDAC,automatic,4.306818181818182,88,88,58,"[96, 96, 160]",19.503957783641162,1055.7740739404685
101002_00001,101002,train,non-PDAC,automatic,4.829545454545454,88,88,119,"[96, 96, 160]",16.378352662254784,943.9371098439644
101003_00001,101003,train,PDAC,manual,3.7386363636363638,88,88,106,"[96, 96, 160]",11.171875,333.10105656780365
101005_00001,101005,train,non-PDAC,automatic,4.420454545454546,88,88,111,"[96, 96, 160]",20.109374999999996,909.1114661993893
101006_00001,101006,train,non-PDAC,automatic,5.056818181818182,88,88,94,"[96, 96, 160]",17.501123595505618,804.970503423455
101007_00001,101007,validation,PDAC,manual,5.6818154074928975,88,88,123,"[96, 96, 160]",9.96875,144.43826681555998
101008_00001,101008,train,non-PDAC,automatic,4.113636363636363,88,88,50,"[96, 96, 160]",13.234375000000002,1156.0900946348413
101009_00001,101009,train,non-PDAC,automatic,4.039418307217685,88,88,61,"[96, 96, 160]",17.359375,1487.695069607617
101010_00001,101010,validation,non-PDAC,automatic,4.409090909090909,88,88,58,"[96, 96, 160]",20.75257731958763,739.0394652061856
101011_00001,101011,train,non-PDAC,automatic,4.54981821233576,88,88,51,"[96, 96, 160]",11.515625,677.340871262886
101012_00001,101012,train,non-PDAC,automatic,4.590545307506215,88,88,145,"[96, 96, 160]",18.390625,695.0928465297297
101013_00001,101013,train,PDAC,automatic,4.136363636363637,88,88,121,"[96, 96, 160]",21.95117506090101,1194.895636729814
101016_00001,101016,train,non-PDAC,automatic,4.5498879172585225,88,88,146,"[96, 96, 160]",17.1875,951.6752881518481
101017_00001,101017,validation,non-PDAC,automatic,5.0,88,88,138,"[96, 96, 160]",15.125,634.7537109375
101019_00001,101019,train,PDAC,manual,3.8295454545454546,88,88,149,"[96, 96, 160]",17.234421364985163,1178.340446494807
101020_00001,101020,train,non-PDAC,automatic,5.295454545454546,88,88,136,"[96, 96, 160]",17.373390557939913,592.8894514484978
101022_00001,101022,train,non-PDAC,automatic,4.590909090909091,88,88,110,"[96, 96, 160]",16.84375,667.3596215578589
101023_00001,101023,validation,PDAC,manual,4.4772727272727275,88,88,151,"[96, 96, 160]",13.75,611.389856638642
101024_00001,101024,train,PDAC,manual,4.090909090909091,88,88,110,"[96, 96, 160]",16.84375,814.5303910093745
101025_00001,101025,train,non-PDAC,automatic,4.545454545454546,88,88,102,"[96, 96, 160]",19.9375,1384.8249121093745
101026_00001,101026,train,PDAC,automatic,4.579545454545454,88,88,100,"[96, 96, 160]",18.21875,708.1903594137718
101028_00001,101028,train,non-PDAC,automatic,3.602272727272727,88,88,120,"[96, 96, 160]",15.8125,1405.2774823787463
101029_00001,101029,train,PDAC,manual,3.9318181818181817,88,88,119,"[96, 96, 160]",16.671875,1042.178556967333
101030_00001,101030,train,non-PDAC,automatic,5.431818181818182,88,88,75,"[96, 96, 160]",14.78125,581.7061057629446
101031_00001,101031,validation,PDAC,manual,3.7045454545454546,88,88,106,"[96, 96, 160]",17.1875,753.4720571319018
101032_00001,101032,train,non-PDAC,automatic,3.9431818181818183,88,88,56,"[96, 96, 160]",20.96875,1263.2303561779538
101034_00001,101034,train,non-PDAC,automatic,4.305454600941051,88,88,62,"[96, 96, 160]",11.515625,972.6963489951398
101035_00001,101035,validation,non-PDAC,automatic,4.488636363636363,88,88,93,"[96, 96, 160]",15.706329113924053,832.4015031645571
101036_00001,101036,train,non-PDAC,automatic,3.875,88,88,56,"[96, 96, 160]",24.234375,1617.5897807459678
101037_00001,101037,train,non-PDAC,automatic,4.284090909090909,88,88,93,"[96, 96, 160]",17.53125,1059.802819856598
101039_00001,101039,train,non-PDAC,automatic,3.9947370008418432,85,85,152,"[96, 96, 160]",23.43083003952569,1662.1899423771647
101040_00001,101040,validation,non-PDAC,automatic,4.681818181818182,88,88,93,"[96, 96, 160]",15.699029126213592,614.886488831159
101041_00001,101041,train,non-PDAC,automatic,3.851636366410689,88,88,67,"[96, 96, 160]",18.5625,1280.1579539811046
101042_00001,101042,train,non-PDAC,automatic,4.54400010542436,88,88,51,"[96, 96, 160]",16.835386933349493,957.3687747681716
101043_00001,101043,train,PDAC,automatic,3.977272727272727,88,88,99,"[96, 96, 160]",9.109375,607.3058872767858
101044_00001,101044,train,PDAC,manual,4.552631578947368,85,85,152,"[96, 96, 160]",11.501761199421965,687.4062755749869
101045_00001,101045,validation,PDAC,manual,4.659089521928267,88,88,94,"[96, 96, 160]",19.078125,606.022227521862
101046_00001,101046,train,PDAC,manual,4.15418174050071,88,88,59,"[96, 96, 160]",18.046875,1300.4731600446519
101047_00001,101047,train,non-PDAC,automatic,4.357894910009284,84,84,152,"[96, 96, 160]",19.088804267813334,898.585594109044
101048_00001,101048,validation,PDAC,automatic,4.1477272727272725,88,88,97,"[96, 96, 160]",19.421875,1053.3332298801372
101050_00001,101050,train,PDAC,manual,3.8507634943181817,88,88,124,"[96, 96, 160]",16.328125,776.0746469740635
101051_00001,101051,validation,non-PDAC,automatic,4.549893812699751,88,88,136,"[96, 96, 160]",13.578125000000002,629.6084258104329
101052_00001,101052,train,non-PDAC,automatic,4.784090909090909,88,88,91,"[96, 96, 160]",16.84375,1037.867799881235
101053_00001,101053,train,non-PDAC,automatic,4.0227272727272725,88,88,52,"[96, 96, 160]",18.390625,1444.446512513242
101054_00001,101054,train,PDAC,manual,4.008727333762429,88,88,94,"[96, 96, 160]",17.1875,831.4813832938858
101055_00001,101055,train,non-PDAC,automatic,4.770909049294212,88,88,49,"[96, 96, 160]",15.720274527366055,800.4554236847198
101057_00001,101057,train,non-PDAC,automatic,3.5454545454545454,88,88,64,"[96, 96, 160]",21.3125,1325.4300036308093
101058_00001,101058,train,non-PDAC,automatic,4.204545454545454,88,88,109,"[96, 96, 160]",14.270270270270272,535.6600506756758
101059_00001,101059,train,non-PDAC,automatic,4.811636491255327,88,88,96,"[96, 96, 160]",14.609374999999998,1181.405777033976
101060_00001,101060,validation,non-PDAC,automatic,4.5,88,88,99,"[96, 96, 160]",18.90625,1058.9666341145833
101062_00001,101062,train,PDAC,manual,4.295454545454546,88,88,149,"[96, 96, 160]",16.84375,642.0622519841269
101063_00001,101063,train,PDAC,automatic,4.181818181818182,88,88,107,"[96, 96, 160]",18.21875,807.4033831787751
101065_00001,101065,train,non-PDAC,automatic,3.3512725830078125,88,88,126,"[96, 96, 160]",22.34375,2391.155593412526
101066_00001,101066,train,non-PDAC,automatic,4.931818181818182,88,88,87,"[96, 96, 160]",14.599078341013826,577.5445528513825
101068_00001,101068,train,PDAC,automatic,4.105263157894737,87,87,152,"[96, 96, 160]",12.56865985576923,804.6894314680849
101069_00001,101069,train,non-PDAC,automatic,4.54981821233576,88,88,104,"[96, 96, 160]",15.640625,1390.1324328856927
101071_00001,101071,train,non-PDAC,automatic,4.5227272727272725,88,88,52,"[96, 96, 160]",12.934673366834172,634.4875745917086
101072_00001,101072,train,non-PDAC,automatic,4.565789473684211,88,88,152,"[96, 96, 160]",18.49785123709643,853.0237748019513
101073_00001,101073,train,non-PDAC,automatic,4.318181818181818,88,88,98,"[96, 96, 160]",17.1875,916.2596885279604
101074_00001,101074,validation,non-PDAC,automatic,4.943181818181818,88,88,111,"[96, 96, 160]",16.5,470.7360623857113
101075_00001,101075,train,non-PDAC,automatic,4.991999886252663,88,88,102,"[96, 96, 160]",20.28125,827.3899302234537
101077_00001,101077,train,non-PDAC,automatic,3.6363636363636362,88,88,61,"[96, 96, 160]",22.515625,2157.097453879411
101080_00001,101080,train,PDAC,manual,5.113636363636363,88,88,125,"[96, 96, 160]",15.296875000000002,270.87242916433763
101081_00001,101081,train,non-PDAC,automatic,5.454545454545454,88,88,99,"[96, 96, 160]",9.28125,330.37893398956567
101083_00001,101083,train,PDAC,manual,4.4772727272727275,88,88,106,"[96, 96, 160]",15.8125,932.4943983978425
101084_00001,101084,train,non-PDAC,automatic,4.2727272727272725,88,88,101,"[96, 96, 160]",14.042553191489363,885.5714526886637
101085_00001,101085,validation,PDAC,manual,4.2272727272727275,88,88,110,"[96, 96, 160]",16.15625,833.0070879536288
101087_00001,101087,train,non-PDAC,automatic,4.875,88,88,106,"[96, 96, 160]",19.59375,1010.6026893028846
101088_00001,101088,train,non-PDAC,automatic,4.329545454545454,88,88,110,"[96, 96, 160]",12.031250000000002,961.4870201771656
101089_00001,101089,validation,non-PDAC,automatic,4.54981821233576,88,88,107,"[96, 96, 160]",19.25,1006.8292428383631
101090_00001,101090,validation,non-PDAC,automatic,4.416000019420277,88,88,50,"[96, 96, 160]",15.812499999999998,589.0542943388435
101092_00001,101092,validation,PDAC,manual,4.4605263157894735,76,76,152,"[96, 96, 160]",15.255346607669617,635.336094971109
101093_00001,101093,train,PDAC,manual,3.4618183482776987,88,88,71,"[96, 96, 160]",15.252100713011764,720.2447090609344
101095_00001,101095,train,non-PDAC,automatic,4.920454545454546,88,88,96,"[96, 96, 160]",16.328125,609.821530383949
101096_00001,101096,validation,non-PDAC,automatic,4.659090909090909,88,88,103,"[96, 96, 160]",15.8125,814.9775390624999
101097_00001,101097,train,PDAC,manual,4.443181818181818,88,88,140,"[96, 96, 160]",12.03125,751.2605149056905
101098_00001,101098,train,non-PDAC,automatic,4.54981821233576,88,88,51,"[96, 96, 160]",18.46227609099937,956.0568811237198
101100_00001,101100,train,non-PDAC,automatic,4.54981821233576,88,88,61,"[96, 96, 160]",16.5,712.4305178584254
101101_00001,101101,train,PDAC,manual,4.073684372399983,86,86,152,"[96, 96, 160]",18.85271317829457,956.6397139652491
101102_00001,101102,validation,PDAC,automatic,4.549893812699751,88,88,62,"[96, 96, 160]",11.515625000000002,851.0816235840667
101103_00001,101103,train,PDAC,manual,4.6022727272727275,88,88,142,"[96, 96, 160]",16.15625,1197.694598765432
101104_00001,101104,train,non-PDAC,automatic,5.24786149371754,81,88,81,"[96, 96, 160]",19.50943396226415,826.1871470322104
101105_00001,101105,train,non-PDAC,automatic,3.6704545454545454,88,88,73,"[96, 96, 160]",23.203125,1509.5199242937308
101106_00001,101106,validation,PDAC,manual,4.101818084716797,88,88,118,"[96, 96, 160]",16.5,906.7520680909951
101107_00001,101107,validation,non-PDAC,automatic,4.545454545454546,88,88,46,"[96, 96, 160]",15.812499999999998,864.8380468749997
101108_00001,101108,validation,non-PDAC,automatic,4.858181693337181,88,88,43,"[96, 96, 160]",16.5,1148.091922499683
101109_00001,101109,train,non-PDAC,automatic,5.457454681396484,88,88,114,"[96, 96, 160]",19.25,452.88661080817735
101110_00001,101110,train,non-PDAC,automatic,4.54981821233576,88,88,144,"[96, 96, 160]",18.90625,589.2908520214368
101113_00001,101113,train,non-PDAC,automatic,4.54400010542436,88,88,49,"[96, 96, 160]",15.468750000000002,878.0780642243469
101114_00001,101114,train,non-PDAC,automatic,4.549893812699751,88,88,138,"[96, 96, 160]",12.718750000000002,1019.153804769349
101117_00001,101117,train,non-PDAC,automatic,4.2272727272727275,88,88,130,"[96, 96, 160]",17.53125,935.7405756468412
101119_00001,101119,train,non-PDAC,automatic,3.8167273781516333,88,88,55,"[96, 96, 160]",17.53125,532.2871156374505
101120_00001,101120,train,PDAC,automatic,5.068181818181818,88,88,86,"[96, 96, 160]",9.625,461.0051674607623
101122_00001,101122,train,PDAC,manual,4.660363630814985,88,88,101,"[96, 96, 160]",11.687500000000002,605.5689234329599
101124_00001,101124,validation,non-PDAC,automatic,4.045454545454546,88,88,104,"[96, 96, 160]",18.539325842696627,1109.0766052931879
101125_00001,101125,train,non-PDAC,automatic,4.056818181818182,88,88,121,"[96, 96, 160]",15.899159663865547,1112.0648306197481
101130_00001,101130,train,non-PDAC,automatic,4.045454545454546,88,88,121,"[96, 96, 160]",19.651685393258425,1487.034980688202
101131_00001,101131,train,non-PDAC,automatic,4.5227272727272725,88,88,86,"[96, 96, 160]",15.640625,633.7821529522614
101134_00001,101134,train,non-PDAC,automatic,4.295454545454546,88,88,98,"[96, 96, 160]",15.365079365079364,855.68412078373
101135_00001,101135,train,PDAC,manual,4.045451771129262,88,88,79,"[96, 96, 160]",13.941724415793713,525.8438867303024
101136_00001,101136,train,non-PDAC,automatic,4.75263176779998,74,74,152,"[96, 96, 160]",15.808084186890678,633.7291797977297
101137_00001,101137,train,PDAC,automatic,3.8618590615012427,88,88,107,"[96, 96, 160]",14.4375,537.1000693938249
101140_00001,101140,train,non-PDAC,automatic,4.318181818181818,88,88,63,"[96, 96, 160]",15.863157894736842,964.6124229029604
101141_00001,101141,train,non-PDAC,automatic,4.613636363636363,88,88,104,"[96, 96, 160]",15.640625000000002,959.3038817156714
101142_00001,101142,train,PDAC,automatic,3.477272727272727,88,88,128,"[96, 96, 160]",19.765625,1179.7893880208335
101143_00001,101143,train,non-PDAC,automatic,4.375,88,88,102,"[96, 96, 160]",19.2,768.9847098214286
101144_00001,101144,train,PDAC,automatic,3.977272727272727,88,88,92,"[96, 96, 160]",14.609375,912.2177845982144
101145_00001,101145,validation,non-PDAC,automatic,4.352273420854048,88,88,97,"[96, 96, 160]",15.468750000000002,1383.0531180876408
101146_00001,101146,train,non-PDAC,automatic,5.1258180791681465,88,88,55,"[96, 96, 160]",19.9375,1065.0081651812359
101148_00001,101148,train,non-PDAC,automatic,5.659090909090909,88,88,110,"[96, 96, 160]",14.419277323297708,383.95709030975985
101149_00001,101149,validation,PDAC,manual,3.9545454545454546,88,88,111,"[96, 96, 160]",20.96875,1887.719793911638
101150_00001,101150,train,non-PDAC,automatic,4.5498879172585225,88,88,60,"[96, 96, 160]",16.87953902992565,713.1079171136191
101151_00001,101151,train,PDAC,manual,4.409090909090909,88,88,111,"[96, 96, 160]",18.5979381443299,1317.8009524001288
101152_00001,101152,train,non-PDAC,automatic,4.54400010542436,88,88,139,"[96, 96, 160]",13.921875000000002,619.9712475137386
101153_00001,101153,validation,non-PDAC,automatic,4.2894736842105265,84,84,152,"[96, 96, 160]",18.522814417177912,1546.410862494536
101154_00001,101154,train,non-PDAC,automatic,4.545454545454546,88,88,66,"[96, 96, 160]",11.171874999999998,500.33381835937485
101155_00001,101155,train,non-PDAC,automatic,4.375,88,88,101,"[96, 96, 160]",16.84375,809.2448939732143
101156_00001,101156,train,non-PDAC,automatic,3.784090909090909,88,88,50,"[96, 96, 160]",13.234375,1008.3791086007882
101157_00001,101157,train,non-PDAC,automatic,4.515789653125562,81,81,152,"[96, 96, 160]",17.538461538461537,878.730455838893
101158_00001,101158,train,non-PDAC,automatic,4.549893812699751,88,88,67,"[96, 96, 160]",19.25,1096.4115346336757
101159_00001,101159,validation,PDAC,manual,4.715909784490412,88,88,86,"[96, 96, 160]",17.493973330729165,1017.6216382686549
101160_00001,101160,train,PDAC,automatic,4.159090909090909,88,88,85,"[96, 96, 160]",13.224043715846994,609.8427894467212
101161_00001,101161,validation,PDAC,automatic,4.101818084716797,88,88,80,"[96, 96, 160]",22.81915038311415,1062.1582834618043
101162_00001,101162,train,non-PDAC,automatic,4.318181818181818,88,88,55,"[96, 96, 160]",19.221052631578946,1027.009888980263
101165_00001,101165,train,non-PDAC,automatic,5.038545435125178,88,88,101,"[96, 96, 160]",18.259239578169115,859.2539049109558
101166_00001,101166,train,non-PDAC,automatic,4.039418307217685,88,88,61,"[96, 96, 160]",16.04191436651539,1054.169412532923
101167_00001,101167,train,non-PDAC,automatic,3.7061819596724077,88,88,71,"[96, 96, 160]",16.40502316604141,980.2225839932294
101169_00001,101169,train,PDAC,automatic,3.977272727272727,88,88,145,"[96, 96, 160]",11.859375,677.9112779017859
101170_00001,101170,train,non-PDAC,automatic,4.549893812699751,88,88,117,"[96, 96, 160]",21.626879210984818,667.1932673660513
101172_00001,101172,train,non-PDAC,automatic,4.159090909090909,88,88,104,"[96, 96, 160]",17.31077100409836,1249.5984248222549
101173_00001,101173,train,PDAC,manual,3.6363636363636362,88,88,77,"[96, 96, 160]",15.984375,922.8938232421876
101174_00001,101174,train,non-PDAC,automatic,4.795454545454546,88,88,89,"[96, 96, 160]",13.062499999999998,1056.316156324052
101175_00001,101175,train,PDAC,automatic,4.261363636363637,88,88,141,"[96, 96, 160]",12.374999999999998,618.1108541666665
101178_00001,101178,train,PDAC,manual,4.386363636363637,88,88,112,"[96, 96, 160]",15.958549222797926,837.3638125404791
101179_00001,101179,validation,non-PDAC,automatic,4.2727272727272725,88,88,54,"[96, 96, 160]",17.53125,1008.0192767204123
101181_00001,101181,train,non-PDAC,automatic,4.318181818181818,88,88,98,"[96, 96, 160]",13.75,856.7012695312499
101182_00001,101182,train,non-PDAC,automatic,5.0,88,88,48,"[96, 96, 160]",15.9,795.9678955078125
101183_00001,101183,train,non-PDAC,automatic,4.318181818181818,88,88,52,"[96, 96, 160]",20.109375,2007.5928068462167
101184_00001,101184,train,non-PDAC,automatic,4.136363636363637,88,88,142,"[96, 96, 160]",15.984374999999998,858.1460378197538
101185_00001,101185,train,non-PDAC,automatic,3.25,88,88,121,"[96, 96, 160]",14.78125,1053.3053635817307
101186_00001,101186,train,non-PDAC,automatic,3.6363636363636362,88,88,61,"[96, 96, 160]",21.1200008392334,1923.3665656855303
101187_00001,101187,train,non-PDAC,automatic,4.545454545454546,88,88,151,"[96, 96, 160]",18.046875,1302.618764648437
101188_00001,101188,train,PDAC,manual,4.54981821233576,88,88,143,"[96, 96, 160]",10.65625,621.5782156190718
101190_00001,101190,train,non-PDAC,automatic,4.54981821233576,88,88,51,"[96, 96, 160]",15.640625,1045.3749510948467
101193_00001,101193,train,non-PDAC,automatic,4.701091072776101,88,88,47,"[96, 96, 160]",16.15625,1266.4650252277754
101194_00001,101194,train,non-PDAC,automatic,4.636363636363637,88,88,92,"[96, 96, 160]",17.359375,604.7564314299938
101195_00001,101195,train,non-PDAC,automatic,5.388774158138978,82,82,152,"[96, 96, 160]",10.52535295329354,690.8371738993131
101196_00001,101196,train,PDAC,automatic,5.6785455183549365,88,88,124,"[96, 96, 160]",14.264216028238431,476.37724731951613
101197_00001,101197,train,non-PDAC,automatic,4.375,88,88,113,"[96, 96, 160]",12.71875,1047.1361607142858
101199_00001,101199,train,non-PDAC,automatic,3.9545454545454546,88,88,68,"[96, 96, 160]",15.296875,819.4484189789871
101200_00001,101200,validation,non-PDAC,automatic,4.545454545454546,88,88,98,"[96, 96, 160]",14.609374999999998,509.78339843749984
101201_00001,101201,train,non-PDAC,automatic,4.0,88,88,51,"[96, 96, 160]",22.74999961256981,1402.2440435027384
101202_00001,101202,train,non-PDAC,automatic,4.54400010542436,88,88,51,"[96, 96, 160]",15.468750000000002,541.6752058268157
101203_00001,101203,train,PDAC,manual,3.723636280406605,88,88,112,"[96, 96, 160]",16.381836303662574,1535.1801202113954
101204_00001,101204,validation,non-PDAC,automatic,4.204545454545454,88,88,94,"[96, 96, 160]",17.53125,1015.3968829180745
101205_00001,101205,train,PDAC,automatic,4.904727242209694,88,88,139,"[96, 96, 160]",9.28125,493.95566560543693
101206_00001,101206,train,non-PDAC,automatic,3.6842105263157894,86,86,152,"[96, 96, 160]",15.200000000000001,1010.0569017846395
101207_00001,101207,train,non-PDAC,automatic,5.113636363636363,88,88,135,"[96, 96, 160]",15.296875000000002,780.8995486111112
101208_00001,101208,train,non-PDAC,automatic,4.568181818181818,88,88,122,"[96, 96, 160]",10.828125,342.72163596082083
101209_00001,101209,train,PDAC,manual,4.052631578947368,85,85,152,"[96, 96, 160]",17.407670454545457,1142.1364541602657
101211_00001,101211,train,non-PDAC,automatic,4.159090909090909,88,88,106,"[96, 96, 160]",13.578125,696.2798011654712
101212_00001,101212,train,non-PDAC,automatic,5.181818181818182,88,88,104,"[96, 96, 160]",13.75,509.4550267269737
101214_00001,101214,train,non-PDAC,automatic,4.184210526315789,87,87,152,"[96, 96, 160]",18.163522012578618,1017.0247714475654
101215_00001,101215,validation,PDAC,manual,5.1477272727272725,88,88,88,"[96, 96, 160]",14.56953642384106,530.9745188327815
101216_00001,101216,train,non-PDAC,automatic,4.386363636363637,88,88,117,"[96, 96, 160]",16.072538860103627,797.7332390503561
101217_00001,101217,validation,PDAC,manual,4.4772727272727275,88,88,112,"[96, 96, 160]",18.21875,985.9678354021254
101218_00001,101218,train,non-PDAC,automatic,4.340909090909091,88,88,106,"[96, 96, 160]",18.31413612565445,1058.752165310046
101221_00001,101221,train,PDAC,manual,4.204545454545454,88,88,101,"[96, 96, 160]",10.828125000000002,408.7850612331082
101222_00001,101222,train,PDAC,manual,4.8522727272727275,88,88,100,"[96, 96, 160]",16.84375,709.2671939036885
101224_00001,101224,train,non-PDAC,automatic,3.659090909090909,88,88,41,"[96, 96, 160]",23.71875,882.3816964285713
101225_00001,101225,train,non-PDAC,automatic,3.6818181818181817,88,88,121,"[96, 96, 160]",16.328125,1063.7818196614585
101226_00001,101226,train,non-PDAC,automatic,5.6785455183549365,88,88,41,"[96, 96, 160]",12.375,447.879512631879
101228_00001,101228,train,non-PDAC,automatic,4.545454545454546,88,88,85,"[96, 96, 160]",13.749999999999998,1027.5151025390621
101231_00001,101231,train,non-PDAC,automatic,4.605263157894737,83,83,152,"[96, 96, 160]",17.032685933794294,974.9216320685
101232_00001,101232,train,PDAC,manual,4.125090859153054,88,88,119,"[96, 96, 160]",18.90867441790473,1113.6610168636591
101233_00001,101233,train,non-PDAC,automatic,3.904000022194602,88,88,59,"[96, 96, 160]",9.625,671.8121787478443
101236_00001,101236,train,PDAC,manual,5.261363636363637,88,88,115,"[96, 96, 160]",15.205183585313174,590.7682488525917
101237_00001,101237,train,non-PDAC,automatic,4.5498879172585225,88,88,98,"[96, 96, 160]",17.93450665602946,783.6183938029945
101240_00001,101240,validation,non-PDAC,automatic,3.977272727272727,88,88,51,"[96, 96, 160]",19.765625,1631.2326004464287
101241_00001,101241,train,non-PDAC,automatic,4.318181818181818,88,88,107,"[96, 96, 160]",13.578125,650.791683799342
101243_00001,101243,train,non-PDAC,automatic,4.409090909090909,88,88,105,"[96, 96, 160]",14.09375,746.7880431499677
101244_00001,101244,validation,PDAC,manual,3.977272727272727,88,88,117,"[96, 96, 160]",20.96875,1002.9627204241073
101245_00001,101245,train,non-PDAC,automatic,4.386363636363637,88,88,110,"[96, 96, 160]",13.749999999999998,853.1130004250323
101246_00001,101246,train,non-PDAC,automatic,4.545454545454546,88,88,93,"[96, 96, 160]",18.81,1067.3378686523433
101248_00001,101248,train,non-PDAC,automatic,3.4618183482776987,88,88,74,"[96, 96, 160]",20.453125,1662.903474661955
101250_00001,101250,train,non-PDAC,automatic,5.045454545454546,88,88,90,"[96, 96, 160]",14.781249999999998,780.5151499155404
101251_00001,101251,train,non-PDAC,automatic,5.4772727272727275,88,88,133,"[96, 96, 160]",15.33609958506224,600.606846473029
101252_00001,101252,validation,non-PDAC,automatic,3.880727247758345,88,88,121,"[96, 96, 160]",13.399550311101397,855.1891559222667
101253_00001,101253,train,PDAC,manual,5.2272727272727275,88,88,101,"[96, 96, 160]",17.703125,475.9658712635869
101254_00001,101254,validation,PDAC,automatic,4.840909090909091,88,88,82,"[96, 96, 160]",16.732394366197184,339.02933813820425
101257_00001,101257,train,non-PDAC,automatic,3.897727272727273,88,88,123,"[96, 96, 160]",13.75,1030.8954826913143
101258_00001,101258,validation,PDAC,manual,4.3125,82,82,152,"[96, 96, 160]",14.608695652173912,1033.5304786170243
101259_00001,101259,train,non-PDAC,automatic,4.431818181818182,88,88,98,"[96, 96, 160]",17.359375,995.8903545673078
101260_00001,101260,train,non-PDAC,automatic,4.579545454545454,88,88,111,"[96, 96, 160]",18.342431761786603,910.4825430366008
101261_00001,101261,train,PDAC,manual,4.39272724498402,88,88,145,"[96, 96, 160]",15.0248345319788,419.4170087815407
101263_00001,101263,validation,non-PDAC,automatic,5.1258180791681465,88,88,130,"[96, 96, 160]",16.387628675165978,1103.6537509564039
101264_00001,101264,train,PDAC,automatic,3.9545454545454546,88,88,119,"[96, 96, 160]",13.0625,1092.4559592762212
101265_00001,101265,validation,non-PDAC,automatic,3.6363636363636362,88,88,120,"[96, 96, 160]",18.5625,1452.9412344925079
101267_00001,101267,validation,PDAC,automatic,5.105263157894737,69,69,152,"[96, 96, 160]",9.506886275773196,196.83128968958368
101268_00001,101268,validation,non-PDAC,automatic,3.9738183455033735,88,88,58,"[96, 96, 160]",12.71875,695.189736110531
101269_00001,101269,train,non-PDAC,automatic,4.261363636363637,88,88,115,"[96, 96, 160]",21.823999999999998,1129.5198749999997
101270_00001,101270,train,non-PDAC,automatic,4.61052649899533,79,79,152,"[96, 96, 160]",16.136986301369863,793.4581267212411
101271_00001,101271,train,PDAC,manual,4.552631578947368,88,88,152,"[96, 96, 160]",20.59248554913295,1176.2926930591468
101275_00001,101275,train,non-PDAC,automatic,4.54981821233576,88,88,51,"[96, 96, 160]",20.110693599124314,1014.7159952264454
101277_00001,101277,train,non-PDAC,automatic,4.549893812699751,88,88,38,"[96, 96, 160]",16.35203062293974,1047.7319968974602
101279_00001,101279,train,non-PDAC,automatic,4.215909090909091,88,88,100,"[96, 96, 160]",16.60377358490566,1225.4600635950135
101280_00001,101280,train,non-PDAC,automatic,5.090909090909091,88,88,97,"[96, 96, 160]",10.484375,617.7263750348773
101281_00001,101281,train,non-PDAC,automatic,3.522727272727273,88,88,77,"[96, 96, 160]",19.25,1556.9697605313331
101282_00001,101282,train,non-PDAC,automatic,4.922181909734553,88,88,139,"[96, 96, 160]",13.002363824349484,607.3629207684489
101283_00001,101283,train,non-PDAC,automatic,4.101818084716797,88,88,59,"[96, 96, 160]",22.0,1095.0393990939153
101284_00001,101284,train,PDAC,manual,3.727272727272727,88,88,127,"[96, 96, 160]",22.6875,1131.2105087652442
101286_00001,101286,train,PDAC,manual,4.738636363636363,88,88,96,"[96, 96, 160]",15.640625000000002,303.1534036149224
101287_00001,101287,train,non-PDAC,automatic,3.8863636363636362,88,88,140,"[96, 96, 160]",17.875,1226.0920795641448
101290_00001,101290,validation,PDAC,manual,3.75,88,88,109,"[96, 96, 160]",21.65625,972.490234375
101291_00001,101291,train,non-PDAC,automatic,4.409090909090909,88,88,106,"[96, 96, 160]",11.6875,816.1299432184278
101292_00001,101292,train,non-PDAC,automatic,4.416000019420277,88,88,112,"[96, 96, 160]",9.109375,672.3310625246048
101295_00001,101295,train,PDAC,manual,3.977272727272727,88,88,115,"[96, 96, 160]",19.765625,720.547744894709
101296_00001,101296,train,PDAC,manual,4.431818181818182,88,88,145,"[96, 96, 160]",13.75,848.9590995592949
101297_00001,101297,train,non-PDAC,automatic,5.090909090909091,88,88,109,"[96, 96, 160]",17.53125,730.4728262765068
101299_00001,101299,train,non-PDAC,automatic,4.54981821233576,88,88,139,"[96, 96, 160]",14.78125,486.2580522863831
101300_00001,101300,train,non-PDAC,automatic,4.5,88,88,102,"[96, 96, 160]",19.0,664.584228515625
101301_00001,101301,train,non-PDAC,automatic,4.545454545454546,88,88,108,"[96, 96, 160]",15.812499999999998,584.7301367187498
101303_00001,101303,validation,non-PDAC,automatic,6.927631578947368,55,55,152,"[96, 96, 160]",9.238366571699906,103.61694855239375
101304_00001,101304,train,non-PDAC,automatic,4.159090909090909,88,88,112,"[96, 96, 160]",13.578125,1000.2849401255122
101305_00001,101305,validation,non-PDAC,automatic,4.568181818181818,88,88,134,"[96, 96, 160]",13.75,617.9568952114427
101306_00001,101306,validation,PDAC,manual,4.340909090909091,88,88,147,"[96, 96, 160]",15.664921465968586,530.8783438318063
101308_00001,101308,train,non-PDAC,automatic,4.54981821233576,88,88,51,"[96, 96, 160]",15.296875,751.7872050170342
101310_00001,101310,train,non-PDAC,automatic,4.090909090909091,88,88,106,"[96, 96, 160]",20.96875,1201.8102457682294
101311_00001,101311,train,non-PDAC,automatic,4.315789473684211,82,82,152,"[96, 96, 160]",17.40817144876573,1009.2069889696393
101313_00001,101313,train,PDAC,manual,4.078947368421052,86,86,152,"[96, 96, 160]",18.14193548387097,813.2833310967942
101314_00001,101314,train,PDAC,manual,5.328947368421052,68,68,152,"[96, 96, 160]",15.762962962962964,263.5176888050603
101315_00001,101315,train,non-PDAC,automatic,3.7061819596724077,88,88,101,"[96, 96, 160]",19.642856685654845,1252.3436777332997
101316_00001,101316,train,PDAC,manual,3.977272727272727,88,88,103,"[96, 96, 160]",17.703125,1085.0026785714288
101317_00001,101317,train,non-PDAC,automatic,4.401315789473684,82,82,152,"[96, 96, 160]",12.269058295964125,263.34946178885446
101318_00001,101318,validation,non-PDAC,automatic,3.715909090909091,88,88,135,"[96, 96, 160]",17.1875,1206.397622204702
101320_00001,101320,train,non-PDAC,automatic,3.8068181818181817,88,88,59,"[96, 96, 160]",15.296875,930.0859141791045
101321_00001,101321,train,PDAC,manual,4.625,88,88,143,"[96, 96, 160]",14.953125,568.688502956081
101322_00001,101322,train,PDAC,automatic,4.113636363636363,88,88,117,"[96, 96, 160]",18.23204419889503,1348.163166868094
101323_00001,101323,train,non-PDAC,automatic,5.443181818181818,88,88,77,"[96, 96, 160]",5.272651267201019,199.26955272924152
101325_00001,101325,train,non-PDAC,automatic,4.568181818181818,88,88,111,"[96, 96, 160]",14.609375,862.0324087569961
101327_00001,101327,train,non-PDAC,automatic,3.977272727272727,88,88,102,"[96, 96, 160]",24.64,1618.1157142857146
101328_00001,101328,train,non-PDAC,automatic,4.193181818181818,88,88,63,"[96, 96, 160]",20.625,953.4014545223577
101329_00001,101329,train,non-PDAC,automatic,4.2272727272727275,88,88,129,"[96, 96, 160]",18.046875,1309.8572092363909
101330_00001,101330,train,non-PDAC,automatic,4.25,88,88,97,"[96, 96, 160]",18.046875,937.6526884191177
101331_00001,101331,train,PDAC,automatic,4.0227272727272725,88,88,120,"[96, 96, 160]",19.389830508474578,855.293514962924
101332_00001,101332,train,non-PDAC,automatic,4.556818181818182,88,88,60,"[96, 96, 160]",12.837905236907732,419.5224974672694
101333_00001,101333,train,non-PDAC,automatic,4.54981821233576,88,88,147,"[96, 96, 160]",20.109375,888.0838593138317
101336_00001,101336,validation,PDAC,automatic,4.181818181818182,88,88,117,"[96, 96, 160]",22.1673907171125,1118.1294025935103
101337_00001,101337,train,non-PDAC,automatic,4.834908918900923,88,88,152,"[96, 96, 160]",16.15625,796.8831443366334
101338_00001,101338,validation,PDAC,manual,4.171052631578948,77,77,152,"[96, 96, 160]",17.124162066246054,673.6741594591699
101339_00001,101339,train,PDAC,automatic,4.886363636363637,88,88,132,"[96, 96, 160]",13.0625,539.2073492005812
101340_00001,101340,train,PDAC,manual,4.235197368421052,88,88,152,"[96, 96, 160]",12.114801828328847,651.764494241124
101344_00001,101344,train,non-PDAC,automatic,4.200000166893005,77,77,152,"[96, 96, 160]",18.303570701252877,985.6352472275416
101345_00001,101345,train,PDAC,automatic,4.594737024683702,75,75,152,"[96, 96, 160]",14.907273657267769,506.2472893910866
101346_00001,101346,validation,non-PDAC,automatic,3.8167273781516333,88,88,64,"[96, 96, 160]",23.03125,1324.1512738125987
101348_00001,101348,train,PDAC,manual,4.834908918900923,88,88,128,"[96, 96, 160]",15.640625000000002,621.1062077343163
101349_00001,101349,validation,non-PDAC,automatic,4.549893812699751,88,88,56,"[96, 96, 160]",16.35203062293974,857.3613462817924
101350_00001,101350,train,non-PDAC,automatic,4.318181818181818,88,88,117,"[96, 96, 160]",15.978947368421052,385.09792351973675
101351_00001,101351,train,PDAC,manual,4.301015753495066,86,86,152,"[96, 96, 160]",12.693790149892934,301.5989510784183
101352_00001,101352,train,PDAC,manual,4.068181818181818,88,88,104,"[96, 96, 160]",11.171875,517.8378306127793
101353_00001,101353,train,non-PDAC,automatic,3.6363636363636362,88,88,110,"[96, 96, 160]",11.34375,1152.6261913583442
101356_00001,101356,train,non-PDAC,automatic,4.136363636363637,88,88,152,"[96, 96, 160]",15.47252747252747,525.521033653846
101357_00001,101357,train,non-PDAC,automatic,4.409090909090909,88,88,103,"[96, 96, 160]",21.432989690721648,1185.8138264134986
101358_00001,101358,train,non-PDAC,automatic,3.8636363636363638,88,88,48,"[96, 96, 160]",17.08235294117647,1335.4805032169115
101359_00001,101359,train,non-PDAC,automatic,4.2947369061018295,79,79,152,"[96, 96, 160]",15.274509803921568,549.5147574491606
101361_00001,101361,train,non-PDAC,automatic,4.25,88,88,104,"[96, 96, 160]",17.703125,769.7485064338235
101361_00002,101361,train,non-PDAC,automatic,4.159090909090909,88,88,112,"[96, 96, 160]",16.671875,782.8659707991802
101362_00001,101362,train,non-PDAC,automatic,4.439272793856534,88,88,102,"[96, 96, 160]",21.174639263008498,916.626872741976
101363_00001,101363,train,non-PDAC,automatic,3.977272727272727,88,88,110,"[96, 96, 160]",23.375,1264.4573019959755
101365_00001,101365,train,non-PDAC,automatic,5.034090909090909,88,88,133,"[96, 96, 160]",16.686230248306998,1142.4432315180586
101367_00001,101367,train,PDAC,automatic,4.659090909090909,88,88,97,"[96, 96, 160]",15.024390243902438,716.426981707317
101368_00001,101368,train,non-PDAC,automatic,3.9389090104536577,88,88,73,"[96, 96, 160]",18.734375,1501.8552513400252
101369_00001,101369,train,PDAC,manual,4.068181818181818,88,88,93,"[96, 96, 160]",17.703125,677.4959628142458
101371_00001,101371,train,non-PDAC,automatic,4.3977272727272725,88,88,104,"[96, 96, 160]",17.53125,1475.5906764777135
101373_00001,101373,train,non-PDAC,automatic,4.54981821233576,88,88,49,"[96, 96, 160]",16.5,674.3100635384214
101374_00001,101374,validation,non-PDAC,automatic,4.204545454545454,88,88,104,"[96, 96, 160]",15.640625000000002,788.8057960304056
101375_00001,101375,train,PDAC,automatic,4.454545454545454,88,88,106,"[96, 96, 160]",17.359375,1290.3612085459188
101376_00001,101376,train,PDAC,automatic,3.8181818181818183,88,88,49,"[96, 96, 160]",19.421875,986.3505975632439
101377_00001,101377,train,PDAC,automatic,4.545454545454546,88,88,92,"[96, 96, 160]",19.799999999999997,500.35981445312484
101379_00001,101379,train,non-PDAC,automatic,7.052631578947368,66,66,152,"[96, 96, 160]",13.434147621268657,286.1336738570775
101380_00001,101380,validation,non-PDAC,automatic,4.136363636363637,88,88,109,"[96, 96, 160]",19.25,1146.1492047991069
101382_00001,101382,train,non-PDAC,automatic,3.897727272727273,88,88,57,"[96, 96, 160]",16.671875,1531.7080334365887
101383_00001,101383,validation,non-PDAC,automatic,4.37233456698331,88,88,147,"[96, 96, 160]",12.203125,1023.5057460189902
101384_00001,101384,train,non-PDAC,automatic,3.409090909090909,88,88,127,"[96, 96, 160]",18.919999999999998,1517.093037109375
101385_00001,101385,validation,non-PDAC,automatic,4.363636363636363,88,88,76,"[96, 96, 160]",13.406250000000002,645.2717895507815
101386_00001,101386,train,non-PDAC,automatic,4.420454545454546,88,88,94,"[96, 96, 160]",11.171874999999998,1018.1680867408417
101387_00001,101387,validation,non-PDAC,automatic,5.1898182955655185,88,88,128,"[96, 96, 160]",17.572870268288383,795.6886775413194
101388_00001,101388,train,non-PDAC,automatic,4.5498879172585225,88,88,94,"[96, 96, 160]",13.578125,851.2453344455298
101389_00001,101389,validation,non-PDAC,automatic,4.318181818181818,88,88,121,"[96, 96, 160]",22.0,1081.5230134662827
101390_00001,101390,validation,non-PDAC,automatic,4.613818081942472,88,88,149,"[96, 96, 160]",18.390625,806.0059858178879
101391_00001,101391,train,PDAC,manual,4.7727272727272725,88,88,132,"[96, 96, 160]",16.15625,853.7859933035716
101392_00001,101392,train,PDAC,manual,4.579545454545454,88,88,134,"[96, 96, 160]",17.015625,747.7005515276056
101393_00001,101393,train,non-PDAC,automatic,4.960488752885298,88,88,115,"[96, 96, 160]",14.03087603518348,743.8528864610211
101394_00001,101394,train,PDAC,manual,4.431819568980824,88,88,107,"[96, 96, 160]",15.296874999999998,1062.4941805344235
101395_00001,101395,validation,non-PDAC,automatic,3.8295454545454546,88,88,109,"[96, 96, 160]",16.328125,741.1432330304154
101396_00001,101396,train,PDAC,automatic,4.54981821233576,88,88,139,"[96, 96, 160]",13.234375,552.8481097591324
101397_00001,101397,train,non-PDAC,automatic,4.101818084716797,88,88,74,"[96, 96, 160]",14.265625,1081.7936321137809
101398_00001,101398,train,non-PDAC,automatic,3.6363636363636362,88,88,67,"[96, 96, 160]",23.03125,1435.7253207224715
101401_00001,101401,train,non-PDAC,automatic,3.374999306418679,88,88,113,"[96, 96, 160]",11.6875,1074.5601347459242
101402_00001,101402,validation,non-PDAC,automatic,4.7631578947368425,82,82,152,"[96, 96, 160]",13.433183701657457,526.4115125056321
101403_00001,101403,train,PDAC,manual,3.977272727272727,88,88,113,"[96, 96, 160]",12.890625,1278.0199609375002
101405_00001,101405,train,non-PDAC,automatic,4.818181818181818,88,88,95,"[96, 96, 160]",18.056603773584904,700.4322509765625
101407_00001,101407,train,non-PDAC,automatic,5.511363636363637,88,88,75,"[96, 96, 160]",15.241237113402061,195.07522350193295
101408_00001,101408,validation,PDAC,automatic,4.613818081942472,88,88,37,"[96, 96, 160]",12.546875,623.6319706994684
101409_00001,101409,validation,PDAC,manual,4.568181818181818,88,88,88,"[96, 96, 160]",17.512437810945272,892.3644181436566
101410_00001,101410,train,PDAC,manual,3.965909090909091,88,88,110,"[96, 96, 160]",20.109375,1131.522810709169
101411_00001,101411,validation,non-PDAC,automatic,4.545454545454546,88,88,45,"[96, 96, 160]",16.15625,963.1942675781247
101412_00001,101412,train,PDAC,manual,4.897727966308594,88,88,122,"[96, 96, 160]",17.1875,538.4667760554187
101413_00001,101413,train,PDAC,manual,5.136363636363637,88,88,72,"[96, 96, 160]",15.984374999999998,321.25378585230976
101415_00001,101415,train,PDAC,manual,4.782940951260653,88,88,144,"[96, 96, 160]",18.81687457928546,730.0945550221389
101416_00001,101416,train,non-PDAC,automatic,4.795454545454546,88,88,108,"[96, 96, 160]",12.824644549763033,718.4254595860484
101417_00001,101417,train,PDAC,automatic,3.8863636363636362,88,88,97,"[96, 96, 160]",15.125,842.0454015899123
101418_00001,101418,train,PDAC,automatic,4.545454545454546,88,88,146,"[96, 96, 160]",14.437499999999998,916.3623046874997
101419_00001,101419,train,PDAC,manual,4.120065789473684,88,88,152,"[96, 96, 160]",13.823353293413174,463.77369911473266
101420_00001,101420,validation,non-PDAC,automatic,5.0,88,88,145,"[96, 96, 160]",15.8125,436.0490234375
101424_00001,101424,validation,non-PDAC,automatic,3.965909090909091,88,88,104,"[96, 96, 160]",17.015625,1241.5667336362824
101426_00001,101426,train,non-PDAC,automatic,3.977272727272727,88,88,122,"[96, 96, 160]",17.359375,1136.511973086976
101427_00001,101427,validation,PDAC,automatic,4.125,88,88,110,"[96, 96, 160]",14.4375,860.62109375
101428_00001,101428,train,non-PDAC,automatic,5.1022727272727275,88,88,88,"[96, 96, 160]",15.296875,551.7094721780793
101429_00001,101429,train,non-PDAC,automatic,4.991999886252663,88,88,46,"[96, 96, 160]",18.046875,955.3252217754808
101431_00001,101431,train,non-PDAC,automatic,3.914473684210526,81,81,152,"[96, 96, 160]",15.823686974789917,963.1422990946256
101432_00001,101432,train,non-PDAC,automatic,4.5,88,88,99,"[96, 96, 160]",17.703125,798.9072265625
101433_00001,101433,train,non-PDAC,automatic,4.443181818181818,88,88,49,"[96, 96, 160]",11.859375,601.4671665201406
101434_00001,101434,train,PDAC,manual,4.2272727272727275,88,88,106,"[96, 96, 160]",17.1875,725.7172956569218
101436_00001,101436,train,PDAC,automatic,3.977272727272727,88,88,112,"[96, 96, 160]",11.314285714285715,473.9087890625001
101437_00001,101437,validation,non-PDAC,automatic,4.306818181818182,88,88,104,"[96, 96, 160]",13.234828496042217,377.2760270654684
101438_00001,101438,validation,non-PDAC,automatic,4.406209376297499,87,87,152,"[96, 96, 160]",11.622447579427584,696.3708052220487
101439_00001,101439,validation,non-PDAC,automatic,3.723636280406605,88,88,120,"[96, 96, 160]",16.113282250444193,1864.6930660240967
101440_00001,101440,validation,non-PDAC,automatic,4.409090909090909,88,88,139,"[96, 96, 160]",19.051546067306674,1062.2043925502642
101444_00001,101444,train,non-PDAC,automatic,4.75,88,88,87,"[96, 96, 160]",16.736842105263158,788.0734477796053
101445_00001,101445,train,non-PDAC,automatic,3.8636363636363638,88,88,117,"[96, 96, 160]",18.635294117647057,1369.9444422104777
101446_00001,101446,train,PDAC,manual,4.306818181818182,88,88,108,"[96, 96, 160]",20.625,1030.0420566045516
101447_00001,101447,train,non-PDAC,automatic,5.204545454545454,88,88,109,"[96, 96, 160]",12.890625000000002,608.1468276644379
101448_00001,101448,train,non-PDAC,automatic,4.54400010542436,88,88,51,"[96, 96, 160]",17.825703811781818,1001.5730289675516
101449_00001,101449,train,non-PDAC,automatic,4.693181818181818,88,88,47,"[96, 96, 160]",11.515625,412.5919978624394
101453_00001,101453,train,non-PDAC,automatic,4.579545454545454,88,88,102,"[96, 96, 160]",15.468750000000002,908.727967974566
101454_00001,101454,train,PDAC,manual,4.295454545454546,88,88,112,"[96, 96, 160]",14.093749999999998,390.5603608630952
101456_00001,101456,train,PDAC,manual,4.590909090909091,88,88,102,"[96, 96, 160]",17.015625,1044.0352836162738
101457_00001,101457,train,non-PDAC,automatic,4.54400010542436,88,88,51,"[96, 96, 160]",16.5,787.1438770614927
101461_00001,101461,train,non-PDAC,automatic,4.54400010542436,88,88,51,"[96, 96, 160]",13.406250000000002,1073.3452131518525
101463_00001,101463,train,non-PDAC,automatic,4.261363636363637,88,88,101,"[96, 96, 160]",16.328125,634.7109089826039
101464_00001,101464,train,non-PDAC,automatic,4.625,88,88,54,"[96, 96, 160]",11.171875,788.103198902027
101466_00001,101466,train,non-PDAC,automatic,4.2727272727272725,88,88,151,"[96, 96, 160]",14.609375,608.1634028008644
101467_00001,101467,validation,non-PDAC,automatic,4.54981821233576,88,88,96,"[96, 96, 160]",16.00063951729423,573.957478184562
101470_00001,101470,train,non-PDAC,automatic,4.491636449640447,88,88,97,"[96, 96, 160]",15.984375,738.2431972879855
101471_00001,101471,train,non-PDAC,automatic,3.9214546897194604,88,88,68,"[96, 96, 160]",22.03264101450285,1531.5614105908774
101472_00001,101472,train,PDAC,manual,4.538798592307351,88,88,144,"[96, 96, 160]",19.8515625,728.2325900430318
101473_00001,101473,train,non-PDAC,automatic,4.318181818181818,88,88,84,"[96, 96, 160]",16.673684210526314,578.5909539473683
101475_00001,101475,train,PDAC,manual,3.9545454545454546,88,88,107,"[96, 96, 160]",19.47126436781609,730.0719064295977
101476_00001,101476,train,non-PDAC,automatic,4.636363636363637,88,88,142,"[96, 96, 160]",14.781249999999998,713.5418007046567
101478_00001,101478,train,PDAC,manual,3.9545454545454546,88,88,146,"[96, 96, 160]",6.827586206896552,257.2716864224138
101479_00001,101479,validation,non-PDAC,automatic,4.2272727272727275,88,88,134,"[96, 96, 160]",18.21875,1272.1104618195561
101480_00001,101480,train,PDAC,manual,5.193541786887429,88,88,64,"[96, 96, 160]",14.1796875,623.7179618021192
101481_00001,101481,train,non-PDAC,automatic,4.431818181818182,88,88,58,"[96, 96, 160]",14.215384615384616,1347.6375
101483_00001,101483,train,PDAC,manual,4.545454545454546,88,88,138,"[96, 96, 160]",12.031249999999998,662.9003906249998
101484_00001,101484,train,non-PDAC,automatic,4.738636363636363,88,88,115,"[96, 96, 160]",22.6875,1299.9169008543167
101486_00001,101486,train,non-PDAC,automatic,3.566545313054865,88,88,65,"[96, 96, 160]",16.671875,1236.408114671951
101487_00001,101487,train,non-PDAC,automatic,4.2240000638094815,88,88,115,"[96, 96, 160]",21.590909622693573,1573.5123068220419
101488_00001,101488,train,PDAC,automatic,4.840909090909091,88,88,138,"[96, 96, 160]",9.28125,322.25392458920186
101489_00001,101489,train,non-PDAC,automatic,4.811636491255327,88,88,124,"[96, 96, 160]",19.078125,1286.4512525551795
101490_00001,101490,train,non-PDAC,automatic,5.370181690562855,88,88,55,"[96, 96, 160]",17.703125,871.4222252358193
101491_00001,101491,train,non-PDAC,automatic,4.54981821233576,88,88,51,"[96, 96, 160]",12.527973061749574,621.2334237540362
101492_00001,101492,train,non-PDAC,automatic,4.7272727272727275,88,88,93,"[96, 96, 160]",12.375,850.8971416766826
101493_00001,101493,train,non-PDAC,automatic,4.008727333762429,88,88,51,"[96, 96, 160]",17.960811428122078,1527.4000910092202
101494_00001,101494,train,non-PDAC,automatic,4.54981821233576,88,88,114,"[96, 96, 160]",12.203125,636.2415338496002
101495_00001,101495,train,non-PDAC,automatic,4.673684396241841,83,83,152,"[96, 96, 160]",17.33108039240582,937.4205924495238
101497_00001,101497,train,non-PDAC,automatic,4.120065789473684,88,88,152,"[96, 96, 160]",20.17564870259481,1032.9846513005043
101498_00001,101498,train,non-PDAC,automatic,4.113636363636363,88,88,113,"[96, 96, 160]",16.408839779005525,757.4342519854973
101499_00001,101499,train,non-PDAC,automatic,4.353782964380164,84,84,152,"[96, 96, 160]",21.016077170418004,1436.98123145961
101500_00001,101500,train,non-PDAC,automatic,4.886363636363637,88,88,100,"[96, 96, 160]",18.390625,1017.1576240007265
101501_00001,101501,validation,PDAC,manual,3.977272727272727,88,88,102,"[96, 96, 160]",20.796875,1873.6201785714288
101502_00001,101502,validation,non-PDAC,automatic,4.54400010542436,88,88,146,"[96, 96, 160]",15.640625000000002,862.3688102392317
101503_00001,101503,train,PDAC,automatic,4.181818181818182,88,88,101,"[96, 96, 160]",13.40625,765.1752398947012
101504_00001,101504,train,non-PDAC,automatic,4.761363636363637,88,88,97,"[96, 96, 160]",15.296874999999998,807.3555340095464
101505_00001,101505,train,PDAC,manual,4.613636363636363,88,88,104,"[96, 96, 160]",16.5,866.6495776246923
101506_00001,101506,train,non-PDAC,automatic,4.3522727272727275,88,88,103,"[96, 96, 160]",19.300261096605745,1233.171880099543
101507_00001,101507,train,non-PDAC,automatic,4.363636363636363,88,88,53,"[96, 96, 160]",19.25,1198.6230163574223
101508_00001,101508,train,PDAC,manual,4.095394736842105,81,81,152,"[96, 96, 160]",10.793373493975903,578.97216454379
101509_00001,101509,train,PDAC,manual,4.204545454545454,88,88,99,"[96, 96, 160]",11.515625000000002,388.17086148648656
101510_00001,101510,validation,non-PDAC,automatic,4.968727111816406,88,88,139,"[96, 96, 160]",15.8125,876.7546631678333
101511_00001,101511,train,non-PDAC,automatic,3.886545354669744,88,88,60,"[96, 96, 160]",17.015625,1054.8447977100395
101512_00001,101512,train,PDAC,manual,4.54400010542436,88,88,89,"[96, 96, 160]",14.631405343170874,620.6877751587118
101513_00001,101513,train,non-PDAC,automatic,4.340909090909091,88,88,96,"[96, 96, 160]",21.3125,1133.9026530800065
101514_00001,101514,train,non-PDAC,automatic,4.556818181818182,88,88,66,"[96, 96, 160]",18.433915211970074,835.2784786081671
101515_00001,101515,train,non-PDAC,automatic,4.572090148925781,88,88,148,"[96, 96, 160]",10.3125,570.9289822760477
101516_00001,101516,train,non-PDAC,automatic,4.357894910009284,74,74,152,"[96, 96, 160]",12.477354576658243,516.0891749788298
101517_00001,101517,train,PDAC,manual,4.181818181818182,88,88,50,"[96, 96, 160]",21.16304347826087,951.2980877420177
101518_00001,101518,train,non-PDAC,automatic,4.545454545454546,88,88,115,"[96, 96, 160]",14.953124999999998,1434.9713769531245
101519_00001,101519,validation,non-PDAC,automatic,4.318181818181818,88,88,91,"[96, 96, 160]",17.71578947368421,1009.3838533100327
101520_00001,101520,train,non-PDAC,automatic,3.659090909090909,88,88,128,"[96, 96, 160]",17.217391304347824,1081.9299725834626
101521_00001,101521,train,PDAC,manual,4.045454545454546,88,88,114,"[96, 96, 160]",16.5,1043.5423515405546
101522_00001,101522,train,non-PDAC,automatic,4.409090909090909,88,88,68,"[96, 96, 160]",14.265625,778.294906773518
101523_00001,101523,train,non-PDAC,automatic,5.346909262917259,88,88,123,"[96, 96, 160]",17.359375,830.9105631037859
101524_00001,101524,train,non-PDAC,automatic,4.6022727272727275,88,88,102,"[96, 96, 160]",18.68641975308642,1047.700347222222
101525_00001,101525,train,non-PDAC,automatic,3.875,88,88,127,"[96, 96, 160]",15.125,1357.2857862903227
101527_00001,101527,validation,non-PDAC,automatic,5.236363497647372,88,88,103,"[96, 96, 160]",13.40625,466.4022728424604
101528_00001,101528,train,non-PDAC,automatic,4.54400010542436,88,88,51,"[96, 96, 160]",16.15625,881.3058621815485
101529_00001,101529,train,non-PDAC,automatic,4.318181818181818,88,88,101,"[96, 96, 160]",12.71875,558.7244654605262
101530_00001,101530,train,PDAC,manual,3.4431818181818183,88,88,114,"[96, 96, 160]",16.554455445544555,632.0396813118812
101531_00001,101531,train,non-PDAC,automatic,5.10254530473189,88,88,135,"[96, 96, 160]",15.812499999999998,1019.0619264024194
101532_00001,101532,validation,PDAC,manual,4.090909090909091,88,88,59,"[96, 96, 160]",15.125,548.1420789930556
101533_00001,101533,train,PDAC,automatic,4.190789473684211,76,76,152,"[96, 96, 160]",19.566718995290422,896.5454741438859
101534_00001,101534,train,PDAC,automatic,4.54981821233576,88,88,56,"[96, 96, 160]",15.640625,1009.8990342213749
101535_00001,101535,train,non-PDAC,automatic,4.2727272727272725,88,88,119,"[96, 96, 160]",19.25,1629.3639435463765
101537_00001,101537,train,PDAC,manual,4.439272793856534,88,88,114,"[96, 96, 160]",25.679881659393285,1690.927902597731
101539_00001,101539,train,non-PDAC,automatic,5.068181818181818,88,88,109,"[96, 96, 160]",11.859375,661.7229890695068
101540_00001,101540,train,PDAC,manual,4.068181818181818,88,88,100,"[96, 96, 160]",15.854748603351954,594.8567044561802
101541_00001,101541,validation,PDAC,manual,4.2272727272727275,88,88,111,"[96, 96, 160]",20.453125,1237.3092395413303
101542_00001,101542,train,non-PDAC,automatic,3.991272666237571,88,88,58,"[96, 96, 160]",14.953125,1256.069819804556
101543_00001,101543,train,PDAC,automatic,3.977272727272727,88,88,101,"[96, 96, 160]",14.609375,463.39151227678576
101544_00001,101544,train,non-PDAC,automatic,4.545454545454546,88,88,52,"[96, 96, 160]",14.437499999999998,798.0540820312498
101545_00001,101545,train,PDAC,automatic,4.215909090909091,88,88,102,"[96, 96, 160]",15.640625,661.3868714201483
101546_00001,101546,validation,non-PDAC,automatic,4.318181818181818,88,88,59,"[96, 96, 160]",17.1875,848.1875488281248
101548_00001,101548,train,PDAC,manual,3.977272727272727,88,88,104,"[96, 96, 160]",17.34857142857143,578.9627176339286
101549_00001,101549,train,non-PDAC,automatic,4.54400010542436,88,88,51,"[96, 96, 160]",16.671875,935.0374837651759
101550_00001,101550,train,PDAC,automatic,4.988636363636363,88,88,99,"[96, 96, 160]",15.640625000000002,577.7587423476652
101551_00001,101551,validation,non-PDAC,automatic,4.509090770374645,88,88,55,"[96, 96, 160]",16.328125,1203.9284233302833
101552_00001,101552,validation,non-PDAC,automatic,4.181818181818182,88,88,106,"[96, 96, 160]",18.90625,1465.0211659307067
101553_00001,101553,train,non-PDAC,automatic,4.511363636363637,88,88,105,"[96, 96, 160]",18.952141057934508,897.2483002400817
101554_00001,101554,validation,non-PDAC,automatic,3.715909090909091,88,88,116,"[96, 96, 160]",16.15625,1132.5711009174313
101559_00001,101559,validation,non-PDAC,automatic,4.206545396284624,88,88,55,"[96, 96, 160]",13.550311390991881,1369.887050433197
101560_00001,101560,train,PDAC,automatic,4.261363636363637,88,88,111,"[96, 96, 160]",16.191998713175455,975.9764693113525
101561_00001,101561,train,PDAC,manual,4.420454545454546,88,88,93,"[96, 96, 160]",19.937499999999996,535.3925580414524
101565_00001,101565,train,PDAC,manual,4.011363636363637,88,88,122,"[96, 96, 160]",13.062499999999998,1506.190106010977
101568_00001,101568,train,non-PDAC,automatic,3.7613636363636362,88,88,125,"[96, 96, 160]",19.59375,1722.8695153181648
101569_00001,101569,train,PDAC,manual,4.920454545454546,88,88,82,"[96, 96, 160]",11.687499999999998,426.6301196232678
101572_00001,101572,train,non-PDAC,automatic,3.76436372236772,88,88,109,"[96, 96, 160]",14.265625,1725.8447902045891
101573_00001,101573,train,non-PDAC,automatic,4.657894736842105,86,86,152,"[96, 96, 160]",17.62813571145979,1458.4944887295976
101574_00001,101574,train,PDAC,manual,3.7386363636363638,88,88,110,"[96, 96, 160]",15.125,842.0126864076747
101575_00001,101575,train,non-PDAC,automatic,4.511363636363637,88,88,93,"[96, 96, 160]",15.812499999999998,1291.1873425692693
101577_00001,101577,train,non-PDAC,automatic,4.636363636363637,88,88,131,"[96, 96, 160]",16.5,835.5496771104048
101578_00001,101578,train,PDAC,manual,4.261363636363637,88,88,98,"[96, 96, 160]",13.406249999999998,430.78646874999987
101579_00001,101579,validation,non-PDAC,automatic,3.5067461187189277,88,88,100,"[96, 96, 160]",17.10987917371811,1553.752639159264
101580_00001,101580,validation,non-PDAC,automatic,5.340909090909091,88,88,95,"[96, 96, 160]",18.536170212765956,703.2468812333776
101582_00001,101582,train,PDAC,manual,3.5681818181818183,88,88,113,"[96, 96, 160]",19.9375,1282.7830414012737
101583_00001,101583,train,non-PDAC,automatic,4.136363636363637,88,88,123,"[96, 96, 160]",20.28125,1094.2677149510644
101585_00001,101585,train,non-PDAC,automatic,4.511363636363637,88,88,108,"[96, 96, 160]",16.15625,954.2760031289355
101586_00001,101586,validation,non-PDAC,automatic,4.54981821233576,88,88,51,"[96, 96, 160]",14.953125,1074.7775520372554
101587_00001,101587,train,non-PDAC,automatic,4.045454545454546,88,88,106,"[96, 96, 160]",21.828124999999996,1486.8049590721555
101588_00001,101588,validation,non-PDAC,automatic,4.346181696111506,88,88,147,"[96, 96, 160]",17.118475056612446,1152.5327184954137
101589_00001,101589,train,PDAC,manual,3.8636363636363638,88,88,113,"[96, 96, 160]",13.0625,1018.0834903492646
101590_00001,101590,train,non-PDAC,automatic,4.863636363636363,88,88,60,"[96, 96, 160]",17.1875,831.4133871203273
101593_00001,101593,train,PDAC,automatic,3.977272727272727,88,88,109,"[96, 96, 160]",12.890625,481.8338839285715
101595_00001,101595,train,non-PDAC,automatic,4.318181818181818,88,88,47,"[96, 96, 160]",18.046875,1035.1097245065787
101595_00002,101595,train,non-PDAC,automatic,3.7613636363636362,88,88,53,"[96, 96, 160]",19.939577039274926,1824.9611233714127
101596_00001,101596,validation,PDAC,automatic,4.6381578947368425,76,76,152,"[96, 96, 160]",14.738475177304963,377.471219965577
101599_00001,101599,train,non-PDAC,automatic,4.988636363636363,88,88,94,"[96, 96, 160]",15.635535307517085,536.262699761532
101600_00001,101600,train,PDAC,manual,4.556818181818182,88,88,93,"[96, 96, 160]",15.296875,815.1234024314215
101602_00001,101602,train,PDAC,manual,4.193181818181818,88,88,112,"[96, 96, 160]",19.555555555555554,497.5257823086043
101603_00001,101603,train,non-PDAC,automatic,4.1022727272727275,88,88,106,"[96, 96, 160]",21.828125,1040.7222883483378
101605_00001,101605,validation,non-PDAC,automatic,4.318181818181818,88,88,131,"[96, 96, 160]",20.109375,1077.3260125411182
101607_00001,101607,train,non-PDAC,automatic,4.026181654496626,88,88,55,"[96, 96, 160]",18.046875000000004,1544.639319083535
101608_00001,101608,train,non-PDAC,automatic,4.409090909090909,88,88,48,"[96, 96, 160]",13.948453608247423,781.0988668854703
101610_00001,101610,train,non-PDAC,automatic,4.284090909090909,88,88,104,"[96, 96, 160]",19.078125,987.9791295382956
101612_00001,101612,train,PDAC,manual,4.693181818181818,88,88,151,"[96, 96, 160]",14.382566585956416,263.9610628215799
101614_00001,101614,train,non-PDAC,automatic,3.75,88,88,62,"[96, 96, 160]",23.2,1204.8953125
101615_00001,101615,train,PDAC,manual,4.386363636363637,88,88,114,"[96, 96, 160]",14.093749999999998,895.8415539993522
101616_00001,101616,validation,PDAC,automatic,3.888157894736842,88,88,152,"[96, 96, 160]",10.557899746192893,835.4108313693255
101617_00001,101617,train,non-PDAC,automatic,3.4094546924937856,88,88,68,"[96, 96, 160]",19.9375,1495.8765764843004
101618_00001,101618,train,non-PDAC,automatic,3.6363636363636362,88,88,112,"[96, 96, 160]",11.859375,603.9461242675782
101619_00001,101619,train,non-PDAC,automatic,4.200000166893005,77,77,152,"[96, 96, 160]",13.392856610672835,1029.4176376579746
101620_00001,101620,train,non-PDAC,automatic,4.549893812699751,88,88,137,"[96, 96, 160]",13.062500000000002,705.5727431905617
101621_00001,101621,train,non-PDAC,automatic,4.318181818181818,88,88,60,"[96, 96, 160]",6.947368421052631,77.74200246710525
101622_00001,101622,train,non-PDAC,automatic,3.8181818181818183,88,88,98,"[96, 96, 160]",15.8125,1266.5668247767856
101624_00001,101624,train,non-PDAC,automatic,4.034090909090909,88,88,109,"[96, 96, 160]",23.053521126760565,1410.917850462148
101625_00001,101625,train,PDAC,automatic,4.090909090909091,88,88,146,"[96, 96, 160]",9.96875,419.3892035590278
101626_00001,101626,train,non-PDAC,automatic,3.6363636363636362,88,88,133,"[96, 96, 160]",20.460000813007355,1193.5911948899886
101627_00001,101627,train,non-PDAC,automatic,4.545454545454546,88,88,136,"[96, 96, 160]",18.046875,1079.0458593749997
101628_00001,101628,train,non-PDAC,automatic,3.1136363636363638,88,88,143,"[96, 96, 160]",10.3125,907.6526645187043
101629_00001,101629,train,non-PDAC,automatic,5.011363636363637,88,88,130,"[96, 96, 160]",13.569160997732425,849.3236252834465
101630_00001,101630,train,non-PDAC,automatic,4.1477272727272725,88,88,96,"[96, 96, 160]",18.443835616438356,917.9007036601029
101631_00001,101631,train,non-PDAC,automatic,4.318181818181818,88,88,95,"[96, 96, 160]",19.105263157894736,983.3090871710525
101634_00001,101634,train,PDAC,automatic,4.0855263157894735,87,87,152,"[96, 96, 160]",16.292270531400966,804.7271674653962
101636_00001,101636,validation,PDAC,manual,4.2727272727272725,88,88,91,"[96, 96, 160]",16.011116190159576,836.8508823374485
101637_00001,101637,train,PDAC,automatic,3.9738183455033735,88,88,40,"[96, 96, 160]",14.265625,608.2486457970031
101638_00001,101638,train,non-PDAC,automatic,3.653818303888494,88,88,51,"[96, 96, 160]",16.84375,998.6815249518515
101639_00001,101639,train,PDAC,automatic,4.200000166893005,77,77,152,"[96, 96, 160]",16.0,429.4723500603754
101640_00001,101640,train,PDAC,manual,5.1022727272727275,88,88,103,"[96, 96, 160]",22.515625,1058.0004871937638
101642_00001,101642,train,non-PDAC,automatic,4.659090909090909,88,88,99,"[96, 96, 160]",17.53125,556.0564453124999
101643_00001,101643,validation,non-PDAC,automatic,4.5498879172585225,88,88,97,"[96, 96, 160]",16.0703125,1240.8545557150628
101644_00001,101644,validation,non-PDAC,automatic,4.54981821233576,88,88,61,"[96, 96, 160]",18.813938773082224,739.2171739819902
101645_00001,101645,train,PDAC,manual,5.038545435125178,88,88,51,"[96, 96, 160]",16.671478124303764,658.7730723833715
101646_00001,101646,train,non-PDAC,automatic,4.681818181818182,88,88,94,"[96, 96, 160]",16.328125,711.8228937537925
101647_00001,101647,train,non-PDAC,automatic,4.318181818181818,88,88,122,"[96, 96, 160]",23.273684210526316,1406.2210654810854
101648_00001,101648,train,non-PDAC,automatic,4.5498879172585225,88,88,51,"[96, 96, 160]",13.234375,736.6217763704101
101649_00001,101649,validation,non-PDAC,automatic,5.056000102650035,88,88,129,"[96, 96, 160]",18.046875,714.2709218987081
101650_00001,101650,train,non-PDAC,automatic,4.545454545454546,88,88,92,"[96, 96, 160]",14.437499999999998,906.0678515624998
101651_00001,101651,train,non-PDAC,automatic,4.598684210526316,83,83,152,"[96, 96, 160]",15.81634477825465,759.3951779144301
101652_00001,101652,train,non-PDAC,automatic,4.760739066384056,88,88,148,"[96, 96, 160]",16.15625,483.79865050902197
101653_00001,101653,train,PDAC,manual,4.909090909090909,88,88,87,"[96, 96, 160]",13.0625,875.3882517955369
101654_00001,101654,validation,non-PDAC,automatic,4.113636363636363,88,88,52,"[96, 96, 160]",14.437500000000002,995.6001219354283
101656_00001,101656,train,non-PDAC,automatic,3.869091033935547,88,88,66,"[96, 96, 160]",20.109375,930.5453308314704
101657_00001,101657,train,non-PDAC,automatic,4.54981821233576,88,88,65,"[96, 96, 160]",18.90625,1701.2876918316213
101658_00001,101658,train,PDAC,automatic,4.347368485833469,86,86,152,"[96, 96, 160]",12.40888554287629,777.2671032923386
101659_00001,101659,train,PDAC,manual,4.363636363636363,88,88,117,"[96, 96, 160]",19.078125,1157.606100686632
101660_00001,101660,train,non-PDAC,automatic,4.54981821233576,88,88,64,"[96, 96, 160]",12.890625,701.1746338141186
101662_00001,101662,train,non-PDAC,automatic,4.25,88,88,64,"[96, 96, 160]",16.470587954801672,597.6341982322766
101664_00001,101664,train,non-PDAC,automatic,4.416000019420277,88,88,53,"[96, 96, 160]",13.234374999999998,494.1698135536876
101665_00001,101665,validation,non-PDAC,automatic,4.545454545454546,88,88,104,"[96, 96, 160]",13.578124999999998,743.4037939453123
101666_00001,101666,validation,PDAC,manual,5.1022727272727275,88,88,88,"[96, 96, 160]",8.9375,402.8699758143095
101667_00001,101667,train,non-PDAC,automatic,4.54981821233576,88,88,112,"[96, 96, 160]",18.390625,1095.5414954652833
101668_00001,101668,train,non-PDAC,automatic,3.6363636363636362,88,88,67,"[96, 96, 160]",22.440000891685486,2006.2486148774044
101669_00001,101669,train,PDAC,manual,3.784090909090909,88,88,127,"[96, 96, 160]",11.859375,986.1341028528528
101670_00001,101670,train,non-PDAC,automatic,3.8295454545454546,88,88,125,"[96, 96, 160]",12.925816023738872,1065.0838742581602
101671_00001,101671,validation,non-PDAC,automatic,3.6363636363636362,88,88,127,"[96, 96, 160]",17.015625,1267.621573808254
101673_00001,101673,train,non-PDAC,automatic,5.170454545454546,88,88,98,"[96, 96, 160]",15.296874999999998,479.9364547561812
101674_00001,101674,train,non-PDAC,automatic,4.306818181818182,88,88,108,"[96, 96, 160]",15.296875,696.8324950527705
101675_00001,101675,train,non-PDAC,automatic,4.125,88,88,95,"[96, 96, 160]",15.640625,868.5416666666666
101676_00001,101676,train,non-PDAC,automatic,3.772727272727273,88,88,117,"[96, 96, 160]",14.09375,626.9834984469126
101677_00001,101677,train,non-PDAC,automatic,4.121052795334866,88,88,152,"[96, 96, 160]",16.42298746437866,974.4929608776886
101679_00001,101679,validation,PDAC,manual,5.079272877086293,88,88,90,"[96, 96, 160]",16.144043051894272,170.95529897566036
101680_00001,101680,train,non-PDAC,automatic,3.5316363247958096,88,88,119,"[96, 96, 160]",13.921875,166.22296536547861
101682_00001,101682,train,non-PDAC,automatic,4.454545454545454,88,88,148,"[96, 96, 160]",20.653061224489797,908.1125239158166
101683_00001,101683,train,non-PDAC,automatic,3.9738183455033735,88,88,74,"[96, 96, 160]",13.578125,717.1346450138019
101684_00001,101684,validation,non-PDAC,automatic,5.386363636363637,88,88,95,"[96, 96, 160]",18.046875,661.6746254450156
101685_00001,101685,train,non-PDAC,automatic,4.545454545454546,88,88,115,"[96, 96, 160]",18.5625,899.2048828124997
101686_00001,101686,train,non-PDAC,automatic,4.549893812699751,88,88,60,"[96, 96, 160]",11.859375000000002,684.8794030501385
101687_00001,101687,train,PDAC,manual,4.295454545454546,88,88,111,"[96, 96, 160]",18.046875,937.3892493348902
101688_00001,101688,train,non-PDAC,automatic,4.194909182461825,88,88,97,"[96, 96, 160]",15.8125,1052.795577649598
101689_00001,101689,train,PDAC,manual,5.681818181818182,88,88,86,"[96, 96, 160]",10.828125,310.52593945312503
101690_00001,101690,train,non-PDAC,automatic,4.54400010542436,88,88,124,"[96, 96, 160]",12.546875000000002,623.9603340049038
101691_00001,101691,train,non-PDAC,automatic,5.6818154074928975,88,88,92,"[96, 96, 160]",14.09375,349.5826413977741
101693_00001,101693,train,non-PDAC,automatic,3.977272727272727,88,88,109,"[96, 96, 160]",18.734375,1998.4311383928575
101695_00001,101695,train,PDAC,manual,4.261363636363637,88,88,147,"[96, 96, 160]",13.845333333333333,467.2572552083332
101696_00001,101696,train,PDAC,automatic,3.875,88,88,96,"[96, 96, 160]",14.78125,758.5217993951613
101698_00001,101698,train,PDAC,automatic,4.318181818181818,88,88,102,"[96, 96, 160]",20.453125,1060.7979697779604
101699_00001,101699,train,non-PDAC,automatic,4.556818181818182,88,88,55,"[96, 96, 160]",18.046875,1004.2692950241584
101702_00001,101702,train,non-PDAC,automatic,4.2272727272727275,88,88,117,"[96, 96, 160]",18.734375,1060.745447958669
101703_00001,101703,train,non-PDAC,automatic,3.897727272727273,88,88,61,"[96, 96, 160]",23.47521865889213,1567.1400271045916
101705_00001,101705,train,non-PDAC,automatic,4.545454545454546,88,88,146,"[96, 96, 160]",13.234374999999998,730.993908691406
101706_00001,101706,train,non-PDAC,automatic,3.9318181818181817,88,88,114,"[96, 96, 160]",21.484375,1180.5419724304552
101709_00001,101709,train,non-PDAC,automatic,4.549893812699751,88,88,129,"[96, 96, 160]",13.234375000000002,497.5316280329382
101710_00001,101710,train,non-PDAC,automatic,3.886545354669744,88,88,60,"[96, 96, 160]",19.078125,1029.1121484619682
101711_00001,101711,validation,non-PDAC,automatic,4.443181818181818,88,88,101,"[96, 96, 160]",19.918158567774935,838.5535361053388
101712_00001,101712,train,non-PDAC,automatic,4.54981821233576,88,88,140,"[96, 96, 160]",15.296875,484.61148788372077
101713_00001,101713,train,PDAC,manual,4.363636363636363,88,88,93,"[96, 96, 160]",17.1875,441.1415252685548
101714_00001,101714,validation,non-PDAC,automatic,3.715909784490412,88,88,109,"[96, 96, 160]",21.86543934385166,1014.056151213358
101715_00001,101715,train,non-PDAC,automatic,4.342763083937921,88,88,152,"[96, 96, 160]",14.431336406951893,949.0522825879785
101716_00001,101716,train,PDAC,manual,4.54981821233576,88,88,148,"[96, 96, 160]",16.177457813136087,739.4492849760263
101717_00001,101717,train,PDAC,automatic,3.7061819596724077,88,88,118,"[96, 96, 160]",13.40625,549.7061221640658
101718_00001,101718,train,non-PDAC,automatic,3.9631580522185876,81,81,152,"[96, 96, 160]",17.56175298804781,720.7330485794292
101719_00001,101719,train,non-PDAC,automatic,4.904727242209694,88,88,52,"[96, 96, 160]",17.53125,582.165662702693
101720_00001,101720,train,non-PDAC,automatic,3.977272727272727,88,88,106,"[96, 96, 160]",13.921875,848.8244531250001
101721_00001,101721,train,PDAC,manual,3.7045454545454546,88,88,125,"[96, 96, 160]",18.21875,843.1001130320543
101723_00001,101723,validation,non-PDAC,automatic,4.54981821233576,88,88,56,"[96, 96, 160]",10.022378847653197,221.2743027348597
101724_00001,101724,train,non-PDAC,automatic,3.601454648104581,88,88,64,"[96, 96, 160]",20.625,1027.7228516979667
101726_00001,101726,validation,non-PDAC,automatic,4.6381578947368425,76,76,152,"[96, 96, 160]",8.25354609929078,809.9347110152479
101727_00001,101727,train,non-PDAC,automatic,4.54981821233576,88,88,51,"[96, 96, 160]",12.71875,694.6474038480667
101728_00001,101728,train,PDAC,manual,4.386363636363637,88,88,117,"[96, 96, 160]",17.015625,1072.284989272992
101729_00001,101729,train,non-PDAC,automatic,4.090909090909091,88,88,115,"[96, 96, 160]",17.96666666666667,1108.3867838541669
101730_00001,101730,train,non-PDAC,automatic,4.011363636363637,88,88,59,"[96, 96, 160]",16.84375,937.3616988314445
101731_00001,101731,train,non-PDAC,automatic,4.31127270785245,88,88,143,"[96, 96, 160]",16.700405597141614,735.4322874664892
101732_00001,101732,train,non-PDAC,automatic,4.613636363636363,88,88,107,"[96, 96, 160]",15.468750000000002,970.742803263547
101734_00001,101734,train,non-PDAC,automatic,4.5,88,88,150,"[96, 96, 160]",20.796875,393.0530598958333
101735_00001,101735,train,PDAC,automatic,3.7954545454545454,88,88,123,"[96, 96, 160]",25.4375,1840.990433196108
101737_00001,101737,train,non-PDAC,automatic,4.545454545454546,88,88,109,"[96, 96, 160]",21.312499999999996,946.9538417836278
101738_00001,101738,validation,non-PDAC,automatic,3.9886363636363638,88,88,151,"[96, 96, 160]",24.75,677.124908340426
101739_00001,101739,train,non-PDAC,automatic,4.840909090909091,88,88,83,"[96, 96, 160]",14.78125,666.2597449933979
101742_00001,101742,train,non-PDAC,automatic,3.9738183455033735,88,88,58,"[96, 96, 160]",14.78125,732.3778529395518
101744_00001,101744,train,PDAC,automatic,4.2272727272727275,88,88,114,"[96, 96, 160]",19.078125,668.2114205309138
101745_00001,101745,train,non-PDAC,automatic,4.318181818181818,88,88,108,"[96, 96, 160]",11.34375,677.0614206414473
101746_00001,101746,train,non-PDAC,automatic,3.3163635947487573,88,88,149,"[96, 96, 160]",20.109375,2421.1642156939333
101749_00001,101749,train,PDAC,manual,4.54400010542436,88,88,52,"[96, 96, 160]",13.234375000000002,680.774711228477
101752_00001,101752,train,PDAC,manual,5.681820956143466,88,88,113,"[96, 96, 160]",11.171875,235.321724940564
101753_00001,101753,validation,non-PDAC,automatic,4.54981821233576,88,88,53,"[96, 96, 160]",12.71875,832.552334711937
101755_00001,101755,train,non-PDAC,automatic,4.659090909090909,88,88,54,"[96, 96, 160]",14.609375,1056.4939310213413
101756_00001,101756,train,non-PDAC,automatic,3.352272727272727,88,88,117,"[96, 96, 160]",20.796875,1970.3673166048732
101757_00001,101757,train,PDAC,manual,5.261363636363637,88,88,48,"[96, 96, 160]",14.254859611231101,572.3042846416035
101758_00001,101758,train,non-PDAC,automatic,4.545454545454546,88,88,96,"[96, 96, 160]",18.734375,888.7284570312497
101760_00001,101760,validation,non-PDAC,automatic,4.1483636335893115,88,88,59,"[96, 96, 160]",20.624999999999996,1566.5165147097227
101761_00001,101761,train,non-PDAC,automatic,4.673684396241841,86,86,152,"[96, 96, 160]",16.23029166659171,884.0270421662693
101762_00001,101762,train,non-PDAC,automatic,4.818181818181818,88,88,103,"[96, 96, 160]",14.953125,1060.2175753611439
101766_00001,101766,validation,non-PDAC,automatic,4.727453058416193,88,88,146,"[96, 96, 160]",18.390625,961.22892761547
101767_00001,101767,train,PDAC,automatic,4.920454545454546,88,88,142,"[96, 96, 160]",15.124999999999998,667.3671559252308
101769_00001,101769,train,non-PDAC,automatic,3.9545454545454546,88,88,106,"[96, 96, 160]",16.671875,1489.990764749461
101770_00001,101770,train,non-PDAC,automatic,5.045454545454546,88,88,105,"[96, 96, 160]",15.812499999999998,1139.401763091216
101771_00001,101771,train,non-PDAC,automatic,4.545454545454546,88,88,65,"[96, 96, 160]",18.919999999999998,1128.0484960937497
101772_00001,101772,validation,non-PDAC,automatic,4.5631576227514365,88,88,152,"[96, 96, 160]",13.538657226640586,1747.2508856732584
101773_00001,101773,train,PDAC,manual,4.590909090909091,88,88,95,"[96, 96, 160]",12.851485148514852,362.832113435953
101774_00001,101774,train,non-PDAC,automatic,4.54981821233576,88,88,105,"[96, 96, 160]",14.418158685913479,769.6345985039206
101776_00001,101776,train,non-PDAC,automatic,4.113636363636363,88,88,94,"[96, 96, 160]",15.984375000000002,1141.0310314873966
101778_00001,101778,train,non-PDAC,automatic,3.770181829279119,88,88,65,"[96, 96, 160]",22.6875,1692.6233278609818
101779_00001,101779,train,non-PDAC,automatic,4.704545454545454,88,88,107,"[96, 96, 160]",17.855072463768117,697.1097429800726
101780_00001,101780,train,non-PDAC,automatic,3.7992727106267754,88,88,66,"[96, 96, 160]",23.71875,1491.0649573794844
101781_00001,101781,train,non-PDAC,automatic,5.534090909090909,88,88,104,"[96, 96, 160]",12.890625,500.4408187082905
101782_00001,101782,train,non-PDAC,automatic,4.7272727272727275,88,88,103,"[96, 96, 160]",19.35576923076923,590.2081885704627
101783_00001,101783,train,non-PDAC,automatic,4.569078947368421,79,79,152,"[96, 96, 160]",13.313849892008639,390.5435487275339
101784_00001,101784,validation,non-PDAC,automatic,5.346909262917259,88,88,127,"[96, 96, 160]",18.14132150562755,543.2832478783924
101785_00001,101785,train,non-PDAC,automatic,4.113636363636363,88,88,47,"[96, 96, 160]",14.953125000000002,1014.1600402494822
101786_00001,101786,train,non-PDAC,automatic,3.7469090548428623,88,88,110,"[96, 96, 160]",15.46875,899.7527525169616
101787_00001,101787,train,PDAC,automatic,4.278947538451145,84,84,152,"[96, 96, 160]",15.14391143911439,460.4264077465161
101788_00001,101788,train,non-PDAC,automatic,4.545454545454546,88,88,100,"[96, 96, 160]",16.84375,765.7929296874997
101789_00001,101789,train,non-PDAC,automatic,4.58421059462585,82,82,152,"[96, 96, 160]",9.900068648528016,781.0782779547495
101790_00001,101790,validation,non-PDAC,automatic,4.636363636363637,88,88,91,"[96, 96, 160]",22.34375,1591.0565113740806
101791_00001,101791,train,non-PDAC,automatic,4.238636363636363,88,88,98,"[96, 96, 160]",18.5625,1396.7547605842192
101792_00001,101792,train,PDAC,manual,5.149090853604403,88,88,133,"[96, 96, 160]",12.890625,624.5327515740341
101793_00001,101793,validation,non-PDAC,automatic,4.181818181818182,88,88,116,"[96, 96, 160]",20.625,939.0806300951089
101794_00001,101794,train,PDAC,automatic,5.0,88,88,127,"[96, 96, 160]",12.203125,349.2634217864543
101795_00001,101795,validation,PDAC,automatic,3.977272727272727,88,88,92,"[96, 96, 160]",12.546875,1136.9354464285716
101796_00001,101796,train,PDAC,manual,4.811636491255327,88,88,58,"[96, 96, 160]",13.301087918073957,470.45718217211413
101797_00001,101797,train,non-PDAC,automatic,4.54400010542436,88,88,59,"[96, 96, 160]",17.875,804.9198567382633
101799_00001,101799,train,non-PDAC,automatic,4.75,88,88,95,"[96, 96, 160]",8.421052631578947,544.0024671052631
101800_00001,101800,train,PDAC,manual,4.715909090909091,88,88,88,"[96, 96, 160]",11.515625,502.1505694653615
101801_00001,101801,train,PDAC,manual,3.556817488236861,88,88,90,"[96, 96, 160]",10.796278063746065,713.5976799667498
101802_00001,101802,validation,non-PDAC,automatic,4.068181818181818,88,88,114,"[96, 96, 160]",17.1875,1186.663587857891
101803_00001,101803,train,non-PDAC,automatic,3.909090909090909,88,88,109,"[96, 96, 160]",18.5625,1106.300043150436
101804_00001,101804,validation,non-PDAC,automatic,3.9272727966308594,88,88,62,"[96, 96, 160]",14.09375,1245.7545034124776
101805_00001,101805,validation,non-PDAC,automatic,4.375,88,88,104,"[96, 96, 160]",15.8125,1016.4202566964286
101806_00001,101806,train,PDAC,manual,5.25,88,88,96,"[96, 96, 160]",19.25,361.58203125
101807_00001,101807,train,non-PDAC,automatic,4.54400010542436,88,88,142,"[96, 96, 160]",12.890625000000002,669.5252698750816
101808_00001,101808,train,PDAC,automatic,3.852272727272727,88,88,109,"[96, 96, 160]",18.21875,1623.72061670354
101810_00001,101810,validation,non-PDAC,automatic,4.318181818181818,88,88,105,"[96, 96, 160]",17.1875,872.9761924342104
101811_00001,101811,train,non-PDAC,automatic,3.7045454545454546,88,88,109,"[96, 96, 160]",17.1875,1599.174427243098
101812_00001,101812,train,non-PDAC,automatic,4.318181818181818,88,88,109,"[96, 96, 160]",20.453125,1315.7136127672695
101813_00001,101813,train,PDAC,automatic,4.54981821233576,88,88,51,"[96, 96, 160]",12.375,473.47050176058553
101817_00001,101817,train,non-PDAC,automatic,4.052631578947368,79,79,152,"[96, 96, 160]",15.373883928571429,1004.5793796825436
101819_00001,101819,train,PDAC,manual,4.659090909090909,88,88,97,"[96, 96, 160]",10.140625,216.68061166158535
101820_00001,101820,train,non-PDAC,automatic,4.968727111816406,88,88,139,"[96, 96, 160]",11.859375,929.6353333883557
101822_00001,101822,validation,non-PDAC,automatic,4.5227272727272725,88,88,151,"[96, 96, 160]",13.0625,1228.1782643687188
101823_00001,101823,train,non-PDAC,automatic,4.746710526315789,78,78,152,"[96, 96, 160]",14.575883575883577,524.7996087060125
101824_00001,101824,train,non-PDAC,automatic,4.54400010542436,88,88,57,"[96, 96, 160]",16.505281307205387,820.7675850869642
101825_00001,101825,train,non-PDAC,automatic,4.54400010542436,88,88,67,"[96, 96, 160]",18.734375,698.2185413276293
101826_00001,101826,train,non-PDAC,automatic,4.794181823730469,88,88,51,"[96, 96, 160]",17.015625,706.4878458532245
101827_00001,101827,train,non-PDAC,automatic,4.549893812699751,88,88,112,"[96, 96, 160]",13.921875000000002,907.7237873712447
101828_00001,101828,train,non-PDAC,automatic,4.909090909090909,88,88,98,"[96, 96, 160]",12.71875,442.52933756510413
101829_00001,101829,train,PDAC,automatic,4.306818181818182,88,88,117,"[96, 96, 160]",8.59375,260.00209226583115
101831_00001,101831,train,non-PDAC,automatic,4.54981821233576,88,88,54,"[96, 96, 160]",15.984375,905.6507887779798
101832_00001,101832,train,PDAC,manual,4.503272663463246,88,88,127,"[96, 96, 160]",10.547884516384153,316.187150886388
101833_00001,101833,train,non-PDAC,automatic,3.715909090909091,88,88,109,"[96, 96, 160]",7.390625,594.4042610378441
101834_00001,101834,train,non-PDAC,automatic,4.357894910009284,84,84,152,"[96, 96, 160]",22.028985507246375,862.5174468343198
101835_00001,101835,train,PDAC,manual,4.215909090909091,88,88,107,"[96, 96, 160]",20.796875,880.2585653217656
101840_00001,101840,train,non-PDAC,automatic,4.318181818181818,88,88,112,"[96, 96, 160]",18.21875,1299.9004625822365
101841_00001,101841,train,PDAC,manual,4.2272727272727275,88,88,115,"[96, 96, 160]",20.796875,971.6459330897175
101842_00001,101842,train,PDAC,manual,5.6785455183549365,88,88,118,"[96, 96, 160]",9.796875,303.04984236831234
101843_00001,101843,train,non-PDAC,automatic,3.7954545454545454,88,88,102,"[96, 96, 160]",16.328125,1103.195607807822
101845_00001,101845,train,PDAC,automatic,3.159090909090909,88,88,141,"[96, 96, 160]",23.03125,2254.0015948178957
101847_00001,101847,train,PDAC,manual,4.454545454545454,88,88,106,"[96, 96, 160]",18.390625,565.8129384566329
101849_00001,101849,train,non-PDAC,automatic,3.6363636363636362,88,88,67,"[96, 96, 160]",18.5625,1787.6279567761378
101850_00001,101850,train,non-PDAC,automatic,4.3977272727272725,88,88,114,"[96, 96, 160]",15.8125,1084.3796935562018
101852_00001,101852,train,PDAC,manual,3.5316363247958096,88,88,66,"[96, 96, 160]",19.421875,1428.4479701018756
101853_00001,101853,train,non-PDAC,automatic,4.318181818181818,88,88,118,"[96, 96, 160]",14.242105263157894,593.3061112253289
101855_00001,101855,train,PDAC,automatic,4.4604603805040055,83,83,152,"[96, 96, 160]",18.831858407079647,656.5288318624163
101856_00001,101856,train,PDAC,manual,4.315789473684211,86,86,152,"[96, 96, 160]",19.643983422256095,1211.1756787191694
101857_00001,101857,train,PDAC,manual,4.54981821233576,88,88,148,"[96, 96, 160]",14.946564283875732,658.5026234999466
101858_00001,101858,validation,non-PDAC,automatic,4.613636363636363,88,88,54,"[96, 96, 160]",15.296875000000002,287.63461168411334
101860_00001,101860,train,non-PDAC,automatic,3.897727272727273,88,88,71,"[96, 96, 160]",18.90625,1955.2852018039355
101861_00001,101861,train,non-PDAC,automatic,4.909090909090909,88,88,107,"[96, 96, 160]",12.833333333333334,597.8018391927083
101862_00001,101862,train,non-PDAC,automatic,4.545454545454546,88,88,52,"[96, 96, 160]",21.828124999999996,1437.9089355468745
101863_00001,101863,train,PDAC,manual,4.329545454545454,88,88,86,"[96, 96, 160]",11.779527559055119,285.95703125000006
101864_00001,101864,validation,non-PDAC,automatic,4.357894910009284,78,78,152,"[96, 96, 160]",26.434782608695652,1115.9784123717247
101865_00001,101865,train,non-PDAC,automatic,3.8863636363636362,88,88,109,"[96, 96, 160]",19.25,1567.9863195586624
101866_00001,101866,train,non-PDAC,automatic,4.090909090909091,88,88,41,"[96, 96, 160]",18.7,727.5873372395835
101868_00001,101868,validation,non-PDAC,automatic,5.0227272727272725,88,88,98,"[96, 96, 160]",16.328125,717.5692225260509
101869_00001,101869,train,non-PDAC,automatic,4.306818181818182,88,88,116,"[96, 96, 160]",15.296875,693.766464998351
101871_00001,101871,train,non-PDAC,automatic,4.54400010542436,88,88,96,"[96, 96, 160]",12.718750000000002,847.26024515501
101873_00001,101873,train,non-PDAC,automatic,4.549893812699751,88,88,141,"[96, 96, 160]",20.281250000000004,956.730556315034
101874_00001,101874,train,non-PDAC,automatic,3.909090909090909,88,88,56,"[96, 96, 160]",19.441860465116278,1336.2445607739826
101876_00001,101876,train,non-PDAC,automatic,4.511363636363637,88,88,103,"[96, 96, 160]",11.171875,574.4056178745739
101879_00001,101879,train,non-PDAC,automatic,4.5227272727272725,88,88,110,"[96, 96, 160]",17.703125,902.2048842847049
101880_00001,101880,train,PDAC,manual,3.8181818181818183,88,88,110,"[96, 96, 160]",22.515625,1288.1528669084819
101881_00001,101881,train,non-PDAC,automatic,3.590909090909091,88,88,121,"[96, 96, 160]",17.359375,1725.0588255290745
101882_00001,101882,train,non-PDAC,automatic,4.761363636363637,88,88,111,"[96, 96, 160]",15.640624999999998,1175.2182219625151
101883_00001,101883,train,non-PDAC,automatic,3.7386363636363638,88,88,106,"[96, 96, 160]",18.734375,1696.4229020231762
101884_00001,101884,train,non-PDAC,automatic,3.784090909090909,88,88,100,"[96, 96, 160]",17.1875,1153.5239653716214
101885_00001,101885,validation,non-PDAC,automatic,3.284090909090909,88,88,65,"[96, 96, 160]",18.046875,1615.9765557417818
101886_00001,101886,train,PDAC,manual,3.8068181818181817,88,88,111,"[96, 96, 160]",18.734375,2160.5392315764925
101887_00001,101887,validation,non-PDAC,automatic,4.8977272727272725,88,88,46,"[96, 96, 160]",12.375,561.271346160818
101888_00001,101888,train,non-PDAC,automatic,4.045454545454546,88,88,101,"[96, 96, 160]",18.734374999999996,1006.8922407171698
101890_00001,101890,train,non-PDAC,automatic,4.545454545454546,88,88,98,"[96, 96, 160]",18.21875,1029.7085229492184
101891_00001,101891,train,non-PDAC,automatic,4.284090909090909,88,88,113,"[96, 96, 160]",16.15625,1490.2381413710211
101892_00001,101892,train,non-PDAC,automatic,4.54981821233576,88,88,51,"[96, 96, 160]",19.25,1191.8912573477778
101893_00001,101893,train,non-PDAC,automatic,3.6363636363636362,88,88,103,"[96, 96, 160]",18.480000734329224,1216.558744630762
101894_00001,101894,train,non-PDAC,automatic,3.5113636363636362,88,88,119,"[96, 96, 160]",14.78125,1071.9476638349515
101895_00001,101895,train,PDAC,manual,5.068181818181818,88,88,85,"[96, 96, 160]",11.859375,447.36596132286996
101896_00001,101896,train,non-PDAC,automatic,4.318181818181818,88,88,111,"[96, 96, 160]",18.734375,1197.0893323396378
101897_00001,101897,train,non-PDAC,automatic,4.534090909090909,88,88,141,"[96, 96, 160]",15.125,1103.162806919643
101898_00001,101898,train,PDAC,manual,3.534090909090909,88,88,134,"[96, 96, 160]",14.265625,1166.3302100080384
101900_00001,101900,train,PDAC,manual,4.068181818181818,88,88,103,"[96, 96, 160]",11.6875,671.9686248595488
101901_00001,101901,train,non-PDAC,automatic,4.683636405251243,88,88,109,"[96, 96, 160]",16.5,453.7004731635763
101902_00001,101902,train,non-PDAC,automatic,4.931818181818182,88,88,47,"[96, 96, 160]",12.375,833.0728972224769
101903_00001,101903,train,non-PDAC,automatic,5.0227272727272725,88,88,59,"[96, 96, 160]",17.53125,926.2137655542988
101904_00001,101904,train,non-PDAC,automatic,5.323636488481001,88,88,100,"[96, 96, 160]",15.640625000000002,816.0458190990607
101906_00001,101906,train,PDAC,automatic,3.991272666237571,88,88,103,"[96, 96, 160]",19.59375,761.2846103898727
101907_00001,101907,train,non-PDAC,automatic,4.2894736842105265,81,81,152,"[96, 96, 160]",18.650306748466257,1045.536167547183
101909_00001,101909,train,PDAC,manual,4.170454545454546,88,88,109,"[96, 96, 160]",12.546874999999998,909.2328582680515
101910_00001,101910,train,non-PDAC,automatic,3.9431818181818183,88,88,109,"[96, 96, 160]",16.671875,1310.1506833123196
101911_00001,101911,train,non-PDAC,automatic,4.318181818181818,88,88,65,"[96, 96, 160]",19.9375,1522.856622732156
101912_00001,101912,train,PDAC,automatic,3.76436372236772,88,88,74,"[96, 96, 160]",16.671875,938.8615479355626
101913_00001,101913,train,non-PDAC,automatic,4.954545454545454,88,88,139,"[96, 96, 160]",14.733944954128441,479.52060636467905
101916_00001,101916,train,non-PDAC,automatic,4.3977272727272725,88,88,87,"[96, 96, 160]",17.395348837209305,662.6585664970931
101917_00001,101917,train,PDAC,manual,4.920454545454546,88,88,151,"[96, 96, 160]",11.171874999999998,652.5079568418013
101918_00001,101918,train,PDAC,automatic,3.852272727272727,88,88,152,"[96, 96, 160]",17.703125,990.9802959070797
101919_00001,101919,train,non-PDAC,automatic,3.8068181818181817,88,88,106,"[96, 96, 160]",23.326568091093606,1203.8225011938157
101920_00001,101920,train,non-PDAC,automatic,4.454545454545454,88,88,138,"[96, 96, 160]",17.1875,641.2347686144773
101921_00001,101921,validation,non-PDAC,automatic,4.922181909734553,88,88,133,"[96, 96, 160]",17.703125,995.5662931019162
101922_00001,101922,train,non-PDAC,automatic,4.241454384543679,88,88,111,"[96, 96, 160]",12.890625,903.6005526373784
101923_00001,101923,train,non-PDAC,automatic,4.54981821233576,88,88,51,"[96, 96, 160]",16.5,826.1166808556064
101924_00001,101924,train,non-PDAC,automatic,4.090909090909091,88,88,57,"[96, 96, 160]",16.5,1128.4037760416668
101925_00001,101925,train,non-PDAC,automatic,4.443181818181818,88,88,104,"[96, 96, 160]",12.03125,745.7754056106138
101926_00001,101926,train,non-PDAC,automatic,4.2123635031960225,88,88,61,"[96, 96, 160]",10.828125,621.7721191945285
101928_00001,101928,train,non-PDAC,automatic,4.318181818181818,88,88,109,"[96, 96, 160]",14.609375,1221.645379317434
101929_00001,101929,train,non-PDAC,automatic,4.829545454545454,88,88,96,"[96, 96, 160]",11.343750000000002,554.3407031250001
101930_00001,101930,train,PDAC,automatic,5.034088828346946,88,88,93,"[96, 96, 160]",15.8125,675.7593472349339
101932_00001,101932,train,non-PDAC,automatic,4.454545454545454,88,88,48,"[96, 96, 160]",17.015625,839.1300322863523
101933_00001,101933,train,non-PDAC,automatic,4.276363719593395,88,88,54,"[96, 96, 160]",20.28125,1723.2566498103115
101934_00001,101934,train,non-PDAC,automatic,3.4204545454545454,88,88,61,"[96, 96, 160]",16.956810631229235,1555.240059177741
101935_00001,101935,train,non-PDAC,automatic,3.784090909090909,88,88,100,"[96, 96, 160]",18.734375,2042.7543109515764
101936_00001,101936,train,non-PDAC,automatic,4.340909090909091,88,88,92,"[96, 96, 160]",13.476439790575917,620.0782911690118
101937_00001,101937,train,non-PDAC,automatic,3.7992727106267754,88,88,61,"[96, 96, 160]",16.671875,1438.1375397721808
101938_00001,101938,train,non-PDAC,automatic,5.655272743918679,88,88,53,"[96, 96, 160]",10.828125,443.0390156550496
101939_00001,101939,train,non-PDAC,automatic,5.113636363636363,88,88,101,"[96, 96, 160]",12.203125,485.52904296875005
101941_00001,101941,train,non-PDAC,automatic,3.671272624622692,88,88,67,"[96, 96, 160]",11.171875,508.16753460249294
101942_00001,101942,train,non-PDAC,automatic,4.4567271145907315,88,88,101,"[96, 96, 160]",11.6875,832.9843933540456
101943_00001,101943,train,non-PDAC,automatic,4.54400010542436,88,88,101,"[96, 96, 160]",12.890625000000002,499.97129595440805
101944_00001,101944,train,non-PDAC,automatic,3.2045454545454546,88,88,120,"[96, 96, 160]",17.875,1784.733239140071
101946_00001,101946,train,non-PDAC,automatic,4.284090909090909,88,88,39,"[96, 96, 160]",16.328125,1117.2183303630636
101947_00001,101947,validation,non-PDAC,automatic,3.8863636363636362,88,88,109,"[96, 96, 160]",16.15625,1058.747926946272
101950_00001,101950,train,non-PDAC,automatic,3.8863636363636362,88,88,129,"[96, 96, 160]",18.046875,1408.5892184073466
101951_00001,101951,train,non-PDAC,automatic,4.54400010542436,88,88,133,"[96, 96, 160]",9.109375,455.64416913483274
101952_00001,101952,train,PDAC,manual,3.659090909090909,88,88,107,"[96, 96, 160]",19.67701863354037,710.8680275863742
101953_00001,101953,train,non-PDAC,automatic,3.9545454545454546,88,88,104,"[96, 96, 160]",14.793103448275861,802.0355182516164
101954_00001,101954,validation,PDAC,manual,5.045457319779829,88,88,102,"[96, 96, 160]",13.921875000000002,991.1224853941854
101957_00001,101957,train,non-PDAC,automatic,4.193181818181818,88,88,102,"[96, 96, 160]",14.265625,859.2131685086381
101958_00001,101958,train,non-PDAC,automatic,5.166545521129262,88,88,45,"[96, 96, 160]",10.828125,388.8298706257037
101959_00001,101959,train,non-PDAC,automatic,4.7272727272727275,88,88,94,"[96, 96, 160]",16.15625,1060.3406700721152
101960_00001,101960,validation,PDAC,manual,4.101818084716797,88,88,89,"[96, 96, 160]",16.5,705.6267378677808
101961_00001,101961,train,non-PDAC,automatic,3.75,88,88,141,"[96, 96, 160]",18.90625,2043.63564453125
101962_00001,101962,train,non-PDAC,automatic,3.8863636363636362,88,88,127,"[96, 96, 160]",20.796875,1193.0838815789475
101966_00001,101966,train,non-PDAC,automatic,4.54981821233576,88,88,53,"[96, 96, 160]",14.953125,632.834101640177
101967_00001,101967,train,non-PDAC,automatic,4.54981821233576,88,88,51,"[96, 96, 160]",17.802909087749395,742.2428032536819
101968_00001,101968,train,non-PDAC,automatic,3.5795454545454546,88,88,120,"[96, 96, 160]",19.078125,1374.607415674603
101970_00001,101970,train,non-PDAC,automatic,4.375,88,88,95,"[96, 96, 160]",12.685714285714285,574.0950334821429
101970_00002,101970,train,non-PDAC,automatic,4.625,88,88,89,"[96, 96, 160]",12.324324324324325,426.0708667652027
101972_00001,101972,train,PDAC,manual,4.374999306418679,88,88,148,"[96, 96, 160]",13.234375,601.5936004381439
101973_00001,101973,train,non-PDAC,automatic,3.9214546897194604,88,88,105,"[96, 96, 160]",15.300444540975272,1192.1404617891792
101974_00001,101974,train,non-PDAC,automatic,4.54981821233576,88,88,149,"[96, 96, 160]",18.813938773082224,1078.1096680921048
101975_00001,101975,train,non-PDAC,automatic,4.568181818181818,88,88,90,"[96, 96, 160]",15.8125,587.2013176305969
101977_00001,101977,train,PDAC,manual,4.1022727272727275,88,88,112,"[96, 96, 160]",20.109375,1326.9457615564402
101978_00001,101978,train,non-PDAC,automatic,4.454545454545454,88,88,147,"[96, 96, 160]",16.328125,845.1383131377554
101979_00001,101979,train,non-PDAC,automatic,3.477272727272727,88,88,90,"[96, 96, 160]",18.734375,2172.01204819536
101980_00001,101980,train,PDAC,automatic,4.717105263157895,82,82,152,"[96, 96, 160]",22.636201185495118,1013.2483900776504
101981_00001,101981,validation,non-PDAC,automatic,5.0227272727272725,88,88,92,"[96, 96, 160]",11.34841628959276,617.9336180535918
101982_00001,101982,train,non-PDAC,automatic,3.625,88,88,58,"[96, 96, 160]",18.5625,989.3021282327586
101983_00001,101983,validation,PDAC,manual,4.318181818181818,88,88,108,"[96, 96, 160]",14.589473684210526,392.06556075246704
101984_00001,101984,train,non-PDAC,automatic,4.724363500421697,88,88,131,"[96, 96, 160]",13.75,724.4670639380075
101985_00001,101985,train,non-PDAC,automatic,5.2727272727272725,88,88,103,"[96, 96, 160]",18.734375,1043.3419898043023
101986_00001,101986,train,non-PDAC,automatic,3.9886363636363638,88,88,116,"[96, 96, 160]",14.29059829059829,383.5645866720085
101987_00001,101987,train,PDAC,manual,4.113636363636363,88,88,100,"[96, 96, 160]",18.390625,837.6199930939227
101988_00001,101988,train,PDAC,automatic,4.238636363636363,88,88,102,"[96, 96, 160]",14.093750000000002,430.3991339225873
101990_00001,101990,validation,non-PDAC,automatic,3.6363636363636362,88,88,64,"[96, 96, 160]",18.90625,1115.2689788818361
101991_00001,101991,validation,non-PDAC,automatic,4.54981821233576,88,88,51,"[96, 96, 160]",13.0625,916.7690069264103
101992_00001,101992,train,non-PDAC,automatic,4.863636363636363,88,88,61,"[96, 96, 160]",12.546875,896.3301126013894
101993_00001,101993,train,non-PDAC,automatic,5.0,88,88,90,"[96, 96, 160]",13.0625,256.138330078125
101994_00001,101994,validation,PDAC,manual,4.943181818181818,88,88,91,"[96, 96, 160]",11.227586206896552,275.3344894935344
101995_00001,101995,train,PDAC,manual,5.591272874311968,88,88,112,"[96, 96, 160]",10.65625,327.45550209469064
101996_00001,101996,train,non-PDAC,automatic,4.386363636363637,88,88,106,"[96, 96, 160]",19.765625,900.2743440838981
101997_00001,101997,validation,non-PDAC,automatic,4.545454545454546,88,88,90,"[96, 96, 160]",14.265624999999998,1047.2396386718747
101998_00001,101998,train,PDAC,manual,3.977272727272727,88,88,94,"[96, 96, 160]",12.890625,616.3525279017858
101999_00001,101999,train,non-PDAC,automatic,4.193181818181818,88,88,103,"[96, 96, 160]",14.78590785907859,886.3893017445798
102000_00001,102000,train,non-PDAC,automatic,4.6370908563787285,88,88,48,"[96, 96, 160]",17.875,1432.787052561312
102001_00001,102001,train,non-PDAC,automatic,4.193181818181818,88,88,58,"[96, 96, 160]",22.178861788617887,1252.4939103785568
102002_00001,102002,validation,PDAC,manual,4.056818181818182,88,88,102,"[96, 96, 160]",19.765625,1595.7815016631655
102003_00001,102003,train,PDAC,manual,3.6363636363636362,88,88,109,"[96, 96, 160]",13.40625,969.6339874267579
102004_00001,102004,train,PDAC,manual,4.54981821233576,88,88,147,"[96, 96, 160]",15.46875,851.5424481088253
102006_00001,102006,validation,PDAC,manual,4.0227272727272725,88,88,107,"[96, 96, 160]",17.1875,666.8438658633477
102007_00001,102007,train,non-PDAC,automatic,3.723636280406605,88,88,66,"[96, 96, 160]",17.875,1343.546245069938
102008_00001,102008,train,non-PDAC,automatic,4.858181693337181,88,88,53,"[96, 96, 160]",11.171875,510.6452334920407
102009_00001,102009,train,PDAC,automatic,3.965909090909091,88,88,114,"[96, 96, 160]",18.734375,970.1563160797198
102010_00001,102010,train,non-PDAC,automatic,4.318181818181818,88,88,110,"[96, 96, 160]",19.421875,1154.0521150287827
102012_00001,102012,validation,non-PDAC,automatic,5.306818181818182,88,88,92,"[96, 96, 160]",12.375,765.7547427061028
102014_00001,102014,train,non-PDAC,automatic,4.545454545454546,88,88,60,"[96, 96, 160]",12.031249999999998,295.0166699218749
102016_00001,102016,train,non-PDAC,automatic,4.346181696111506,88,88,53,"[96, 96, 160]",17.1875,745.3526932203902
102018_00001,102018,train,non-PDAC,automatic,4.079545454545454,88,88,110,"[96, 96, 160]",19.487465181058496,1366.6088554361074
102020_00001,102020,train,PDAC,automatic,4.659090909090909,88,88,53,"[96, 96, 160]",11.171875,447.1771960746951
102021_00001,102021,train,non-PDAC,automatic,3.715909090909091,88,88,111,"[96, 96, 160]",15.984375,1061.0579934776376
102022_00001,102022,train,non-PDAC,automatic,4.136363636363637,88,88,112,"[96, 96, 160]",12.692307692307692,1129.0517739096838
102023_00001,102023,train,PDAC,manual,4.318181818181818,88,88,63,"[96, 96, 160]",12.375,1016.2693976151314
102025_00001,102025,train,non-PDAC,automatic,3.8863636363636362,88,88,121,"[96, 96, 160]",22.385964912280702,1634.8350466008774
102027_00001,102027,train,non-PDAC,automatic,4.54400010542436,88,88,51,"[96, 96, 160]",14.953125000000002,1273.429679876511
102028_00001,102028,train,non-PDAC,automatic,4.465909090909091,88,88,91,"[96, 96, 160]",17.359375,736.3542387285305
102029_00001,102029,train,PDAC,manual,4.193181818181818,88,88,144,"[96, 96, 160]",16.328125,550.0181738463158
102031_00001,102031,train,non-PDAC,automatic,3.647727272727273,88,88,47,"[96, 96, 160]",17.53125,1337.0009674357473
102032_00001,102032,train,non-PDAC,automatic,4.340909090909091,88,88,108,"[96, 96, 160]",21.078534031413614,1276.1904348003927
102033_00001,102033,train,PDAC,manual,4.159090909090909,88,88,73,"[96, 96, 160]",7.934426229508197,348.2624231557377
102036_00001,102036,train,non-PDAC,automatic,3.967999891801314,88,88,107,"[96, 96, 160]",18.750001256329607,1052.4344872577456
102038_00001,102038,train,non-PDAC,automatic,4.549893812699751,88,88,46,"[96, 96, 160]",19.078125,968.9783529413676
102040_00001,102040,train,PDAC,automatic,3.5795454545454546,88,88,115,"[96, 96, 160]",22.90793650793651,833.5255456349206
102041_00001,102041,validation,PDAC,automatic,4.431818181818182,88,88,97,"[96, 96, 160]",10.828125,474.7686598557693
102042_00001,102042,train,non-PDAC,automatic,5.681818181818182,88,88,79,"[96, 96, 160]",16.671875,884.8394414062501
102044_00001,102044,train,PDAC,automatic,4.242105326370189,80,80,152,"[96, 96, 160]",9.278412028696044,838.3507079863149
102045_00001,102045,validation,PDAC,manual,4.034090909090909,88,88,68,"[96, 96, 160]",17.47605633802817,484.1204940580986
102046_00001,102046,train,non-PDAC,automatic,3.977272727272727,88,88,112,"[96, 96, 160]",15.984375,866.884310825893
102049_00001,102049,validation,PDAC,manual,4.488636363636363,88,88,107,"[96, 96, 160]",20.496202531645572,977.7953520569622
102050_00001,102050,train,PDAC,manual,4.54981821233576,88,88,148,"[96, 96, 160]",16.48417508124944,618.4772342652313
102051_00001,102051,train,PDAC,manual,4.026315789473684,80,80,152,"[96, 96, 160]",11.989966299019608,345.96859133877757
102053_00001,102053,train,PDAC,manual,4.068181818181818,88,88,96,"[96, 96, 160]",17.69832402234637,743.2196065380587
102054_00001,102054,train,PDAC,manual,4.318181818181818,88,88,102,"[96, 96, 160]",18.90625,924.8589226973683
102056_00001,102056,train,non-PDAC,automatic,4.54981821233576,88,88,51,"[96, 96, 160]",18.132592589374383,831.0057396528587
102057_00001,102057,train,PDAC,automatic,4.756578947368421,85,85,152,"[96, 96, 160]",11.49355490013112,626.7502927128261
102058_00001,102058,train,PDAC,manual,4.488636363636363,88,88,101,"[96, 96, 160]",16.15625,1235.4528382120254
102059_00001,102059,train,non-PDAC,automatic,3.659090909090909,88,88,50,"[96, 96, 160]",14.953125,968.3625655085402
102060_00001,102060,validation,non-PDAC,automatic,5.545454545454546,88,88,91,"[96, 96, 160]",15.124999999999998,634.4858078253072
102061_00001,102061,train,PDAC,manual,4.532894736842105,83,83,152,"[96, 96, 160]",16.02866473149492,400.2302122068145
102062_00001,102062,train,non-PDAC,automatic,4.318181818181818,88,88,51,"[96, 96, 160]",19.078125,1214.5648643092104
102063_00001,102063,train,PDAC,manual,4.25,88,88,104,"[96, 96, 160]",11.6875,488.30256204044116
102064_00001,102064,train,non-PDAC,automatic,4.526315789473684,81,81,152,"[96, 96, 160]",18.848110465116278,968.8847238741037
102065_00001,102065,train,PDAC,automatic,3.4886363636363638,88,88,121,"[96, 96, 160]",19.421875,866.8384759263027
102065_00002,102065,train,PDAC,automatic,4.282894736842105,85,85,152,"[96, 96, 160]",15.47317935720933,420.89181404140965
102066_00001,102066,train,PDAC,automatic,4.724363500421697,88,88,141,"[96, 96, 160]",20.320197629041676,859.5436465667614
102067_00001,102067,train,non-PDAC,automatic,4.54981821233576,88,88,51,"[96, 96, 160]",11.34375,588.5584564927636
102068_00001,102068,train,non-PDAC,automatic,4.439272793856534,88,88,104,"[96, 96, 160]",13.40625,813.8884826016935
102069_00001,102069,validation,non-PDAC,automatic,4.54981821233576,88,88,85,"[96, 96, 160]",15.296875,635.3221547044342
102070_00001,102070,train,non-PDAC,automatic,4.863636363636363,88,88,106,"[96, 96, 160]",13.0625,773.6054847218168
102071_00001,102071,train,non-PDAC,automatic,4.125,88,88,113,"[96, 96, 160]",16.15625,809.91796875
102072_00001,102072,train,PDAC,automatic,4.811636491255327,88,88,103,"[96, 96, 160]",15.795041902712825,553.7639826222553
102073_00001,102073,train,non-PDAC,automatic,4.54981821233576,88,88,54,"[96, 96, 160]",19.25,1159.9136618571843
102074_00001,102074,train,non-PDAC,automatic,3.852272727272727,88,88,103,"[96, 96, 160]",17.359375,1518.2139442537564
102076_00001,102076,validation,non-PDAC,automatic,3.8181818181818183,88,88,111,"[96, 96, 160]",16.5,1027.2286812918526
102077_00001,102077,train,non-PDAC,automatic,4.770909049294212,88,88,59,"[96, 96, 160]",14.09375,774.4772862324826
102078_00001,102078,train,non-PDAC,automatic,4.54981821233576,88,88,137,"[96, 96, 160]",15.8125,622.954671749345
102081_00001,102081,train,non-PDAC,automatic,4.670454545454546,88,88,101,"[96, 96, 160]",11.859374999999998,633.9062072308393
102084_00001,102084,validation,PDAC,manual,4.318181818181818,88,88,100,"[96, 96, 160]",10.65625,425.61078330592096
102085_00001,102085,validation,PDAC,manual,4.094906200062145,88,88,147,"[96, 96, 160]",16.2421875,523.5588640452928
102087_00001,102087,train,non-PDAC,automatic,4.2727272727272725,88,88,49,"[96, 96, 160]",14.609375,1420.4963924326796
102088_00001,102088,train,non-PDAC,automatic,3.5681818181818183,88,88,102,"[96, 96, 160]",19.25,1251.4801017615443
102089_00001,102089,train,non-PDAC,automatic,4.2272727272727275,88,88,102,"[96, 96, 160]",20.58064516129032,1219.3006552419351
102090_00001,102090,train,PDAC,automatic,4.440789473684211,84,84,152,"[96, 96, 160]",17.0023824790672,550.5358725237304
102091_00001,102091,train,PDAC,manual,3.977272727272727,88,88,107,"[96, 96, 160]",15.46875,1390.4493526785716
102092_00001,102092,train,non-PDAC,automatic,3.991272666237571,88,88,58,"[96, 96, 160]",19.542638782814052,1522.431494191154
102093_00001,102093,train,non-PDAC,automatic,3.3181818181818183,88,88,115,"[96, 96, 160]",21.140625,1717.6206723565922
102095_00001,102095,train,non-PDAC,automatic,4.747636274857954,88,88,112,"[96, 96, 160]",16.15625,459.635694099155
102098_00001,102098,train,non-PDAC,automatic,4.747636274857954,88,88,148,"[96, 96, 160]",17.693015739790077,509.16984391971107
102099_00001,102099,train,non-PDAC,automatic,4.318181818181818,88,88,76,"[96, 96, 160]",16.328125,1050.9947060032894
102101_00001,102101,train,non-PDAC,automatic,3.8295454545454546,88,88,61,"[96, 96, 160]",21.484375,1271.6101110441396
102105_00001,102105,train,PDAC,automatic,4.420454545454546,88,88,95,"[96, 96, 160]",14.478149100257069,490.7447682358611
102106_00001,102106,validation,non-PDAC,automatic,4.54400010542436,88,88,89,"[96, 96, 160]",11.687500000000002,553.8732348396812
102108_00001,102108,train,non-PDAC,automatic,3.7818180431019175,88,88,56,"[96, 96, 160]",22.0,2085.874177978975
102109_00001,102109,train,PDAC,manual,3.715909090909091,88,88,110,"[96, 96, 160]",15.8125,1044.057184155199
102110_00001,102110,train,non-PDAC,automatic,4.431818181818182,88,88,127,"[96, 96, 160]",17.359375,651.5820913461539
102111_00001,102111,train,PDAC,automatic,5.034090909090909,88,88,106,"[96, 96, 160]",8.765625,470.6055833803611
102114_00001,102114,train,non-PDAC,automatic,4.056818181818182,88,88,41,"[96, 96, 160]",15.46875,1130.4579579236608
102115_00001,102115,train,PDAC,manual,3.8181818181818183,88,88,114,"[96, 96, 160]",18.390625,995.5111258370534
102116_00001,102116,train,non-PDAC,automatic,4.136727419766513,88,88,117,"[96, 96, 160]",14.609375,1141.836604144153
102117_00001,102117,train,non-PDAC,automatic,4.090909090909091,88,88,54,"[96, 96, 160]",19.59375,1316.1605631510417
102118_00001,102118,train,PDAC,manual,4.545454545454546,88,88,55,"[96, 96, 160]",15.296874999999998,677.3672167968748
102119_00001,102119,validation,non-PDAC,automatic,4.204545454545454,88,88,111,"[96, 96, 160]",21.828125000000004,1090.834736592061
102121_00001,102121,validation,non-PDAC,automatic,4.54981821233576,88,88,146,"[96, 96, 160]",15.296875,959.0578630984836
102122_00001,102122,train,non-PDAC,automatic,4.54981821233576,88,88,41,"[96, 96, 160]",16.879795953942228,1093.0638901154557
102123_00001,102123,train,non-PDAC,automatic,3.5681818181818183,88,88,63,"[96, 96, 160]",20.28125,1063.16158377289
102124_00001,102124,train,non-PDAC,automatic,4.54981821233576,88,88,51,"[96, 96, 160]",14.835757573124495,570.8720956741435
102125_00001,102125,train,non-PDAC,automatic,4.54981821233576,88,88,142,"[96, 96, 160]",14.78125,1002.688101167527
102129_00001,102129,validation,non-PDAC,automatic,3.784090909090909,88,88,125,"[96, 96, 160]",16.384384384384383,245.39375703828827
102130_00001,102130,train,PDAC,manual,4.375,88,88,106,"[96, 96, 160]",16.457142857142856,522.5012276785715
102132_00001,102132,train,PDAC,manual,4.348684210526316,81,81,152,"[96, 96, 160]",11.200169268967343,330.5860235681814
102133_00001,102133,train,PDAC,automatic,4.605263157894737,87,87,152,"[96, 96, 160]",16.811023374285014,824.0915295796345
102134_00001,102134,train,PDAC,manual,4.54981821233576,88,88,64,"[96, 96, 160]",12.03125,758.5704208865345
102135_00001,102135,train,non-PDAC,automatic,3.977272727272727,88,88,115,"[96, 96, 160]",15.984375,1297.4353292410717
102137_00001,102137,train,PDAC,automatic,4.0,88,88,99,"[96, 96, 160]",17.53125,1220.3836669921875
102139_00001,102139,train,PDAC,manual,3.522727272727273,88,88,130,"[96, 96, 160]",8.9375,477.7662739415322
102140_00001,102140,train,PDAC,automatic,4.318181818181818,88,88,109,"[96, 96, 160]",10.3125,500.3563939144736
102142_00001,102142,train,non-PDAC,automatic,3.8863636363636362,88,88,114,"[96, 96, 160]",16.671875,1199.275056537829
102143_00001,102143,train,non-PDAC,automatic,3.227272727272727,88,88,61,"[96, 96, 160]",18.21875,1593.2539028114
102144_00001,102144,train,non-PDAC,automatic,4.181818181818182,88,88,150,"[96, 96, 160]",17.217391304347828,602.7561672044837
102145_00001,102145,train,non-PDAC,automatic,4.2240000638094815,88,88,49,"[96, 96, 160]",14.204545804403667,812.4786577066761
102146_00001,102146,train,non-PDAC,automatic,4.545454545454546,88,88,99,"[96, 96, 160]",14.609374999999998,658.4355615234373
102147_00001,102147,validation,PDAC,automatic,3.6363636363636362,88,88,117,"[96, 96, 160]",13.234375,752.489458612181
102148_00001,102148,train,non-PDAC,automatic,5.681820956143466,88,88,126,"[96, 96, 160]",15.46875,711.9515806578191
102149_00001,102149,train,PDAC,manual,4.306818181818182,88,88,107,"[96, 96, 160]",15.296875,946.3129111396341
102150_00001,102150,train,non-PDAC,automatic,3.6363636363636362,88,88,70,"[96, 96, 160]",17.53125,886.3953428393726
102151_00001,102151,train,non-PDAC,automatic,4.659090909090909,88,88,102,"[96, 96, 160]",21.24878048780488,727.4214272103658
102153_00001,102153,train,non-PDAC,automatic,4.136363636363637,88,88,152,"[96, 96, 160]",17.359375,1034.1017556662084
102154_00001,102154,train,non-PDAC,automatic,4.54981821233576,88,88,51,"[96, 96, 160]",12.375,835.4175906720408
102156_00001,102156,train,PDAC,manual,4.295454545454546,88,88,98,"[96, 96, 160]",20.624999999999996,860.7801804315475
102157_00001,102157,train,non-PDAC,automatic,4.261363636363637,88,88,119,"[96, 96, 160]",20.109375,1196.8497578124995
102158_00001,102158,validation,non-PDAC,automatic,3.6931818181818183,88,88,101,"[96, 96, 160]",22.515625,1442.9031850961537
102159_00001,102159,train,PDAC,manual,4.15418174050071,88,88,59,"[96, 96, 160]",12.890625,799.7912067620053
102160_00001,102160,train,PDAC,automatic,4.531579014894209,84,84,152,"[96, 96, 160]",12.051427994727682,524.2614669405269
102161_00001,102161,train,non-PDAC,automatic,4.545454545454546,88,88,98,"[96, 96, 160]",15.984374999999998,971.9971948242185
102165_00001,102165,train,non-PDAC,automatic,4.238636363636363,88,88,58,"[96, 96, 160]",16.671875,934.3679101038877
102166_00001,102166,train,PDAC,manual,4.886363636363637,88,88,59,"[96, 96, 160]",13.40625,667.1927688953486
102168_00001,102168,train,non-PDAC,automatic,4.863636363636363,88,88,94,"[96, 96, 160]",18.734375,1013.1923242224923
102169_00001,102169,train,non-PDAC,automatic,4.0,88,88,105,"[96, 96, 160]",19.25,928.1048583984375
102170_00001,102170,validation,non-PDAC,automatic,4.534090909090909,88,88,104,"[96, 96, 160]",19.765625,951.2811178336466
102173_00001,102173,train,non-PDAC,automatic,4.5498879172585225,88,88,150,"[96, 96, 160]",17.14327944302371,1033.75487409131
102174_00001,102174,train,non-PDAC,automatic,4.831579139358119,77,77,152,"[96, 96, 160]",11.921568627450979,622.6917921403381
102175_00001,102175,validation,non-PDAC,automatic,3.9431818181818183,88,88,112,"[96, 96, 160]",21.556195965417867,1303.3482472532419
102177_00001,102177,train,non-PDAC,automatic,4.278947538451145,75,75,152,"[96, 96, 160]",18.98831412862102,841.1122367727766
102178_00001,102178,train,non-PDAC,automatic,4.295454545454546,88,88,149,"[96, 96, 160]",12.374999999999998,941.0310846560844
102179_00001,102179,train,PDAC,manual,4.75,88,88,87,"[96, 96, 160]",16.671875,391.03597861842104
102180_00001,102180,train,non-PDAC,automatic,4.5227272727272725,88,88,104,"[96, 96, 160]",18.90452261306533,1045.905150753769
102181_00001,102181,train,PDAC,manual,4.25,88,88,99,"[96, 96, 160]",18.046875,997.1448184742648
102182_00001,102182,train,non-PDAC,automatic,5.304512023925781,88,88,130,"[96, 96, 160]",12.71875,420.0033063324923
102183_00001,102183,train,non-PDAC,automatic,4.306818181818182,88,88,99,"[96, 96, 160]",15.8125,1153.7738600758576
102184_00001,102184,train,non-PDAC,automatic,4.953947368421052,88,88,152,"[96, 96, 160]",14.81772908366534,644.4058991095508
102185_00001,102185,train,non-PDAC,automatic,4.54400010542436,88,88,51,"[96, 96, 160]",13.864436298052524,739.5460467620943
102186_00001,102186,train,non-PDAC,automatic,4.545454545454546,88,88,112,"[96, 96, 160]",13.578124999999998,585.0030957031248
102187_00001,102187,train,non-PDAC,automatic,4.061090989546343,88,88,57,"[96, 96, 160]",20.684097833337045,1083.232667312434
102188_00001,102188,train,non-PDAC,automatic,3.5795454545454546,88,88,118,"[96, 96, 160]",18.734375,658.736492843855
102190_00001,102190,train,PDAC,automatic,3.9431818181818183,88,88,118,"[96, 96, 160]",17.015625,1091.9033625270172
102191_00001,102191,train,PDAC,manual,4.454545454545454,88,88,144,"[96, 96, 160]",15.489795918367347,456.3110251913267
102192_00001,102192,train,non-PDAC,automatic,3.7954545454545454,88,88,110,"[96, 96, 160]",17.875,1335.20296126497
102193_00001,102193,train,PDAC,manual,4.511363636363637,88,88,147,"[96, 96, 160]",15.124999999999998,478.7341093356422
102194_00001,102194,train,non-PDAC,automatic,4.278947538451145,78,78,152,"[96, 96, 160]",16.265682656826566,660.452337312217
102195_00001,102195,validation,PDAC,automatic,4.328727375377309,88,88,104,"[96, 96, 160]",9.796875,247.31819023681703
102196_00001,102196,train,non-PDAC,automatic,4.54400010542436,88,88,130,"[96, 96, 160]",11.687500000000002,769.746285080917
102197_00001,102197,train,non-PDAC,automatic,3.566545313054865,88,88,122,"[96, 96, 160]",18.168843204579193,1053.8715994048634
102198_00001,102198,train,non-PDAC,automatic,3.9728348471901636,88,88,49,"[96, 96, 160]",17.703125,1275.885906525129
102199_00001,102199,train,non-PDAC,automatic,4.2727272727272725,88,88,117,"[96, 96, 160]",18.734375,947.5451561124047
102200_00001,102200,train,non-PDAC,automatic,3.9506385109641333,88,88,103,"[96, 96, 160]",16.40241414960747,1135.3852313940708
102201_00001,102201,train,non-PDAC,automatic,4.54981821233576,88,88,133,"[96, 96, 160]",10.3125,712.8876103034271
102202_00001,102202,train,non-PDAC,automatic,4.511363636363637,88,88,93,"[96, 96, 160]",15.294710327455919,475.80709323835
102203_00001,102203,train,PDAC,automatic,3.977272727272727,88,88,112,"[96, 96, 160]",14.09375,877.2121875000001
102206_00001,102206,train,PDAC,manual,4.409090909090909,88,88,128,"[96, 96, 160]",14.265625,467.8894873550258
102207_00001,102207,train,non-PDAC,automatic,4.363636363636363,88,88,148,"[96, 96, 160]",14.953125000000002,465.7159576416017
102209_00001,102209,train,non-PDAC,automatic,4.746710526315789,88,88,152,"[96, 96, 160]",12.745257276507276,852.8195567811334
102210_00001,102210,train,non-PDAC,automatic,3.8863636363636362,88,88,102,"[96, 96, 160]",21.484375,912.3944798519738
102211_00001,102211,train,non-PDAC,automatic,4.8522727272727275,88,88,49,"[96, 96, 160]",12.71875,655.5399041276346
102212_00001,102212,train,non-PDAC,automatic,4.306818181818182,88,88,102,"[96, 96, 160]",19.74775673279976,1158.0086548031275
102213_00001,102213,train,non-PDAC,automatic,4.340909090909091,88,88,92,"[96, 96, 160]",13.40625,471.5345993163516
102214_00001,102214,validation,non-PDAC,automatic,4.204545454545454,88,88,96,"[96, 96, 160]",10.484375000000002,577.5348395270272
102216_00001,102216,train,PDAC,automatic,4.318181818181818,88,88,117,"[96, 96, 160]",16.15625,938.2400699013157
102217_00001,102217,train,non-PDAC,automatic,4.037818215110085,88,88,151,"[96, 96, 160]",16.5,999.9915708383163
102218_00001,102218,train,PDAC,automatic,4.47894743516257,83,83,152,"[96, 96, 160]",10.78534672567185,829.0840237562988
102219_00001,102219,train,non-PDAC,automatic,4.5,88,88,146,"[96, 96, 160]",16.5,999.49072265625
102220_00001,102220,train,non-PDAC,automatic,3.4886363636363638,88,88,47,"[96, 96, 160]",14.09375,709.8838844920601
102221_00001,102221,validation,non-PDAC,automatic,4.318181818181818,88,88,112,"[96, 96, 160]",18.390625,680.2527832031249
102222_00001,102222,train,non-PDAC,automatic,3.671272624622692,88,88,63,"[96, 96, 160]",19.078125,1510.43881318553
