source_row,patient_id,study_id,study_date,age_original,age_years,sex,scanner,label_text,label_binary,reference_level,demographics_missing,scan_count,has_multiple_scans,unique_label_count,label_consistent,annotation_type,annotation_repository_path,annotation_git_blob_sha,annotation_tree_size_bytes,annotation_matched,eligible_classification,eligible_manual_lesion_segmentation,eligible_auxiliary_automatic_mask,eligible_primary_segmentation_test,source_group,evaluation_role,prohibited_for_model_selection,allowed_for_training,reference_standard_tier,scanner_clean,segmentation_reference_role,eligible_external_classification,eligible_external_segmentation,eligible_nih_specificity_audit,local_partition,cv_fold,split_stratum,locked_partition,may_update_model_weights,may_select_hyperparameters,may_select_threshold,final_evaluation_only,primary_segmentation_test
1,100000,100000_00001,2018-10-04 00:00:00,042Y,42.0,F,TOSHIBA,non-PDAC,0,radiology,False,1,False,1,True,automatic,automatic_labels/100000_00001.nii.gz,6a3db6a49d00995d1e6bde55007598fb512751fc,204931,True,True,False,True,False,PANORAMA_LOCAL,PRIMARY_MODEL_DEVELOPMENT,False,True,RADIOLOGY_NO_DOCUMENTED_FOLLOWUP,TOSHIBA,AUXILIARY_AUTOMATIC_MASK_ONLY,False,False,False,train,2,Y0_M0_STOSHIBA,train,True,False,False,False,False
2,100001,100001_00001,2014-04-24 00:00:00,068Y,68.0,M,SIEMENS,non-PDAC,0,radiology,False,1,False,1,True,automatic,automatic_labels/100001_00001.nii.gz,fb7e1b1ee41ddc2d82f39569ea5cd6db070c5705,226372,True,True,False,True,False,PANORAMA_LOCAL,PRIMARY_MODEL_DEVELOPMENT,False,True,RADIOLOGY_NO_DOCUMENTED_FOLLOWUP,SIEMENS,AUXILIARY_AUTOMATIC_MASK_ONLY,False,False,False,train,2,Y0_M0_SSIEMENS,train,True,False,False,False,False
3,100002,100002_00001,2021-03-02 00:00:00,077Y,77.0,F,TOSHIBA,PDAC,1,pathology,False,1,False,1,True,manual,manual_labels/100002_00001.nii.gz,6be63b2a3fa650df47b58ee3838652049b770b91,1226252,True,True,True,False,True,PANORAMA_LOCAL,PRIMARY_MODEL_DEVELOPMENT,False,True,TISSUE_CONFIRMED,TOSHIBA,PRIMARY_MANUAL_PDAC_REFERENCE,False,False,False,train,0,Y1_M1_STOSHIBA,train,True,False,False,False,False
4,100003,100003_00001,2016-12-28 00:00:00,057Y,57.0,M,TOSHIBA,PDAC,1,cytology,False,1,False,1,True,automatic,automatic_labels/100003_00001.nii.gz,404e5da75e4a48a6b59074ebc8ebc868a7b6fd5a,237824,True,True,False,True,False,PANORAMA_LOCAL,PRIMARY_MODEL_DEVELOPMENT,False,True,CYTOLOGY_CONFIRMED,TOSHIBA,AUXILIARY_AUTOMATIC_MASK_ONLY,False,False,False,train,2,Y1_M0_STOSHIBA,train,True,False,False,False,False
5,100004,100004_00001,2018-02-09 00:00:00,068Y,68.0,M,SIEMENS,non-PDAC,0,radiology,False,1,False,1,True,automatic,automatic_labels/100004_00001.nii.gz,d192309498e282a3b0dd8296393a9c6cc794f667,366533,True,True,False,True,False,PANORAMA_LOCAL,PRIMARY_MODEL_DEVELOPMENT,False,True,RADIOLOGY_NO_DOCUMENTED_FOLLOWUP,SIEMENS,AUXILIARY_AUTOMATIC_MASK_ONLY,False,False,False,internal_test,-1,Y0_M0_SSIEMENS,internal_test,False,False,False,True,False
6,100005,100005_00001,2019-03-01 00:00:00,073Y,73.0,F,TOSHIBA,PDAC,1,cytology,False,1,False,1,True,automatic,automatic_labels/100005_00001.nii.gz,897310a44ae661ee5f7c5f0da68fa28cc4fa2a8f,1151773,True,True,False,True,False,PANORAMA_LOCAL,PRIMARY_MODEL_DEVELOPMENT,False,True,CYTOLOGY_CONFIRMED,TOSHIBA,AUXILIARY_AUTOMATIC_MASK_ONLY,False,False,False,train,1,Y1_M0_STOSHIBA,train,True,False,False,False,False
7,100006,100006_00001,2017-01-02 00:00:00,071Y,71.0,F,Philips,non-PDAC,0,pathology,False,1,False,1,True,automatic,automatic_labels/100006_00001.nii.gz,2f0d7a56ad7f4045ab4d30fd6089dcb4022ffe69,527077,True,True,False,True,False,PANORAMA_LOCAL,PRIMARY_MODEL_DEVELOPMENT,False,True,TISSUE_CONFIRMED,Philips,AUXILIARY_AUTOMATIC_MASK_ONLY,False,False,False,train,2,Y0_M0_SPhilips,train,True,False,False,False,False
8,100007,100007_00001,2018-03-21 00:00:00,026Y,26.0,M,SIEMENS,non-PDAC,0,radiology,False,1,False,1,True,automatic,automatic_labels/100007_00001.nii.gz,fd977f3c2ece86db96bb298e1491bb0ed5a56e6d,766574,True,True,False,True,False,PANORAMA_LOCAL,PRIMARY_MODEL_DEVELOPMENT,False,True,RADIOLOGY_NO_DOCUMENTED_FOLLOWUP,SIEMENS,AUXILIARY_AUTOMATIC_MASK_ONLY,False,False,False,train,4,Y0_M0_SSIEMENS,train,True,False,False,False,False
9,100008,100008_00001,2014-10-16 00:00:00,061Y,61.0,F,TOSHIBA,non-PDAC,0,radiology,False,1,False,1,True,automatic,automatic_labels/100008_00001.nii.gz,21bef80f9916d03ba2ebd4a6f2bf180770c6800e,1761689,True,True,False,True,False,PANORAMA_LOCAL,PRIMARY_MODEL_DEVELOPMENT,False,True,RADIOLOGY_NO_DOCUMENTED_FOLLOWUP,TOSHIBA,AUXILIARY_AUTOMATIC_MASK_ONLY,False,False,False,internal_test,-1,Y0_M0_STOSHIBA,internal_test,False,False,False,True,False
10,100009,100009_00001,,,,,,PDAC,1,MSD_dataset,True,1,False,1,True,manual,manual_labels/100009_00001.nii.gz,8e2c5ff65e4fa4d0d7427df0d3ca62cf24c06767,184320,True,True,True,False,True,MSD_EXTERNAL_MIXED,LOCKED_EXTERNAL_MIXED_TEST,True,False,MSD_DATASET_DERIVED,[MISSING],PRIMARY_MANUAL_PDAC_REFERENCE,True,True,False,,-1,,external_msd_test,False,False,False,True,True
11,100010,100010_00001,2018-01-04 00:00:00,072Y,72.0,M,TOSHIBA,non-PDAC,0,radiology,False,1,False,1,True,automatic,automatic_labels/100010_00001.nii.gz,a194451851f3e3bcf4585767a652241b036931d7,347363,True,True,False,True,False,PANORAMA_LOCAL,PRIMARY_MODEL_DEVELOPMENT,False,True,RADIOLOGY_NO_DOCUMENTED_FOLLOWUP,TOSHIBA,AUXILIARY_AUTOMATIC_MASK_ONLY,False,False,False,train,4,Y0_M0_STOSHIBA,train,True,False,False,False,False
12,100011,100011_00001,2022-08-28 00:00:00,065Y,65.0,M,SIEMENS,PDAC,1,pathology,False,1,False,1,True,automatic,automatic_labels/100011_00001.nii.gz,4f72980c8605bb4fc9d6ae74af5fa93284a9b048,674774,True,True,False,True,False,PANORAMA_LOCAL,PRIMARY_MODEL_DEVELOPMENT,False,True,TISSUE_CONFIRMED,SIEMENS,AUXILIARY_AUTOMATIC_MASK_ONLY,False,False,False,train,3,Y1_M0_SSIEMENS,train,True,False,False,False,False
13,100012,100012_00001,2019-04-12 00:00:00,073Y,73.0,M,SIEMENS,non-PDAC,0,radiology,False,1,False,1,True,automatic,automatic_labels/100012_00001.nii.gz,01d5b7c49b1f0b0c1cb64d131f290dc61e2e6fe5,639102,True,True,False,True,False,PANORAMA_LOCAL,PRIMARY_MODEL_DEVELOPMENT,False,True,RADIOLOGY_NO_DOCUMENTED_FOLLOWUP,SIEMENS,AUXILIARY_AUTOMATIC_MASK_ONLY,False,False,False,train,1,Y0_M0_SSIEMENS,train,True,False,False,False,False
14,100013,100013_00001,2017-08-01 00:00:00,052Y,52.0,F,TOSHIBA,non-PDAC,0,radiology,False,1,False,1,True,automatic,automatic_labels/100013_00001.nii.gz,f0acaaa14c593814c50c72472837dd6145df2f15,1762033,True,True,False,True,False,PANORAMA_LOCAL,PRIMARY_MODEL_DEVELOPMENT,False,True,RADIOLOGY_NO_DOCUMENTED_FOLLOWUP,TOSHIBA,AUXILIARY_AUTOMATIC_MASK_ONLY,False,False,False,train,2,Y0_M0_STOSHIBA,train,True,False,False,False,False
15,100014,100014_00001,2018-04-14 00:00:00,078Y,78.0,F,TOSHIBA,non-PDAC,0,radiology,False,1,False,1,True,automatic,automatic_labels/100014_00001.nii.gz,ab6e9fbc726dde7b311dec3e428eff2bbf3dcebb,544455,True,True,False,True,False,PANORAMA_LOCAL,PRIMARY_MODEL_DEVELOPMENT,False,True,RADIOLOGY_NO_DOCUMENTED_FOLLOWUP,TOSHIBA,AUXILIARY_AUTOMATIC_MASK_ONLY,False,False,False,train,2,Y0_M0_STOSHIBA,train,True,False,False,False,False
16,100015,100015_00001,2015-12-24 00:00:00,,,,,non-PDAC,0,NIH_dataset,True,1,False,1,True,automatic,automatic_labels/100015_00001.nii.gz,5d77e25723cec0114adb04f2f5b4c61c63d46331,463349,True,True,False,True,False,NIH_NEGATIVE_STRESS,LOCKED_NEGATIVE_SPECIFICITY_STRESS_TEST,True,False,NIH_DATASET_DERIVED,[MISSING],AUXILIARY_AUTOMATIC_MASK_ONLY,False,False,True,,-1,,nih_negative_stress_test,False,False,False,True,False
17,100016,100016_00001,2016-08-05 00:00:00,034Y,34.0,F,TOSHIBA,PDAC,1,radiology,False,1,False,1,True,automatic,automatic_labels/100016_00001.nii.gz,2319861a1a69e2a2dd5032b4b1e3b8be7c1fe009,244094,True,True,False,True,False,PANORAMA_LOCAL,PRIMARY_MODEL_DEVELOPMENT,False,True,RADIOLOGY_NO_DOCUMENTED_FOLLOWUP,TOSHIBA,AUXILIARY_AUTOMATIC_MASK_ONLY,False,False,False,train,3,Y1_M0_STOSHIBA,train,True,False,False,False,False
18,100017,100017_00001,2015-03-06 00:00:00,065Y,65.0,F,SIEMENS,non-PDAC,0,radiology,False,1,False,1,True,automatic,automatic_labels/100017_00001.nii.gz,31335b599fb0f5e09fc3fa488eeaf9d080aee95a,1815873,True,True,False,True,False,PANORAMA_LOCAL,PRIMARY_MODEL_DEVELOPMENT,False,True,RADIOLOGY_NO_DOCUMENTED_FOLLOWUP,SIEMENS,AUXILIARY_AUTOMATIC_MASK_ONLY,False,False,False,validation,-1,Y0_M0_SSIEMENS,validation,False,True,True,False,False
19,100018,100018_00001,2016-08-27 00:00:00,069Y,69.0,F,TOSHIBA,non-PDAC,0,pathology,False,1,False,1,True,automatic,automatic_labels/100018_00001.nii.gz,9f9944687eca89f3b549861405a21eda256f70d7,1110053,True,True,False,True,False,PANORAMA_LOCAL,PRIMARY_MODEL_DEVELOPMENT,False,True,TISSUE_CONFIRMED,TOSHIBA,AUXILIARY_AUTOMATIC_MASK_ONLY,False,False,False,internal_test,-1,Y0_M0_STOSHIBA,internal_test,False,False,False,True,False
20,100019,100019_00001,2019-02-12 00:00:00,063Y,63.0,F,SIEMENS,non-PDAC,0,histopathology,False,1,False,1,True,automatic,automatic_labels/100019_00001.nii.gz,8cd685f9a39b4ff414635019c02d348114861b19,322787,True,True,False,True,False,PANORAMA_LOCAL,PRIMARY_MODEL_DEVELOPMENT,False,True,TISSUE_CONFIRMED,SIEMENS,AUXILIARY_AUTOMATIC_MASK_ONLY,False,False,False,train,0,Y0_M0_SSIEMENS,train,True,False,False,False,False
21,100020,100020_00001,2014-11-16 00:00:00,020Y,20.0,M,SIEMENS,non-PDAC,0,radiology,False,1,False,1,True,automatic,automatic_labels/100020_00001.nii.gz,0597e6f66fdbe9a01a7a699ef8190fd097375532,291996,True,True,False,True,False,PANORAMA_LOCAL,PRIMARY_MODEL_DEVELOPMENT,False,True,RADIOLOGY_NO_DOCUMENTED_FOLLOWUP,SIEMENS,AUXILIARY_AUTOMATIC_MASK_ONLY,False,False,False,train,4,Y0_M0_SSIEMENS,train,True,False,False,False,False
22,100021,100021_00001,2019-07-24 00:00:00,070Y,70.0,M,SIEMENS,PDAC,1,radiology,False,1,False,1,True,automatic,automatic_labels/100021_00001.nii.gz,0eb2502bd8bcd7b14723966c3cfae6b5ddf86903,298920,True,True,False,True,False,PANORAMA_LOCAL,PRIMARY_MODEL_DEVELOPMENT,False,True,RADIOLOGY_NO_DOCUMENTED_FOLLOWUP,SIEMENS,AUXILIARY_AUTOMATIC_MASK_ONLY,False,False,False,validation,-1,Y1_M0_SSIEMENS,validation,False,True,True,False,False
23,100022,100022_00001,2018-01-04 00:00:00,065Y,65.0,F,TOSHIBA,non-PDAC,0,radiology,False,1,False,1,True,automatic,automatic_labels/100022_00001.nii.gz,e6b53a391a20bdff8a5f87ed87c6e81ec0d5a6ce,247025,True,True,False,True,False,PANORAMA_LOCAL,PRIMARY_MODEL_DEVELOPMENT,False,True,RADIOLOGY_NO_DOCUMENTED_FOLLOWUP,TOSHIBA,AUXILIARY_AUTOMATIC_MASK_ONLY,False,False,False,train,0,Y0_M0_STOSHIBA,train,True,False,False,False,False
24,100023,100023_00001,2017-09-05 00:00:00,063Y,63.0,M,SIEMENS,non-PDAC,0,radiology,False,1,False,1,True,automatic,automatic_labels/100023_00001.nii.gz,5de751bb25ff7a910d443edffed4b0a9d5075d17,687897,True,True,False,True,False,PANORAMA_LOCAL,PRIMARY_MODEL_DEVELOPMENT,False,True,RADIOLOGY_NO_DOCUMENTED_FOLLOWUP,SIEMENS,AUXILIARY_AUTOMATIC_MASK_ONLY,False,False,False,train,2,Y0_M0_SSIEMENS,train,True,False,False,False,False
25,100024,100024_00001,2014-05-06 00:00:00,080Y,80.0,F,SIEMENS,non-PDAC,0,radiology,False,1,False,1,True,automatic,automatic_labels/100024_00001.nii.gz,9e0d69e9c3973516e5bb57f6fade96f0392b4ea0,235461,True,True,False,True,False,PANORAMA_LOCAL,PRIMARY_MODEL_DEVELOPMENT,False,True,RADIOLOGY_NO_DOCUMENTED_FOLLOWUP,SIEMENS,AUXILIARY_AUTOMATIC_MASK_ONLY,False,False,False,validation,-1,Y0_M0_SSIEMENS,validation,False,True,True,False,False
26,100025,100025_00001,2017-08-11 00:00:00,058Y,58.0,F,TOSHIBA,non-PDAC,0,radiology,False,1,False,1,True,automatic,automatic_labels/100025_00001.nii.gz,8c790f1775030458805409fa864caf3055b9b3ce,358311,True,True,False,True,False,PANORAMA_LOCAL,PRIMARY_MODEL_DEVELOPMENT,False,True,RADIOLOGY_NO_DOCUMENTED_FOLLOWUP,TOSHIBA,AUXILIARY_AUTOMATIC_MASK_ONLY,False,False,False,train,3,Y0_M0_STOSHIBA,train,True,False,False,False,False
27,100026,100026_00001,2017-09-25 00:00:00,068Y,68.0,M,TOSHIBA,non-PDAC,0,radiology,False,1,False,1,True,automatic,automatic_labels/100026_00001.nii.gz,f5bc4c6bd997829c9c919fa632580b805f4f214a,343826,True,True,False,True,False,PANORAMA_LOCAL,PRIMARY_MODEL_DEVELOPMENT,False,True,RADIOLOGY_NO_DOCUMENTED_FOLLOWUP,TOSHIBA,AUXILIARY_AUTOMATIC_MASK_ONLY,False,False,False,train,3,Y0_M0_STOSHIBA,train,True,False,False,False,False
28,100027,100027_00001,2019-01-26 00:00:00,074Y,74.0,F,SIEMENS,non-PDAC,0,radiology,False,1,False,1,True,automatic,automatic_labels/100027_00001.nii.gz,903c4ceb54ef24b262e6ffc07e92b0ff86fcb252,536273,True,True,False,True,False,PANORAMA_LOCAL,PRIMARY_MODEL_DEVELOPMENT,False,True,RADIOLOGY_NO_DOCUMENTED_FOLLOWUP,SIEMENS,AUXILIARY_AUTOMATIC_MASK_ONLY,False,False,False,train,3,Y0_M0_SSIEMENS,train,True,False,False,False,False
29,100028,100028_00001,2018-08-17 00:00:00,068Y,68.0,M,TOSHIBA,PDAC,1,histopathology,False,1,False,1,True,manual,manual_labels/100028_00001.nii.gz,4bdb0711df5e7273fe1d6cbacbd66851fe27395b,122932,True,True,True,False,True,PANORAMA_LOCAL,PRIMARY_MODEL_DEVELOPMENT,False,True,TISSUE_CONFIRMED,TOSHIBA,PRIMARY_MANUAL_PDAC_REFERENCE,False,False,False,validation,-1,Y1_M1_STOSHIBA,validation,False,True,True,False,False
30,100029,100029_00001,2019-06-04 00:00:00,070Y,70.0,M,TOSHIBA,non-PDAC,0,histopathology,False,1,False,1,True,automatic,automatic_labels/100029_00001.nii.gz,0cbf24324434b1e830d4abcb41581592be54eb6c,1894773,True,True,False,True,False,PANORAMA_LOCAL,PRIMARY_MODEL_DEVELOPMENT,False,True,TISSUE_CONFIRMED,TOSHIBA,AUXILIARY_AUTOMATIC_MASK_ONLY,False,False,False,train,2,Y0_M0_STOSHIBA,train,True,False,False,False,False
31,100030,100030_00001,2021-04-27 00:00:00,051Y,51.0,F,TOSHIBA,PDAC,1,histopathology,False,1,False,1,True,manual,manual_labels/100030_00001.nii.gz,d27353f043bda7169e87ab522a0cbb4eab8896ab,463343,True,True,True,False,True,PANORAMA_LOCAL,PRIMARY_MODEL_DEVELOPMENT,False,True,TISSUE_CONFIRMED,TOSHIBA,PRIMARY_MANUAL_PDAC_REFERENCE,False,False,False,train,1,Y1_M1_STOSHIBA,train,True,False,False,False,False
32,100031,100031_00001,2016-03-31 00:00:00,038Y,38.0,M,SIEMENS,non-PDAC,0,radiology,False,1,False,1,True,automatic,automatic_labels/100031_00001.nii.gz,ea6dd1fdc7f5b1b70437db2bf4d7c8601f00245e,611290,True,True,False,True,False,PANORAMA_LOCAL,PRIMARY_MODEL_DEVELOPMENT,False,True,RADIOLOGY_NO_DOCUMENTED_FOLLOWUP,SIEMENS,AUXILIARY_AUTOMATIC_MASK_ONLY,False,False,False,train,3,Y0_M0_SSIEMENS,train,True,False,False,False,False
33,100032,100032_00001,2015-10-18 00:00:00,060Y,60.0,F,SIEMENS,non-PDAC,0,radiology,False,1,False,1,True,automatic,automatic_labels/100032_00001.nii.gz,6d97c059f4e7a8f709d8be9efa55c2e7bb376006,398258,True,True,False,True,False,PANORAMA_LOCAL,PRIMARY_MODEL_DEVELOPMENT,False,True,RADIOLOGY_NO_DOCUMENTED_FOLLOWUP,SIEMENS,AUXILIARY_AUTOMATIC_MASK_ONLY,False,False,False,internal_test,-1,Y0_M0_SSIEMENS,internal_test,False,False,False,True,False
34,100033,100033_00001,2019-01-20 00:00:00,071Y,71.0,F,SIEMENS,PDAC,1,pathology,False,1,False,1,True,automatic,automatic_labels/100033_00001.nii.gz,5afbb6c26a916264c8ed2d6a6dfac5f4a45beb46,1084779,True,True,False,True,False,PANORAMA_LOCAL,PRIMARY_MODEL_DEVELOPMENT,False,True,TISSUE_CONFIRMED,SIEMENS,AUXILIARY_AUTOMATIC_MASK_ONLY,False,False,False,train,2,Y1_M0_SSIEMENS,train,True,False,False,False,False
35,100034,100034_00001,,,,,,PDAC,1,MSD_dataset,True,1,False,1,True,manual,manual_labels/100034_00001.nii.gz,ea1ef1390c63c0362bcd64ea637956882a12df85,193640,True,True,True,False,True,MSD_EXTERNAL_MIXED,LOCKED_EXTERNAL_MIXED_TEST,True,False,MSD_DATASET_DERIVED,[MISSING],PRIMARY_MANUAL_PDAC_REFERENCE,True,True,False,,-1,,external_msd_test,False,False,False,True,True
36,100035,100035_00001,2018-06-22 00:00:00,087Y,87.0,F,Philips,non-PDAC,0,pathology,False,1,False,1,True,automatic,automatic_labels/100035_00001.nii.gz,8d973dc34a8019cb3b574bb06488e0f46005a40a,932495,True,True,False,True,False,PANORAMA_LOCAL,PRIMARY_MODEL_DEVELOPMENT,False,True,TISSUE_CONFIRMED,Philips,AUXILIARY_AUTOMATIC_MASK_ONLY,False,False,False,validation,-1,Y0_M0_SPhilips,validation,False,True,True,False,False
37,100036,100036_00001,,,,,,non-PDAC,0,MSD_dataset,True,1,False,1,True,automatic,automatic_labels/100036_00001.nii.gz,e184d68006628d87a81ca94390a0afb75c160c62,83549,True,True,False,True,False,MSD_EXTERNAL_MIXED,LOCKED_EXTERNAL_MIXED_TEST,True,False,MSD_DATASET_DERIVED,[MISSING],AUXILIARY_AUTOMATIC_MASK_ONLY,True,False,False,,-1,,external_msd_test,False,False,False,True,False
38,100037,100037_00001,2018-08-26 00:00:00,023Y,23.0,M,GE MEDICAL SYSTEMS,non-PDAC,0,radiology,False,1,False,1,True,automatic,automatic_labels/100037_00001.nii.gz,b3780fa1f2db08758abdaf62424bdef2438b0a6f,1452620,True,True,False,True,False,PANORAMA_LOCAL,PRIMARY_MODEL_DEVELOPMENT,False,True,RADIOLOGY_NO_DOCUMENTED_FOLLOWUP,GE MEDICAL SYSTEMS,AUXILIARY_AUTOMATIC_MASK_ONLY,False,False,False,internal_test,-1,Y0_M0_SGE MEDICAL SYSTEMS,internal_test,False,False,False,True,False
39,100038,100038_00001,2016-01-30 00:00:00,052Y,52.0,M,SIEMENS,non-PDAC,0,radiology,False,1,False,1,True,automatic,automatic_labels/100038_00001.nii.gz,f6333fce67e78cc8ffe0b8ed70fe7d6720ef1c88,528836,True,True,False,True,False,PANORAMA_LOCAL,PRIMARY_MODEL_DEVELOPMENT,False,True,RADIOLOGY_NO_DOCUMENTED_FOLLOWUP,SIEMENS,AUXILIARY_AUTOMATIC_MASK_ONLY,False,False,False,validation,-1,Y0_M0_SSIEMENS,validation,False,True,True,False,False
40,100039,100039_00001,2014-10-13 00:00:00,063Y,63.0,M,TOSHIBA,non-PDAC,0,radiology,False,1,False,1,True,automatic,automatic_labels/100039_00001.nii.gz,64e693b868a254083e35c8ae0499b2545429b037,576407,True,True,False,True,False,PANORAMA_LOCAL,PRIMARY_MODEL_DEVELOPMENT,False,True,RADIOLOGY_NO_DOCUMENTED_FOLLOWUP,TOSHIBA,AUXILIARY_AUTOMATIC_MASK_ONLY,False,False,False,internal_test,-1,Y0_M0_STOSHIBA,internal_test,False,False,False,True,False
41,100040,100040_00001,2019-03-16 00:00:00,066Y,66.0,F,SIEMENS,non-PDAC,0,radiology,False,1,False,1,True,automatic,automatic_labels/100040_00001.nii.gz,531bb599869fe86e19c8b2daf029eec611ed9a81,668334,True,True,False,True,False,PANORAMA_LOCAL,PRIMARY_MODEL_DEVELOPMENT,False,True,RADIOLOGY_NO_DOCUMENTED_FOLLOWUP,SIEMENS,AUXILIARY_AUTOMATIC_MASK_ONLY,False,False,False,train,3,Y0_M0_SSIEMENS,train,True,False,False,False,False
42,100041,100041_00001,2018-09-03 00:00:00,072Y,72.0,F,SIEMENS,non-PDAC,0,radiology,False,1,False,1,True,automatic,automatic_labels/100041_00001.nii.gz,07d92ee9823d4bb21627ab23f30129eec7ff8df8,621530,True,True,False,True,False,PANORAMA_LOCAL,PRIMARY_MODEL_DEVELOPMENT,False,True,RADIOLOGY_NO_DOCUMENTED_FOLLOWUP,SIEMENS,AUXILIARY_AUTOMATIC_MASK_ONLY,False,False,False,train,4,Y0_M0_SSIEMENS,train,True,False,False,False,False
43,100042,100042_00001,2015-08-26 00:00:00,061Y,61.0,M,SIEMENS,non-PDAC,0,radiology,False,1,False,1,True,automatic,automatic_labels/100042_00001.nii.gz,7ef23559eba09e3c5f3044502a179e95dbebc02c,502889,True,True,False,True,False,PANORAMA_LOCAL,PRIMARY_MODEL_DEVELOPMENT,False,True,RADIOLOGY_NO_DOCUMENTED_FOLLOWUP,SIEMENS,AUXILIARY_AUTOMATIC_MASK_ONLY,False,False,False,train,0,Y0_M0_SSIEMENS,train,True,False,False,False,False
44,100043,100043_00001,2011-09-05 00:00:00,073Y,73.0,F,SIEMENS,PDAC,1,pathology,False,1,False,1,True,manual,manual_labels/100043_00001.nii.gz,8e6d42d738c125acacaad943389fda9147f6b0c3,683591,True,True,True,False,True,PANORAMA_LOCAL,PRIMARY_MODEL_DEVELOPMENT,False,True,TISSUE_CONFIRMED,SIEMENS,PRIMARY_MANUAL_PDAC_REFERENCE,False,False,False,train,2,Y1_M1_SSIEMENS,train,True,False,False,False,False
45,100044,100044_00001,2016-12-18 00:00:00,054Y,54.0,F,TOSHIBA,non-PDAC,0,radiology,False,1,False,1,True,automatic,automatic_labels/100044_00001.nii.gz,19deeb079fe88406c7cb3801e1ea549125c1fb08,539076,True,True,False,True,False,PANORAMA_LOCAL,PRIMARY_MODEL_DEVELOPMENT,False,True,RADIOLOGY_NO_DOCUMENTED_FOLLOWUP,TOSHIBA,AUXILIARY_AUTOMATIC_MASK_ONLY,False,False,False,train,0,Y0_M0_STOSHIBA,train,True,False,False,False,False
46,100045,100045_00001,2018-05-16 00:00:00,074Y,74.0,M,TOSHIBA,non-PDAC,0,radiology,False,1,False,1,True,automatic,automatic_labels/100045_00001.nii.gz,c9f3c01c7f75dcd014d6ad608e8f26e003a4d77c,426073,True,True,False,True,False,PANORAMA_LOCAL,PRIMARY_MODEL_DEVELOPMENT,False,True,RADIOLOGY_NO_DOCUMENTED_FOLLOWUP,TOSHIBA,AUXILIARY_AUTOMATIC_MASK_ONLY,False,False,False,train,0,Y0_M0_STOSHIBA,train,True,False,False,False,False
47,100046,100046_00001,2018-07-30 00:00:00,061Y,61.0,M,TOSHIBA,non-PDAC,0,radiology,False,1,False,1,True,automatic,automatic_labels/100046_00001.nii.gz,4e47654f345fbb52070593475181ae19edb63703,352290,True,True,False,True,False,PANORAMA_LOCAL,PRIMARY_MODEL_DEVELOPMENT,False,True,RADIOLOGY_NO_DOCUMENTED_FOLLOWUP,TOSHIBA,AUXILIARY_AUTOMATIC_MASK_ONLY,False,False,False,validation,-1,Y0_M0_STOSHIBA,validation,False,True,True,False,False
48,100047,100047_00001,2015-01-17 00:00:00,068Y,68.0,M,Philips,non-PDAC,0,histopathology,False,5,True,1,True,automatic,automatic_labels/100047_00001.nii.gz,d826df81ac91ca095a65bbf10aa1eecbafaa13e6,1103602,True,True,False,True,False,PANORAMA_LOCAL,PRIMARY_MODEL_DEVELOPMENT,False,True,TISSUE_CONFIRMED,Philips,AUXILIARY_AUTOMATIC_MASK_ONLY,False,False,False,train,2,Y0_M0_SSIEMENS,train,True,False,False,False,False
49,100047,100047_00002,2015-06-26 00:00:00,069Y,69.0,M,SIEMENS,non-PDAC,0,histopathology,False,5,True,1,True,automatic,automatic_labels/100047_00002.nii.gz,d51c7d7cb20cf08e8afe7c0301f2a4ed4a8d8bff,961792,True,True,False,True,False,PANORAMA_LOCAL,PRIMARY_MODEL_DEVELOPMENT,False,True,TISSUE_CONFIRMED,SIEMENS,AUXILIARY_AUTOMATIC_MASK_ONLY,False,False,False,train,2,Y0_M0_SSIEMENS,train,True,False,False,False,False
50,100047,100047_00005,2016-05-01 00:00:00,070Y,70.0,M,TOSHIBA,non-PDAC,0,histopathology,False,5,True,1,True,automatic,automatic_labels/100047_00005.nii.gz,362e50217f2fe18b9190f484925b79047c610508,1789153,True,True,False,True,False,PANORAMA_LOCAL,PRIMARY_MODEL_DEVELOPMENT,False,True,TISSUE_CONFIRMED,TOSHIBA,AUXILIARY_AUTOMATIC_MASK_ONLY,False,False,False,train,2,Y0_M0_SSIEMENS,train,True,False,False,False,False
51,100047,100047_00003,2020-05-15 00:00:00,074Y,74.0,M,TOSHIBA,non-PDAC,0,histopathology,False,5,True,1,True,automatic,automatic_labels/100047_00003.nii.gz,c20693bbeff9636eacf8783a3bca939c85faeaf6,485028,True,True,False,True,False,PANORAMA_LOCAL,PRIMARY_MODEL_DEVELOPMENT,False,True,TISSUE_CONFIRMED,TOSHIBA,AUXILIARY_AUTOMATIC_MASK_ONLY,False,False,False,train,2,Y0_M0_SSIEMENS,train,True,False,False,False,False
52,100047,100047_00004,2021-06-06 00:00:00,075Y,75.0,M,SIEMENS,non-PDAC,0,histopathology,False,5,True,1,True,automatic,automatic_labels/100047_00004.nii.gz,2cc2c7ca15c9d79a8cb912fe557c1accf3f87e23,521124,True,True,False,True,False,PANORAMA_LOCAL,PRIMARY_MODEL_DEVELOPMENT,False,True,TISSUE_CONFIRMED,SIEMENS,AUXILIARY_AUTOMATIC_MASK_ONLY,False,False,False,train,2,Y0_M0_SSIEMENS,train,True,False,False,False,False
53,100048,100048_00001,2017-03-31 00:00:00,080Y,80.0,F,SIEMENS,non-PDAC,0,radiology,False,1,False,1,True,automatic,automatic_labels/100048_00001.nii.gz,8d3381281816c35906222ad13452fac4e7fb07f0,613529,True,True,False,True,False,PANORAMA_LOCAL,PRIMARY_MODEL_DEVELOPMENT,False,True,RADIOLOGY_NO_DOCUMENTED_FOLLOWUP,SIEMENS,AUXILIARY_AUTOMATIC_MASK_ONLY,False,False,False,validation,-1,Y0_M0_SSIEMENS,validation,False,True,True,False,False
54,100049,100049_00001,2014-05-30 00:00:00,065Y,65.0,F,TOSHIBA,non-PDAC,0,radiology,False,1,False,1,True,automatic,automatic_labels/100049_00001.nii.gz,7000d445f54a5d8497a8ceb9ec1959ad28074b48,342043,True,True,False,True,False,PANORAMA_LOCAL,PRIMARY_MODEL_DEVELOPMENT,False,True,RADIOLOGY_NO_DOCUMENTED_FOLLOWUP,TOSHIBA,AUXILIARY_AUTOMATIC_MASK_ONLY,False,False,False,internal_test,-1,Y0_M0_STOSHIBA,internal_test,False,False,False,True,False
55,100050,100050_00001,2021-04-25 00:00:00,060Y,60.0,M,TOSHIBA,PDAC,1,cytology,False,1,False,1,True,manual,manual_labels/100050_00001.nii.gz,0c4984c485f2920de177183313b9e09a42b1dd59,131346,True,True,True,False,True,PANORAMA_LOCAL,PRIMARY_MODEL_DEVELOPMENT,False,True,CYTOLOGY_CONFIRMED,TOSHIBA,PRIMARY_MANUAL_PDAC_REFERENCE,False,False,False,train,4,Y1_M1_STOSHIBA,train,True,False,False,False,False
56,100051,100051_00001,2015-06-10 00:00:00,062Y,62.0,M,SIEMENS,non-PDAC,0,radiology,False,1,False,1,True,automatic,automatic_labels/100051_00001.nii.gz,d369b3bb5e67e7c68011bcd7b33631227059aeb1,379127,True,True,False,True,False,PANORAMA_LOCAL,PRIMARY_MODEL_DEVELOPMENT,False,True,RADIOLOGY_NO_DOCUMENTED_FOLLOWUP,SIEMENS,AUXILIARY_AUTOMATIC_MASK_ONLY,False,False,False,validation,-1,Y0_M0_SSIEMENS,validation,False,True,True,False,False
57,100052,100052_00001,2019-04-29 00:00:00,068Y,68.0,F,SIEMENS,non-PDAC,0,histopathology,False,1,False,1,True,automatic,automatic_labels/100052_00001.nii.gz,962554f017ba686cedcb18efb0149e82a61ee1eb,311226,True,True,False,True,False,PANORAMA_LOCAL,PRIMARY_MODEL_DEVELOPMENT,False,True,TISSUE_CONFIRMED,SIEMENS,AUXILIARY_AUTOMATIC_MASK_ONLY,False,False,False,train,2,Y0_M0_SSIEMENS,train,True,False,False,False,False
58,100053,100053_00001,2018-04-29 00:00:00,061Y,61.0,M,TOSHIBA,non-PDAC,0,radiology,False,1,False,1,True,automatic,automatic_labels/100053_00001.nii.gz,ae6575ac54fbc5ace62ba44a30d7753bdb0f42ed,578144,True,True,False,True,False,PANORAMA_LOCAL,PRIMARY_MODEL_DEVELOPMENT,False,True,RADIOLOGY_NO_DOCUMENTED_FOLLOWUP,TOSHIBA,AUXILIARY_AUTOMATIC_MASK_ONLY,False,False,False,train,2,Y0_M0_STOSHIBA,train,True,False,False,False,False
59,100054,100054_00001,2014-12-23 00:00:00,071Y,71.0,F,SIEMENS,non-PDAC,0,cytology,False,1,False,1,True,automatic,automatic_labels/100054_00001.nii.gz,7bc570553eb9699e0ceb7e05515d3e1123c372a2,736785,True,True,False,True,False,PANORAMA_LOCAL,PRIMARY_MODEL_DEVELOPMENT,False,True,CYTOLOGY_CONFIRMED,SIEMENS,AUXILIARY_AUTOMATIC_MASK_ONLY,False,False,False,train,2,Y0_M0_SSIEMENS,train,True,False,False,False,False
60,100055,100055_00001,2016-12-09 00:00:00,070Y,70.0,F,TOSHIBA,non-PDAC,0,radiology,False,1,False,1,True,automatic,automatic_labels/100055_00001.nii.gz,87c03c9032298799a62c5509fd4d0c1528beed0c,555645,True,True,False,True,False,PANORAMA_LOCAL,PRIMARY_MODEL_DEVELOPMENT,False,True,RADIOLOGY_NO_DOCUMENTED_FOLLOWUP,TOSHIBA,AUXILIARY_AUTOMATIC_MASK_ONLY,False,False,False,train,3,Y0_M0_STOSHIBA,train,True,False,False,False,False
61,100056,100056_00001,,,,,,PDAC,1,MSD_dataset,True,1,False,1,True,manual,manual_labels/100056_00001.nii.gz,b4140d8d04cb8b51efa18738ce6fad7fdc00ba00,56690,True,True,True,False,True,MSD_EXTERNAL_MIXED,LOCKED_EXTERNAL_MIXED_TEST,True,False,MSD_DATASET_DERIVED,[MISSING],PRIMARY_MANUAL_PDAC_REFERENCE,True,True,False,,-1,,external_msd_test,False,False,False,True,True
62,100057,100057_00001,2016-04-21 00:00:00,084Y,84.0,M,SIEMENS,non-PDAC,0,radiology,False,1,False,1,True,automatic,automatic_labels/100057_00001.nii.gz,139598261c54dadaa914a339bd6d0fadf529a50b,635676,True,True,False,True,False,PANORAMA_LOCAL,PRIMARY_MODEL_DEVELOPMENT,False,True,RADIOLOGY_NO_DOCUMENTED_FOLLOWUP,SIEMENS,AUXILIARY_AUTOMATIC_MASK_ONLY,False,False,False,train,3,Y0_M0_SSIEMENS,train,True,False,False,False,False
63,100058,100058_00001,,,,,,PDAC,1,MSD_dataset,True,1,False,1,True,manual,manual_labels/100058_00001.nii.gz,6e2fabc452b0d4ea1242834711075a1a81c0a6bf,71466,True,True,True,False,True,MSD_EXTERNAL_MIXED,LOCKED_EXTERNAL_MIXED_TEST,True,False,MSD_DATASET_DERIVED,[MISSING],PRIMARY_MANUAL_PDAC_REFERENCE,True,True,False,,-1,,external_msd_test,False,False,False,True,True
64,100059,100059_00001,2017-08-07 00:00:00,067Y,67.0,M,TOSHIBA,non-PDAC,0,radiology,False,1,False,1,True,automatic,automatic_labels/100059_00001.nii.gz,5e564ead94d8ef6f8bb429205bc6fe4eaaa1952e,566807,True,True,False,True,False,PANORAMA_LOCAL,PRIMARY_MODEL_DEVELOPMENT,False,True,RADIOLOGY_NO_DOCUMENTED_FOLLOWUP,TOSHIBA,AUXILIARY_AUTOMATIC_MASK_ONLY,False,False,False,internal_test,-1,Y0_M0_STOSHIBA,internal_test,False,False,False,True,False
65,100060,100060_00001,2020-12-30 00:00:00,066Y,66.0,F,TOSHIBA,PDAC,1,pathology,False,1,False,1,True,manual,manual_labels/100060_00001.nii.gz,fed9a35c7915f17c0d6dce814fc3c124f2f3e84d,498656,True,True,True,False,True,PANORAMA_LOCAL,PRIMARY_MODEL_DEVELOPMENT,False,True,TISSUE_CONFIRMED,TOSHIBA,PRIMARY_MANUAL_PDAC_REFERENCE,False,False,False,train,0,Y1_M1_STOSHIBA,train,True,False,False,False,False
66,100061,100061_00001,2016-01-06 00:00:00,073Y,73.0,M,SIEMENS,non-PDAC,0,radiology,False,1,False,1,True,automatic,automatic_labels/100061_00001.nii.gz,40b0671b91011a34981f1bf22e5635e99eaf7c03,708691,True,True,False,True,False,PANORAMA_LOCAL,PRIMARY_MODEL_DEVELOPMENT,False,True,RADIOLOGY_NO_DOCUMENTED_FOLLOWUP,SIEMENS,AUXILIARY_AUTOMATIC_MASK_ONLY,False,False,False,train,2,Y0_M0_SSIEMENS,train,True,False,False,False,False
67,100062,100062_00001,,,,,,non-PDAC,0,MSD_dataset,True,1,False,1,True,automatic,automatic_labels/100062_00001.nii.gz,a7fe1f815d9e186f8865045b443190e41815b0a3,287376,True,True,False,True,False,MSD_EXTERNAL_MIXED,LOCKED_EXTERNAL_MIXED_TEST,True,False,MSD_DATASET_DERIVED,[MISSING],AUXILIARY_AUTOMATIC_MASK_ONLY,True,False,False,,-1,,external_msd_test,False,False,False,True,False
68,100063,100063_00001,2016-03-05 00:00:00,054Y,54.0,F,SIEMENS,non-PDAC,0,radiology,False,1,False,1,True,automatic,automatic_labels/100063_00001.nii.gz,125407817026e6c7eeb6a87efe6ab6bdca548885,329438,True,True,False,True,False,PANORAMA_LOCAL,PRIMARY_MODEL_DEVELOPMENT,False,True,RADIOLOGY_NO_DOCUMENTED_FOLLOWUP,SIEMENS,AUXILIARY_AUTOMATIC_MASK_ONLY,False,False,False,train,1,Y0_M0_SSIEMENS,train,True,False,False,False,False
69,100064,100064_00001,2018-07-18 00:00:00,060Y,60.0,M,TOSHIBA,non-PDAC,0,radiology,False,1,False,1,True,automatic,automatic_labels/100064_00001.nii.gz,f4a852c8136bbec9eca6c3d843baed9d31c3cc27,585472,True,True,False,True,False,PANORAMA_LOCAL,PRIMARY_MODEL_DEVELOPMENT,False,True,RADIOLOGY_NO_DOCUMENTED_FOLLOWUP,TOSHIBA,AUXILIARY_AUTOMATIC_MASK_ONLY,False,False,False,train,4,Y0_M0_STOSHIBA,train,True,False,False,False,False
70,100065,100065_00001,2013-09-21 00:00:00,074Y,74.0,M,Philips,PDAC,1,cytology,False,1,False,1,True,manual,manual_labels/100065_00001.nii.gz,5ab2f538ac4bbd828617c15b2acee00dfee68dbf,88494,True,True,True,False,True,PANORAMA_LOCAL,PRIMARY_MODEL_DEVELOPMENT,False,True,CYTOLOGY_CONFIRMED,Philips,PRIMARY_MANUAL_PDAC_REFERENCE,False,False,False,validation,-1,Y1_M1_SPhilips,validation,False,True,True,False,False
71,100066,100066_00001,2015-10-11 00:00:00,057Y,57.0,M,TOSHIBA,non-PDAC,0,pathology,False,1,False,1,True,automatic,automatic_labels/100066_00001.nii.gz,1e250d9e63742b43b631fafa0adb6ce51bd52b7f,1420437,True,True,False,True,False,PANORAMA_LOCAL,PRIMARY_MODEL_DEVELOPMENT,False,True,TISSUE_CONFIRMED,TOSHIBA,AUXILIARY_AUTOMATIC_MASK_ONLY,False,False,False,train,3,Y0_M0_STOSHIBA,train,True,False,False,False,False
72,100067,100067_00001,2015-11-18 00:00:00,,,,,non-PDAC,0,NIH_dataset,True,1,False,1,True,automatic,automatic_labels/100067_00001.nii.gz,5522c04d05d6604754bf9360168a84f5b90cb9a0,474249,True,True,False,True,False,NIH_NEGATIVE_STRESS,LOCKED_NEGATIVE_SPECIFICITY_STRESS_TEST,True,False,NIH_DATASET_DERIVED,[MISSING],AUXILIARY_AUTOMATIC_MASK_ONLY,False,False,True,,-1,,nih_negative_stress_test,False,False,False,True,False
73,100068,100068_00001,2016-08-15 00:00:00,081Y,81.0,F,SIEMENS,non-PDAC,0,radiology,False,1,False,1,True,automatic,automatic_labels/100068_00001.nii.gz,e37599420ae2289a84de3ec1e978b1fd82f9ce7a,631425,True,True,False,True,False,PANORAMA_LOCAL,PRIMARY_MODEL_DEVELOPMENT,False,True,RADIOLOGY_NO_DOCUMENTED_FOLLOWUP,SIEMENS,AUXILIARY_AUTOMATIC_MASK_ONLY,False,False,False,internal_test,-1,Y0_M0_SSIEMENS,internal_test,False,False,False,True,False
74,100069,100069_00001,2015-02-11 00:00:00,054Y,54.0,M,SIEMENS,non-PDAC,0,radiology,False,1,False,1,True,automatic,automatic_labels/100069_00001.nii.gz,b8e7f8436141a32ded0f9b0eb5961f9b15f187ed,2043518,True,True,False,True,False,PANORAMA_LOCAL,PRIMARY_MODEL_DEVELOPMENT,False,True,RADIOLOGY_NO_DOCUMENTED_FOLLOWUP,SIEMENS,AUXILIARY_AUTOMATIC_MASK_ONLY,False,False,False,validation,-1,Y0_M0_SSIEMENS,validation,False,True,True,False,False
75,100070,100070_00001,2018-09-19 00:00:00,077Y,77.0,F,TOSHIBA,non-PDAC,0,radiology,False,1,False,1,True,automatic,automatic_labels/100070_00001.nii.gz,b1dc0569e3806a015d744222b66b2a00bda2fa37,574261,True,True,False,True,False,PANORAMA_LOCAL,PRIMARY_MODEL_DEVELOPMENT,False,True,RADIOLOGY_NO_DOCUMENTED_FOLLOWUP,TOSHIBA,AUXILIARY_AUTOMATIC_MASK_ONLY,False,False,False,train,4,Y0_M0_STOSHIBA,train,True,False,False,False,False
76,100071,100071_00001,2016-01-25 00:00:00,072Y,72.0,F,TOSHIBA,non-PDAC,0,radiology,False,1,False,1,True,automatic,automatic_labels/100071_00001.nii.gz,84d7db5d56eb64e8bd09df5398ee89e4178368b3,341800,True,True,False,True,False,PANORAMA_LOCAL,PRIMARY_MODEL_DEVELOPMENT,False,True,RADIOLOGY_NO_DOCUMENTED_FOLLOWUP,TOSHIBA,AUXILIARY_AUTOMATIC_MASK_ONLY,False,False,False,train,4,Y0_M0_STOSHIBA,train,True,False,False,False,False
77,100072,100072_00001,2017-07-04 00:00:00,077Y,77.0,M,TOSHIBA,non-PDAC,0,radiology,False,1,False,1,True,automatic,automatic_labels/100072_00001.nii.gz,c0a63c43c136d8c44617b538fe7b4296c58f91b6,1780292,True,True,False,True,False,PANORAMA_LOCAL,PRIMARY_MODEL_DEVELOPMENT,False,True,RADIOLOGY_NO_DOCUMENTED_FOLLOWUP,TOSHIBA,AUXILIARY_AUTOMATIC_MASK_ONLY,False,False,False,internal_test,-1,Y0_M0_STOSHIBA,internal_test,False,False,False,True,False
78,100073,100073_00001,,,,,,non-PDAC,0,MSD_dataset,True,1,False,1,True,automatic,automatic_labels/100073_00001.nii.gz,69228bba82a2025750242d502075e3b991ea112c,365829,True,True,False,True,False,MSD_EXTERNAL_MIXED,LOCKED_EXTERNAL_MIXED_TEST,True,False,MSD_DATASET_DERIVED,[MISSING],AUXILIARY_AUTOMATIC_MASK_ONLY,True,False,False,,-1,,external_msd_test,False,False,False,True,False
79,100074,100074_00001,2020-10-30 00:00:00,075Y,75.0,M,Philips,PDAC,1,histopathology,False,1,False,1,True,manual,manual_labels/100074_00001.nii.gz,816835d08a51a52a6d039cf1409a3f84768bf0f8,277178,True,True,True,False,True,PANORAMA_LOCAL,PRIMARY_MODEL_DEVELOPMENT,False,True,TISSUE_CONFIRMED,Philips,PRIMARY_MANUAL_PDAC_REFERENCE,False,False,False,internal_test,-1,Y1_M1_SPhilips,internal_test,False,False,False,True,True
80,100075,100075_00001,2015-04-07 00:00:00,065Y,65.0,M,TOSHIBA,non-PDAC,0,radiology,False,1,False,1,True,automatic,automatic_labels/100075_00001.nii.gz,a3152d89f9f11b3d3df293ac2131622a0aecd784,663375,True,True,False,True,False,PANORAMA_LOCAL,PRIMARY_MODEL_DEVELOPMENT,False,True,RADIOLOGY_NO_DOCUMENTED_FOLLOWUP,TOSHIBA,AUXILIARY_AUTOMATIC_MASK_ONLY,False,False,False,validation,-1,Y0_M0_STOSHIBA,validation,False,True,True,False,False
81,100076,100076_00001,2019-01-24 00:00:00,054Y,54.0,F,SIEMENS,non-PDAC,0,radiology,False,1,False,1,True,automatic,automatic_labels/100076_00001.nii.gz,989e08942e8d4e7c1e2a5de244acfc851fd60ed1,601402,True,True,False,True,False,PANORAMA_LOCAL,PRIMARY_MODEL_DEVELOPMENT,False,True,RADIOLOGY_NO_DOCUMENTED_FOLLOWUP,SIEMENS,AUXILIARY_AUTOMATIC_MASK_ONLY,False,False,False,internal_test,-1,Y0_M0_SSIEMENS,internal_test,False,False,False,True,False
82,100077,100077_00001,2018-12-17 00:00:00,060Y,60.0,M,TOSHIBA,non-PDAC,0,radiology,False,1,False,1,True,automatic,automatic_labels/100077_00001.nii.gz,f2399e02177b375f989d6dfe299b611cc3084f05,1834418,True,True,False,True,False,PANORAMA_LOCAL,PRIMARY_MODEL_DEVELOPMENT,False,True,RADIOLOGY_NO_DOCUMENTED_FOLLOWUP,TOSHIBA,AUXILIARY_AUTOMATIC_MASK_ONLY,False,False,False,validation,-1,Y0_M0_STOSHIBA,validation,False,True,True,False,False
83,100078,100078_00001,2018-10-13 00:00:00,052Y,52.0,F,TOSHIBA,non-PDAC,0,radiology,False,1,False,1,True,automatic,automatic_labels/100078_00001.nii.gz,27be9d8f8f6bee6f77acba949abe64a007374889,286239,True,True,False,True,False,PANORAMA_LOCAL,PRIMARY_MODEL_DEVELOPMENT,False,True,RADIOLOGY_NO_DOCUMENTED_FOLLOWUP,TOSHIBA,AUXILIARY_AUTOMATIC_MASK_ONLY,False,False,False,internal_test,-1,Y0_M0_STOSHIBA,internal_test,False,False,False,True,False
84,100079,100079_00001,2018-02-11 00:00:00,057Y,57.0,M,TOSHIBA,non-PDAC,0,radiology,False,1,False,1,True,automatic,automatic_labels/100079_00001.nii.gz,af4bd59f028c6493ec79e8de73cee760006a18f5,624966,True,True,False,True,False,PANORAMA_LOCAL,PRIMARY_MODEL_DEVELOPMENT,False,True,RADIOLOGY_NO_DOCUMENTED_FOLLOWUP,TOSHIBA,AUXILIARY_AUTOMATIC_MASK_ONLY,False,False,False,train,3,Y0_M0_STOSHIBA,train,True,False,False,False,False
85,100080,100080_00001,2017-08-15 00:00:00,067Y,67.0,F,SIEMENS,non-PDAC,0,radiology,False,1,False,1,True,automatic,automatic_labels/100080_00001.nii.gz,653f2a359d4531e140a5b18197668a0649d6585b,656686,True,True,False,True,False,PANORAMA_LOCAL,PRIMARY_MODEL_DEVELOPMENT,False,True,RADIOLOGY_NO_DOCUMENTED_FOLLOWUP,SIEMENS,AUXILIARY_AUTOMATIC_MASK_ONLY,False,False,False,train,1,Y0_M0_SSIEMENS,train,True,False,False,False,False
86,100081,100081_00001,2016-01-09 00:00:00,081Y,81.0,F,SIEMENS,non-PDAC,0,radiology,False,1,False,1,True,automatic,automatic_labels/100081_00001.nii.gz,a22424cc844b3be655adc4eb85876f0ccd965ec0,635638,True,True,False,True,False,PANORAMA_LOCAL,PRIMARY_MODEL_DEVELOPMENT,False,True,RADIOLOGY_NO_DOCUMENTED_FOLLOWUP,SIEMENS,AUXILIARY_AUTOMATIC_MASK_ONLY,False,False,False,internal_test,-1,Y0_M0_SSIEMENS,internal_test,False,False,False,True,False
87,100082,100082_00001,2016-12-07 00:00:00,080Y,80.0,M,Philips,PDAC,1,histopathology,False,1,False,1,True,automatic,automatic_labels/100082_00001.nii.gz,cd8920e547114ea3118b4b9062f9e0d46f8fd61d,1014638,True,True,False,True,False,PANORAMA_LOCAL,PRIMARY_MODEL_DEVELOPMENT,False,True,TISSUE_CONFIRMED,Philips,AUXILIARY_AUTOMATIC_MASK_ONLY,False,False,False,train,1,Y1_M0_SPhilips,train,True,False,False,False,False
88,100083,100083_00001,2016-03-15 00:00:00,063Y,63.0,F,SIEMENS,non-PDAC,0,radiology,False,1,False,1,True,automatic,automatic_labels/100083_00001.nii.gz,c857a0a1607eede6939ba93669c20a92f1eaf7f7,679521,True,True,False,True,False,PANORAMA_LOCAL,PRIMARY_MODEL_DEVELOPMENT,False,True,RADIOLOGY_NO_DOCUMENTED_FOLLOWUP,SIEMENS,AUXILIARY_AUTOMATIC_MASK_ONLY,False,False,False,train,3,Y0_M0_SSIEMENS,train,True,False,False,False,False
89,100084,100084_00001,2014-01-04 00:00:00,057Y,57.0,F,SIEMENS,non-PDAC,0,radiology,False,1,False,1,True,automatic,automatic_labels/100084_00001.nii.gz,1ee7387d5cb1fa0c30dbfc751e37f430aa5be57f,1254631,True,True,False,True,False,PANORAMA_LOCAL,PRIMARY_MODEL_DEVELOPMENT,False,True,RADIOLOGY_NO_DOCUMENTED_FOLLOWUP,SIEMENS,AUXILIARY_AUTOMATIC_MASK_ONLY,False,False,False,train,3,Y0_M0_SSIEMENS,train,True,False,False,False,False
90,100085,100085_00001,,,,,,non-PDAC,0,MSD_dataset,True,1,False,1,True,automatic,automatic_labels/100085_00001.nii.gz,54372dc66aaee15ecac9a86fcf87c8910cdc9f65,122026,True,True,False,True,False,MSD_EXTERNAL_MIXED,LOCKED_EXTERNAL_MIXED_TEST,True,False,MSD_DATASET_DERIVED,[MISSING],AUXILIARY_AUTOMATIC_MASK_ONLY,True,False,False,,-1,,external_msd_test,False,False,False,True,False
91,100086,100086_00001,,,,,,PDAC,1,MSD_dataset,True,1,False,1,True,manual,manual_labels/100086_00001.nii.gz,5406f6c62027c20b4d411c1b8100e3a8fb3e7910,109971,True,True,True,False,True,MSD_EXTERNAL_MIXED,LOCKED_EXTERNAL_MIXED_TEST,True,False,MSD_DATASET_DERIVED,[MISSING],PRIMARY_MANUAL_PDAC_REFERENCE,True,True,False,,-1,,external_msd_test,False,False,False,True,True
92,100087,100087_00001,2017-10-12 00:00:00,063Y,63.0,M,TOSHIBA,non-PDAC,0,radiology,False,1,False,1,True,automatic,automatic_labels/100087_00001.nii.gz,73c423a2a4f658b318815d30a1966bb11b95c860,1724482,True,True,False,True,False,PANORAMA_LOCAL,PRIMARY_MODEL_DEVELOPMENT,False,True,RADIOLOGY_NO_DOCUMENTED_FOLLOWUP,TOSHIBA,AUXILIARY_AUTOMATIC_MASK_ONLY,False,False,False,train,1,Y0_M0_STOSHIBA,train,True,False,False,False,False
93,100088,100088_00001,2018-07-15 00:00:00,054Y,54.0,F,Philips,non-PDAC,0,histopathology,False,1,False,1,True,automatic,automatic_labels/100088_00001.nii.gz,a8ed9860984a115d112acf0fabf83eef48765e81,284799,True,True,False,True,False,PANORAMA_LOCAL,PRIMARY_MODEL_DEVELOPMENT,False,True,TISSUE_CONFIRMED,Philips,AUXILIARY_AUTOMATIC_MASK_ONLY,False,False,False,internal_test,-1,Y0_M0_SPhilips,internal_test,False,False,False,True,False
94,100089,100089_00001,2015-11-10 00:00:00,,,,,non-PDAC,0,NIH_dataset,True,1,False,1,True,automatic,automatic_labels/100089_00001.nii.gz,99320d19d191dd3b699cefe2b1a48d6ab891a873,673671,True,True,False,True,False,NIH_NEGATIVE_STRESS,LOCKED_NEGATIVE_SPECIFICITY_STRESS_TEST,True,False,NIH_DATASET_DERIVED,[MISSING],AUXILIARY_AUTOMATIC_MASK_ONLY,False,False,True,,-1,,nih_negative_stress_test,False,False,False,True,False
95,100090,100090_00001,2020-10-06 00:00:00,068Y,68.0,F,SIEMENS,non-PDAC,0,cytology,False,1,False,1,True,automatic,automatic_labels/100090_00001.nii.gz,137eeedf63ed341a02c7225e2471dffc46443439,317594,True,True,False,True,False,PANORAMA_LOCAL,PRIMARY_MODEL_DEVELOPMENT,False,True,CYTOLOGY_CONFIRMED,SIEMENS,AUXILIARY_AUTOMATIC_MASK_ONLY,False,False,False,internal_test,-1,Y0_M0_SSIEMENS,internal_test,False,False,False,True,False
96,100091,100091_00001,2020-02-08 00:00:00,067Y,67.0,M,TOSHIBA,PDAC,1,cytology,False,1,False,1,True,automatic,automatic_labels/100091_00001.nii.gz,8e348b12577f2ffbfaf42bf645bb50907dc3ace9,1790426,True,True,False,True,False,PANORAMA_LOCAL,PRIMARY_MODEL_DEVELOPMENT,False,True,CYTOLOGY_CONFIRMED,TOSHIBA,AUXILIARY_AUTOMATIC_MASK_ONLY,False,False,False,train,1,Y1_M0_STOSHIBA,train,True,False,False,False,False
97,100092,100092_00001,2016-04-28 00:00:00,047Y,47.0,F,SIEMENS,non-PDAC,0,radiology,False,1,False,1,True,automatic,automatic_labels/100092_00001.nii.gz,1b1415db4af9bae0feefdb64b6ad9d676eac97a7,382000,True,True,False,True,False,PANORAMA_LOCAL,PRIMARY_MODEL_DEVELOPMENT,False,True,RADIOLOGY_NO_DOCUMENTED_FOLLOWUP,SIEMENS,AUXILIARY_AUTOMATIC_MASK_ONLY,False,False,False,internal_test,-1,Y0_M0_SSIEMENS,internal_test,False,False,False,True,False
98,100093,100093_00001,,,,,,PDAC,1,MSD_dataset,True,1,False,1,True,manual,manual_labels/100093_00001.nii.gz,7e7984070699a53cbe3ab37baf81dc14e75bd2ba,227590,True,True,True,False,True,MSD_EXTERNAL_MIXED,LOCKED_EXTERNAL_MIXED_TEST,True,False,MSD_DATASET_DERIVED,[MISSING],PRIMARY_MANUAL_PDAC_REFERENCE,True,True,False,,-1,,external_msd_test,False,False,False,True,True
99,100094,100094_00001,2018-08-17 00:00:00,060Y,60.0,F,SIEMENS,non-PDAC,0,radiology,False,1,False,1,True,automatic,automatic_labels/100094_00001.nii.gz,e2463de06ccc117f46137b39bf71591e2d63768b,537696,True,True,False,True,False,PANORAMA_LOCAL,PRIMARY_MODEL_DEVELOPMENT,False,True,RADIOLOGY_NO_DOCUMENTED_FOLLOWUP,SIEMENS,AUXILIARY_AUTOMATIC_MASK_ONLY,False,False,False,validation,-1,Y0_M0_SSIEMENS,validation,False,True,True,False,False
100,100095,100095_00001,2017-03-02 00:00:00,072Y,72.0,F,TOSHIBA,non-PDAC,0,radiology,False,1,False,1,True,automatic,automatic_labels/100095_00001.nii.gz,94feccc23709bfcb3ec86a47faf22483f6fe56f3,206516,True,True,False,True,False,PANORAMA_LOCAL,PRIMARY_MODEL_DEVELOPMENT,False,True,RADIOLOGY_NO_DOCUMENTED_FOLLOWUP,TOSHIBA,AUXILIARY_AUTOMATIC_MASK_ONLY,False,False,False,internal_test,-1,Y0_M0_STOSHIBA,internal_test,False,False,False,True,False
101,100096,100096_00001,2017-07-05 00:00:00,076Y,76.0,F,Philips,PDAC,1,histopathology,False,1,False,1,True,automatic,automatic_labels/100096_00001.nii.gz,ffd16f5700a56132eae73719dacc75eaba7b719b,1062654,True,True,False,True,False,PANORAMA_LOCAL,PRIMARY_MODEL_DEVELOPMENT,False,True,TISSUE_CONFIRMED,Philips,AUXILIARY_AUTOMATIC_MASK_ONLY,False,False,False,validation,-1,Y1_M0_SPhilips,validation,False,True,True,False,False
102,100097,100097_00001,2018-02-18 00:00:00,057Y,57.0,M,TOSHIBA,non-PDAC,0,radiology,False,1,False,1,True,automatic,automatic_labels/100097_00001.nii.gz,d80954ccb84537b80d10444c8110e995ff5826ec,344286,True,True,False,True,False,PANORAMA_LOCAL,PRIMARY_MODEL_DEVELOPMENT,False,True,RADIOLOGY_NO_DOCUMENTED_FOLLOWUP,TOSHIBA,AUXILIARY_AUTOMATIC_MASK_ONLY,False,False,False,internal_test,-1,Y0_M0_STOSHIBA,internal_test,False,False,False,True,False
103,100098,100098_00001,2016-02-26 00:00:00,063Y,63.0,M,TOSHIBA,non-PDAC,0,radiology,False,1,False,1,True,automatic,automatic_labels/100098_00001.nii.gz,e2b94f456d63edae17c2f596f6368b6e66ea2352,1854295,True,True,False,True,False,PANORAMA_LOCAL,PRIMARY_MODEL_DEVELOPMENT,False,True,RADIOLOGY_NO_DOCUMENTED_FOLLOWUP,TOSHIBA,AUXILIARY_AUTOMATIC_MASK_ONLY,False,False,False,train,3,Y0_M0_STOSHIBA,train,True,False,False,False,False
104,100099,100099_00001,2017-11-14 00:00:00,052Y,52.0,F,Philips,non-PDAC,0,histopathology,False,1,False,1,True,automatic,automatic_labels/100099_00001.nii.gz,8135113c71cdcd593915f915f2d60d9f436d0227,1729504,True,True,False,True,False,PANORAMA_LOCAL,PRIMARY_MODEL_DEVELOPMENT,False,True,TISSUE_CONFIRMED,Philips,AUXILIARY_AUTOMATIC_MASK_ONLY,False,False,False,validation,-1,Y0_M0_SPhilips,validation,False,True,True,False,False
105,100100,100100_00001,2013-11-17 00:00:00,088Y,88.0,F,GE MEDICAL SYSTEMS,PDAC,1,pathology,False,1,False,1,True,manual,manual_labels/100100_00001.nii.gz,7af9d544c7ed65067e110a5e01034f4e4c101d1d,97636,True,True,True,False,True,PANORAMA_LOCAL,PRIMARY_MODEL_DEVELOPMENT,False,True,TISSUE_CONFIRMED,GE MEDICAL SYSTEMS,PRIMARY_MANUAL_PDAC_REFERENCE,False,False,False,train,0,Y1_M1_SGE MEDICAL SYSTEMS,train,True,False,False,False,False
106,100101,100101_00001,2017-01-31 00:00:00,068Y,68.0,M,TOSHIBA,PDAC,1,histopathology,False,1,False,1,True,manual,manual_labels/100101_00001.nii.gz,8e4aa293c1f5ab66b540d809192a64d46907c770,516667,True,True,True,False,True,PANORAMA_LOCAL,PRIMARY_MODEL_DEVELOPMENT,False,True,TISSUE_CONFIRMED,TOSHIBA,PRIMARY_MANUAL_PDAC_REFERENCE,False,False,False,train,1,Y1_M1_STOSHIBA,train,True,False,False,False,False
107,100102,100102_00001,2018-09-10 00:00:00,053Y,53.0,M,Philips,PDAC,1,radiology,False,1,False,1,True,manual,manual_labels/100102_00001.nii.gz,03f042f456f744e69d50721ed90649c34b78451f,305268,True,True,True,False,True,PANORAMA_LOCAL,PRIMARY_MODEL_DEVELOPMENT,False,True,RADIOLOGY_NO_DOCUMENTED_FOLLOWUP,Philips,PRIMARY_MANUAL_PDAC_REFERENCE,False,False,False,validation,-1,Y1_M1_SPhilips,validation,False,True,True,False,False
108,100103,100103_00001,2018-06-17 00:00:00,074Y,74.0,M,TOSHIBA,non-PDAC,0,radiology,False,1,False,1,True,automatic,automatic_labels/100103_00001.nii.gz,92429b9e93430c1a9704cbc7f9dffec54d8fa648,1121387,True,True,False,True,False,PANORAMA_LOCAL,PRIMARY_MODEL_DEVELOPMENT,False,True,RADIOLOGY_NO_DOCUMENTED_FOLLOWUP,TOSHIBA,AUXILIARY_AUTOMATIC_MASK_ONLY,False,False,False,train,1,Y0_M0_STOSHIBA,train,True,False,False,False,False
109,100104,100104_00001,2017-04-11 00:00:00,047Y,47.0,M,TOSHIBA,non-PDAC,0,radiology,False,1,False,1,True,automatic,automatic_labels/100104_00001.nii.gz,daea9b2105c17221130fdfb1e5b7abd6e7bb8016,753791,True,True,False,True,False,PANORAMA_LOCAL,PRIMARY_MODEL_DEVELOPMENT,False,True,RADIOLOGY_NO_DOCUMENTED_FOLLOWUP,TOSHIBA,AUXILIARY_AUTOMATIC_MASK_ONLY,False,False,False,train,0,Y0_M0_STOSHIBA,train,True,False,False,False,False
110,100105,100105_00001,,,,,,non-PDAC,0,MSD_dataset,True,1,False,1,True,automatic,automatic_labels/100105_00001.nii.gz,961f1ef4a266ec49d1fdc02f58351b3a46990961,197065,True,True,False,True,False,MSD_EXTERNAL_MIXED,LOCKED_EXTERNAL_MIXED_TEST,True,False,MSD_DATASET_DERIVED,[MISSING],AUXILIARY_AUTOMATIC_MASK_ONLY,True,False,False,,-1,,external_msd_test,False,False,False,True,False
111,100106,100106_00001,2019-12-22 00:00:00,050Y,50.0,F,SIEMENS,non-PDAC,0,cytology,False,1,False,1,True,automatic,automatic_labels/100106_00001.nii.gz,1b521780ecc3f7d5ecae146d119a0fe25c074e43,553442,True,True,False,True,False,PANORAMA_LOCAL,PRIMARY_MODEL_DEVELOPMENT,False,True,CYTOLOGY_CONFIRMED,SIEMENS,AUXILIARY_AUTOMATIC_MASK_ONLY,False,False,False,train,3,Y0_M0_SSIEMENS,train,True,False,False,False,False
112,100107,100107_00001,2022-03-11 00:00:00,077Y,77.0,F,SIEMENS,PDAC,1,pathology,False,1,False,1,True,manual,manual_labels/100107_00001.nii.gz,29853f9a6653cd72486a9cdb3382e904a1a054a5,1689070,True,True,True,False,True,PANORAMA_LOCAL,PRIMARY_MODEL_DEVELOPMENT,False,True,TISSUE_CONFIRMED,SIEMENS,PRIMARY_MANUAL_PDAC_REFERENCE,False,False,False,train,4,Y1_M1_SSIEMENS,train,True,False,False,False,False
113,100108,100108_00001,,,,,,non-PDAC,0,MSD_dataset,True,1,False,1,True,automatic,automatic_labels/100108_00001.nii.gz,b027581e000a5cd2fa74bf73955f72377807b207,96765,True,True,False,True,False,MSD_EXTERNAL_MIXED,LOCKED_EXTERNAL_MIXED_TEST,True,False,MSD_DATASET_DERIVED,[MISSING],AUXILIARY_AUTOMATIC_MASK_ONLY,True,False,False,,-1,,external_msd_test,False,False,False,True,False
114,100109,100109_00001,2017-03-21 00:00:00,057Y,57.0,M,TOSHIBA,non-PDAC,0,radiology,False,1,False,1,True,automatic,automatic_labels/100109_00001.nii.gz,989b6e5332ffacdc552df99774ff0d497d7e5541,691239,True,True,False,True,False,PANORAMA_LOCAL,PRIMARY_MODEL_DEVELOPMENT,False,True,RADIOLOGY_NO_DOCUMENTED_FOLLOWUP,TOSHIBA,AUXILIARY_AUTOMATIC_MASK_ONLY,False,False,False,train,0,Y0_M0_STOSHIBA,train,True,False,False,False,False
115,100110,100110_00001,,,,,,PDAC,1,MSD_dataset,True,1,False,1,True,manual,manual_labels/100110_00001.nii.gz,bbc15d7f51a0835afd9677425cd2b588cce6b319,58084,True,True,True,False,True,MSD_EXTERNAL_MIXED,LOCKED_EXTERNAL_MIXED_TEST,True,False,MSD_DATASET_DERIVED,[MISSING],PRIMARY_MANUAL_PDAC_REFERENCE,True,True,False,,-1,,external_msd_test,False,False,False,True,True
116,100111,100111_00001,2014-10-19 00:00:00,038Y,38.0,M,SIEMENS,non-PDAC,0,radiology,False,1,False,1,True,automatic,automatic_labels/100111_00001.nii.gz,293287f2075bced3b2d11db7de0cefbc155ed53b,616331,True,True,False,True,False,PANORAMA_LOCAL,PRIMARY_MODEL_DEVELOPMENT,False,True,RADIOLOGY_NO_DOCUMENTED_FOLLOWUP,SIEMENS,AUXILIARY_AUTOMATIC_MASK_ONLY,False,False,False,validation,-1,Y0_M0_SSIEMENS,validation,False,True,True,False,False
117,100112,100112_00001,2017-09-15 00:00:00,065Y,65.0,F,GE MEDICAL SYSTEMS,non-PDAC,0,pathology,False,1,False,1,True,automatic,automatic_labels/100112_00001.nii.gz,b879ed73cba66663bfb28a284e7a21e0eeb415d3,788885,True,True,False,True,False,PANORAMA_LOCAL,PRIMARY_MODEL_DEVELOPMENT,False,True,TISSUE_CONFIRMED,GE MEDICAL SYSTEMS,AUXILIARY_AUTOMATIC_MASK_ONLY,False,False,False,train,4,Y0_M0_SGE MEDICAL SYSTEMS,train,True,False,False,False,False
118,100113,100113_00001,2021-04-14 00:00:00,075Y,75.0,F,SIEMENS,PDAC,1,cytology,False,1,False,1,True,manual,manual_labels/100113_00001.nii.gz,674f86c23e672dc75c96c14539ff178964883bd7,197828,True,True,True,False,True,PANORAMA_LOCAL,PRIMARY_MODEL_DEVELOPMENT,False,True,CYTOLOGY_CONFIRMED,SIEMENS,PRIMARY_MANUAL_PDAC_REFERENCE,False,False,False,train,3,Y1_M1_SSIEMENS,train,True,False,False,False,False
119,100114,100114_00001,2015-08-03 00:00:00,063Y,63.0,M,SIEMENS,non-PDAC,0,radiology,False,1,False,1,True,automatic,automatic_labels/100114_00001.nii.gz,dca271348c28c11fd8da44d553accc616ce8b576,363958,True,True,False,True,False,PANORAMA_LOCAL,PRIMARY_MODEL_DEVELOPMENT,False,True,RADIOLOGY_NO_DOCUMENTED_FOLLOWUP,SIEMENS,AUXILIARY_AUTOMATIC_MASK_ONLY,False,False,False,train,4,Y0_M0_SSIEMENS,train,True,False,False,False,False
120,100115,100115_00001,2018-05-12 00:00:00,058Y,58.0,M,TOSHIBA,non-PDAC,0,radiology,False,1,False,1,True,automatic,automatic_labels/100115_00001.nii.gz,b4d3fe2dd1e92a862ad353e3acb667f24f1d0c2e,270023,True,True,False,True,False,PANORAMA_LOCAL,PRIMARY_MODEL_DEVELOPMENT,False,True,RADIOLOGY_NO_DOCUMENTED_FOLLOWUP,TOSHIBA,AUXILIARY_AUTOMATIC_MASK_ONLY,False,False,False,internal_test,-1,Y0_M0_STOSHIBA,internal_test,False,False,False,True,False
121,100116,100116_00001,,,,,,PDAC,1,MSD_dataset,True,1,False,1,True,manual,manual_labels/100116_00001.nii.gz,ed75f80571b9243ca088d6829d7c1963b91d3241,55886,True,True,True,False,True,MSD_EXTERNAL_MIXED,LOCKED_EXTERNAL_MIXED_TEST,True,False,MSD_DATASET_DERIVED,[MISSING],PRIMARY_MANUAL_PDAC_REFERENCE,True,True,False,,-1,,external_msd_test,False,False,False,True,True
122,100117,100117_00001,2019-04-19 00:00:00,044Y,44.0,F,SIEMENS,non-PDAC,0,radiology,False,1,False,1,True,automatic,automatic_labels/100117_00001.nii.gz,5b474d9ae3fd10128d95b8e60465c7442be6986c,325075,True,True,False,True,False,PANORAMA_LOCAL,PRIMARY_MODEL_DEVELOPMENT,False,True,RADIOLOGY_NO_DOCUMENTED_FOLLOWUP,SIEMENS,AUXILIARY_AUTOMATIC_MASK_ONLY,False,False,False,train,3,Y0_M0_SSIEMENS,train,True,False,False,False,False
123,100118,100118_00001,2020-10-04 00:00:00,075Y,75.0,F,SIEMENS,non-PDAC,0,pathology,False,1,False,1,True,automatic,automatic_labels/100118_00001.nii.gz,11d86aa87e6675e5c69cac7d28fe8cfff82e9fed,556231,True,True,False,True,False,PANORAMA_LOCAL,PRIMARY_MODEL_DEVELOPMENT,False,True,TISSUE_CONFIRMED,SIEMENS,AUXILIARY_AUTOMATIC_MASK_ONLY,False,False,False,internal_test,-1,Y0_M0_SSIEMENS,internal_test,False,False,False,True,False
124,100119,100119_00001,2017-12-06 00:00:00,049Y,49.0,F,TOSHIBA,non-PDAC,0,radiology,False,1,False,1,True,automatic,automatic_labels/100119_00001.nii.gz,56cec889d1cf7d02de7da89033636f04ebd97be9,257712,True,True,False,True,False,PANORAMA_LOCAL,PRIMARY_MODEL_DEVELOPMENT,False,True,RADIOLOGY_NO_DOCUMENTED_FOLLOWUP,TOSHIBA,AUXILIARY_AUTOMATIC_MASK_ONLY,False,False,False,train,2,Y0_M0_STOSHIBA,train,True,False,False,False,False
125,100120,100120_00001,2018-12-20 00:00:00,071Y,71.0,F,SIEMENS,non-PDAC,0,histopathology,False,1,False,1,True,automatic,automatic_labels/100120_00001.nii.gz,4e2160076263198923eb52e4d221019279e704db,309711,True,True,False,True,False,PANORAMA_LOCAL,PRIMARY_MODEL_DEVELOPMENT,False,True,TISSUE_CONFIRMED,SIEMENS,AUXILIARY_AUTOMATIC_MASK_ONLY,False,False,False,internal_test,-1,Y0_M0_SSIEMENS,internal_test,False,False,False,True,False
126,100121,100121_00001,2017-06-21 00:00:00,084Y,84.0,M,SIEMENS,non-PDAC,0,radiology,False,1,False,1,True,automatic,automatic_labels/100121_00001.nii.gz,b60f42aa33cd11e54d471f364c050b7c766c2966,1975071,True,True,False,True,False,PANORAMA_LOCAL,PRIMARY_MODEL_DEVELOPMENT,False,True,RADIOLOGY_NO_DOCUMENTED_FOLLOWUP,SIEMENS,AUXILIARY_AUTOMATIC_MASK_ONLY,False,False,False,internal_test,-1,Y0_M0_SSIEMENS,internal_test,False,False,False,True,False
127,100122,100122_00001,2018-09-23 00:00:00,047Y,47.0,F,SIEMENS,non-PDAC,0,radiology,False,1,False,1,True,automatic,automatic_labels/100122_00001.nii.gz,fdf4032d9d1593b7cc07cbc7efc8fb5b29187326,646549,True,True,False,True,False,PANORAMA_LOCAL,PRIMARY_MODEL_DEVELOPMENT,False,True,RADIOLOGY_NO_DOCUMENTED_FOLLOWUP,SIEMENS,AUXILIARY_AUTOMATIC_MASK_ONLY,False,False,False,train,3,Y0_M0_SSIEMENS,train,True,False,False,False,False
128,100123,100123_00001,2016-11-21 00:00:00,086Y,86.0,F,SIEMENS,non-PDAC,0,radiology,False,1,False,1,True,automatic,automatic_labels/100123_00001.nii.gz,61a599e8aa85b03488509dc6f88eebe475ef38a6,550586,True,True,False,True,False,PANORAMA_LOCAL,PRIMARY_MODEL_DEVELOPMENT,False,True,RADIOLOGY_NO_DOCUMENTED_FOLLOWUP,SIEMENS,AUXILIARY_AUTOMATIC_MASK_ONLY,False,False,False,internal_test,-1,Y0_M0_SSIEMENS,internal_test,False,False,False,True,False
129,100124,100124_00001,2012-12-17 00:00:00,085Y,85.0,F,Philips,PDAC,1,pathology,False,1,False,1,True,manual,manual_labels/100124_00001.nii.gz,e04247f1f9a2c142bc1affecb8214f44c0d754a3,258336,True,True,True,False,True,PANORAMA_LOCAL,PRIMARY_MODEL_DEVELOPMENT,False,True,TISSUE_CONFIRMED,Philips,PRIMARY_MANUAL_PDAC_REFERENCE,False,False,False,train,3,Y1_M1_SPhilips,train,True,False,False,False,False
130,100125,100125_00001,2013-07-30 00:00:00,043Y,43.0,F,Philips,non-PDAC,0,histopathology,False,1,False,1,True,automatic,automatic_labels/100125_00001.nii.gz,735503b0dc7abb57bc503fb7525ee1c7f0243926,331373,True,True,False,True,False,PANORAMA_LOCAL,PRIMARY_MODEL_DEVELOPMENT,False,True,TISSUE_CONFIRMED,Philips,AUXILIARY_AUTOMATIC_MASK_ONLY,False,False,False,train,3,Y0_M0_SPhilips,train,True,False,False,False,False
131,100126,100126_00001,2019-02-22 00:00:00,034Y,34.0,M,SIEMENS,PDAC,1,radiology,False,1,False,1,True,automatic,automatic_labels/100126_00001.nii.gz,0ea2cdb4a6030b0b520846e2e991bc166e1d61c3,311396,True,True,False,True,False,PANORAMA_LOCAL,PRIMARY_MODEL_DEVELOPMENT,False,True,RADIOLOGY_NO_DOCUMENTED_FOLLOWUP,SIEMENS,AUXILIARY_AUTOMATIC_MASK_ONLY,False,False,False,train,1,Y1_M0_SSIEMENS,train,True,False,False,False,False
132,100127,100127_00001,2020-01-05 00:00:00,081Y,81.0,M,TOSHIBA,PDAC,1,cytology,False,1,False,1,True,manual,manual_labels/100127_00001.nii.gz,0462eaa65620f7edf8f2159aedcba4efa5a56318,206780,True,True,True,False,True,PANORAMA_LOCAL,PRIMARY_MODEL_DEVELOPMENT,False,True,CYTOLOGY_CONFIRMED,TOSHIBA,PRIMARY_MANUAL_PDAC_REFERENCE,False,False,False,train,4,Y1_M1_STOSHIBA,train,True,False,False,False,False
133,100128,100128_00001,2019-05-09 00:00:00,067Y,67.0,F,GE MEDICAL SYSTEMS,non-PDAC,0,pathology,False,1,False,1,True,automatic,automatic_labels/100128_00001.nii.gz,e4863b118a87c49a886d1c0f3cbcf7389513bcee,1384773,True,True,False,True,False,PANORAMA_LOCAL,PRIMARY_MODEL_DEVELOPMENT,False,True,TISSUE_CONFIRMED,GE MEDICAL SYSTEMS,AUXILIARY_AUTOMATIC_MASK_ONLY,False,False,False,train,4,Y0_M0_SGE MEDICAL SYSTEMS,train,True,False,False,False,False
134,100129,100129_00001,2016-08-15 00:00:00,077Y,77.0,M,SIEMENS,non-PDAC,0,radiology,False,1,False,1,True,automatic,automatic_labels/100129_00001.nii.gz,4075f1dc2b3fa2e07606f6fdb6e025e2753759e5,293668,True,True,False,True,False,PANORAMA_LOCAL,PRIMARY_MODEL_DEVELOPMENT,False,True,RADIOLOGY_NO_DOCUMENTED_FOLLOWUP,SIEMENS,AUXILIARY_AUTOMATIC_MASK_ONLY,False,False,False,train,4,Y0_M0_SSIEMENS,train,True,False,False,False,False
135,100130,100130_00001,2019-01-23 00:00:00,061Y,61.0,F,Philips,PDAC,1,histopathology,False,1,False,1,True,manual,manual_labels/100130_00001.nii.gz,b3807195ab38931886f455f174cc003e2b66c2f9,367822,True,True,True,False,True,PANORAMA_LOCAL,PRIMARY_MODEL_DEVELOPMENT,False,True,TISSUE_CONFIRMED,Philips,PRIMARY_MANUAL_PDAC_REFERENCE,False,False,False,train,3,Y1_M1_SPhilips,train,True,False,False,False,False
136,100131,100131_00001,2017-08-16 00:00:00,040Y,40.0,M,SIEMENS,non-PDAC,0,radiology,False,1,False,1,True,automatic,automatic_labels/100131_00001.nii.gz,033a38c1bfd1e8d239c14c4f43abb9762371f9e4,640877,True,True,False,True,False,PANORAMA_LOCAL,PRIMARY_MODEL_DEVELOPMENT,False,True,RADIOLOGY_NO_DOCUMENTED_FOLLOWUP,SIEMENS,AUXILIARY_AUTOMATIC_MASK_ONLY,False,False,False,train,1,Y0_M0_SSIEMENS,train,True,False,False,False,False
137,100132,100132_00001,2014-01-05 00:00:00,059Y,59.0,F,SIEMENS,non-PDAC,0,histopathology,False,1,False,1,True,automatic,automatic_labels/100132_00001.nii.gz,94d29e82215223cf73de714557ddeb109cd73c95,250442,True,True,False,True,False,PANORAMA_LOCAL,PRIMARY_MODEL_DEVELOPMENT,False,True,TISSUE_CONFIRMED,SIEMENS,AUXILIARY_AUTOMATIC_MASK_ONLY,False,False,False,train,0,Y0_M0_SSIEMENS,train,True,False,False,False,False
138,100133,100133_00001,2014-05-22 00:00:00,078Y,78.0,M,SIEMENS,non-PDAC,0,pathology,False,1,False,1,True,automatic,automatic_labels/100133_00001.nii.gz,95211d249f0f1b7ab95a657bfd574f5c75aa381a,305769,True,True,False,True,False,PANORAMA_LOCAL,PRIMARY_MODEL_DEVELOPMENT,False,True,TISSUE_CONFIRMED,SIEMENS,AUXILIARY_AUTOMATIC_MASK_ONLY,False,False,False,train,2,Y0_M0_SSIEMENS,train,True,False,False,False,False
139,100134,100134_00001,2021-11-06 00:00:00,049Y,49.0,F,Philips,PDAC,1,histopathology,False,1,False,1,True,manual,manual_labels/100134_00001.nii.gz,ae6b5cc1dc59476a1ea41a84c17a39a4cc0ca186,324964,True,True,True,False,True,PANORAMA_LOCAL,PRIMARY_MODEL_DEVELOPMENT,False,True,TISSUE_CONFIRMED,Philips,PRIMARY_MANUAL_PDAC_REFERENCE,False,False,False,validation,-1,Y1_M1_SPhilips,validation,False,True,True,False,False
140,100135,100135_00001,2018-06-01 00:00:00,068Y,68.0,F,TOSHIBA,PDAC,1,cytology,False,1,False,1,True,automatic,automatic_labels/100135_00001.nii.gz,010cbdefc0a766bdcbef58f7581250627ca3a287,389009,True,True,False,True,False,PANORAMA_LOCAL,PRIMARY_MODEL_DEVELOPMENT,False,True,CYTOLOGY_CONFIRMED,TOSHIBA,AUXILIARY_AUTOMATIC_MASK_ONLY,False,False,False,train,3,Y1_M0_STOSHIBA,train,True,False,False,False,False
141,100136,100136_00001,2016-03-12 00:00:00,038Y,38.0,F,Philips,non-PDAC,0,histopathology,False,1,False,1,True,automatic,automatic_labels/100136_00001.nii.gz,99c4adb71223da61fea2d25345322cd96bd089da,198158,True,True,False,True,False,PANORAMA_LOCAL,PRIMARY_MODEL_DEVELOPMENT,False,True,TISSUE_CONFIRMED,Philips,AUXILIARY_AUTOMATIC_MASK_ONLY,False,False,False,train,3,Y0_M0_SPhilips,train,True,False,False,False,False
142,100137,100137_00001,2017-02-06 00:00:00,057Y,57.0,F,TOSHIBA,non-PDAC,0,radiology,False,1,False,1,True,automatic,automatic_labels/100137_00001.nii.gz,aed57da3fa2be0cce309e8a4c94cf1b67d0e67b0,525243,True,True,False,True,False,PANORAMA_LOCAL,PRIMARY_MODEL_DEVELOPMENT,False,True,RADIOLOGY_NO_DOCUMENTED_FOLLOWUP,TOSHIBA,AUXILIARY_AUTOMATIC_MASK_ONLY,False,False,False,train,4,Y0_M0_STOSHIBA,train,True,False,False,False,False
143,100138,100138_00001,2020-04-03 00:00:00,063Y,63.0,F,SIEMENS,PDAC,1,cytology,False,1,False,1,True,manual,manual_labels/100138_00001.nii.gz,05a46fcb12ca5974310f3f22633b47640cf7cd8d,225258,True,True,True,False,True,PANORAMA_LOCAL,PRIMARY_MODEL_DEVELOPMENT,False,True,CYTOLOGY_CONFIRMED,SIEMENS,PRIMARY_MANUAL_PDAC_REFERENCE,False,False,False,train,2,Y1_M1_SSIEMENS,train,True,False,False,False,False
144,100139,100139_00001,2016-01-16 00:00:00,076Y,76.0,M,SIEMENS,non-PDAC,0,radiology,False,1,False,1,True,automatic,automatic_labels/100139_00001.nii.gz,e2f49340c9f80f81dc3802f89d1c52bdc8f45048,635518,True,True,False,True,False,PANORAMA_LOCAL,PRIMARY_MODEL_DEVELOPMENT,False,True,RADIOLOGY_NO_DOCUMENTED_FOLLOWUP,SIEMENS,AUXILIARY_AUTOMATIC_MASK_ONLY,False,False,False,train,4,Y0_M0_SSIEMENS,train,True,False,False,False,False
145,100140,100140_00001,,,,,,PDAC,1,MSD_dataset,True,1,False,1,True,manual,manual_labels/100140_00001.nii.gz,9879c3a84f89deb8b45486ac7e5f46759e59a1a5,199307,True,True,True,False,True,MSD_EXTERNAL_MIXED,LOCKED_EXTERNAL_MIXED_TEST,True,False,MSD_DATASET_DERIVED,[MISSING],PRIMARY_MANUAL_PDAC_REFERENCE,True,True,False,,-1,,external_msd_test,False,False,False,True,True
146,100141,100141_00001,2015-01-30 00:00:00,073Y,73.0,M,TOSHIBA,non-PDAC,0,cytology,False,1,False,1,True,automatic,automatic_labels/100141_00001.nii.gz,f86cda02e1dd5264cc8b9fbb9a8ca2d4c18cedcb,393912,True,True,False,True,False,PANORAMA_LOCAL,PRIMARY_MODEL_DEVELOPMENT,False,True,CYTOLOGY_CONFIRMED,TOSHIBA,AUXILIARY_AUTOMATIC_MASK_ONLY,False,False,False,internal_test,-1,Y0_M0_STOSHIBA,internal_test,False,False,False,True,False
147,100142,100142_00001,,,,,,non-PDAC,0,MSD_dataset,True,1,False,1,True,automatic,automatic_labels/100142_00001.nii.gz,bd184ab8215347d23547f9fe90ef7b742b3ee98d,240603,True,True,False,True,False,MSD_EXTERNAL_MIXED,LOCKED_EXTERNAL_MIXED_TEST,True,False,MSD_DATASET_DERIVED,[MISSING],AUXILIARY_AUTOMATIC_MASK_ONLY,True,False,False,,-1,,external_msd_test,False,False,False,True,False
148,100143,100143_00001,2021-05-22 00:00:00,080Y,80.0,M,Philips,PDAC,1,cytology,False,1,False,1,True,automatic,automatic_labels/100143_00001.nii.gz,17ed3c6697a84039c5ead9ede57038f12b7a9958,459704,True,True,False,True,False,PANORAMA_LOCAL,PRIMARY_MODEL_DEVELOPMENT,False,True,CYTOLOGY_CONFIRMED,Philips,AUXILIARY_AUTOMATIC_MASK_ONLY,False,False,False,train,4,Y1_M0_SPhilips,train,True,False,False,False,False
149,100144,100144_00001,2021-05-06 00:00:00,080Y,80.0,F,SIEMENS,PDAC,1,histopathology,False,1,False,1,True,manual,manual_labels/100144_00001.nii.gz,7c66f873759aa8838d4265a3df24f455a2d2a9b4,262611,True,True,True,False,True,PANORAMA_LOCAL,PRIMARY_MODEL_DEVELOPMENT,False,True,TISSUE_CONFIRMED,SIEMENS,PRIMARY_MANUAL_PDAC_REFERENCE,False,False,False,train,4,Y1_M1_SSIEMENS,train,True,False,False,False,False
150,100145,100145_00001,2015-09-16 00:00:00,053Y,53.0,F,SIEMENS,non-PDAC,0,radiology,False,1,False,1,True,automatic,automatic_labels/100145_00001.nii.gz,b6de05e1d39fe63b0bf148f401f847026afc00fc,979072,True,True,False,True,False,PANORAMA_LOCAL,PRIMARY_MODEL_DEVELOPMENT,False,True,RADIOLOGY_NO_DOCUMENTED_FOLLOWUP,SIEMENS,AUXILIARY_AUTOMATIC_MASK_ONLY,False,False,False,train,2,Y0_M0_SSIEMENS,train,True,False,False,False,False
151,100146,100146_00001,2016-01-24 00:00:00,053Y,53.0,M,SIEMENS,non-PDAC,0,radiology,False,1,False,1,True,automatic,automatic_labels/100146_00001.nii.gz,07fa5a2a2158a1fd3650e5453c8c41c6b9a1bc21,624767,True,True,False,True,False,PANORAMA_LOCAL,PRIMARY_MODEL_DEVELOPMENT,False,True,RADIOLOGY_NO_DOCUMENTED_FOLLOWUP,SIEMENS,AUXILIARY_AUTOMATIC_MASK_ONLY,False,False,False,train,1,Y0_M0_SSIEMENS,train,True,False,False,False,False
152,100147,100147_00001,,,,,,non-PDAC,0,MSD_dataset,True,1,False,1,True,automatic,automatic_labels/100147_00001.nii.gz,e0b7ddba4170f195c963b16d0944bd574e918d36,231706,True,True,False,True,False,MSD_EXTERNAL_MIXED,LOCKED_EXTERNAL_MIXED_TEST,True,False,MSD_DATASET_DERIVED,[MISSING],AUXILIARY_AUTOMATIC_MASK_ONLY,True,False,False,,-1,,external_msd_test,False,False,False,True,False
153,100148,100148_00001,2016-03-02 00:00:00,073Y,73.0,F,SIEMENS,non-PDAC,0,radiology,False,1,False,1,True,automatic,automatic_labels/100148_00001.nii.gz,d328f0e66c38b82f4c5bea9810fac42493d7fb8f,588250,True,True,False,True,False,PANORAMA_LOCAL,PRIMARY_MODEL_DEVELOPMENT,False,True,RADIOLOGY_NO_DOCUMENTED_FOLLOWUP,SIEMENS,AUXILIARY_AUTOMATIC_MASK_ONLY,False,False,False,train,4,Y0_M0_SSIEMENS,train,True,False,False,False,False
154,100149,100149_00001,2015-11-13 00:00:00,067Y,67.0,M,SIEMENS,non-PDAC,0,histopathology,False,1,False,1,True,automatic,automatic_labels/100149_00001.nii.gz,789784ecb99b5fe001d77f03712b96d8591914d6,251091,True,True,False,True,False,PANORAMA_LOCAL,PRIMARY_MODEL_DEVELOPMENT,False,True,TISSUE_CONFIRMED,SIEMENS,AUXILIARY_AUTOMATIC_MASK_ONLY,False,False,False,internal_test,-1,Y0_M0_SSIEMENS,internal_test,False,False,False,True,False
155,100150,100150_00001,2018-02-11 00:00:00,065Y,65.0,F,Philips,PDAC,1,radiology,False,1,False,1,True,automatic,automatic_labels/100150_00001.nii.gz,860081f09cccec4f67e1f0d448edb2682e11572a,1397161,True,True,False,True,False,PANORAMA_LOCAL,PRIMARY_MODEL_DEVELOPMENT,False,True,RADIOLOGY_NO_DOCUMENTED_FOLLOWUP,Philips,AUXILIARY_AUTOMATIC_MASK_ONLY,False,False,False,train,4,Y1_M0_SPhilips,train,True,False,False,False,False
156,100151,100151_00001,2015-08-17 00:00:00,051Y,51.0,M,SIEMENS,non-PDAC,0,radiology,False,1,False,1,True,automatic,automatic_labels/100151_00001.nii.gz,5e9d1af01bba3da892cb91277ec31ccdc88d22d7,384630,True,True,False,True,False,PANORAMA_LOCAL,PRIMARY_MODEL_DEVELOPMENT,False,True,RADIOLOGY_NO_DOCUMENTED_FOLLOWUP,SIEMENS,AUXILIARY_AUTOMATIC_MASK_ONLY,False,False,False,train,1,Y0_M0_SSIEMENS,train,True,False,False,False,False
157,100152,100152_00001,2018-04-02 00:00:00,050Y,50.0,M,TOSHIBA,non-PDAC,0,radiology,False,1,False,1,True,automatic,automatic_labels/100152_00001.nii.gz,e554c75ca47e59da42953a2c8d54c1e3704ec38c,1546711,True,True,False,True,False,PANORAMA_LOCAL,PRIMARY_MODEL_DEVELOPMENT,False,True,RADIOLOGY_NO_DOCUMENTED_FOLLOWUP,TOSHIBA,AUXILIARY_AUTOMATIC_MASK_ONLY,False,False,False,train,4,Y0_M0_STOSHIBA,train,True,False,False,False,False
158,100153,100153_00001,,,,,,PDAC,1,MSD_dataset,True,1,False,1,True,manual,manual_labels/100153_00001.nii.gz,709e88feb2022c4b2f6780e2e820603e12a59e3b,60766,True,True,True,False,True,MSD_EXTERNAL_MIXED,LOCKED_EXTERNAL_MIXED_TEST,True,False,MSD_DATASET_DERIVED,[MISSING],PRIMARY_MANUAL_PDAC_REFERENCE,True,True,False,,-1,,external_msd_test,False,False,False,True,True
159,100154,100154_00001,2016-12-22 00:00:00,065Y,65.0,M,TOSHIBA,non-PDAC,0,radiology,False,1,False,1,True,automatic,automatic_labels/100154_00001.nii.gz,d8472cb77002e2d2306f3280e546e4e27b26838c,233436,True,True,False,True,False,PANORAMA_LOCAL,PRIMARY_MODEL_DEVELOPMENT,False,True,RADIOLOGY_NO_DOCUMENTED_FOLLOWUP,TOSHIBA,AUXILIARY_AUTOMATIC_MASK_ONLY,False,False,False,internal_test,-1,Y0_M0_STOSHIBA,internal_test,False,False,False,True,False
160,100155,100155_00001,2014-06-24 00:00:00,060Y,60.0,M,Philips,non-PDAC,0,histopathology,False,1,False,1,True,automatic,automatic_labels/100155_00001.nii.gz,a3022ffbc6050abccb4f94f1c9e57c158ebc5952,1311150,True,True,False,True,False,PANORAMA_LOCAL,PRIMARY_MODEL_DEVELOPMENT,False,True,TISSUE_CONFIRMED,Philips,AUXILIARY_AUTOMATIC_MASK_ONLY,False,False,False,internal_test,-1,Y0_M0_SPhilips,internal_test,False,False,False,True,False
161,100156,100156_00001,2016-09-25 00:00:00,043Y,43.0,M,SIEMENS,non-PDAC,0,radiology,False,1,False,1,True,automatic,automatic_labels/100156_00001.nii.gz,c8903faddaa3843c3f61758635089c3a65bf5df0,695169,True,True,False,True,False,PANORAMA_LOCAL,PRIMARY_MODEL_DEVELOPMENT,False,True,RADIOLOGY_NO_DOCUMENTED_FOLLOWUP,SIEMENS,AUXILIARY_AUTOMATIC_MASK_ONLY,False,False,False,train,2,Y0_M0_SSIEMENS,train,True,False,False,False,False
162,100157,100157_00001,2020-08-23 00:00:00,068Y,68.0,F,Philips,PDAC,1,cytology,False,1,False,1,True,automatic,automatic_labels/100157_00001.nii.gz,a9acab0647af7a7408bbf1d08eb869c885cb7c54,644530,True,True,False,True,False,PANORAMA_LOCAL,PRIMARY_MODEL_DEVELOPMENT,False,True,CYTOLOGY_CONFIRMED,Philips,AUXILIARY_AUTOMATIC_MASK_ONLY,False,False,False,train,4,Y1_M0_SPhilips,train,True,False,False,False,False
163,100158,100158_00001,2018-09-19 00:00:00,065Y,65.0,M,TOSHIBA,non-PDAC,0,radiology,False,1,False,1,True,automatic,automatic_labels/100158_00001.nii.gz,d427ed2772a10f6132f1806484a2f67902b07a83,234006,True,True,False,True,False,PANORAMA_LOCAL,PRIMARY_MODEL_DEVELOPMENT,False,True,RADIOLOGY_NO_DOCUMENTED_FOLLOWUP,TOSHIBA,AUXILIARY_AUTOMATIC_MASK_ONLY,False,False,False,validation,-1,Y0_M0_STOSHIBA,validation,False,True,True,False,False
164,100159,100159_00001,2020-06-05 00:00:00,039Y,39.0,F,Philips,non-PDAC,0,pathology,False,1,False,1,True,automatic,automatic_labels/100159_00001.nii.gz,5cfb4cca0518e854991e6efffe2746b8214849d3,2193000,True,True,False,True,False,PANORAMA_LOCAL,PRIMARY_MODEL_DEVELOPMENT,False,True,TISSUE_CONFIRMED,Philips,AUXILIARY_AUTOMATIC_MASK_ONLY,False,False,False,train,3,Y0_M0_SPhilips,train,True,False,False,False,False
165,100160,100160_00001,2018-03-24 00:00:00,053Y,53.0,F,SIEMENS,non-PDAC,0,radiology,False,1,False,1,True,automatic,automatic_labels/100160_00001.nii.gz,a053c609c314f072681d0cc285d2c05c1cdf13eb,2098134,True,True,False,True,False,PANORAMA_LOCAL,PRIMARY_MODEL_DEVELOPMENT,False,True,RADIOLOGY_NO_DOCUMENTED_FOLLOWUP,SIEMENS,AUXILIARY_AUTOMATIC_MASK_ONLY,False,False,False,train,2,Y0_M0_SSIEMENS,train,True,False,False,False,False
166,100161,100161_00001,2017-01-14 00:00:00,056Y,56.0,M,Philips,PDAC,1,histopathology,False,1,False,1,True,manual,manual_labels/100161_00001.nii.gz,45bd1f6cfe11321e63e84673026fba24dadc70cc,102337,True,True,True,False,True,PANORAMA_LOCAL,PRIMARY_MODEL_DEVELOPMENT,False,True,TISSUE_CONFIRMED,Philips,PRIMARY_MANUAL_PDAC_REFERENCE,False,False,False,train,0,Y1_M1_SPhilips,train,True,False,False,False,False
167,100162,100162_00001,,,,,,PDAC,1,MSD_dataset,True,1,False,1,True,manual,manual_labels/100162_00001.nii.gz,138431acfe0ed31222f6b8a5bb591f60411f08e1,64659,True,True,True,False,True,MSD_EXTERNAL_MIXED,LOCKED_EXTERNAL_MIXED_TEST,True,False,MSD_DATASET_DERIVED,[MISSING],PRIMARY_MANUAL_PDAC_REFERENCE,True,True,False,,-1,,external_msd_test,False,False,False,True,True
168,100163,100163_00001,,,,,,PDAC,1,MSD_dataset,True,1,False,1,True,manual,manual_labels/100163_00001.nii.gz,b75d4a9972d5c2baa0d840c890295927b5cf3f23,64119,True,True,True,False,True,MSD_EXTERNAL_MIXED,LOCKED_EXTERNAL_MIXED_TEST,True,False,MSD_DATASET_DERIVED,[MISSING],PRIMARY_MANUAL_PDAC_REFERENCE,True,True,False,,-1,,external_msd_test,False,False,False,True,True
169,100164,100164_00001,2019-02-08 00:00:00,084Y,84.0,F,GE MEDICAL SYSTEMS,PDAC,1,pathology,False,1,False,1,True,automatic,automatic_labels/100164_00001.nii.gz,128e57bbf81b42da25b67c98e5bc45ba2d234bf2,2052846,True,True,False,True,False,PANORAMA_LOCAL,PRIMARY_MODEL_DEVELOPMENT,False,True,TISSUE_CONFIRMED,GE MEDICAL SYSTEMS,AUXILIARY_AUTOMATIC_MASK_ONLY,False,False,False,internal_test,-1,Y1_M0,internal_test,False,False,False,True,False
170,100165,100165_00001,,,,,,non-PDAC,0,MSD_dataset,True,1,False,1,True,automatic,automatic_labels/100165_00001.nii.gz,8b8898c70c34ad769b467ff62fb7809d08c722c4,184940,True,True,False,True,False,MSD_EXTERNAL_MIXED,LOCKED_EXTERNAL_MIXED_TEST,True,False,MSD_DATASET_DERIVED,[MISSING],AUXILIARY_AUTOMATIC_MASK_ONLY,True,False,False,,-1,,external_msd_test,False,False,False,True,False
171,100166,100166_00001,2010-04-27 00:00:00,093Y,93.0,F,SIEMENS,PDAC,1,cytology,False,1,False,1,True,manual,manual_labels/100166_00001.nii.gz,c21d5fe922b598bd525302e89fb78d890833d27e,296899,True,True,True,False,True,PANORAMA_LOCAL,PRIMARY_MODEL_DEVELOPMENT,False,True,CYTOLOGY_CONFIRMED,SIEMENS,PRIMARY_MANUAL_PDAC_REFERENCE,False,False,False,validation,-1,Y1_M1_SSIEMENS,validation,False,True,True,False,False
172,100167,100167_00001,,,,,,PDAC,1,MSD_dataset,True,1,False,1,True,manual,manual_labels/100167_00001.nii.gz,6c86a5b3e77fd719e5e089f9ce10b36a90e8c693,225655,True,True,True,False,True,MSD_EXTERNAL_MIXED,LOCKED_EXTERNAL_MIXED_TEST,True,False,MSD_DATASET_DERIVED,[MISSING],PRIMARY_MANUAL_PDAC_REFERENCE,True,True,False,,-1,,external_msd_test,False,False,False,True,True
173,100168,100168_00001,2020-10-11 00:00:00,082Y,82.0,M,Philips,PDAC,1,histopathology,False,1,False,1,True,manual,manual_labels/100168_00001.nii.gz,7b8e271ca480cc651f267a328da397e7cdc63642,354546,True,True,True,False,True,PANORAMA_LOCAL,PRIMARY_MODEL_DEVELOPMENT,False,True,TISSUE_CONFIRMED,Philips,PRIMARY_MANUAL_PDAC_REFERENCE,False,False,False,validation,-1,Y1_M1_SPhilips,validation,False,True,True,False,False
174,100169,100169_00001,2016-07-22 00:00:00,086Y,86.0,M,TOSHIBA,non-PDAC,0,radiology,False,1,False,1,True,automatic,automatic_labels/100169_00001.nii.gz,3c7ae4fb04999d46b20ce7c385503af11bfbbb13,386201,True,True,False,True,False,PANORAMA_LOCAL,PRIMARY_MODEL_DEVELOPMENT,False,True,RADIOLOGY_NO_DOCUMENTED_FOLLOWUP,TOSHIBA,AUXILIARY_AUTOMATIC_MASK_ONLY,False,False,False,train,1,Y0_M0_STOSHIBA,train,True,False,False,False,False
175,100170,100170_00001,2015-12-10 00:00:00,,,,,non-PDAC,0,NIH_dataset,True,1,False,1,True,automatic,automatic_labels/100170_00001.nii.gz,6673a39f712db7028697c8b5ea1924a7094a6dff,435040,True,True,False,True,False,NIH_NEGATIVE_STRESS,LOCKED_NEGATIVE_SPECIFICITY_STRESS_TEST,True,False,NIH_DATASET_DERIVED,[MISSING],AUXILIARY_AUTOMATIC_MASK_ONLY,False,False,True,,-1,,nih_negative_stress_test,False,False,False,True,False
176,100171,100171_00001,2018-10-03 00:00:00,066Y,66.0,F,SIEMENS,non-PDAC,0,radiology,False,1,False,1,True,automatic,automatic_labels/100171_00001.nii.gz,43b20333c51e15c48e86e220a47bb6af23bb7cbb,697640,True,True,False,True,False,PANORAMA_LOCAL,PRIMARY_MODEL_DEVELOPMENT,False,True,RADIOLOGY_NO_DOCUMENTED_FOLLOWUP,SIEMENS,AUXILIARY_AUTOMATIC_MASK_ONLY,False,False,False,validation,-1,Y0_M0_SSIEMENS,validation,False,True,True,False,False
177,100172,100172_00001,2016-08-27 00:00:00,072Y,72.0,M,TOSHIBA,non-PDAC,0,radiology,False,1,False,1,True,automatic,automatic_labels/100172_00001.nii.gz,86f28d79d44be6505b2b6723c447faba5bb88e37,351313,True,True,False,True,False,PANORAMA_LOCAL,PRIMARY_MODEL_DEVELOPMENT,False,True,RADIOLOGY_NO_DOCUMENTED_FOLLOWUP,TOSHIBA,AUXILIARY_AUTOMATIC_MASK_ONLY,False,False,False,train,1,Y0_M0_STOSHIBA,train,True,False,False,False,False
178,100173,100173_00001,2019-09-25 00:00:00,075Y,75.0,M,SIEMENS,non-PDAC,0,radiology,False,1,False,1,True,automatic,automatic_labels/100173_00001.nii.gz,60198002a2c510cce8ffdfae49df3fc9e5c1341d,654718,True,True,False,True,False,PANORAMA_LOCAL,PRIMARY_MODEL_DEVELOPMENT,False,True,RADIOLOGY_NO_DOCUMENTED_FOLLOWUP,SIEMENS,AUXILIARY_AUTOMATIC_MASK_ONLY,False,False,False,train,2,Y0_M0_SSIEMENS,train,True,False,False,False,False
179,100174,100174_00001,2015-10-27 00:00:00,,,,,non-PDAC,0,NIH_dataset,True,1,False,1,True,automatic,automatic_labels/100174_00001.nii.gz,e2c5cd28ea2eee718e300b1992b19d85eab59c6c,489841,True,True,False,True,False,NIH_NEGATIVE_STRESS,LOCKED_NEGATIVE_SPECIFICITY_STRESS_TEST,True,False,NIH_DATASET_DERIVED,[MISSING],AUXILIARY_AUTOMATIC_MASK_ONLY,False,False,True,,-1,,nih_negative_stress_test,False,False,False,True,False
180,100175,100175_00001,2015-09-01 00:00:00,067Y,67.0,M,SIEMENS,non-PDAC,0,radiology,False,1,False,1,True,automatic,automatic_labels/100175_00001.nii.gz,f8c9f07ed3a601d415ed93525ba927aa9fb26462,359103,True,True,False,True,False,PANORAMA_LOCAL,PRIMARY_MODEL_DEVELOPMENT,False,True,RADIOLOGY_NO_DOCUMENTED_FOLLOWUP,SIEMENS,AUXILIARY_AUTOMATIC_MASK_ONLY,False,False,False,train,1,Y0_M0_SSIEMENS,train,True,False,False,False,False
181,100176,100176_00001,,,,,,PDAC,1,MSD_dataset,True,1,False,1,True,manual,manual_labels/100176_00001.nii.gz,cff8e66fb95eeef3e4cc3d819ca04697e03617fc,219721,True,True,True,False,True,MSD_EXTERNAL_MIXED,LOCKED_EXTERNAL_MIXED_TEST,True,False,MSD_DATASET_DERIVED,[MISSING],PRIMARY_MANUAL_PDAC_REFERENCE,True,True,False,,-1,,external_msd_test,False,False,False,True,True
182,100177,100177_00001,2015-07-07 00:00:00,061Y,61.0,M,SIEMENS,non-PDAC,0,radiology,False,1,False,1,True,automatic,automatic_labels/100177_00001.nii.gz,97cee542e716fb1f0f091ada0f68970062f2908e,628346,True,True,False,True,False,PANORAMA_LOCAL,PRIMARY_MODEL_DEVELOPMENT,False,True,RADIOLOGY_NO_DOCUMENTED_FOLLOWUP,SIEMENS,AUXILIARY_AUTOMATIC_MASK_ONLY,False,False,False,internal_test,-1,Y0_M0_SSIEMENS,internal_test,False,False,False,True,False
183,100178,100178_00001,2015-03-15 00:00:00,063Y,63.0,M,SIEMENS,non-PDAC,0,radiology,False,1,False,1,True,automatic,automatic_labels/100178_00001.nii.gz,fb98af6617bb6c10c2ffa617e69378897939591e,357491,True,True,False,True,False,PANORAMA_LOCAL,PRIMARY_MODEL_DEVELOPMENT,False,True,RADIOLOGY_NO_DOCUMENTED_FOLLOWUP,SIEMENS,AUXILIARY_AUTOMATIC_MASK_ONLY,False,False,False,train,2,Y0_M0_SSIEMENS,train,True,False,False,False,False
184,100179,100179_00001,2015-09-25 00:00:00,065Y,65.0,F,SIEMENS,non-PDAC,0,radiology,False,1,False,1,True,automatic,automatic_labels/100179_00001.nii.gz,fb2f9f54def31029850723a37db9d51df365105c,470104,True,True,False,True,False,PANORAMA_LOCAL,PRIMARY_MODEL_DEVELOPMENT,False,True,RADIOLOGY_NO_DOCUMENTED_FOLLOWUP,SIEMENS,AUXILIARY_AUTOMATIC_MASK_ONLY,False,False,False,validation,-1,Y0_M0_SSIEMENS,validation,False,True,True,False,False
185,100180,100180_00001,2018-08-31 00:00:00,068Y,68.0,M,Philips,PDAC,1,radiology,False,1,False,1,True,automatic,automatic_labels/100180_00001.nii.gz,53af06c2e835b33e72596eef6ec590ee7267b341,557228,True,True,False,True,False,PANORAMA_LOCAL,PRIMARY_MODEL_DEVELOPMENT,False,True,RADIOLOGY_NO_DOCUMENTED_FOLLOWUP,Philips,AUXILIARY_AUTOMATIC_MASK_ONLY,False,False,False,train,2,Y1_M0_SPhilips,train,True,False,False,False,False
186,100181,100181_00001,2017-05-22 00:00:00,048Y,48.0,M,TOSHIBA,non-PDAC,0,radiology,False,1,False,1,True,automatic,automatic_labels/100181_00001.nii.gz,ecfef787b72f01ea54ab209e735067ca0b5490d8,344345,True,True,False,True,False,PANORAMA_LOCAL,PRIMARY_MODEL_DEVELOPMENT,False,True,RADIOLOGY_NO_DOCUMENTED_FOLLOWUP,TOSHIBA,AUXILIARY_AUTOMATIC_MASK_ONLY,False,False,False,train,4,Y0_M0_STOSHIBA,train,True,False,False,False,False
187,100182,100182_00001,2018-07-15 00:00:00,029Y,29.0,F,TOSHIBA,non-PDAC,0,radiology,False,1,False,1,True,automatic,automatic_labels/100182_00001.nii.gz,66ff39f74080045ec66737a7f6b8046d0cc45153,400053,True,True,False,True,False,PANORAMA_LOCAL,PRIMARY_MODEL_DEVELOPMENT,False,True,RADIOLOGY_NO_DOCUMENTED_FOLLOWUP,TOSHIBA,AUXILIARY_AUTOMATIC_MASK_ONLY,False,False,False,train,0,Y0_M0_STOSHIBA,train,True,False,False,False,False
188,100183,100183_00001,2017-02-21 00:00:00,061Y,61.0,F,Philips,PDAC,1,cytology,False,1,False,1,True,manual,manual_labels/100183_00001.nii.gz,6c496be2912d9f32878cf8e161f04aa68debc452,444689,True,True,True,False,True,PANORAMA_LOCAL,PRIMARY_MODEL_DEVELOPMENT,False,True,CYTOLOGY_CONFIRMED,Philips,PRIMARY_MANUAL_PDAC_REFERENCE,False,False,False,validation,-1,Y1_M1_SPhilips,validation,False,True,True,False,False
189,100184,100184_00001,2014-01-15 00:00:00,061Y,61.0,M,TOSHIBA,non-PDAC,0,radiology,False,1,False,1,True,automatic,automatic_labels/100184_00001.nii.gz,5e35dc8b9b591e9d8b6385bd0627559cef06cc54,719003,True,True,False,True,False,PANORAMA_LOCAL,PRIMARY_MODEL_DEVELOPMENT,False,True,RADIOLOGY_NO_DOCUMENTED_FOLLOWUP,TOSHIBA,AUXILIARY_AUTOMATIC_MASK_ONLY,False,False,False,train,0,Y0_M0_STOSHIBA,train,True,False,False,False,False
190,100185,100185_00001,2018-08-24 00:00:00,078Y,78.0,M,TOSHIBA,non-PDAC,0,radiology,False,1,False,1,True,automatic,automatic_labels/100185_00001.nii.gz,cafec2ebdcebc295a9b4ada99e0d1e41bd30ff8e,218954,True,True,False,True,False,PANORAMA_LOCAL,PRIMARY_MODEL_DEVELOPMENT,False,True,RADIOLOGY_NO_DOCUMENTED_FOLLOWUP,TOSHIBA,AUXILIARY_AUTOMATIC_MASK_ONLY,False,False,False,internal_test,-1,Y0_M0_STOSHIBA,internal_test,False,False,False,True,False
191,100186,100186_00001,2016-10-27 00:00:00,081Y,81.0,M,SIEMENS,non-PDAC,0,radiology,False,1,False,1,True,automatic,automatic_labels/100186_00001.nii.gz,f90f2f44f07bc37b4e93c1bb8ccacc5f8379550b,456220,True,True,False,True,False,PANORAMA_LOCAL,PRIMARY_MODEL_DEVELOPMENT,False,True,RADIOLOGY_NO_DOCUMENTED_FOLLOWUP,SIEMENS,AUXILIARY_AUTOMATIC_MASK_ONLY,False,False,False,train,0,Y0_M0_SSIEMENS,train,True,False,False,False,False
192,100187,100187_00001,2014-11-26 00:00:00,059Y,59.0,F,Philips,PDAC,1,histopathology,False,1,False,1,True,manual,manual_labels/100187_00001.nii.gz,12cbb0d0dfa35e47294e979d61626ee1f3cec73d,376192,True,True,True,False,True,PANORAMA_LOCAL,PRIMARY_MODEL_DEVELOPMENT,False,True,TISSUE_CONFIRMED,Philips,PRIMARY_MANUAL_PDAC_REFERENCE,False,False,False,internal_test,-1,Y1_M1_SPhilips,internal_test,False,False,False,True,True
193,100188,100188_00001,2016-06-19 00:00:00,047Y,47.0,M,SIEMENS,non-PDAC,0,radiology,False,1,False,1,True,automatic,automatic_labels/100188_00001.nii.gz,9244a8f075d4c07b1539e31adf97082f8442427b,786198,True,True,False,True,False,PANORAMA_LOCAL,PRIMARY_MODEL_DEVELOPMENT,False,True,RADIOLOGY_NO_DOCUMENTED_FOLLOWUP,SIEMENS,AUXILIARY_AUTOMATIC_MASK_ONLY,False,False,False,internal_test,-1,Y0_M0_SSIEMENS,internal_test,False,False,False,True,False
194,100189,100189_00001,2014-02-03 00:00:00,051Y,51.0,F,SIEMENS,non-PDAC,0,radiology,False,1,False,1,True,automatic,automatic_labels/100189_00001.nii.gz,e101596a90bf33948d5f1e9efae1fb39338aca99,234981,True,True,False,True,False,PANORAMA_LOCAL,PRIMARY_MODEL_DEVELOPMENT,False,True,RADIOLOGY_NO_DOCUMENTED_FOLLOWUP,SIEMENS,AUXILIARY_AUTOMATIC_MASK_ONLY,False,False,False,train,3,Y0_M0_SSIEMENS,train,True,False,False,False,False
195,100190,100190_00001,2014-07-26 00:00:00,044Y,44.0,M,TOSHIBA,non-PDAC,0,radiology,False,1,False,1,True,automatic,automatic_labels/100190_00001.nii.gz,bc1fc7a0fc533c38fb52d9f805e04af07df2af04,651406,True,True,False,True,False,PANORAMA_LOCAL,PRIMARY_MODEL_DEVELOPMENT,False,True,RADIOLOGY_NO_DOCUMENTED_FOLLOWUP,TOSHIBA,AUXILIARY_AUTOMATIC_MASK_ONLY,False,False,False,internal_test,-1,Y0_M0_STOSHIBA,internal_test,False,False,False,True,False
196,100191,100191_00001,2016-07-15 00:00:00,074Y,74.0,M,TOSHIBA,non-PDAC,0,radiology,False,1,False,1,True,automatic,automatic_labels/100191_00001.nii.gz,2a65ca5fcc7e6dc0b57410853156fd2ac483973b,587185,True,True,False,True,False,PANORAMA_LOCAL,PRIMARY_MODEL_DEVELOPMENT,False,True,RADIOLOGY_NO_DOCUMENTED_FOLLOWUP,TOSHIBA,AUXILIARY_AUTOMATIC_MASK_ONLY,False,False,False,train,4,Y0_M0_STOSHIBA,train,True,False,False,False,False
197,100192,100192_00001,2016-07-27 00:00:00,051Y,51.0,M,TOSHIBA,non-PDAC,0,radiology,False,1,False,1,True,automatic,automatic_labels/100192_00001.nii.gz,ea2c5c524b89074d218b290694586aa793cedbca,304096,True,True,False,True,False,PANORAMA_LOCAL,PRIMARY_MODEL_DEVELOPMENT,False,True,RADIOLOGY_NO_DOCUMENTED_FOLLOWUP,TOSHIBA,AUXILIARY_AUTOMATIC_MASK_ONLY,False,False,False,train,3,Y0_M0_STOSHIBA,train,True,False,False,False,False
198,100193,100193_00001,2017-12-15 00:00:00,059Y,59.0,F,TOSHIBA,non-PDAC,0,radiology,False,1,False,1,True,automatic,automatic_labels/100193_00001.nii.gz,6e1982257766684ed02c47680b2f0d8bc750c58f,545261,True,True,False,True,False,PANORAMA_LOCAL,PRIMARY_MODEL_DEVELOPMENT,False,True,RADIOLOGY_NO_DOCUMENTED_FOLLOWUP,TOSHIBA,AUXILIARY_AUTOMATIC_MASK_ONLY,False,False,False,train,0,Y0_M0_STOSHIBA,train,True,False,False,False,False
199,100194,100194_00001,2020-07-06 00:00:00,055Y,55.0,F,Philips,PDAC,1,pathology,False,1,False,1,True,manual,manual_labels/100194_00001.nii.gz,ae60ed0dd16a1bf01e0ac8ca8b0dcf9a9ee34512,2223330,True,True,True,False,True,PANORAMA_LOCAL,PRIMARY_MODEL_DEVELOPMENT,False,True,TISSUE_CONFIRMED,Philips,PRIMARY_MANUAL_PDAC_REFERENCE,False,False,False,validation,-1,Y1_M1_SPhilips,validation,False,True,True,False,False
200,100195,100195_00001,2015-11-16 00:00:00,054Y,54.0,F,SIEMENS,non-PDAC,0,radiology,False,1,False,1,True,automatic,automatic_labels/100195_00001.nii.gz,c712a2c37ca7bd923b9e009ce9e2f9b3dc824829,604378,True,True,False,True,False,PANORAMA_LOCAL,PRIMARY_MODEL_DEVELOPMENT,False,True,RADIOLOGY_NO_DOCUMENTED_FOLLOWUP,SIEMENS,AUXILIARY_AUTOMATIC_MASK_ONLY,False,False,False,validation,-1,Y0_M0_SSIEMENS,validation,False,True,True,False,False
201,100196,100196_00001,2019-02-22 00:00:00,065Y,65.0,M,Philips,PDAC,1,histopathology,False,1,False,1,True,automatic,automatic_labels/100196_00001.nii.gz,fddb866c4bf7206fa6a49c7cb28174fb0da29a41,463477,True,True,False,True,False,PANORAMA_LOCAL,PRIMARY_MODEL_DEVELOPMENT,False,True,TISSUE_CONFIRMED,Philips,AUXILIARY_AUTOMATIC_MASK_ONLY,False,False,False,validation,-1,Y1_M0_SPhilips,validation,False,True,True,False,False
202,100197,100197_00001,2018-08-22 00:00:00,074Y,74.0,M,TOSHIBA,PDAC,1,radiology,False,1,False,1,True,automatic,automatic_labels/100197_00001.nii.gz,2aea575bbfc0f0d059099339a58e12cddeba9247,354144,True,True,False,True,False,PANORAMA_LOCAL,PRIMARY_MODEL_DEVELOPMENT,False,True,RADIOLOGY_NO_DOCUMENTED_FOLLOWUP,TOSHIBA,AUXILIARY_AUTOMATIC_MASK_ONLY,False,False,False,train,3,Y1_M0_STOSHIBA,train,True,False,False,False,False
203,100198,100198_00001,,,,,,non-PDAC,0,MSD_dataset,True,1,False,1,True,automatic,automatic_labels/100198_00001.nii.gz,ab5deadf84bd293d993fc34b4fc54856c82775a9,223509,True,True,False,True,False,MSD_EXTERNAL_MIXED,LOCKED_EXTERNAL_MIXED_TEST,True,False,MSD_DATASET_DERIVED,[MISSING],AUXILIARY_AUTOMATIC_MASK_ONLY,True,False,False,,-1,,external_msd_test,False,False,False,True,False
204,100199,100199_00001,2009-10-22 00:00:00,083Y,83.0,F,SIEMENS,non-PDAC,0,radiology / 3yFU,False,1,False,1,True,automatic,automatic_labels/100199_00001.nii.gz,2203b160c535b1c0f7abfb7434a24829ec12882e,123386,True,True,False,True,False,PANORAMA_LOCAL,PRIMARY_MODEL_DEVELOPMENT,False,True,RADIOLOGY_WITH_3Y_FOLLOWUP,SIEMENS,AUXILIARY_AUTOMATIC_MASK_ONLY,False,False,False,train,1,Y0_M0_SSIEMENS,train,True,False,False,False,False
205,100200,100200_00001,2016-09-12 00:00:00,083Y,83.0,M,TOSHIBA,PDAC,1,cytology,False,1,False,1,True,automatic,automatic_labels/100200_00001.nii.gz,6aadd9469b661d86549eb716a16d436e513f19cc,121160,True,True,False,True,False,PANORAMA_LOCAL,PRIMARY_MODEL_DEVELOPMENT,False,True,CYTOLOGY_CONFIRMED,TOSHIBA,AUXILIARY_AUTOMATIC_MASK_ONLY,False,False,False,internal_test,-1,Y1_M0_STOSHIBA,internal_test,False,False,False,True,False
206,100201,100201_00001,2017-08-09 00:00:00,050Y,50.0,F,SIEMENS,non-PDAC,0,radiology,False,1,False,1,True,automatic,automatic_labels/100201_00001.nii.gz,65eaa23676e0de9a022a8e4d56968f27779f770c,301993,True,True,False,True,False,PANORAMA_LOCAL,PRIMARY_MODEL_DEVELOPMENT,False,True,RADIOLOGY_NO_DOCUMENTED_FOLLOWUP,SIEMENS,AUXILIARY_AUTOMATIC_MASK_ONLY,False,False,False,train,3,Y0_M0_SSIEMENS,train,True,False,False,False,False
207,100202,100202_00001,2019-01-12 00:00:00,065Y,65.0,M,SIEMENS,non-PDAC,0,radiology,False,1,False,1,True,automatic,automatic_labels/100202_00001.nii.gz,ce300c107eecf8fe37619e86a72323adf7c5a48e,412666,True,True,False,True,False,PANORAMA_LOCAL,PRIMARY_MODEL_DEVELOPMENT,False,True,RADIOLOGY_NO_DOCUMENTED_FOLLOWUP,SIEMENS,AUXILIARY_AUTOMATIC_MASK_ONLY,False,False,False,train,0,Y0_M0_SSIEMENS,train,True,False,False,False,False
208,100203,100203_00001,2014-04-30 00:00:00,067Y,67.0,F,GE MEDICAL SYSTEMS,non-PDAC,0,radiology,False,1,False,1,True,automatic,automatic_labels/100203_00001.nii.gz,88a0e0c7378f71344241b72285e52575010c3e32,420538,True,True,False,True,False,PANORAMA_LOCAL,PRIMARY_MODEL_DEVELOPMENT,False,True,RADIOLOGY_NO_DOCUMENTED_FOLLOWUP,GE MEDICAL SYSTEMS,AUXILIARY_AUTOMATIC_MASK_ONLY,False,False,False,train,3,Y0_M0_SGE MEDICAL SYSTEMS,train,True,False,False,False,False
209,100204,100204_00001,2015-04-14 00:00:00,068Y,68.0,M,SIEMENS,PDAC,1,pathology,False,1,False,1,True,manual,manual_labels/100204_00001.nii.gz,0b4999d4286c2e7fa6a321bf425aa33a6e6262b6,600896,True,True,True,False,True,PANORAMA_LOCAL,PRIMARY_MODEL_DEVELOPMENT,False,True,TISSUE_CONFIRMED,SIEMENS,PRIMARY_MANUAL_PDAC_REFERENCE,False,False,False,internal_test,-1,Y1_M1_SSIEMENS,internal_test,False,False,False,True,True
210,100205,100205_00001,,,,,,PDAC,1,MSD_dataset,True,1,False,1,True,manual,manual_labels/100205_00001.nii.gz,9dbd933ecf284e01b2c01358d5be05e71d85b24a,214620,True,True,True,False,True,MSD_EXTERNAL_MIXED,LOCKED_EXTERNAL_MIXED_TEST,True,False,MSD_DATASET_DERIVED,[MISSING],PRIMARY_MANUAL_PDAC_REFERENCE,True,True,False,,-1,,external_msd_test,False,False,False,True,True
211,100206,100206_00001,2014-09-08 00:00:00,068Y,68.0,F,SIEMENS,non-PDAC,0,radiology,False,1,False,1,True,automatic,automatic_labels/100206_00001.nii.gz,4c011d2134727b9b60382fd70ee079d0f0ca7172,235364,True,True,False,True,False,PANORAMA_LOCAL,PRIMARY_MODEL_DEVELOPMENT,False,True,RADIOLOGY_NO_DOCUMENTED_FOLLOWUP,SIEMENS,AUXILIARY_AUTOMATIC_MASK_ONLY,False,False,False,validation,-1,Y0_M0_SSIEMENS,validation,False,True,True,False,False
212,100207,100207_00001,2014-11-07 00:00:00,075Y,75.0,M,TOSHIBA,non-PDAC,0,radiology,False,1,False,1,True,automatic,automatic_labels/100207_00001.nii.gz,52be8f08471bb01a0aea0920be9c693e9018d090,352987,True,True,False,True,False,PANORAMA_LOCAL,PRIMARY_MODEL_DEVELOPMENT,False,True,RADIOLOGY_NO_DOCUMENTED_FOLLOWUP,TOSHIBA,AUXILIARY_AUTOMATIC_MASK_ONLY,False,False,False,validation,-1,Y0_M0_STOSHIBA,validation,False,True,True,False,False
213,100208,100208_00001,2019-10-21 00:00:00,077Y,77.0,M,Philips,PDAC,1,radiology,False,1,False,1,True,manual,manual_labels/100208_00001.nii.gz,43388538c3f8252be97509b5e871e94a6505dcbe,91923,True,True,True,False,True,PANORAMA_LOCAL,PRIMARY_MODEL_DEVELOPMENT,False,True,RADIOLOGY_NO_DOCUMENTED_FOLLOWUP,Philips,PRIMARY_MANUAL_PDAC_REFERENCE,False,False,False,train,0,Y1_M1_SPhilips,train,True,False,False,False,False
214,100209,100209_00001,2018-05-02 00:00:00,081Y,81.0,F,TOSHIBA,non-PDAC,0,radiology,False,1,False,1,True,automatic,automatic_labels/100209_00001.nii.gz,acfa11c3e964d4c97647a3a0919875f1daf1b7f9,553020,True,True,False,True,False,PANORAMA_LOCAL,PRIMARY_MODEL_DEVELOPMENT,False,True,RADIOLOGY_NO_DOCUMENTED_FOLLOWUP,TOSHIBA,AUXILIARY_AUTOMATIC_MASK_ONLY,False,False,False,train,1,Y0_M0_STOSHIBA,train,True,False,False,False,False
215,100210,100210_00001,2016-09-05 00:00:00,077Y,77.0,F,SIEMENS,non-PDAC,0,radiology,False,1,False,1,True,automatic,automatic_labels/100210_00001.nii.gz,6061d363043aaaf2be198490d45de814d343319c,647041,True,True,False,True,False,PANORAMA_LOCAL,PRIMARY_MODEL_DEVELOPMENT,False,True,RADIOLOGY_NO_DOCUMENTED_FOLLOWUP,SIEMENS,AUXILIARY_AUTOMATIC_MASK_ONLY,False,False,False,train,2,Y0_M0_SSIEMENS,train,True,False,False,False,False
216,100211,100211_00001,2015-10-24 00:00:00,060Y,60.0,F,SIEMENS,non-PDAC,0,radiology,False,1,False,1,True,automatic,automatic_labels/100211_00001.nii.gz,3b96f3a7d9ad59f66ed7435be952a2e7e0b73696,341424,True,True,False,True,False,PANORAMA_LOCAL,PRIMARY_MODEL_DEVELOPMENT,False,True,RADIOLOGY_NO_DOCUMENTED_FOLLOWUP,SIEMENS,AUXILIARY_AUTOMATIC_MASK_ONLY,False,False,False,train,3,Y0_M0_SSIEMENS,train,True,False,False,False,False
217,100212,100212_00001,2019-02-10 00:00:00,068Y,68.0,M,SIEMENS,non-PDAC,0,radiology,False,1,False,1,True,automatic,automatic_labels/100212_00001.nii.gz,f55ad21ea01726667ba09bcc76db2f888b6868bd,2020124,True,True,False,True,False,PANORAMA_LOCAL,PRIMARY_MODEL_DEVELOPMENT,False,True,RADIOLOGY_NO_DOCUMENTED_FOLLOWUP,SIEMENS,AUXILIARY_AUTOMATIC_MASK_ONLY,False,False,False,validation,-1,Y0_M0_SSIEMENS,validation,False,True,True,False,False
218,100213,100213_00001,2018-11-01 00:00:00,073Y,73.0,F,SIEMENS,PDAC,1,pathology,False,1,False,1,True,automatic,automatic_labels/100213_00001.nii.gz,f1a6aaa5a1b4700a41d2b5017020fc36fd41bffd,414957,True,True,False,True,False,PANORAMA_LOCAL,PRIMARY_MODEL_DEVELOPMENT,False,True,TISSUE_CONFIRMED,SIEMENS,AUXILIARY_AUTOMATIC_MASK_ONLY,False,False,False,validation,-1,Y1_M0_SSIEMENS,validation,False,True,True,False,False
219,100214,100214_00001,2015-02-10 00:00:00,062Y,62.0,M,TOSHIBA,non-PDAC,0,radiology,False,1,False,1,True,automatic,automatic_labels/100214_00001.nii.gz,3b5f3964bdf0ce0e0b8c9eb033cac5e20d58ac53,1769694,True,True,False,True,False,PANORAMA_LOCAL,PRIMARY_MODEL_DEVELOPMENT,False,True,RADIOLOGY_NO_DOCUMENTED_FOLLOWUP,TOSHIBA,AUXILIARY_AUTOMATIC_MASK_ONLY,False,False,False,train,4,Y0_M0_STOSHIBA,train,True,False,False,False,False
220,100215,100215_00001,2018-03-27 00:00:00,064Y,64.0,F,TOSHIBA,non-PDAC,0,radiology,False,1,False,1,True,automatic,automatic_labels/100215_00001.nii.gz,9123824735883112c140671f0ccc1b7d1cf7deee,569341,True,True,False,True,False,PANORAMA_LOCAL,PRIMARY_MODEL_DEVELOPMENT,False,True,RADIOLOGY_NO_DOCUMENTED_FOLLOWUP,TOSHIBA,AUXILIARY_AUTOMATIC_MASK_ONLY,False,False,False,validation,-1,Y0_M0_STOSHIBA,validation,False,True,True,False,False
221,100216,100216_00001,2015-05-18 00:00:00,069Y,69.0,F,SIEMENS,non-PDAC,0,radiology,False,1,False,1,True,automatic,automatic_labels/100216_00001.nii.gz,a3f72d1592ec0a2bf7ab5c1281ea11e059a9d3ea,2005407,True,True,False,True,False,PANORAMA_LOCAL,PRIMARY_MODEL_DEVELOPMENT,False,True,RADIOLOGY_NO_DOCUMENTED_FOLLOWUP,SIEMENS,AUXILIARY_AUTOMATIC_MASK_ONLY,False,False,False,train,4,Y0_M0_SSIEMENS,train,True,False,False,False,False
222,100217,100217_00001,2019-08-18 00:00:00,079Y,79.0,M,SIEMENS,PDAC,1,cytology,False,1,False,1,True,manual,manual_labels/100217_00001.nii.gz,31548042c6e91eccd8f8466c5fbb630c8599face,188593,True,True,True,False,True,PANORAMA_LOCAL,PRIMARY_MODEL_DEVELOPMENT,False,True,CYTOLOGY_CONFIRMED,SIEMENS,PRIMARY_MANUAL_PDAC_REFERENCE,False,False,False,train,2,Y1_M1_SSIEMENS,train,True,False,False,False,False
223,100218,100218_00001,2016-02-14 00:00:00,051Y,51.0,F,TOSHIBA,non-PDAC,0,radiology,False,1,False,1,True,automatic,automatic_labels/100218_00001.nii.gz,ae00f16f299b13260ccf081e7a98cb149a20ac71,349931,True,True,False,True,False,PANORAMA_LOCAL,PRIMARY_MODEL_DEVELOPMENT,False,True,RADIOLOGY_NO_DOCUMENTED_FOLLOWUP,TOSHIBA,AUXILIARY_AUTOMATIC_MASK_ONLY,False,False,False,internal_test,-1,Y0_M0_STOSHIBA,internal_test,False,False,False,True,False
224,100219,100219_00001,2021-08-18 00:00:00,080Y,80.0,F,Philips,PDAC,1,cytology,False,1,False,1,True,automatic,automatic_labels/100219_00001.nii.gz,c1a3aca2da601f50dc6055485fe2976997ce86dc,414374,True,True,False,True,False,PANORAMA_LOCAL,PRIMARY_MODEL_DEVELOPMENT,False,True,CYTOLOGY_CONFIRMED,Philips,AUXILIARY_AUTOMATIC_MASK_ONLY,False,False,False,train,2,Y1_M0_SPhilips,train,True,False,False,False,False
225,100220,100220_00001,2018-11-06 00:00:00,059Y,59.0,F,SIEMENS,PDAC,1,histopathology,False,1,False,1,True,manual,manual_labels/100220_00001.nii.gz,b90ff60a04495cca2c1c72b39c1c85fe1f6d5c6f,71083,True,True,True,False,True,PANORAMA_LOCAL,PRIMARY_MODEL_DEVELOPMENT,False,True,TISSUE_CONFIRMED,SIEMENS,PRIMARY_MANUAL_PDAC_REFERENCE,False,False,False,internal_test,-1,Y1_M1_SSIEMENS,internal_test,False,False,False,True,True
226,100221,100221_00001,2015-12-12 00:00:00,,,,,non-PDAC,0,NIH_dataset,True,1,False,1,True,automatic,automatic_labels/100221_00001.nii.gz,9c745163e8177de38d6f275f0bc24e656a9ef433,500988,True,True,False,True,False,NIH_NEGATIVE_STRESS,LOCKED_NEGATIVE_SPECIFICITY_STRESS_TEST,True,False,NIH_DATASET_DERIVED,[MISSING],AUXILIARY_AUTOMATIC_MASK_ONLY,False,False,True,,-1,,nih_negative_stress_test,False,False,False,True,False
227,100222,100222_00001,2017-05-15 00:00:00,065Y,65.0,M,SIEMENS,non-PDAC,0,radiology,False,1,False,1,True,automatic,automatic_labels/100222_00001.nii.gz,c6edba95e46622dd8d6cb8ae9bbc538553f1111e,726381,True,True,False,True,False,PANORAMA_LOCAL,PRIMARY_MODEL_DEVELOPMENT,False,True,RADIOLOGY_NO_DOCUMENTED_FOLLOWUP,SIEMENS,AUXILIARY_AUTOMATIC_MASK_ONLY,False,False,False,validation,-1,Y0_M0_SSIEMENS,validation,False,True,True,False,False
228,100223,100223_00001,2015-11-09 00:00:00,,,,,non-PDAC,0,NIH_dataset,True,1,False,1,True,automatic,automatic_labels/100223_00001.nii.gz,6940d05dac365264b7fe48a4ca3a4a09ac2941da,471081,True,True,False,True,False,NIH_NEGATIVE_STRESS,LOCKED_NEGATIVE_SPECIFICITY_STRESS_TEST,True,False,NIH_DATASET_DERIVED,[MISSING],AUXILIARY_AUTOMATIC_MASK_ONLY,False,False,True,,-1,,nih_negative_stress_test,False,False,False,True,False
229,100224,100224_00001,2018-03-23 00:00:00,041Y,41.0,F,TOSHIBA,non-PDAC,0,radiology,False,1,False,1,True,automatic,automatic_labels/100224_00001.nii.gz,3ae6b963ddf204038438ca857127feb630da6ff3,256306,True,True,False,True,False,PANORAMA_LOCAL,PRIMARY_MODEL_DEVELOPMENT,False,True,RADIOLOGY_NO_DOCUMENTED_FOLLOWUP,TOSHIBA,AUXILIARY_AUTOMATIC_MASK_ONLY,False,False,False,train,4,Y0_M0_STOSHIBA,train,True,False,False,False,False
230,100225,100225_00001,2018-03-25 00:00:00,054Y,54.0,F,Philips,non-PDAC,0,histopathology,False,1,False,1,True,automatic,automatic_labels/100225_00001.nii.gz,a848245cd5402404b3c0296b625676afb5217fb7,624015,True,True,False,True,False,PANORAMA_LOCAL,PRIMARY_MODEL_DEVELOPMENT,False,True,TISSUE_CONFIRMED,Philips,AUXILIARY_AUTOMATIC_MASK_ONLY,False,False,False,internal_test,-1,Y0_M0_SPhilips,internal_test,False,False,False,True,False
231,100226,100226_00001,2014-05-31 00:00:00,055Y,55.0,F,Philips,PDAC,1,histopathology,False,1,False,1,True,manual,manual_labels/100226_00001.nii.gz,86f06507ff637e08a26153a8a7afdb9b91289859,38601,True,True,True,False,True,PANORAMA_LOCAL,PRIMARY_MODEL_DEVELOPMENT,False,True,TISSUE_CONFIRMED,Philips,PRIMARY_MANUAL_PDAC_REFERENCE,False,False,False,validation,-1,Y1_M1_SPhilips,validation,False,True,True,False,False
232,100227,100227_00001,2017-06-28 00:00:00,046Y,46.0,M,Philips,non-PDAC,0,histopathology,False,1,False,1,True,automatic,automatic_labels/100227_00001.nii.gz,4a5bcd8ae1a7fa56ba3803ae129406155655f1b5,372272,True,True,False,True,False,PANORAMA_LOCAL,PRIMARY_MODEL_DEVELOPMENT,False,True,TISSUE_CONFIRMED,Philips,AUXILIARY_AUTOMATIC_MASK_ONLY,False,False,False,train,3,Y0_M0_SPhilips,train,True,False,False,False,False
233,100228,100228_00001,2016-09-22 00:00:00,089Y,89.0,M,SIEMENS,non-PDAC,0,radiology,False,1,False,1,True,automatic,automatic_labels/100228_00001.nii.gz,56a12c2e7de7ff365fa482d3c5ab6ff6981d6731,218383,True,True,False,True,False,PANORAMA_LOCAL,PRIMARY_MODEL_DEVELOPMENT,False,True,RADIOLOGY_NO_DOCUMENTED_FOLLOWUP,SIEMENS,AUXILIARY_AUTOMATIC_MASK_ONLY,False,False,False,validation,-1,Y0_M0_SSIEMENS,validation,False,True,True,False,False
234,100229,100229_00001,2013-09-10 00:00:00,054Y,54.0,F,SIEMENS,PDAC,1,histopathology,False,1,False,1,True,automatic,automatic_labels/100229_00001.nii.gz,b84d478a476fa19ab113422abfb9bffcdca6a23e,1896253,True,True,False,True,False,PANORAMA_LOCAL,PRIMARY_MODEL_DEVELOPMENT,False,True,TISSUE_CONFIRMED,SIEMENS,AUXILIARY_AUTOMATIC_MASK_ONLY,False,False,False,train,2,Y1_M0_SSIEMENS,train,True,False,False,False,False
235,100230,100230_00001,2017-09-10 00:00:00,068Y,68.0,F,SIEMENS,non-PDAC,0,radiology,False,1,False,1,True,automatic,automatic_labels/100230_00001.nii.gz,7310a69137faa0d6594a33612142e4408735f327,859991,True,True,False,True,False,PANORAMA_LOCAL,PRIMARY_MODEL_DEVELOPMENT,False,True,RADIOLOGY_NO_DOCUMENTED_FOLLOWUP,SIEMENS,AUXILIARY_AUTOMATIC_MASK_ONLY,False,False,False,train,0,Y0_M0_SSIEMENS,train,True,False,False,False,False
236,100231,100231_00001,2016-03-25 00:00:00,078Y,78.0,F,SIEMENS,non-PDAC,0,radiology,False,1,False,1,True,automatic,automatic_labels/100231_00001.nii.gz,dc6f9da23565bcea977217871ecfa3acf54827b9,570019,True,True,False,True,False,PANORAMA_LOCAL,PRIMARY_MODEL_DEVELOPMENT,False,True,RADIOLOGY_NO_DOCUMENTED_FOLLOWUP,SIEMENS,AUXILIARY_AUTOMATIC_MASK_ONLY,False,False,False,train,1,Y0_M0_SSIEMENS,train,True,False,False,False,False
237,100232,100232_00001,2016-12-15 00:00:00,066Y,66.0,M,TOSHIBA,non-PDAC,0,radiology,False,1,False,1,True,automatic,automatic_labels/100232_00001.nii.gz,56d2eae35b648ced518e2a72584ae9633abd1c13,342722,True,True,False,True,False,PANORAMA_LOCAL,PRIMARY_MODEL_DEVELOPMENT,False,True,RADIOLOGY_NO_DOCUMENTED_FOLLOWUP,TOSHIBA,AUXILIARY_AUTOMATIC_MASK_ONLY,False,False,False,train,4,Y0_M0_STOSHIBA,train,True,False,False,False,False
238,100233,100233_00001,2017-05-09 00:00:00,068Y,68.0,M,TOSHIBA,non-PDAC,0,radiology,False,1,False,1,True,automatic,automatic_labels/100233_00001.nii.gz,e59d5db97058adba6dfd806c8c90164b3f35f513,349168,True,True,False,True,False,PANORAMA_LOCAL,PRIMARY_MODEL_DEVELOPMENT,False,True,RADIOLOGY_NO_DOCUMENTED_FOLLOWUP,TOSHIBA,AUXILIARY_AUTOMATIC_MASK_ONLY,False,False,False,train,2,Y0_M0_STOSHIBA,train,True,False,False,False,False
239,100234,100234_00001,2016-06-14 00:00:00,083Y,83.0,F,Philips,PDAC,1,cytology,False,1,False,1,True,manual,manual_labels/100234_00001.nii.gz,7da4377b5dd845ff77e2e002c5941dd7d6e9bed8,88467,True,True,True,False,True,PANORAMA_LOCAL,PRIMARY_MODEL_DEVELOPMENT,False,True,CYTOLOGY_CONFIRMED,Philips,PRIMARY_MANUAL_PDAC_REFERENCE,False,False,False,train,0,Y1_M1_SPhilips,train,True,False,False,False,False
240,100235,100235_00001,2019-01-18 00:00:00,075Y,75.0,M,TOSHIBA,PDAC,1,cytology,False,1,False,1,True,manual,manual_labels/100235_00001.nii.gz,623717c1bc85106e3aebba7004e97eca4cd07cea,426071,True,True,True,False,True,PANORAMA_LOCAL,PRIMARY_MODEL_DEVELOPMENT,False,True,CYTOLOGY_CONFIRMED,TOSHIBA,PRIMARY_MANUAL_PDAC_REFERENCE,False,False,False,validation,-1,Y1_M1_STOSHIBA,validation,False,True,True,False,False
241,100236,100236_00001,2016-08-27 00:00:00,071Y,71.0,F,SIEMENS,non-PDAC,0,radiology,False,1,False,1,True,automatic,automatic_labels/100236_00001.nii.gz,8a8904ac6d5768bf22ecccb172af1bc6416664b7,661811,True,True,False,True,False,PANORAMA_LOCAL,PRIMARY_MODEL_DEVELOPMENT,False,True,RADIOLOGY_NO_DOCUMENTED_FOLLOWUP,SIEMENS,AUXILIARY_AUTOMATIC_MASK_ONLY,False,False,False,train,0,Y0_M0_SSIEMENS,train,True,False,False,False,False
242,100237,100237_00001,2019-04-18 00:00:00,061Y,61.0,M,Philips,non-PDAC,0,pathology,False,1,False,1,True,automatic,automatic_labels/100237_00001.nii.gz,2bf88c172ab9a1ce70e9a1d01683502aa64bf02b,1182771,True,True,False,True,False,PANORAMA_LOCAL,PRIMARY_MODEL_DEVELOPMENT,False,True,TISSUE_CONFIRMED,Philips,AUXILIARY_AUTOMATIC_MASK_ONLY,False,False,False,train,3,Y0_M0_SPhilips,train,True,False,False,False,False
243,100238,100238_00001,2019-09-15 00:00:00,058Y,58.0,M,SIEMENS,non-PDAC,0,radiology,False,1,False,1,True,automatic,automatic_labels/100238_00001.nii.gz,ee29493346d94189d21ad76fdffb63cb346113cf,684228,True,True,False,True,False,PANORAMA_LOCAL,PRIMARY_MODEL_DEVELOPMENT,False,True,RADIOLOGY_NO_DOCUMENTED_FOLLOWUP,SIEMENS,AUXILIARY_AUTOMATIC_MASK_ONLY,False,False,False,internal_test,-1,Y0_M0_SSIEMENS,internal_test,False,False,False,True,False
244,100239,100239_00001,2016-07-31 00:00:00,085Y,85.0,F,SIEMENS,non-PDAC,0,radiology,False,1,False,1,True,automatic,automatic_labels/100239_00001.nii.gz,886fb8300749eec85dadd7a227d7c2e7b4d962ea,475829,True,True,False,True,False,PANORAMA_LOCAL,PRIMARY_MODEL_DEVELOPMENT,False,True,RADIOLOGY_NO_DOCUMENTED_FOLLOWUP,SIEMENS,AUXILIARY_AUTOMATIC_MASK_ONLY,False,False,False,validation,-1,Y0_M0_SSIEMENS,validation,False,True,True,False,False
245,100240,100240_00001,2014-10-07 00:00:00,069Y,69.0,F,SIEMENS,non-PDAC,0,radiology,False,1,False,1,True,automatic,automatic_labels/100240_00001.nii.gz,7eb7337f52eebdcc8a17021da8108d3a63c77eef,470706,True,True,False,True,False,PANORAMA_LOCAL,PRIMARY_MODEL_DEVELOPMENT,False,True,RADIOLOGY_NO_DOCUMENTED_FOLLOWUP,SIEMENS,AUXILIARY_AUTOMATIC_MASK_ONLY,False,False,False,train,2,Y0_M0_SSIEMENS,train,True,False,False,False,False
246,100241,100241_00001,2016-05-26 00:00:00,054Y,54.0,M,TOSHIBA,non-PDAC,0,radiology,False,1,False,1,True,automatic,automatic_labels/100241_00001.nii.gz,71b7f5af3a0d5c8aa043d19275cd073a396371eb,433689,True,True,False,True,False,PANORAMA_LOCAL,PRIMARY_MODEL_DEVELOPMENT,False,True,RADIOLOGY_NO_DOCUMENTED_FOLLOWUP,TOSHIBA,AUXILIARY_AUTOMATIC_MASK_ONLY,False,False,False,validation,-1,Y0_M0_STOSHIBA,validation,False,True,True,False,False
247,100242,100242_00001,2017-08-17 00:00:00,089Y,89.0,F,GE MEDICAL SYSTEMS,non-PDAC,0,cytology,False,1,False,1,True,automatic,automatic_labels/100242_00001.nii.gz,9b6eaf5d86443cc07482485d25c7c47bd8a38f50,745209,True,True,False,True,False,PANORAMA_LOCAL,PRIMARY_MODEL_DEVELOPMENT,False,True,CYTOLOGY_CONFIRMED,GE MEDICAL SYSTEMS,AUXILIARY_AUTOMATIC_MASK_ONLY,False,False,False,train,2,Y0_M0_SGE MEDICAL SYSTEMS,train,True,False,False,False,False
248,100243,100243_00001,2015-04-22 00:00:00,070Y,70.0,M,SIEMENS,PDAC,1,cytology,False,1,False,1,True,automatic,automatic_labels/100243_00001.nii.gz,51c82ac335fe4c2df39109f1d22a0714cea14317,476766,True,True,False,True,False,PANORAMA_LOCAL,PRIMARY_MODEL_DEVELOPMENT,False,True,CYTOLOGY_CONFIRMED,SIEMENS,AUXILIARY_AUTOMATIC_MASK_ONLY,False,False,False,train,0,Y1_M0_SSIEMENS,train,True,False,False,False,False
249,100244,100244_00001,2017-05-05 00:00:00,079Y,79.0,F,TOSHIBA,PDAC,1,pathology,False,1,False,1,True,manual,manual_labels/100244_00001.nii.gz,08adafa7c7e3f039da1a734f0e2705b3c1852a7b,320953,True,True,True,False,True,PANORAMA_LOCAL,PRIMARY_MODEL_DEVELOPMENT,False,True,TISSUE_CONFIRMED,TOSHIBA,PRIMARY_MANUAL_PDAC_REFERENCE,False,False,False,train,3,Y1_M1_STOSHIBA,train,True,False,False,False,False
250,100245,100245_00001,2016-01-27 00:00:00,080Y,80.0,F,SIEMENS,PDAC,1,radiology,False,1,False,1,True,manual,manual_labels/100245_00001.nii.gz,a127f98be17e82e740631ac841bbd43e5ab3c6ef,79615,True,True,True,False,True,PANORAMA_LOCAL,PRIMARY_MODEL_DEVELOPMENT,False,True,RADIOLOGY_NO_DOCUMENTED_FOLLOWUP,SIEMENS,PRIMARY_MANUAL_PDAC_REFERENCE,False,False,False,train,1,Y1_M1_SSIEMENS,train,True,False,False,False,False
251,100246,100246_00001,2017-05-22 00:00:00,054Y,54.0,M,Philips,PDAC,1,histopathology,False,1,False,1,True,manual,manual_labels/100246_00001.nii.gz,8fd76e073b0f880f7c3ed5be162e737dedd32d9d,97993,True,True,True,False,True,PANORAMA_LOCAL,PRIMARY_MODEL_DEVELOPMENT,False,True,TISSUE_CONFIRMED,Philips,PRIMARY_MANUAL_PDAC_REFERENCE,False,False,False,train,4,Y1_M1_SPhilips,train,True,False,False,False,False
252,100247,100247_00001,2021-01-30 00:00:00,060Y,60.0,M,Philips,PDAC,1,cytology,False,1,False,1,True,manual,manual_labels/100247_00001.nii.gz,05392cdad8a6a6edba78d557b49232e2660c951f,133035,True,True,True,False,True,PANORAMA_LOCAL,PRIMARY_MODEL_DEVELOPMENT,False,True,CYTOLOGY_CONFIRMED,Philips,PRIMARY_MANUAL_PDAC_REFERENCE,False,False,False,train,0,Y1_M1_SPhilips,train,True,False,False,False,False
253,100248,100248_00001,2018-12-23 00:00:00,080Y,80.0,M,SIEMENS,PDAC,1,pathology,False,1,False,1,True,automatic,automatic_labels/100248_00001.nii.gz,d2046c34fd19439e6a844f3be89612fd68e5abe4,630201,True,True,False,True,False,PANORAMA_LOCAL,PRIMARY_MODEL_DEVELOPMENT,False,True,TISSUE_CONFIRMED,SIEMENS,AUXILIARY_AUTOMATIC_MASK_ONLY,False,False,False,train,1,Y1_M0_SSIEMENS,train,True,False,False,False,False
254,100249,100249_00001,2016-08-17 00:00:00,065Y,65.0,M,SIEMENS,non-PDAC,0,radiology,False,1,False,1,True,automatic,automatic_labels/100249_00001.nii.gz,5394adc4bc0059333919fada13bd8c130338c1b0,641363,True,True,False,True,False,PANORAMA_LOCAL,PRIMARY_MODEL_DEVELOPMENT,False,True,RADIOLOGY_NO_DOCUMENTED_FOLLOWUP,SIEMENS,AUXILIARY_AUTOMATIC_MASK_ONLY,False,False,False,train,2,Y0_M0_SSIEMENS,train,True,False,False,False,False
255,100250,100250_00001,2015-10-11 00:00:00,049Y,49.0,M,SIEMENS,non-PDAC,0,radiology,False,1,False,1,True,automatic,automatic_labels/100250_00001.nii.gz,4c2db4f0a6792fe1d6e9733515a71f33cdba6973,730087,True,True,False,True,False,PANORAMA_LOCAL,PRIMARY_MODEL_DEVELOPMENT,False,True,RADIOLOGY_NO_DOCUMENTED_FOLLOWUP,SIEMENS,AUXILIARY_AUTOMATIC_MASK_ONLY,False,False,False,train,2,Y0_M0_SSIEMENS,train,True,False,False,False,False
256,100251,100251_00001,2016-02-17 00:00:00,043Y,43.0,M,SIEMENS,non-PDAC,0,radiology,False,1,False,1,True,automatic,automatic_labels/100251_00001.nii.gz,7d98b2c482224d57fd478df9b34110e63933fa9d,745254,True,True,False,True,False,PANORAMA_LOCAL,PRIMARY_MODEL_DEVELOPMENT,False,True,RADIOLOGY_NO_DOCUMENTED_FOLLOWUP,SIEMENS,AUXILIARY_AUTOMATIC_MASK_ONLY,False,False,False,train,3,Y0_M0_SSIEMENS,train,True,False,False,False,False
257,100252,100252_00001,2015-08-07 00:00:00,077Y,77.0,F,SIEMENS,non-PDAC,0,radiology,False,1,False,1,True,automatic,automatic_labels/100252_00001.nii.gz,8ba3a51719d693df42e6f7c9b078fdc6708c3d7f,408496,True,True,False,True,False,PANORAMA_LOCAL,PRIMARY_MODEL_DEVELOPMENT,False,True,RADIOLOGY_NO_DOCUMENTED_FOLLOWUP,SIEMENS,AUXILIARY_AUTOMATIC_MASK_ONLY,False,False,False,train,2,Y0_M0_SSIEMENS,train,True,False,False,False,False
258,100253,100253_00001,2015-10-01 00:00:00,054Y,54.0,F,TOSHIBA,non-PDAC,0,radiology,False,1,False,1,True,automatic,automatic_labels/100253_00001.nii.gz,9a229c36abb7db17330eaaa46330943fd502030a,427520,True,True,False,True,False,PANORAMA_LOCAL,PRIMARY_MODEL_DEVELOPMENT,False,True,RADIOLOGY_NO_DOCUMENTED_FOLLOWUP,TOSHIBA,AUXILIARY_AUTOMATIC_MASK_ONLY,False,False,False,train,4,Y0_M0_STOSHIBA,train,True,False,False,False,False
259,100254,100254_00001,2014-04-13 00:00:00,072Y,72.0,F,SIEMENS,non-PDAC,0,radiology,False,1,False,1,True,automatic,automatic_labels/100254_00001.nii.gz,357b5a04add4993493f595bd0d41aa9408ce66eb,369212,True,True,False,True,False,PANORAMA_LOCAL,PRIMARY_MODEL_DEVELOPMENT,False,True,RADIOLOGY_NO_DOCUMENTED_FOLLOWUP,SIEMENS,AUXILIARY_AUTOMATIC_MASK_ONLY,False,False,False,train,1,Y0_M0_SSIEMENS,train,True,False,False,False,False
260,100255,100255_00001,2020-08-30 00:00:00,058Y,58.0,F,SIEMENS,PDAC,1,pathology,False,1,False,1,True,manual,manual_labels/100255_00001.nii.gz,0f4ce5e84deda0030311b93af4ee45b88e9329ee,2276767,True,True,True,False,True,PANORAMA_LOCAL,PRIMARY_MODEL_DEVELOPMENT,False,True,TISSUE_CONFIRMED,SIEMENS,PRIMARY_MANUAL_PDAC_REFERENCE,False,False,False,train,4,Y1_M1_SSIEMENS,train,True,False,False,False,False
261,100256,100256_00001,2020-09-22 00:00:00,064Y,64.0,M,SIEMENS,non-PDAC,0,pathology,False,1,False,1,True,automatic,automatic_labels/100256_00001.nii.gz,27b23e2d56cf59b9f07cac55c3e21a21167ccf5f,1388095,True,True,False,True,False,PANORAMA_LOCAL,PRIMARY_MODEL_DEVELOPMENT,False,True,TISSUE_CONFIRMED,SIEMENS,AUXILIARY_AUTOMATIC_MASK_ONLY,False,False,False,train,1,Y0_M0_SSIEMENS,train,True,False,False,False,False
262,100257,100257_00001,2020-11-10 00:00:00,071Y,71.0,M,SIEMENS,PDAC,1,cytology,False,1,False,1,True,automatic,automatic_labels/100257_00001.nii.gz,782c9dc0b761ccc221d1da26c75954bd3d068168,326506,True,True,False,True,False,PANORAMA_LOCAL,PRIMARY_MODEL_DEVELOPMENT,False,True,CYTOLOGY_CONFIRMED,SIEMENS,AUXILIARY_AUTOMATIC_MASK_ONLY,False,False,False,train,4,Y1_M0_SSIEMENS,train,True,False,False,False,False
263,100258,100258_00001,2015-08-07 00:00:00,061Y,61.0,M,SIEMENS,non-PDAC,0,radiology,False,1,False,1,True,automatic,automatic_labels/100258_00001.nii.gz,15896eda60f0ea9069391643977220b831317b08,503869,True,True,False,True,False,PANORAMA_LOCAL,PRIMARY_MODEL_DEVELOPMENT,False,True,RADIOLOGY_NO_DOCUMENTED_FOLLOWUP,SIEMENS,AUXILIARY_AUTOMATIC_MASK_ONLY,False,False,False,train,3,Y0_M0_SSIEMENS,train,True,False,False,False,False
264,100259,100259_00001,2021-01-17 00:00:00,054Y,54.0,F,TOSHIBA,PDAC,1,histopathology,False,1,False,1,True,manual,manual_labels/100259_00001.nii.gz,f0da86d1bae11a86b48a62af652f57768b9ea92e,118093,True,True,True,False,True,PANORAMA_LOCAL,PRIMARY_MODEL_DEVELOPMENT,False,True,TISSUE_CONFIRMED,TOSHIBA,PRIMARY_MANUAL_PDAC_REFERENCE,False,False,False,validation,-1,Y1_M1_STOSHIBA,validation,False,True,True,False,False
265,100260,100260_00001,2018-06-10 00:00:00,072Y,72.0,M,TOSHIBA,non-PDAC,0,radiology,False,1,False,1,True,automatic,automatic_labels/100260_00001.nii.gz,896f25e2c24a20adce5b816fd7755a5c2fb9c88a,348728,True,True,False,True,False,PANORAMA_LOCAL,PRIMARY_MODEL_DEVELOPMENT,False,True,RADIOLOGY_NO_DOCUMENTED_FOLLOWUP,TOSHIBA,AUXILIARY_AUTOMATIC_MASK_ONLY,False,False,False,internal_test,-1,Y0_M0_STOSHIBA,internal_test,False,False,False,True,False
266,100261,100261_00001,,,,,,PDAC,1,MSD_dataset,True,1,False,1,True,manual,manual_labels/100261_00001.nii.gz,4d8b376bf5cd5158b353f87f6b56f5a114443b87,62895,True,True,True,False,True,MSD_EXTERNAL_MIXED,LOCKED_EXTERNAL_MIXED_TEST,True,False,MSD_DATASET_DERIVED,[MISSING],PRIMARY_MANUAL_PDAC_REFERENCE,True,True,False,,-1,,external_msd_test,False,False,False,True,True
267,100262,100262_00001,2021-02-26 00:00:00,076Y,76.0,F,SIEMENS,PDAC,1,cytology,False,1,False,1,True,automatic,automatic_labels/100262_00001.nii.gz,98637b2cfb85a5a7bbfc107554e9e617693ca0e0,322770,True,True,False,True,False,PANORAMA_LOCAL,PRIMARY_MODEL_DEVELOPMENT,False,True,CYTOLOGY_CONFIRMED,SIEMENS,AUXILIARY_AUTOMATIC_MASK_ONLY,False,False,False,train,1,Y1_M0_SSIEMENS,train,True,False,False,False,False
268,100263,100263_00001,2016-10-18 00:00:00,061Y,61.0,M,TOSHIBA,non-PDAC,0,radiology,False,1,False,1,True,automatic,automatic_labels/100263_00001.nii.gz,ed550513ff5592cd33d15f028a2953f7dbf0c835,576149,True,True,False,True,False,PANORAMA_LOCAL,PRIMARY_MODEL_DEVELOPMENT,False,True,RADIOLOGY_NO_DOCUMENTED_FOLLOWUP,TOSHIBA,AUXILIARY_AUTOMATIC_MASK_ONLY,False,False,False,validation,-1,Y0_M0_STOSHIBA,validation,False,True,True,False,False
269,100264,100264_00001,2014-12-24 00:00:00,063Y,63.0,M,SIEMENS,non-PDAC,0,radiology,False,1,False,1,True,automatic,automatic_labels/100264_00001.nii.gz,fd4f415ece7f4fde3c55f0b1271e125aef382747,759443,True,True,False,True,False,PANORAMA_LOCAL,PRIMARY_MODEL_DEVELOPMENT,False,True,RADIOLOGY_NO_DOCUMENTED_FOLLOWUP,SIEMENS,AUXILIARY_AUTOMATIC_MASK_ONLY,False,False,False,internal_test,-1,Y0_M0_SSIEMENS,internal_test,False,False,False,True,False
270,100265,100265_00001,2022-03-03 00:00:00,068Y,68.0,M,TOSHIBA,PDAC,1,histopathology,False,2,True,1,True,automatic,automatic_labels/100265_00001.nii.gz,0352e7455c49ded5da918b6ae1f6916f8076df0b,128400,True,True,False,True,False,PANORAMA_LOCAL,PRIMARY_MODEL_DEVELOPMENT,False,True,TISSUE_CONFIRMED,TOSHIBA,AUXILIARY_AUTOMATIC_MASK_ONLY,False,False,False,validation,-1,Y1_M0_SPhilips,validation,False,True,True,False,False
271,100265,100265_00002,2022-01-18 00:00:00,068Y,68.0,M,Philips,PDAC,1,histopathology,False,2,True,1,True,automatic,automatic_labels/100265_00002.nii.gz,bd8acf5bf6e26110ab596e0a8fc17254b4f7848c,1426179,True,True,False,True,False,PANORAMA_LOCAL,PRIMARY_MODEL_DEVELOPMENT,False,True,TISSUE_CONFIRMED,Philips,AUXILIARY_AUTOMATIC_MASK_ONLY,False,False,False,validation,-1,Y1_M0_SPhilips,validation,False,True,True,False,False
272,100266,100266_00001,2014-03-20 00:00:00,067Y,67.0,F,SIEMENS,PDAC,1,cytology,False,1,False,1,True,automatic,automatic_labels/100266_00001.nii.gz,39b4dadda9daa5dabf2a1a7c27e0675ec7c2fa4b,224771,True,True,False,True,False,PANORAMA_LOCAL,PRIMARY_MODEL_DEVELOPMENT,False,True,CYTOLOGY_CONFIRMED,SIEMENS,AUXILIARY_AUTOMATIC_MASK_ONLY,False,False,False,train,1,Y1_M0_SSIEMENS,train,True,False,False,False,False
273,100267,100267_00001,,,,,,PDAC,1,MSD_dataset,True,1,False,1,True,manual,manual_labels/100267_00001.nii.gz,98c34b3950f326845196deb3963b6b58103fb4dc,220367,True,True,True,False,True,MSD_EXTERNAL_MIXED,LOCKED_EXTERNAL_MIXED_TEST,True,False,MSD_DATASET_DERIVED,[MISSING],PRIMARY_MANUAL_PDAC_REFERENCE,True,True,False,,-1,,external_msd_test,False,False,False,True,True
274,100268,100268_00001,2016-08-03 00:00:00,063Y,63.0,F,SIEMENS,non-PDAC,0,radiology,False,2,True,1,True,automatic,automatic_labels/100268_00001.nii.gz,32bbb83c404626f820fbbf66fda0b3ee710bd8de,709304,True,True,False,True,False,PANORAMA_LOCAL,PRIMARY_MODEL_DEVELOPMENT,False,True,RADIOLOGY_NO_DOCUMENTED_FOLLOWUP,SIEMENS,AUXILIARY_AUTOMATIC_MASK_ONLY,False,False,False,train,4,Y0_M0_SSIEMENS,train,True,False,False,False,False
275,100268,100268_00002,2016-10-23 00:00:00,063Y,63.0,F,SIEMENS,non-PDAC,0,radiology,False,2,True,1,True,automatic,automatic_labels/100268_00002.nii.gz,8de2f29bc6cd56a04b16be4e13e65beb9627753e,678727,True,True,False,True,False,PANORAMA_LOCAL,PRIMARY_MODEL_DEVELOPMENT,False,True,RADIOLOGY_NO_DOCUMENTED_FOLLOWUP,SIEMENS,AUXILIARY_AUTOMATIC_MASK_ONLY,False,False,False,train,4,Y0_M0_SSIEMENS,train,True,False,False,False,False
276,100269,100269_00001,2016-07-17 00:00:00,076Y,76.0,M,TOSHIBA,non-PDAC,0,radiology,False,1,False,1,True,automatic,automatic_labels/100269_00001.nii.gz,899de0110d927f78b662622fc00c7a9e60a1ec89,226238,True,True,False,True,False,PANORAMA_LOCAL,PRIMARY_MODEL_DEVELOPMENT,False,True,RADIOLOGY_NO_DOCUMENTED_FOLLOWUP,TOSHIBA,AUXILIARY_AUTOMATIC_MASK_ONLY,False,False,False,train,0,Y0_M0_STOSHIBA,train,True,False,False,False,False
277,100270,100270_00001,2015-11-02 00:00:00,065Y,65.0,F,SIEMENS,non-PDAC,0,radiology,False,1,False,1,True,automatic,automatic_labels/100270_00001.nii.gz,a9aa39dc3ecbb6844cbfdf259babab81c828b473,574178,True,True,False,True,False,PANORAMA_LOCAL,PRIMARY_MODEL_DEVELOPMENT,False,True,RADIOLOGY_NO_DOCUMENTED_FOLLOWUP,SIEMENS,AUXILIARY_AUTOMATIC_MASK_ONLY,False,False,False,validation,-1,Y0_M0_SSIEMENS,validation,False,True,True,False,False
278,100271,100271_00001,2015-10-28 00:00:00,,,,,non-PDAC,0,NIH_dataset,True,1,False,1,True,automatic,automatic_labels/100271_00001.nii.gz,a95c4fabe86bf2174cc36d8c367e5373171b2817,551509,True,True,False,True,False,NIH_NEGATIVE_STRESS,LOCKED_NEGATIVE_SPECIFICITY_STRESS_TEST,True,False,NIH_DATASET_DERIVED,[MISSING],AUXILIARY_AUTOMATIC_MASK_ONLY,False,False,True,,-1,,nih_negative_stress_test,False,False,False,True,False
279,100272,100272_00001,2015-12-21 00:00:00,074Y,74.0,F,SIEMENS,non-PDAC,0,radiology,False,1,False,1,True,automatic,automatic_labels/100272_00001.nii.gz,683f4a05dbb8f0ceb99184ec5e41cf3033641248,583087,True,True,False,True,False,PANORAMA_LOCAL,PRIMARY_MODEL_DEVELOPMENT,False,True,RADIOLOGY_NO_DOCUMENTED_FOLLOWUP,SIEMENS,AUXILIARY_AUTOMATIC_MASK_ONLY,False,False,False,train,3,Y0_M0_SSIEMENS,train,True,False,False,False,False
280,100273,100273_00001,2011-01-31 00:00:00,059Y,59.0,M,SIEMENS,non-PDAC,0,radiology,False,1,False,1,True,automatic,automatic_labels/100273_00001.nii.gz,f56d18296d466e8b1ff5db2b7be9978fd3c2668c,474587,True,True,False,True,False,PANORAMA_LOCAL,PRIMARY_MODEL_DEVELOPMENT,False,True,RADIOLOGY_NO_DOCUMENTED_FOLLOWUP,SIEMENS,AUXILIARY_AUTOMATIC_MASK_ONLY,False,False,False,internal_test,-1,Y0_M0_SSIEMENS,internal_test,False,False,False,True,False
281,100274,100274_00001,2015-01-18 00:00:00,067Y,67.0,F,SIEMENS,non-PDAC,0,radiology,False,1,False,1,True,automatic,automatic_labels/100274_00001.nii.gz,c555ecddec7698e4ed595e32c8667144ad7e0693,237064,True,True,False,True,False,PANORAMA_LOCAL,PRIMARY_MODEL_DEVELOPMENT,False,True,RADIOLOGY_NO_DOCUMENTED_FOLLOWUP,SIEMENS,AUXILIARY_AUTOMATIC_MASK_ONLY,False,False,False,train,1,Y0_M0_SSIEMENS,train,True,False,False,False,False
282,100275,100275_00001,2020-07-10 00:00:00,058Y,58.0,F,SIEMENS,PDAC,1,pathology,False,1,False,1,True,manual,manual_labels/100275_00001.nii.gz,f033a25b475f255a385381b480ccce9d59cb73b0,486294,True,True,True,False,True,PANORAMA_LOCAL,PRIMARY_MODEL_DEVELOPMENT,False,True,TISSUE_CONFIRMED,SIEMENS,PRIMARY_MANUAL_PDAC_REFERENCE,False,False,False,train,3,Y1_M1_SSIEMENS,train,True,False,False,False,False
283,100276,100276_00001,2022-03-02 00:00:00,070Y,70.0,M,TOSHIBA,PDAC,1,pathology,False,1,False,1,True,manual,manual_labels/100276_00001.nii.gz,f77e02e55482577cfb5231f7ed820682b3c308ad,395495,True,True,True,False,True,PANORAMA_LOCAL,PRIMARY_MODEL_DEVELOPMENT,False,True,TISSUE_CONFIRMED,TOSHIBA,PRIMARY_MANUAL_PDAC_REFERENCE,False,False,False,train,3,Y1_M1_STOSHIBA,train,True,False,False,False,False
284,100277,100277_00001,2015-08-18 00:00:00,065Y,65.0,M,SIEMENS,non-PDAC,0,radiology,False,1,False,1,True,automatic,automatic_labels/100277_00001.nii.gz,916b5abee834ce08c23206a9e825eac6fa7f1362,362303,True,True,False,True,False,PANORAMA_LOCAL,PRIMARY_MODEL_DEVELOPMENT,False,True,RADIOLOGY_NO_DOCUMENTED_FOLLOWUP,SIEMENS,AUXILIARY_AUTOMATIC_MASK_ONLY,False,False,False,train,3,Y0_M0_SSIEMENS,train,True,False,False,False,False
285,100278,100278_00001,,,,,,PDAC,1,MSD_dataset,True,1,False,1,True,manual,manual_labels/100278_00001.nii.gz,9dbd933ecf284e01b2c01358d5be05e71d85b24a,214620,True,True,True,False,True,MSD_EXTERNAL_MIXED,LOCKED_EXTERNAL_MIXED_TEST,True,False,MSD_DATASET_DERIVED,[MISSING],PRIMARY_MANUAL_PDAC_REFERENCE,True,True,False,,-1,,external_msd_test,False,False,False,True,True
286,100279,100279_00001,2017-07-02 00:00:00,075Y,75.0,M,TOSHIBA,non-PDAC,0,histopathology,False,1,False,1,True,automatic,automatic_labels/100279_00001.nii.gz,b51d337206e95594716b41b6a36581468736f409,385466,True,True,False,True,False,PANORAMA_LOCAL,PRIMARY_MODEL_DEVELOPMENT,False,True,TISSUE_CONFIRMED,TOSHIBA,AUXILIARY_AUTOMATIC_MASK_ONLY,False,False,False,train,4,Y0_M0_STOSHIBA,train,True,False,False,False,False
287,100280,100280_00001,,,,,,non-PDAC,0,MSD_dataset,True,1,False,1,True,automatic,automatic_labels/100280_00001.nii.gz,93988bfb882e432db4724b062a5f1aa4af30b7cf,129218,True,True,False,True,False,MSD_EXTERNAL_MIXED,LOCKED_EXTERNAL_MIXED_TEST,True,False,MSD_DATASET_DERIVED,[MISSING],AUXILIARY_AUTOMATIC_MASK_ONLY,True,False,False,,-1,,external_msd_test,False,False,False,True,False
288,100281,100281_00001,2016-04-05 00:00:00,070Y,70.0,F,TOSHIBA,non-PDAC,0,radiology,False,1,False,1,True,automatic,automatic_labels/100281_00001.nii.gz,f4b218383aa4102015d099ddf1411d9847137bb4,1656409,True,True,False,True,False,PANORAMA_LOCAL,PRIMARY_MODEL_DEVELOPMENT,False,True,RADIOLOGY_NO_DOCUMENTED_FOLLOWUP,TOSHIBA,AUXILIARY_AUTOMATIC_MASK_ONLY,False,False,False,train,3,Y0_M0_STOSHIBA,train,True,False,False,False,False
289,100282,100282_00001,,,,,,non-PDAC,0,MSD_dataset,True,1,False,1,True,automatic,automatic_labels/100282_00001.nii.gz,1156f802882676c6244519235f24a63b13ae283e,101985,True,True,False,True,False,MSD_EXTERNAL_MIXED,LOCKED_EXTERNAL_MIXED_TEST,True,False,MSD_DATASET_DERIVED,[MISSING],AUXILIARY_AUTOMATIC_MASK_ONLY,True,False,False,,-1,,external_msd_test,False,False,False,True,False
290,100283,100283_00001,2019-06-16 00:00:00,065Y,65.0,M,TOSHIBA,non-PDAC,0,histopathology,False,1,False,1,True,automatic,automatic_labels/100283_00001.nii.gz,ea02b2dffd2e2f4c1e9deba9662e54c9d0fb4ac0,504392,True,True,False,True,False,PANORAMA_LOCAL,PRIMARY_MODEL_DEVELOPMENT,False,True,TISSUE_CONFIRMED,TOSHIBA,AUXILIARY_AUTOMATIC_MASK_ONLY,False,False,False,train,2,Y0_M0_STOSHIBA,train,True,False,False,False,False
291,100284,100284_00001,2018-05-09 00:00:00,076Y,76.0,M,TOSHIBA,non-PDAC,0,radiology,False,1,False,1,True,automatic,automatic_labels/100284_00001.nii.gz,a36a1c311792132650cc29e090c3f43f70ed030e,592437,True,True,False,True,False,PANORAMA_LOCAL,PRIMARY_MODEL_DEVELOPMENT,False,True,RADIOLOGY_NO_DOCUMENTED_FOLLOWUP,TOSHIBA,AUXILIARY_AUTOMATIC_MASK_ONLY,False,False,False,internal_test,-1,Y0_M0_STOSHIBA,internal_test,False,False,False,True,False
292,100285,100285_00001,2021-08-16 00:00:00,059Y,59.0,F,Philips,PDAC,1,cytology,False,1,False,1,True,automatic,automatic_labels/100285_00001.nii.gz,4e0399acbd67443ae553988dda24c06df87fef4f,1081354,True,True,False,True,False,PANORAMA_LOCAL,PRIMARY_MODEL_DEVELOPMENT,False,True,CYTOLOGY_CONFIRMED,Philips,AUXILIARY_AUTOMATIC_MASK_ONLY,False,False,False,train,3,Y1_M0_SPhilips,train,True,False,False,False,False
293,100286,100286_00001,,,,,,non-PDAC,0,MSD_dataset,True,1,False,1,True,automatic,automatic_labels/100286_00001.nii.gz,97948dd90b4d902d0c86c03c1e789bd499b8a1dd,106071,True,True,False,True,False,MSD_EXTERNAL_MIXED,LOCKED_EXTERNAL_MIXED_TEST,True,False,MSD_DATASET_DERIVED,[MISSING],AUXILIARY_AUTOMATIC_MASK_ONLY,True,False,False,,-1,,external_msd_test,False,False,False,True,False
294,100287,100287_00001,2016-03-03 00:00:00,056Y,56.0,M,SIEMENS,non-PDAC,0,radiology,False,1,False,1,True,automatic,automatic_labels/100287_00001.nii.gz,9122a4261a3c39d381de94c3a5e4fbaa81449a0c,710553,True,True,False,True,False,PANORAMA_LOCAL,PRIMARY_MODEL_DEVELOPMENT,False,True,RADIOLOGY_NO_DOCUMENTED_FOLLOWUP,SIEMENS,AUXILIARY_AUTOMATIC_MASK_ONLY,False,False,False,train,2,Y0_M0_SSIEMENS,train,True,False,False,False,False
295,100288,100288_00001,2015-07-11 00:00:00,063Y,63.0,M,SIEMENS,non-PDAC,0,radiology,False,1,False,1,True,automatic,automatic_labels/100288_00001.nii.gz,627e845cb09b56e8968abc1d4285d2403f80fef7,1052141,True,True,False,True,False,PANORAMA_LOCAL,PRIMARY_MODEL_DEVELOPMENT,False,True,RADIOLOGY_NO_DOCUMENTED_FOLLOWUP,SIEMENS,AUXILIARY_AUTOMATIC_MASK_ONLY,False,False,False,internal_test,-1,Y0_M0_SSIEMENS,internal_test,False,False,False,True,False
296,100289,100289_00001,2018-04-07 00:00:00,086Y,86.0,M,SIEMENS,non-PDAC,0,radiology,False,1,False,1,True,automatic,automatic_labels/100289_00001.nii.gz,f72d92f7544512c8fd4515702279109d933a7810,758681,True,True,False,True,False,PANORAMA_LOCAL,PRIMARY_MODEL_DEVELOPMENT,False,True,RADIOLOGY_NO_DOCUMENTED_FOLLOWUP,SIEMENS,AUXILIARY_AUTOMATIC_MASK_ONLY,False,False,False,internal_test,-1,Y0_M0_SSIEMENS,internal_test,False,False,False,True,False
297,100290,100290_00001,2012-04-21 00:00:00,061Y,61.0,M,TOSHIBA,PDAC,1,histopathology,False,1,False,1,True,manual,manual_labels/100290_00001.nii.gz,3ac7fa8602eb9d54c0117e0d38887660cc474f84,486157,True,True,True,False,True,PANORAMA_LOCAL,PRIMARY_MODEL_DEVELOPMENT,False,True,TISSUE_CONFIRMED,TOSHIBA,PRIMARY_MANUAL_PDAC_REFERENCE,False,False,False,train,2,Y1_M1_STOSHIBA,train,True,False,False,False,False
298,100291,100291_00001,2015-12-09 00:00:00,079Y,79.0,F,SIEMENS,non-PDAC,0,radiology,False,1,False,1,True,automatic,automatic_labels/100291_00001.nii.gz,07864f34f324a4994c85ed104d67d01b72035745,633569,True,True,False,True,False,PANORAMA_LOCAL,PRIMARY_MODEL_DEVELOPMENT,False,True,RADIOLOGY_NO_DOCUMENTED_FOLLOWUP,SIEMENS,AUXILIARY_AUTOMATIC_MASK_ONLY,False,False,False,train,4,Y0_M0_SSIEMENS,train,True,False,False,False,False
299,100292,100292_00001,,,,,,non-PDAC,0,MSD_dataset,True,1,False,1,True,automatic,automatic_labels/100292_00001.nii.gz,04e6e62f1f551d12459965c5fd3a1d1bbc1b3e81,212893,True,True,False,True,False,MSD_EXTERNAL_MIXED,LOCKED_EXTERNAL_MIXED_TEST,True,False,MSD_DATASET_DERIVED,[MISSING],AUXILIARY_AUTOMATIC_MASK_ONLY,True,False,False,,-1,,external_msd_test,False,False,False,True,False
300,100293,100293_00001,2021-11-26 00:00:00,059Y,59.0,F,SIEMENS,non-PDAC,0,radiology,False,1,False,1,True,automatic,automatic_labels/100293_00001.nii.gz,e67f280d44060eac918d90100b18b77081444c78,345274,True,True,False,True,False,PANORAMA_LOCAL,PRIMARY_MODEL_DEVELOPMENT,False,True,RADIOLOGY_NO_DOCUMENTED_FOLLOWUP,SIEMENS,AUXILIARY_AUTOMATIC_MASK_ONLY,False,False,False,train,0,Y0_M0_SSIEMENS,train,True,False,False,False,False
301,100294,100294_00001,2016-10-13 00:00:00,065Y,65.0,M,TOSHIBA,non-PDAC,0,radiology,False,1,False,1,True,automatic,automatic_labels/100294_00001.nii.gz,ed922b57f894dc5659e5476418c4e2dde22bc02e,782266,True,True,False,True,False,PANORAMA_LOCAL,PRIMARY_MODEL_DEVELOPMENT,False,True,RADIOLOGY_NO_DOCUMENTED_FOLLOWUP,TOSHIBA,AUXILIARY_AUTOMATIC_MASK_ONLY,False,False,False,validation,-1,Y0_M0_STOSHIBA,validation,False,True,True,False,False
302,100295,100295_00001,2014-02-22 00:00:00,078Y,78.0,F,SIEMENS,PDAC,1,pathology,False,1,False,1,True,manual,manual_labels/100295_00001.nii.gz,78c8362e63671cf1bbe71dc6a25e7b5d5766310a,119926,True,True,True,False,True,PANORAMA_LOCAL,PRIMARY_MODEL_DEVELOPMENT,False,True,TISSUE_CONFIRMED,SIEMENS,PRIMARY_MANUAL_PDAC_REFERENCE,False,False,False,validation,-1,Y1_M1_SSIEMENS,validation,False,True,True,False,False
303,100296,100296_00001,2015-01-17 00:00:00,084Y,84.0,F,Philips,PDAC,1,pathology,False,1,False,1,True,manual,manual_labels/100296_00001.nii.gz,cccdf7399bd1c7697ece22e52346207229109c25,1070728,True,True,True,False,True,PANORAMA_LOCAL,PRIMARY_MODEL_DEVELOPMENT,False,True,TISSUE_CONFIRMED,Philips,PRIMARY_MANUAL_PDAC_REFERENCE,False,False,False,train,2,Y1_M1_SPhilips,train,True,False,False,False,False
304,100297,100297_00001,2015-10-13 00:00:00,062Y,62.0,F,SIEMENS,non-PDAC,0,radiology,False,1,False,1,True,automatic,automatic_labels/100297_00001.nii.gz,13529fc5c27075a310b9e81d4ea11381e6925357,665893,True,True,False,True,False,PANORAMA_LOCAL,PRIMARY_MODEL_DEVELOPMENT,False,True,RADIOLOGY_NO_DOCUMENTED_FOLLOWUP,SIEMENS,AUXILIARY_AUTOMATIC_MASK_ONLY,False,False,False,train,3,Y0_M0_SSIEMENS,train,True,False,False,False,False
305,100298,100298_00001,2018-10-29 00:00:00,078Y,78.0,F,TOSHIBA,non-PDAC,0,radiology,False,1,False,1,True,automatic,automatic_labels/100298_00001.nii.gz,64fca53c6f3c90bf5a0d1b2f726c0906b973e813,350905,True,True,False,True,False,PANORAMA_LOCAL,PRIMARY_MODEL_DEVELOPMENT,False,True,RADIOLOGY_NO_DOCUMENTED_FOLLOWUP,TOSHIBA,AUXILIARY_AUTOMATIC_MASK_ONLY,False,False,False,train,1,Y0_M0_STOSHIBA,train,True,False,False,False,False
306,100299,100299_00001,2015-12-03 00:00:00,,,,,non-PDAC,0,NIH_dataset,True,1,False,1,True,automatic,automatic_labels/100299_00001.nii.gz,d4228a953b344bc1fc46656c116a3ae41743558e,451445,True,True,False,True,False,NIH_NEGATIVE_STRESS,LOCKED_NEGATIVE_SPECIFICITY_STRESS_TEST,True,False,NIH_DATASET_DERIVED,[MISSING],AUXILIARY_AUTOMATIC_MASK_ONLY,False,False,True,,-1,,nih_negative_stress_test,False,False,False,True,False
307,100300,100300_00001,2016-07-05 00:00:00,067Y,67.0,F,SIEMENS,non-PDAC,0,radiology,False,1,False,1,True,automatic,automatic_labels/100300_00001.nii.gz,3bc5e7a8a546553caafac023841126fc50b8c69c,370915,True,True,False,True,False,PANORAMA_LOCAL,PRIMARY_MODEL_DEVELOPMENT,False,True,RADIOLOGY_NO_DOCUMENTED_FOLLOWUP,SIEMENS,AUXILIARY_AUTOMATIC_MASK_ONLY,False,False,False,train,0,Y0_M0_SSIEMENS,train,True,False,False,False,False
308,100301,100301_00001,2018-11-06 00:00:00,058Y,58.0,M,SIEMENS,non-PDAC,0,cytology,False,1,False,1,True,automatic,automatic_labels/100301_00001.nii.gz,b7e2a409b43b4cb5e26e9e5a243b03d99f426ca4,367655,True,True,False,True,False,PANORAMA_LOCAL,PRIMARY_MODEL_DEVELOPMENT,False,True,CYTOLOGY_CONFIRMED,SIEMENS,AUXILIARY_AUTOMATIC_MASK_ONLY,False,False,False,train,3,Y0_M0_SSIEMENS,train,True,False,False,False,False
309,100302,100302_00001,2014-10-02 00:00:00,067Y,67.0,F,SIEMENS,non-PDAC,0,radiology,False,1,False,1,True,automatic,automatic_labels/100302_00001.nii.gz,a5b2b4ed4ea762a00e3ca70ce9085d7c9d970cc9,337707,True,True,False,True,False,PANORAMA_LOCAL,PRIMARY_MODEL_DEVELOPMENT,False,True,RADIOLOGY_NO_DOCUMENTED_FOLLOWUP,SIEMENS,AUXILIARY_AUTOMATIC_MASK_ONLY,False,False,False,train,0,Y0_M0_SSIEMENS,train,True,False,False,False,False
310,100303,100303_00001,2015-04-04 00:00:00,049Y,49.0,M,TOSHIBA,non-PDAC,0,radiology,False,1,False,1,True,automatic,automatic_labels/100303_00001.nii.gz,6a47c892549451ee38745a34b2fe780d899a8d6d,648471,True,True,False,True,False,PANORAMA_LOCAL,PRIMARY_MODEL_DEVELOPMENT,False,True,RADIOLOGY_NO_DOCUMENTED_FOLLOWUP,TOSHIBA,AUXILIARY_AUTOMATIC_MASK_ONLY,False,False,False,validation,-1,Y0_M0_STOSHIBA,validation,False,True,True,False,False
311,100304,100304_00001,2014-09-07 00:00:00,080Y,80.0,F,Philips,non-PDAC,0,histopathology,False,1,False,1,True,automatic,automatic_labels/100304_00001.nii.gz,a8a8d8e36572e89b5673d475467cebaabde2c403,916841,True,True,False,True,False,PANORAMA_LOCAL,PRIMARY_MODEL_DEVELOPMENT,False,True,TISSUE_CONFIRMED,Philips,AUXILIARY_AUTOMATIC_MASK_ONLY,False,False,False,validation,-1,Y0_M0_SPhilips,validation,False,True,True,False,False
312,100305,100305_00001,2016-03-28 00:00:00,046Y,46.0,M,SIEMENS,non-PDAC,0,radiology,False,1,False,1,True,automatic,automatic_labels/100305_00001.nii.gz,96ce2d40698e7c60443873404679526196deb68b,634666,True,True,False,True,False,PANORAMA_LOCAL,PRIMARY_MODEL_DEVELOPMENT,False,True,RADIOLOGY_NO_DOCUMENTED_FOLLOWUP,SIEMENS,AUXILIARY_AUTOMATIC_MASK_ONLY,False,False,False,train,0,Y0_M0_SSIEMENS,train,True,False,False,False,False
313,100306,100306_00001,2016-07-22 00:00:00,078Y,78.0,F,TOSHIBA,non-PDAC,0,radiology,False,1,False,1,True,automatic,automatic_labels/100306_00001.nii.gz,5f7b5cb0eb152e0c9374cebf4a840e3b4a050c16,400041,True,True,False,True,False,PANORAMA_LOCAL,PRIMARY_MODEL_DEVELOPMENT,False,True,RADIOLOGY_NO_DOCUMENTED_FOLLOWUP,TOSHIBA,AUXILIARY_AUTOMATIC_MASK_ONLY,False,False,False,train,1,Y0_M0_STOSHIBA,train,True,False,False,False,False
314,100307,100307_00001,2015-07-20 00:00:00,080Y,80.0,F,SIEMENS,non-PDAC,0,radiology,False,1,False,1,True,automatic,automatic_labels/100307_00001.nii.gz,a69ec079fd16ddc1acbf26a36c7cfec512291eda,333678,True,True,False,True,False,PANORAMA_LOCAL,PRIMARY_MODEL_DEVELOPMENT,False,True,RADIOLOGY_NO_DOCUMENTED_FOLLOWUP,SIEMENS,AUXILIARY_AUTOMATIC_MASK_ONLY,False,False,False,train,1,Y0_M0_SSIEMENS,train,True,False,False,False,False
315,100308,100308_00001,2017-12-24 00:00:00,076Y,76.0,F,SIEMENS,non-PDAC,0,radiology,False,1,False,1,True,automatic,automatic_labels/100308_00001.nii.gz,8f533bb0dcf83b6f3b12614f792a4cd8776b6a93,748555,True,True,False,True,False,PANORAMA_LOCAL,PRIMARY_MODEL_DEVELOPMENT,False,True,RADIOLOGY_NO_DOCUMENTED_FOLLOWUP,SIEMENS,AUXILIARY_AUTOMATIC_MASK_ONLY,False,False,False,train,1,Y0_M0_SSIEMENS,train,True,False,False,False,False
316,100309,100309_00001,2015-06-09 00:00:00,071Y,71.0,F,SIEMENS,non-PDAC,0,radiology,False,1,False,1,True,automatic,automatic_labels/100309_00001.nii.gz,80da67649c954f889eb3af537f6a286619d2869a,285322,True,True,False,True,False,PANORAMA_LOCAL,PRIMARY_MODEL_DEVELOPMENT,False,True,RADIOLOGY_NO_DOCUMENTED_FOLLOWUP,SIEMENS,AUXILIARY_AUTOMATIC_MASK_ONLY,False,False,False,train,2,Y0_M0_SSIEMENS,train,True,False,False,False,False
317,100310,100310_00001,2019-03-10 00:00:00,068Y,68.0,M,Philips,non-PDAC,0,cytology,False,1,False,1,True,automatic,automatic_labels/100310_00001.nii.gz,d681818fc5bac22b4094e38fb31e5c8d56bfbdde,1942854,True,True,False,True,False,PANORAMA_LOCAL,PRIMARY_MODEL_DEVELOPMENT,False,True,CYTOLOGY_CONFIRMED,Philips,AUXILIARY_AUTOMATIC_MASK_ONLY,False,False,False,train,4,Y0_M0_SPhilips,train,True,False,False,False,False
318,100311,100311_00001,2018-03-28 00:00:00,062Y,62.0,M,TOSHIBA,non-PDAC,0,radiology,False,1,False,1,True,automatic,automatic_labels/100311_00001.nii.gz,02e25888ff2dd537290c818c4bcde2548e3895d4,541133,True,True,False,True,False,PANORAMA_LOCAL,PRIMARY_MODEL_DEVELOPMENT,False,True,RADIOLOGY_NO_DOCUMENTED_FOLLOWUP,TOSHIBA,AUXILIARY_AUTOMATIC_MASK_ONLY,False,False,False,train,2,Y0_M0_STOSHIBA,train,True,False,False,False,False
319,100312,100312_00001,2021-11-12 00:00:00,068Y,68.0,F,SIEMENS,PDAC,1,pathology,False,1,False,1,True,manual,manual_labels/100312_00001.nii.gz,117fa645a6f3ba6ec940467d4cdd7ff36e8f7c15,121563,True,True,True,False,True,PANORAMA_LOCAL,PRIMARY_MODEL_DEVELOPMENT,False,True,TISSUE_CONFIRMED,SIEMENS,PRIMARY_MANUAL_PDAC_REFERENCE,False,False,False,train,3,Y1_M1_SSIEMENS,train,True,False,False,False,False
320,100313,100313_00001,2014-07-23 00:00:00,074Y,74.0,M,SIEMENS,non-PDAC,0,radiology,False,1,False,1,True,automatic,automatic_labels/100313_00001.nii.gz,9e78dd143189892504283fbe452467fc49a6d4d8,646944,True,True,False,True,False,PANORAMA_LOCAL,PRIMARY_MODEL_DEVELOPMENT,False,True,RADIOLOGY_NO_DOCUMENTED_FOLLOWUP,SIEMENS,AUXILIARY_AUTOMATIC_MASK_ONLY,False,False,False,validation,-1,Y0_M0_SSIEMENS,validation,False,True,True,False,False
321,100314,100314_00001,2018-11-24 00:00:00,071Y,71.0,M,SIEMENS,non-PDAC,0,radiology,False,1,False,1,True,automatic,automatic_labels/100314_00001.nii.gz,3b195ae8dac136045ec5c888f583bac59224bbeb,599515,True,True,False,True,False,PANORAMA_LOCAL,PRIMARY_MODEL_DEVELOPMENT,False,True,RADIOLOGY_NO_DOCUMENTED_FOLLOWUP,SIEMENS,AUXILIARY_AUTOMATIC_MASK_ONLY,False,False,False,validation,-1,Y0_M0_SSIEMENS,validation,False,True,True,False,False
322,100315,100315_00001,2009-12-23 00:00:00,088Y,88.0,F,SIEMENS,non-PDAC,0,pathology,False,1,False,1,True,automatic,automatic_labels/100315_00001.nii.gz,0f3a4aafa6fa4abf0fda17357fbfa42f2d59817e,586708,True,True,False,True,False,PANORAMA_LOCAL,PRIMARY_MODEL_DEVELOPMENT,False,True,TISSUE_CONFIRMED,SIEMENS,AUXILIARY_AUTOMATIC_MASK_ONLY,False,False,False,train,1,Y0_M0_SSIEMENS,train,True,False,False,False,False
323,100316,100316_00001,2020-11-15 00:00:00,045Y,45.0,M,TOSHIBA,PDAC,1,cytology,False,1,False,1,True,manual,manual_labels/100316_00001.nii.gz,0a1b00420689620bc0fb4d93b475cc2598c08e64,509484,True,True,True,False,True,PANORAMA_LOCAL,PRIMARY_MODEL_DEVELOPMENT,False,True,CYTOLOGY_CONFIRMED,TOSHIBA,PRIMARY_MANUAL_PDAC_REFERENCE,False,False,False,train,2,Y1_M1_STOSHIBA,train,True,False,False,False,False
324,100317,100317_00001,2017-05-10 00:00:00,055Y,55.0,F,TOSHIBA,non-PDAC,0,radiology,False,1,False,1,True,automatic,automatic_labels/100317_00001.nii.gz,7f7dc64d8492a1f1878a63843bceeda433e6c204,228963,True,True,False,True,False,PANORAMA_LOCAL,PRIMARY_MODEL_DEVELOPMENT,False,True,RADIOLOGY_NO_DOCUMENTED_FOLLOWUP,TOSHIBA,AUXILIARY_AUTOMATIC_MASK_ONLY,False,False,False,train,3,Y0_M0_STOSHIBA,train,True,False,False,False,False
325,100318,100318_00001,2016-02-29 00:00:00,061Y,61.0,M,SIEMENS,non-PDAC,0,radiology,False,1,False,1,True,automatic,automatic_labels/100318_00001.nii.gz,b06533aff2f7992a110de9e7745d74b4c128e3f5,668727,True,True,False,True,False,PANORAMA_LOCAL,PRIMARY_MODEL_DEVELOPMENT,False,True,RADIOLOGY_NO_DOCUMENTED_FOLLOWUP,SIEMENS,AUXILIARY_AUTOMATIC_MASK_ONLY,False,False,False,validation,-1,Y0_M0_SSIEMENS,validation,False,True,True,False,False
326,100319,100319_00001,,,,,,non-PDAC,0,MSD_dataset,True,1,False,1,True,automatic,automatic_labels/100319_00001.nii.gz,cfe2b8916a9ce87fac591ec7638cba818c64e53f,226635,True,True,False,True,False,MSD_EXTERNAL_MIXED,LOCKED_EXTERNAL_MIXED_TEST,True,False,MSD_DATASET_DERIVED,[MISSING],AUXILIARY_AUTOMATIC_MASK_ONLY,True,False,False,,-1,,external_msd_test,False,False,False,True,False
327,100320,100320_00001,2016-08-17 00:00:00,075Y,75.0,F,TOSHIBA,non-PDAC,0,radiology,False,1,False,1,True,automatic,automatic_labels/100320_00001.nii.gz,c0cd879b36be7792bc8bedf392647fe7e474882a,348563,True,True,False,True,False,PANORAMA_LOCAL,PRIMARY_MODEL_DEVELOPMENT,False,True,RADIOLOGY_NO_DOCUMENTED_FOLLOWUP,TOSHIBA,AUXILIARY_AUTOMATIC_MASK_ONLY,False,False,False,internal_test,-1,Y0_M0_STOSHIBA,internal_test,False,False,False,True,False
328,100321,100321_00001,2018-02-07 00:00:00,056Y,56.0,M,TOSHIBA,non-PDAC,0,radiology,False,1,False,1,True,automatic,automatic_labels/100321_00001.nii.gz,3c87e8ca005053b27d9a84f85bb1700f0edeb630,471535,True,True,False,True,False,PANORAMA_LOCAL,PRIMARY_MODEL_DEVELOPMENT,False,True,RADIOLOGY_NO_DOCUMENTED_FOLLOWUP,TOSHIBA,AUXILIARY_AUTOMATIC_MASK_ONLY,False,False,False,train,2,Y0_M0_STOSHIBA,train,True,False,False,False,False
329,100322,100322_00001,2017-06-01 00:00:00,063Y,63.0,M,SIEMENS,non-PDAC,0,radiology,False,1,False,1,True,automatic,automatic_labels/100322_00001.nii.gz,c709dbdc1629985bfd9bdb0dfd846e33603682dc,715679,True,True,False,True,False,PANORAMA_LOCAL,PRIMARY_MODEL_DEVELOPMENT,False,True,RADIOLOGY_NO_DOCUMENTED_FOLLOWUP,SIEMENS,AUXILIARY_AUTOMATIC_MASK_ONLY,False,False,False,train,0,Y0_M0_SSIEMENS,train,True,False,False,False,False
330,100323,100323_00001,2017-08-03 00:00:00,050Y,50.0,F,Philips,PDAC,1,histopathology,False,1,False,1,True,manual,manual_labels/100323_00001.nii.gz,009ca6c9b5cefb46c556317bc4933d44796d293d,88732,True,True,True,False,True,PANORAMA_LOCAL,PRIMARY_MODEL_DEVELOPMENT,False,True,TISSUE_CONFIRMED,Philips,PRIMARY_MANUAL_PDAC_REFERENCE,False,False,False,internal_test,-1,Y1_M1_SPhilips,internal_test,False,False,False,True,True
331,100324,100324_00001,2019-09-20 00:00:00,069Y,69.0,M,Philips,PDAC,1,histopathology,False,1,False,1,True,manual,manual_labels/100324_00001.nii.gz,898b27d359048f73a52cd996f45f8028fe509ecf,150972,True,True,True,False,True,PANORAMA_LOCAL,PRIMARY_MODEL_DEVELOPMENT,False,True,TISSUE_CONFIRMED,Philips,PRIMARY_MANUAL_PDAC_REFERENCE,False,False,False,validation,-1,Y1_M1_SPhilips,validation,False,True,True,False,False
332,100325,100325_00001,,,,,,non-PDAC,0,MSD_dataset,True,1,False,1,True,automatic,automatic_labels/100325_00001.nii.gz,3858aa252438cda57927f03dff3588407e17189c,243274,True,True,False,True,False,MSD_EXTERNAL_MIXED,LOCKED_EXTERNAL_MIXED_TEST,True,False,MSD_DATASET_DERIVED,[MISSING],AUXILIARY_AUTOMATIC_MASK_ONLY,True,False,False,,-1,,external_msd_test,False,False,False,True,False
333,100326,100326_00001,2019-03-17 00:00:00,080Y,80.0,F,SIEMENS,non-PDAC,0,histopathology,False,1,False,1,True,automatic,automatic_labels/100326_00001.nii.gz,04df3d593324ee59646016f9ffc4c997ad96971d,283066,True,True,False,True,False,PANORAMA_LOCAL,PRIMARY_MODEL_DEVELOPMENT,False,True,TISSUE_CONFIRMED,SIEMENS,AUXILIARY_AUTOMATIC_MASK_ONLY,False,False,False,train,3,Y0_M0_SSIEMENS,train,True,False,False,False,False
334,100327,100327_00001,2017-07-12 00:00:00,059Y,59.0,F,TOSHIBA,non-PDAC,0,radiology,False,1,False,1,True,automatic,automatic_labels/100327_00001.nii.gz,58ea8faf079344c4b7d5f8130ce41d11504ff7bd,358126,True,True,False,True,False,PANORAMA_LOCAL,PRIMARY_MODEL_DEVELOPMENT,False,True,RADIOLOGY_NO_DOCUMENTED_FOLLOWUP,TOSHIBA,AUXILIARY_AUTOMATIC_MASK_ONLY,False,False,False,validation,-1,Y0_M0_STOSHIBA,validation,False,True,True,False,False
335,100328,100328_00001,2014-04-05 00:00:00,044Y,44.0,F,Philips,PDAC,1,histopathology,False,1,False,1,True,automatic,automatic_labels/100328_00001.nii.gz,eec8a6b41c2a51e2b51c1c86f7bf614b5a6f2dfe,1039860,True,True,False,True,False,PANORAMA_LOCAL,PRIMARY_MODEL_DEVELOPMENT,False,True,TISSUE_CONFIRMED,Philips,AUXILIARY_AUTOMATIC_MASK_ONLY,False,False,False,train,3,Y1_M0_SPhilips,train,True,False,False,False,False
336,100329,100329_00001,2015-11-18 00:00:00,,,,,non-PDAC,0,NIH_dataset,True,1,False,1,True,automatic,automatic_labels/100329_00001.nii.gz,efce1aa006fa28f4930edf2340f28ca2f7322b2a,400236,True,True,False,True,False,NIH_NEGATIVE_STRESS,LOCKED_NEGATIVE_SPECIFICITY_STRESS_TEST,True,False,NIH_DATASET_DERIVED,[MISSING],AUXILIARY_AUTOMATIC_MASK_ONLY,False,False,True,,-1,,nih_negative_stress_test,False,False,False,True,False
337,100330,100330_00001,2015-01-23 00:00:00,021Y,21.0,F,TOSHIBA,non-PDAC,0,radiology,False,1,False,1,True,automatic,automatic_labels/100330_00001.nii.gz,32406f7e87bdbeb6393ec9ec5bbd7e3b2608736a,735835,True,True,False,True,False,PANORAMA_LOCAL,PRIMARY_MODEL_DEVELOPMENT,False,True,RADIOLOGY_NO_DOCUMENTED_FOLLOWUP,TOSHIBA,AUXILIARY_AUTOMATIC_MASK_ONLY,False,False,False,train,3,Y0_M0_STOSHIBA,train,True,False,False,False,False
338,100331,100331_00001,2015-09-16 00:00:00,079Y,79.0,M,GE MEDICAL SYSTEMS,non-PDAC,0,pathology,False,1,False,1,True,automatic,automatic_labels/100331_00001.nii.gz,6996a8d6f4b7e5bd0bb17b1b2e6bb0bc43496e3f,1514746,True,True,False,True,False,PANORAMA_LOCAL,PRIMARY_MODEL_DEVELOPMENT,False,True,TISSUE_CONFIRMED,GE MEDICAL SYSTEMS,AUXILIARY_AUTOMATIC_MASK_ONLY,False,False,False,train,2,Y0_M0_SGE MEDICAL SYSTEMS,train,True,False,False,False,False
339,100332,100332_00001,2015-10-27 00:00:00,,,,,non-PDAC,0,NIH_dataset,True,1,False,1,True,automatic,automatic_labels/100332_00001.nii.gz,a73ac7c0c22173c8db63561dddd4d62fcc5a054f,514993,True,True,False,True,False,NIH_NEGATIVE_STRESS,LOCKED_NEGATIVE_SPECIFICITY_STRESS_TEST,True,False,NIH_DATASET_DERIVED,[MISSING],AUXILIARY_AUTOMATIC_MASK_ONLY,False,False,True,,-1,,nih_negative_stress_test,False,False,False,True,False
340,100333,100333_00001,2015-12-23 00:00:00,065Y,65.0,M,SIEMENS,non-PDAC,0,radiology,False,1,False,1,True,automatic,automatic_labels/100333_00001.nii.gz,0fda4ae6f1d77f9233601ad3b933ec3d8865bc15,712218,True,True,False,True,False,PANORAMA_LOCAL,PRIMARY_MODEL_DEVELOPMENT,False,True,RADIOLOGY_NO_DOCUMENTED_FOLLOWUP,SIEMENS,AUXILIARY_AUTOMATIC_MASK_ONLY,False,False,False,train,1,Y0_M0_SSIEMENS,train,True,False,False,False,False
341,100334,100334_00001,2018-08-18 00:00:00,048Y,48.0,M,TOSHIBA,non-PDAC,0,radiology,False,1,False,1,True,automatic,automatic_labels/100334_00001.nii.gz,3aad48c8a9cb6f0e79414e95c0c0708296fa635b,347844,True,True,False,True,False,PANORAMA_LOCAL,PRIMARY_MODEL_DEVELOPMENT,False,True,RADIOLOGY_NO_DOCUMENTED_FOLLOWUP,TOSHIBA,AUXILIARY_AUTOMATIC_MASK_ONLY,False,False,False,internal_test,-1,Y0_M0_STOSHIBA,internal_test,False,False,False,True,False
342,100335,100335_00001,2017-09-24 00:00:00,060Y,60.0,M,SIEMENS,PDAC,1,pathology,False,1,False,1,True,manual,manual_labels/100335_00001.nii.gz,4f46a2579b9794d81de8d4a3c99ab9f211327eee,717069,True,True,True,False,True,PANORAMA_LOCAL,PRIMARY_MODEL_DEVELOPMENT,False,True,TISSUE_CONFIRMED,SIEMENS,PRIMARY_MANUAL_PDAC_REFERENCE,False,False,False,train,4,Y1_M1_SSIEMENS,train,True,False,False,False,False
343,100336,100336_00001,2016-01-26 00:00:00,037Y,37.0,F,TOSHIBA,non-PDAC,0,radiology,False,1,False,1,True,automatic,automatic_labels/100336_00001.nii.gz,70b7b60d53eb874dc2f1c68d44b4174880a089db,279101,True,True,False,True,False,PANORAMA_LOCAL,PRIMARY_MODEL_DEVELOPMENT,False,True,RADIOLOGY_NO_DOCUMENTED_FOLLOWUP,TOSHIBA,AUXILIARY_AUTOMATIC_MASK_ONLY,False,False,False,internal_test,-1,Y0_M0_STOSHIBA,internal_test,False,False,False,True,False
344,100337,100337_00001,2014-01-31 00:00:00,063Y,63.0,F,SIEMENS,non-PDAC,0,radiology,False,1,False,1,True,automatic,automatic_labels/100337_00001.nii.gz,8d1a2c169f14e628c10efbb3b1c29bdf99e4917c,236976,True,True,False,True,False,PANORAMA_LOCAL,PRIMARY_MODEL_DEVELOPMENT,False,True,RADIOLOGY_NO_DOCUMENTED_FOLLOWUP,SIEMENS,AUXILIARY_AUTOMATIC_MASK_ONLY,False,False,False,internal_test,-1,Y0_M0_SSIEMENS,internal_test,False,False,False,True,False
345,100338,100338_00001,2017-07-19 00:00:00,070Y,70.0,F,TOSHIBA,non-PDAC,0,radiology,False,1,False,1,True,automatic,automatic_labels/100338_00001.nii.gz,a1474e4fe68d130157c566f9806d2ccc10b880b7,411813,True,True,False,True,False,PANORAMA_LOCAL,PRIMARY_MODEL_DEVELOPMENT,False,True,RADIOLOGY_NO_DOCUMENTED_FOLLOWUP,TOSHIBA,AUXILIARY_AUTOMATIC_MASK_ONLY,False,False,False,validation,-1,Y0_M0_STOSHIBA,validation,False,True,True,False,False
346,100339,100339_00001,2017-10-21 00:00:00,065Y,65.0,F,GE MEDICAL SYSTEMS,PDAC,1,pathology,False,1,False,1,True,manual,manual_labels/100339_00001.nii.gz,6d7fa8910961b3e3605bc6e3f7d58a5c29d6c980,202077,True,True,True,False,True,PANORAMA_LOCAL,PRIMARY_MODEL_DEVELOPMENT,False,True,TISSUE_CONFIRMED,GE MEDICAL SYSTEMS,PRIMARY_MANUAL_PDAC_REFERENCE,False,False,False,train,0,Y1_M1_SGE MEDICAL SYSTEMS,train,True,False,False,False,False
347,100340,100340_00001,2011-06-15 00:00:00,065Y,65.0,M,Philips,non-PDAC,0,histopathology,False,1,False,1,True,automatic,automatic_labels/100340_00001.nii.gz,66783d3be70d9f3a288cbfdc5c7daa95b6378008,307333,True,True,False,True,False,PANORAMA_LOCAL,PRIMARY_MODEL_DEVELOPMENT,False,True,TISSUE_CONFIRMED,Philips,AUXILIARY_AUTOMATIC_MASK_ONLY,False,False,False,train,2,Y0_M0_SPhilips,train,True,False,False,False,False
348,100341,100341_00001,2017-11-21 00:00:00,072Y,72.0,M,TOSHIBA,non-PDAC,0,radiology,False,1,False,1,True,automatic,automatic_labels/100341_00001.nii.gz,f572fe695f1f9ac1faf02c1a23c39bd5f40406f2,1690500,True,True,False,True,False,PANORAMA_LOCAL,PRIMARY_MODEL_DEVELOPMENT,False,True,RADIOLOGY_NO_DOCUMENTED_FOLLOWUP,TOSHIBA,AUXILIARY_AUTOMATIC_MASK_ONLY,False,False,False,train,0,Y0_M0_STOSHIBA,train,True,False,False,False,False
349,100342,100342_00001,,,,,,non-PDAC,0,MSD_dataset,True,1,False,1,True,automatic,automatic_labels/100342_00001.nii.gz,64a1100d5af698dd3b9490efc9a6ed0aa1465f64,282735,True,True,False,True,False,MSD_EXTERNAL_MIXED,LOCKED_EXTERNAL_MIXED_TEST,True,False,MSD_DATASET_DERIVED,[MISSING],AUXILIARY_AUTOMATIC_MASK_ONLY,True,False,False,,-1,,external_msd_test,False,False,False,True,False
350,100343,100343_00001,2009-12-26 00:00:00,079Y,79.0,M,SIEMENS,non-PDAC,0,radiology / 3yFU,False,1,False,1,True,automatic,automatic_labels/100343_00001.nii.gz,010d12d760a70d5f29c7bbbe0a9a8079466b3177,650508,True,True,False,True,False,PANORAMA_LOCAL,PRIMARY_MODEL_DEVELOPMENT,False,True,RADIOLOGY_WITH_3Y_FOLLOWUP,SIEMENS,AUXILIARY_AUTOMATIC_MASK_ONLY,False,False,False,internal_test,-1,Y0_M0_SSIEMENS,internal_test,False,False,False,True,False
351,100344,100344_00001,2015-07-30 00:00:00,079Y,79.0,M,SIEMENS,PDAC,1,cytology,False,1,False,1,True,manual,manual_labels/100344_00001.nii.gz,1194939a7d145a5556a60842d6e8e3bb110e838b,655598,True,True,True,False,True,PANORAMA_LOCAL,PRIMARY_MODEL_DEVELOPMENT,False,True,CYTOLOGY_CONFIRMED,SIEMENS,PRIMARY_MANUAL_PDAC_REFERENCE,False,False,False,train,2,Y1_M1_SSIEMENS,train,True,False,False,False,False
352,100345,100345_00001,2009-09-11 00:00:00,065Y,65.0,M,Philips,PDAC,1,histopathology,False,1,False,1,True,automatic,automatic_labels/100345_00001.nii.gz,8310deecae8701bd8bbab8de176b683ea4e2dcd9,305064,True,True,False,True,False,PANORAMA_LOCAL,PRIMARY_MODEL_DEVELOPMENT,False,True,TISSUE_CONFIRMED,Philips,AUXILIARY_AUTOMATIC_MASK_ONLY,False,False,False,internal_test,-1,Y1_M0_SPhilips,internal_test,False,False,False,True,False
353,100346,100346_00001,2014-03-02 00:00:00,062Y,62.0,M,SIEMENS,non-PDAC,0,radiology,False,1,False,1,True,automatic,automatic_labels/100346_00001.nii.gz,dfb3e9dcd8ed4ece9a4e5504932889b15f2a8bd7,1886375,True,True,False,True,False,PANORAMA_LOCAL,PRIMARY_MODEL_DEVELOPMENT,False,True,RADIOLOGY_NO_DOCUMENTED_FOLLOWUP,SIEMENS,AUXILIARY_AUTOMATIC_MASK_ONLY,False,False,False,internal_test,-1,Y0_M0_SSIEMENS,internal_test,False,False,False,True,False
354,100347,100347_00001,2019-12-21 00:00:00,087Y,87.0,M,SIEMENS,PDAC,1,pathology,False,1,False,1,True,manual,manual_labels/100347_00001.nii.gz,2a1f70fed5b401a4f4cac133a6f980306ffb882a,273111,True,True,True,False,True,PANORAMA_LOCAL,PRIMARY_MODEL_DEVELOPMENT,False,True,TISSUE_CONFIRMED,SIEMENS,PRIMARY_MANUAL_PDAC_REFERENCE,False,False,False,train,2,Y1_M1_SSIEMENS,train,True,False,False,False,False
355,100348,100348_00001,2015-06-20 00:00:00,075Y,75.0,M,TOSHIBA,non-PDAC,0,radiology,False,1,False,1,True,automatic,automatic_labels/100348_00001.nii.gz,0473f546d214c3b5fa41e4d153eb4ee2090eece6,343158,True,True,False,True,False,PANORAMA_LOCAL,PRIMARY_MODEL_DEVELOPMENT,False,True,RADIOLOGY_NO_DOCUMENTED_FOLLOWUP,TOSHIBA,AUXILIARY_AUTOMATIC_MASK_ONLY,False,False,False,train,4,Y0_M0_STOSHIBA,train,True,False,False,False,False
356,100349,100349_00001,,,,,,non-PDAC,0,MSD_dataset,True,1,False,1,True,automatic,automatic_labels/100349_00001.nii.gz,58146af16c56cd4e64678ccbbe88c9fdafa980ec,205225,True,True,False,True,False,MSD_EXTERNAL_MIXED,LOCKED_EXTERNAL_MIXED_TEST,True,False,MSD_DATASET_DERIVED,[MISSING],AUXILIARY_AUTOMATIC_MASK_ONLY,True,False,False,,-1,,external_msd_test,False,False,False,True,False
357,100350,100350_00001,2018-05-20 00:00:00,044Y,44.0,M,SIEMENS,non-PDAC,0,radiology,False,1,False,1,True,automatic,automatic_labels/100350_00001.nii.gz,4c0eafc388f745a2812895c83e0cc4f10a38651c,735609,True,True,False,True,False,PANORAMA_LOCAL,PRIMARY_MODEL_DEVELOPMENT,False,True,RADIOLOGY_NO_DOCUMENTED_FOLLOWUP,SIEMENS,AUXILIARY_AUTOMATIC_MASK_ONLY,False,False,False,validation,-1,Y0_M0_SSIEMENS,validation,False,True,True,False,False
358,100351,100351_00001,2018-02-07 00:00:00,072Y,72.0,M,TOSHIBA,PDAC,1,histopathology,False,1,False,1,True,manual,manual_labels/100351_00001.nii.gz,61b9ebd6e69b56ac796d65de9ef4c1af5f490eb6,114135,True,True,True,False,True,PANORAMA_LOCAL,PRIMARY_MODEL_DEVELOPMENT,False,True,TISSUE_CONFIRMED,TOSHIBA,PRIMARY_MANUAL_PDAC_REFERENCE,False,False,False,internal_test,-1,Y1_M1_STOSHIBA,internal_test,False,False,False,True,True
359,100352,100352_00001,2019-09-12 00:00:00,076Y,76.0,F,SIEMENS,non-PDAC,0,radiology,False,1,False,1,True,automatic,automatic_labels/100352_00001.nii.gz,649a5b04b8004d3bb340a8df9025122b93d9e65a,949762,True,True,False,True,False,PANORAMA_LOCAL,PRIMARY_MODEL_DEVELOPMENT,False,True,RADIOLOGY_NO_DOCUMENTED_FOLLOWUP,SIEMENS,AUXILIARY_AUTOMATIC_MASK_ONLY,False,False,False,validation,-1,Y0_M0_SSIEMENS,validation,False,True,True,False,False
360,100353,100353_00001,2019-05-28 00:00:00,060Y,60.0,M,SIEMENS,non-PDAC,0,radiology,False,1,False,1,True,automatic,automatic_labels/100353_00001.nii.gz,96f1c3d65a7c034cfedf9e92b03b0c2156159d93,644924,True,True,False,True,False,PANORAMA_LOCAL,PRIMARY_MODEL_DEVELOPMENT,False,True,RADIOLOGY_NO_DOCUMENTED_FOLLOWUP,SIEMENS,AUXILIARY_AUTOMATIC_MASK_ONLY,False,False,False,train,2,Y0_M0_SSIEMENS,train,True,False,False,False,False
361,100354,100354_00001,2015-04-14 00:00:00,076Y,76.0,M,TOSHIBA,non-PDAC,0,radiology,False,1,False,1,True,automatic,automatic_labels/100354_00001.nii.gz,a89a746bbf43f951e77973379eaf4f4fa0c2bee0,266396,True,True,False,True,False,PANORAMA_LOCAL,PRIMARY_MODEL_DEVELOPMENT,False,True,RADIOLOGY_NO_DOCUMENTED_FOLLOWUP,TOSHIBA,AUXILIARY_AUTOMATIC_MASK_ONLY,False,False,False,train,4,Y0_M0_STOSHIBA,train,True,False,False,False,False
362,100355,100355_00001,2008-06-23 00:00:00,046Y,46.0,M,SIEMENS,PDAC,1,histopathology,False,1,False,1,True,automatic,automatic_labels/100355_00001.nii.gz,6c1d797dccf9f00ea33eef9794563db321b02766,197019,True,True,False,True,False,PANORAMA_LOCAL,PRIMARY_MODEL_DEVELOPMENT,False,True,TISSUE_CONFIRMED,SIEMENS,AUXILIARY_AUTOMATIC_MASK_ONLY,False,False,False,train,0,Y1_M0_SSIEMENS,train,True,False,False,False,False
363,100356,100356_00001,2017-10-22 00:00:00,069Y,69.0,F,TOSHIBA,PDAC,1,cytology,False,1,False,1,True,automatic,automatic_labels/100356_00001.nii.gz,d772630ff2d33aa4783f2a1fdc5539e5c4ad1f13,411607,True,True,False,True,False,PANORAMA_LOCAL,PRIMARY_MODEL_DEVELOPMENT,False,True,CYTOLOGY_CONFIRMED,TOSHIBA,AUXILIARY_AUTOMATIC_MASK_ONLY,False,False,False,train,2,Y1_M0_STOSHIBA,train,True,False,False,False,False
364,100357,100357_00001,2015-11-16 00:00:00,,,,,non-PDAC,0,NIH_dataset,True,1,False,1,True,automatic,automatic_labels/100357_00001.nii.gz,f3d303b6e6abe28681ca80e436ada1d4b9b4c5e1,480550,True,True,False,True,False,NIH_NEGATIVE_STRESS,LOCKED_NEGATIVE_SPECIFICITY_STRESS_TEST,True,False,NIH_DATASET_DERIVED,[MISSING],AUXILIARY_AUTOMATIC_MASK_ONLY,False,False,True,,-1,,nih_negative_stress_test,False,False,False,True,False
365,100358,100358_00001,2016-08-09 00:00:00,060Y,60.0,F,TOSHIBA,non-PDAC,0,radiology,False,1,False,1,True,automatic,automatic_labels/100358_00001.nii.gz,3d18fdef03669b1465a29c0840175a3bd830842b,542606,True,True,False,True,False,PANORAMA_LOCAL,PRIMARY_MODEL_DEVELOPMENT,False,True,RADIOLOGY_NO_DOCUMENTED_FOLLOWUP,TOSHIBA,AUXILIARY_AUTOMATIC_MASK_ONLY,False,False,False,train,1,Y0_M0_STOSHIBA,train,True,False,False,False,False
366,100359,100359_00001,2015-10-26 00:00:00,,,,,non-PDAC,0,NIH_dataset,True,1,False,1,True,automatic,automatic_labels/100359_00001.nii.gz,951c7f01ae94a6a89011e06c19f8ee71ec0b7175,473240,True,True,False,True,False,NIH_NEGATIVE_STRESS,LOCKED_NEGATIVE_SPECIFICITY_STRESS_TEST,True,False,NIH_DATASET_DERIVED,[MISSING],AUXILIARY_AUTOMATIC_MASK_ONLY,False,False,True,,-1,,nih_negative_stress_test,False,False,False,True,False
367,100360,100360_00001,2019-01-27 00:00:00,035Y,35.0,M,SIEMENS,non-PDAC,0,radiology,False,1,False,1,True,automatic,automatic_labels/100360_00001.nii.gz,a197ba6cb8f46d746380f3fa3e4eab87f4e232fb,406604,True,True,False,True,False,PANORAMA_LOCAL,PRIMARY_MODEL_DEVELOPMENT,False,True,RADIOLOGY_NO_DOCUMENTED_FOLLOWUP,SIEMENS,AUXILIARY_AUTOMATIC_MASK_ONLY,False,False,False,train,2,Y0_M0_SSIEMENS,train,True,False,False,False,False
368,100361,100361_00001,2018-11-08 00:00:00,071Y,71.0,M,TOSHIBA,non-PDAC,0,radiology,False,1,False,1,True,automatic,automatic_labels/100361_00001.nii.gz,a82fdbf7f464500f110976ae7831588921b9f734,238949,True,True,False,True,False,PANORAMA_LOCAL,PRIMARY_MODEL_DEVELOPMENT,False,True,RADIOLOGY_NO_DOCUMENTED_FOLLOWUP,TOSHIBA,AUXILIARY_AUTOMATIC_MASK_ONLY,False,False,False,train,0,Y0_M0_STOSHIBA,train,True,False,False,False,False
369,100362,100362_00001,2018-02-26 00:00:00,068Y,68.0,M,SIEMENS,non-PDAC,0,radiology,False,1,False,1,True,automatic,automatic_labels/100362_00001.nii.gz,baf475662d5819e38aeb156fc5fbfebaa50d4409,373545,True,True,False,True,False,PANORAMA_LOCAL,PRIMARY_MODEL_DEVELOPMENT,False,True,RADIOLOGY_NO_DOCUMENTED_FOLLOWUP,SIEMENS,AUXILIARY_AUTOMATIC_MASK_ONLY,False,False,False,train,2,Y0_M0_SSIEMENS,train,True,False,False,False,False
370,100363,100363_00001,2018-01-13 00:00:00,067Y,67.0,M,SIEMENS,non-PDAC,0,radiology,False,1,False,1,True,automatic,automatic_labels/100363_00001.nii.gz,17b13e872f25009b65a4a5a05f699def7de7641a,702757,True,True,False,True,False,PANORAMA_LOCAL,PRIMARY_MODEL_DEVELOPMENT,False,True,RADIOLOGY_NO_DOCUMENTED_FOLLOWUP,SIEMENS,AUXILIARY_AUTOMATIC_MASK_ONLY,False,False,False,train,4,Y0_M0_SSIEMENS,train,True,False,False,False,False
371,100364,100364_00001,2017-08-23 00:00:00,083Y,83.0,M,SIEMENS,non-PDAC,0,radiology,False,1,False,1,True,automatic,automatic_labels/100364_00001.nii.gz,f9321501904820f3ac8e1581b2a506c24af5c66e,614586,True,True,False,True,False,PANORAMA_LOCAL,PRIMARY_MODEL_DEVELOPMENT,False,True,RADIOLOGY_NO_DOCUMENTED_FOLLOWUP,SIEMENS,AUXILIARY_AUTOMATIC_MASK_ONLY,False,False,False,internal_test,-1,Y0_M0_SSIEMENS,internal_test,False,False,False,True,False
372,100365,100365_00001,,,,,,non-PDAC,0,MSD_dataset,True,1,False,1,True,automatic,automatic_labels/100365_00001.nii.gz,22abd3007314dea07bc314a083216d18e3244741,187040,True,True,False,True,False,MSD_EXTERNAL_MIXED,LOCKED_EXTERNAL_MIXED_TEST,True,False,MSD_DATASET_DERIVED,[MISSING],AUXILIARY_AUTOMATIC_MASK_ONLY,True,False,False,,-1,,external_msd_test,False,False,False,True,False
373,100366,100366_00001,2012-11-08 00:00:00,054Y,54.0,M,TOSHIBA,non-PDAC,0,radiology,False,1,False,1,True,automatic,automatic_labels/100366_00001.nii.gz,692de502d2fdac038a7d308ce91d683c445bce20,1796334,True,True,False,True,False,PANORAMA_LOCAL,PRIMARY_MODEL_DEVELOPMENT,False,True,RADIOLOGY_NO_DOCUMENTED_FOLLOWUP,TOSHIBA,AUXILIARY_AUTOMATIC_MASK_ONLY,False,False,False,train,2,Y0_M0_STOSHIBA,train,True,False,False,False,False
374,100367,100367_00001,2014-08-13 00:00:00,063Y,63.0,F,SIEMENS,non-PDAC,0,radiology,False,1,False,1,True,automatic,automatic_labels/100367_00001.nii.gz,5fd814c2a2272a4305aa05249ec5ff841bbd3827,903731,True,True,False,True,False,PANORAMA_LOCAL,PRIMARY_MODEL_DEVELOPMENT,False,True,RADIOLOGY_NO_DOCUMENTED_FOLLOWUP,SIEMENS,AUXILIARY_AUTOMATIC_MASK_ONLY,False,False,False,train,1,Y0_M0_SSIEMENS,train,True,False,False,False,False
375,100368,100368_00001,,,,,,PDAC,1,MSD_dataset,True,1,False,1,True,manual,manual_labels/100368_00001.nii.gz,59fbeece90ab35c461e2d9b2944a303abd962852,67405,True,True,True,False,True,MSD_EXTERNAL_MIXED,LOCKED_EXTERNAL_MIXED_TEST,True,False,MSD_DATASET_DERIVED,[MISSING],PRIMARY_MANUAL_PDAC_REFERENCE,True,True,False,,-1,,external_msd_test,False,False,False,True,True
376,100369,100369_00001,2015-07-05 00:00:00,070Y,70.0,M,Philips,PDAC,1,histopathology,False,1,False,1,True,manual,manual_labels/100369_00001.nii.gz,a74533ddfd7557015a7165a5dd70e5723511c306,265384,True,True,True,False,True,PANORAMA_LOCAL,PRIMARY_MODEL_DEVELOPMENT,False,True,TISSUE_CONFIRMED,Philips,PRIMARY_MANUAL_PDAC_REFERENCE,False,False,False,train,3,Y1_M1_SPhilips,train,True,False,False,False,False
377,100370,100370_00001,2018-03-15 00:00:00,066Y,66.0,F,SIEMENS,non-PDAC,0,radiology,False,1,False,1,True,automatic,automatic_labels/100370_00001.nii.gz,bb896d153a57140b8803a2fa8704468f23780886,697397,True,True,False,True,False,PANORAMA_LOCAL,PRIMARY_MODEL_DEVELOPMENT,False,True,RADIOLOGY_NO_DOCUMENTED_FOLLOWUP,SIEMENS,AUXILIARY_AUTOMATIC_MASK_ONLY,False,False,False,train,0,Y0_M0_SSIEMENS,train,True,False,False,False,False
378,100371,100371_00001,2016-01-31 00:00:00,045Y,45.0,F,TOSHIBA,non-PDAC,0,radiology,False,1,False,1,True,automatic,automatic_labels/100371_00001.nii.gz,27223b1a5047b0cab169f251bd8107bdbd717120,371341,True,True,False,True,False,PANORAMA_LOCAL,PRIMARY_MODEL_DEVELOPMENT,False,True,RADIOLOGY_NO_DOCUMENTED_FOLLOWUP,TOSHIBA,AUXILIARY_AUTOMATIC_MASK_ONLY,False,False,False,train,4,Y0_M0_STOSHIBA,train,True,False,False,False,False
379,100372,100372_00001,2013-07-06 00:00:00,053Y,53.0,M,Philips,PDAC,1,histopathology,False,1,False,1,True,automatic,automatic_labels/100372_00001.nii.gz,28615fc1f46bdba769c41c2dfe69a325ff8e5f25,1017526,True,True,False,True,False,PANORAMA_LOCAL,PRIMARY_MODEL_DEVELOPMENT,False,True,TISSUE_CONFIRMED,Philips,AUXILIARY_AUTOMATIC_MASK_ONLY,False,False,False,train,3,Y1_M0_SPhilips,train,True,False,False,False,False
380,100373,100373_00001,2013-11-18 00:00:00,066Y,66.0,M,Philips,PDAC,1,histopathology,False,1,False,1,True,automatic,automatic_labels/100373_00001.nii.gz,d4a06c4aa9665ed9f87e4f2fe0f3a0ab08b02e1d,307470,True,True,False,True,False,PANORAMA_LOCAL,PRIMARY_MODEL_DEVELOPMENT,False,True,TISSUE_CONFIRMED,Philips,AUXILIARY_AUTOMATIC_MASK_ONLY,False,False,False,train,1,Y1_M0_SPhilips,train,True,False,False,False,False
381,100374,100374_00001,2018-07-10 00:00:00,070Y,70.0,M,SIEMENS,non-PDAC,0,histopathology,False,1,False,1,True,automatic,automatic_labels/100374_00001.nii.gz,e6b14e8b1e2701f99865565543a0a32dbcaa0162,985954,True,True,False,True,False,PANORAMA_LOCAL,PRIMARY_MODEL_DEVELOPMENT,False,True,TISSUE_CONFIRMED,SIEMENS,AUXILIARY_AUTOMATIC_MASK_ONLY,False,False,False,internal_test,-1,Y0_M0_SSIEMENS,internal_test,False,False,False,True,False
382,100375,100375_00001,2016-10-18 00:00:00,063Y,63.0,F,TOSHIBA,non-PDAC,0,radiology,False,1,False,1,True,automatic,automatic_labels/100375_00001.nii.gz,9244b12c0a1feebc733825096fe1032d3aab7d01,345686,True,True,False,True,False,PANORAMA_LOCAL,PRIMARY_MODEL_DEVELOPMENT,False,True,RADIOLOGY_NO_DOCUMENTED_FOLLOWUP,TOSHIBA,AUXILIARY_AUTOMATIC_MASK_ONLY,False,False,False,train,4,Y0_M0_STOSHIBA,train,True,False,False,False,False
383,100376,100376_00001,2015-12-24 00:00:00,059Y,59.0,F,SIEMENS,non-PDAC,0,radiology,False,1,False,1,True,automatic,automatic_labels/100376_00001.nii.gz,ca1f2f0dea95f2ad43b7a03e94a4b3d39a378ef5,300803,True,True,False,True,False,PANORAMA_LOCAL,PRIMARY_MODEL_DEVELOPMENT,False,True,RADIOLOGY_NO_DOCUMENTED_FOLLOWUP,SIEMENS,AUXILIARY_AUTOMATIC_MASK_ONLY,False,False,False,train,0,Y0_M0_SSIEMENS,train,True,False,False,False,False
384,100377,100377_00001,2014-03-26 00:00:00,028Y,28.0,M,SIEMENS,non-PDAC,0,radiology,False,1,False,1,True,automatic,automatic_labels/100377_00001.nii.gz,b342dc4ed7e1411d15623e0ae7661f2f5667c133,662731,True,True,False,True,False,PANORAMA_LOCAL,PRIMARY_MODEL_DEVELOPMENT,False,True,RADIOLOGY_NO_DOCUMENTED_FOLLOWUP,SIEMENS,AUXILIARY_AUTOMATIC_MASK_ONLY,False,False,False,train,0,Y0_M0_SSIEMENS,train,True,False,False,False,False
385,100378,100378_00001,2020-04-01 00:00:00,064Y,64.0,M,TOSHIBA,non-PDAC,0,pathology,False,1,False,1,True,automatic,automatic_labels/100378_00001.nii.gz,06d2fe3d2a7a79d6f9a19f421723df0cb9f65181,1117796,True,True,False,True,False,PANORAMA_LOCAL,PRIMARY_MODEL_DEVELOPMENT,False,True,TISSUE_CONFIRMED,TOSHIBA,AUXILIARY_AUTOMATIC_MASK_ONLY,False,False,False,train,1,Y0_M0_STOSHIBA,train,True,False,False,False,False
386,100379,100379_00001,2020-10-02 00:00:00,069Y,69.0,M,Canon Medical Systems,PDAC,1,histopathology,False,1,False,1,True,manual,manual_labels/100379_00001.nii.gz,1c2cfea35897559291b4382b8bf5a83dc5bb3752,127284,True,True,True,False,True,PANORAMA_LOCAL,PRIMARY_MODEL_DEVELOPMENT,False,True,TISSUE_CONFIRMED,Canon Medical Systems,PRIMARY_MANUAL_PDAC_REFERENCE,False,False,False,train,2,Y1_M1,train,True,False,False,False,False
387,100380,100380_00001,2014-04-10 00:00:00,056Y,56.0,M,TOSHIBA,non-PDAC,0,radiology,False,1,False,1,True,automatic,automatic_labels/100380_00001.nii.gz,11ea12f314f86215ce70af9d8822cc524f9b3d1a,743629,True,True,False,True,False,PANORAMA_LOCAL,PRIMARY_MODEL_DEVELOPMENT,False,True,RADIOLOGY_NO_DOCUMENTED_FOLLOWUP,TOSHIBA,AUXILIARY_AUTOMATIC_MASK_ONLY,False,False,False,train,2,Y0_M0_STOSHIBA,train,True,False,False,False,False
388,100381,100381_00001,2015-11-13 00:00:00,081Y,81.0,M,Philips,PDAC,1,cytology,False,1,False,1,True,automatic,automatic_labels/100381_00001.nii.gz,79873eb3cef03c50567899281471bacfabb32038,953841,True,True,False,True,False,PANORAMA_LOCAL,PRIMARY_MODEL_DEVELOPMENT,False,True,CYTOLOGY_CONFIRMED,Philips,AUXILIARY_AUTOMATIC_MASK_ONLY,False,False,False,train,3,Y1_M0_SPhilips,train,True,False,False,False,False
389,100382,100382_00001,2018-03-16 00:00:00,052Y,52.0,M,SIEMENS,non-PDAC,0,radiology,False,1,False,1,True,automatic,automatic_labels/100382_00001.nii.gz,c36991b2502acde3c8101374f9b6e22591a7b0c7,653890,True,True,False,True,False,PANORAMA_LOCAL,PRIMARY_MODEL_DEVELOPMENT,False,True,RADIOLOGY_NO_DOCUMENTED_FOLLOWUP,SIEMENS,AUXILIARY_AUTOMATIC_MASK_ONLY,False,False,False,train,3,Y0_M0_SSIEMENS,train,True,False,False,False,False
390,100383,100383_00001,2014-09-10 00:00:00,041Y,41.0,F,SIEMENS,non-PDAC,0,radiology,False,1,False,1,True,automatic,automatic_labels/100383_00001.nii.gz,61ddaa589e1692f4e50a4ff0e47a0542cfebb72d,372782,True,True,False,True,False,PANORAMA_LOCAL,PRIMARY_MODEL_DEVELOPMENT,False,True,RADIOLOGY_NO_DOCUMENTED_FOLLOWUP,SIEMENS,AUXILIARY_AUTOMATIC_MASK_ONLY,False,False,False,train,3,Y0_M0_SSIEMENS,train,True,False,False,False,False
391,100384,100384_00001,2015-06-11 00:00:00,074Y,74.0,F,SIEMENS,non-PDAC,0,radiology,False,1,False,1,True,automatic,automatic_labels/100384_00001.nii.gz,7f77e80d1358dbfad8a0d0b5badef2f93d0b86d5,294857,True,True,False,True,False,PANORAMA_LOCAL,PRIMARY_MODEL_DEVELOPMENT,False,True,RADIOLOGY_NO_DOCUMENTED_FOLLOWUP,SIEMENS,AUXILIARY_AUTOMATIC_MASK_ONLY,False,False,False,train,0,Y0_M0_SSIEMENS,train,True,False,False,False,False
392,100385,100385_00001,2020-09-20 00:00:00,072Y,72.0,M,Philips,PDAC,1,histopathology,False,1,False,1,True,manual,manual_labels/100385_00001.nii.gz,ec72006bb475677d8c3c4aa6144e9307a120ee2e,281864,True,True,True,False,True,PANORAMA_LOCAL,PRIMARY_MODEL_DEVELOPMENT,False,True,TISSUE_CONFIRMED,Philips,PRIMARY_MANUAL_PDAC_REFERENCE,False,False,False,internal_test,-1,Y1_M1_SPhilips,internal_test,False,False,False,True,True
393,100386,100386_00001,2020-08-15 00:00:00,067Y,67.0,F,GE MEDICAL SYSTEMS,PDAC,1,cytology,False,1,False,1,True,automatic,automatic_labels/100386_00001.nii.gz,c3fdd3483bce1cfe83222cb29647e73516af56ea,330519,True,True,False,True,False,PANORAMA_LOCAL,PRIMARY_MODEL_DEVELOPMENT,False,True,CYTOLOGY_CONFIRMED,GE MEDICAL SYSTEMS,AUXILIARY_AUTOMATIC_MASK_ONLY,False,False,False,validation,-1,Y1_M0,validation,False,True,True,False,False
394,100387,100387_00001,2016-03-21 00:00:00,060Y,60.0,M,TOSHIBA,non-PDAC,0,radiology,False,1,False,1,True,automatic,automatic_labels/100387_00001.nii.gz,7b93e2a17007e31fbe58d3ebfb177dceff0e4c1f,432166,True,True,False,True,False,PANORAMA_LOCAL,PRIMARY_MODEL_DEVELOPMENT,False,True,RADIOLOGY_NO_DOCUMENTED_FOLLOWUP,TOSHIBA,AUXILIARY_AUTOMATIC_MASK_ONLY,False,False,False,internal_test,-1,Y0_M0_STOSHIBA,internal_test,False,False,False,True,False
395,100388,100388_00001,2013-11-27 00:00:00,088Y,88.0,M,Philips,non-PDAC,0,pathology,False,1,False,1,True,automatic,automatic_labels/100388_00001.nii.gz,d1110169e6a9d454c49f1209f7bb3097b8357b22,454408,True,True,False,True,False,PANORAMA_LOCAL,PRIMARY_MODEL_DEVELOPMENT,False,True,TISSUE_CONFIRMED,Philips,AUXILIARY_AUTOMATIC_MASK_ONLY,False,False,False,train,1,Y0_M0_SPhilips,train,True,False,False,False,False
396,100389,100389_00001,2019-12-06 00:00:00,071Y,71.0,F,TOSHIBA,non-PDAC,0,histopathology,False,1,False,1,True,automatic,automatic_labels/100389_00001.nii.gz,9031475498c2de65daf82a8a7b2b993f18e7442a,444426,True,True,False,True,False,PANORAMA_LOCAL,PRIMARY_MODEL_DEVELOPMENT,False,True,TISSUE_CONFIRMED,TOSHIBA,AUXILIARY_AUTOMATIC_MASK_ONLY,False,False,False,internal_test,-1,Y0_M0_STOSHIBA,internal_test,False,False,False,True,False
397,100390,100390_00001,,,,,,non-PDAC,0,MSD_dataset,True,1,False,1,True,automatic,automatic_labels/100390_00001.nii.gz,cf6ce72fd6bfe1eb9b85f67bbcf95a7be334a66c,203593,True,True,False,True,False,MSD_EXTERNAL_MIXED,LOCKED_EXTERNAL_MIXED_TEST,True,False,MSD_DATASET_DERIVED,[MISSING],AUXILIARY_AUTOMATIC_MASK_ONLY,True,False,False,,-1,,external_msd_test,False,False,False,True,False
398,100391,100391_00001,2014-12-17 00:00:00,061Y,61.0,M,SIEMENS,non-PDAC,0,radiology,False,1,False,1,True,automatic,automatic_labels/100391_00001.nii.gz,a749a59a1eaf1c0fd3ebe1ffa08fecda3738dabf,835597,True,True,False,True,False,PANORAMA_LOCAL,PRIMARY_MODEL_DEVELOPMENT,False,True,RADIOLOGY_NO_DOCUMENTED_FOLLOWUP,SIEMENS,AUXILIARY_AUTOMATIC_MASK_ONLY,False,False,False,internal_test,-1,Y0_M0_SSIEMENS,internal_test,False,False,False,True,False
399,100392,100392_00001,2016-10-13 00:00:00,058Y,58.0,F,TOSHIBA,non-PDAC,0,radiology,False,1,False,1,True,automatic,automatic_labels/100392_00001.nii.gz,f2d0c6c1023573da5ffd270707ca2a36d3e88ac8,263936,True,True,False,True,False,PANORAMA_LOCAL,PRIMARY_MODEL_DEVELOPMENT,False,True,RADIOLOGY_NO_DOCUMENTED_FOLLOWUP,TOSHIBA,AUXILIARY_AUTOMATIC_MASK_ONLY,False,False,False,train,1,Y0_M0_STOSHIBA,train,True,False,False,False,False
400,100393,100393_00001,2018-08-01 00:00:00,071Y,71.0,M,SIEMENS,non-PDAC,0,radiology,False,1,False,1,True,automatic,automatic_labels/100393_00001.nii.gz,1df6e20322cc14beb2d7426e6688087113c999f2,1523402,True,True,False,True,False,PANORAMA_LOCAL,PRIMARY_MODEL_DEVELOPMENT,False,True,RADIOLOGY_NO_DOCUMENTED_FOLLOWUP,SIEMENS,AUXILIARY_AUTOMATIC_MASK_ONLY,False,False,False,train,4,Y0_M0_SSIEMENS,train,True,False,False,False,False
401,100394,100394_00001,2018-12-20 00:00:00,073Y,73.0,M,SIEMENS,PDAC,1,cytology,False,1,False,1,True,automatic,automatic_labels/100394_00001.nii.gz,3e00cb30ae0300dc6e90b89673f85ce7b7af9cc3,327103,True,True,False,True,False,PANORAMA_LOCAL,PRIMARY_MODEL_DEVELOPMENT,False,True,CYTOLOGY_CONFIRMED,SIEMENS,AUXILIARY_AUTOMATIC_MASK_ONLY,False,False,False,train,1,Y1_M0_SSIEMENS,train,True,False,False,False,False
402,100395,100395_00001,2019-09-29 00:00:00,035Y,35.0,F,SIEMENS,non-PDAC,0,radiology,False,1,False,1,True,automatic,automatic_labels/100395_00001.nii.gz,b7091f5dd597b42b9ff31f3addba6dc73951ade0,380003,True,True,False,True,False,PANORAMA_LOCAL,PRIMARY_MODEL_DEVELOPMENT,False,True,RADIOLOGY_NO_DOCUMENTED_FOLLOWUP,SIEMENS,AUXILIARY_AUTOMATIC_MASK_ONLY,False,False,False,train,2,Y0_M0_SSIEMENS,train,True,False,False,False,False
403,100396,100396_00001,,,,,,non-PDAC,0,MSD_dataset,True,1,False,1,True,automatic,automatic_labels/100396_00001.nii.gz,3acd8c27d858d71e6af8d0da4b9fd451c56e9d5d,260354,True,True,False,True,False,MSD_EXTERNAL_MIXED,LOCKED_EXTERNAL_MIXED_TEST,True,False,MSD_DATASET_DERIVED,[MISSING],AUXILIARY_AUTOMATIC_MASK_ONLY,True,False,False,,-1,,external_msd_test,False,False,False,True,False
404,100397,100397_00001,2016-02-20 00:00:00,074Y,74.0,F,SIEMENS,PDAC,1,cytology,False,1,False,1,True,manual,manual_labels/100397_00001.nii.gz,731764ca8811e97dc5e891ae276157eed18ceb00,93737,True,True,True,False,True,PANORAMA_LOCAL,PRIMARY_MODEL_DEVELOPMENT,False,True,CYTOLOGY_CONFIRMED,SIEMENS,PRIMARY_MANUAL_PDAC_REFERENCE,False,False,False,train,3,Y1_M1_SSIEMENS,train,True,False,False,False,False
405,100398,100398_00001,2016-07-01 00:00:00,070Y,70.0,F,SIEMENS,non-PDAC,0,pathology,False,1,False,1,True,automatic,automatic_labels/100398_00001.nii.gz,8727d11fca5153b87eb069d6974cb6f318c51413,580982,True,True,False,True,False,PANORAMA_LOCAL,PRIMARY_MODEL_DEVELOPMENT,False,True,TISSUE_CONFIRMED,SIEMENS,AUXILIARY_AUTOMATIC_MASK_ONLY,False,False,False,validation,-1,Y0_M0_SSIEMENS,validation,False,True,True,False,False
406,100399,100399_00001,2018-01-13 00:00:00,077Y,77.0,M,TOSHIBA,non-PDAC,0,radiology,False,1,False,1,True,automatic,automatic_labels/100399_00001.nii.gz,bcfd5745ea0ff2cdac1484d65e1d355ac8cb628c,233323,True,True,False,True,False,PANORAMA_LOCAL,PRIMARY_MODEL_DEVELOPMENT,False,True,RADIOLOGY_NO_DOCUMENTED_FOLLOWUP,TOSHIBA,AUXILIARY_AUTOMATIC_MASK_ONLY,False,False,False,internal_test,-1,Y0_M0_STOSHIBA,internal_test,False,False,False,True,False
407,100400,100400_00001,2017-12-22 00:00:00,048Y,48.0,M,TOSHIBA,non-PDAC,0,radiology,False,1,False,1,True,automatic,automatic_labels/100400_00001.nii.gz,148af6e8e904f1db2895028e656e829736db8fae,625766,True,True,False,True,False,PANORAMA_LOCAL,PRIMARY_MODEL_DEVELOPMENT,False,True,RADIOLOGY_NO_DOCUMENTED_FOLLOWUP,TOSHIBA,AUXILIARY_AUTOMATIC_MASK_ONLY,False,False,False,train,4,Y0_M0_STOSHIBA,train,True,False,False,False,False
408,100401,100401_00001,2017-07-14 00:00:00,085Y,85.0,M,SIEMENS,non-PDAC,0,radiology,False,1,False,1,True,automatic,automatic_labels/100401_00001.nii.gz,3b02b13ae61925c1b59a060aa52b02fc957e9bc9,701064,True,True,False,True,False,PANORAMA_LOCAL,PRIMARY_MODEL_DEVELOPMENT,False,True,RADIOLOGY_NO_DOCUMENTED_FOLLOWUP,SIEMENS,AUXILIARY_AUTOMATIC_MASK_ONLY,False,False,False,train,3,Y0_M0_SSIEMENS,train,True,False,False,False,False
409,100402,100402_00001,2020-12-14 00:00:00,068Y,68.0,F,TOSHIBA,PDAC,1,pathology,False,1,False,1,True,manual,manual_labels/100402_00001.nii.gz,79c7aff1e9a2e1dadc03fc639291f6b1daaa75a9,149603,True,True,True,False,True,PANORAMA_LOCAL,PRIMARY_MODEL_DEVELOPMENT,False,True,TISSUE_CONFIRMED,TOSHIBA,PRIMARY_MANUAL_PDAC_REFERENCE,False,False,False,train,1,Y1_M1_STOSHIBA,train,True,False,False,False,False
410,100403,100403_00001,,,,,,PDAC,1,MSD_dataset,True,1,False,1,True,manual,manual_labels/100403_00001.nii.gz,281cd3b51cf2b1c6b70234175b3744d51437f72f,30996,True,True,True,False,True,MSD_EXTERNAL_MIXED,LOCKED_EXTERNAL_MIXED_TEST,True,False,MSD_DATASET_DERIVED,[MISSING],PRIMARY_MANUAL_PDAC_REFERENCE,True,True,False,,-1,,external_msd_test,False,False,False,True,True
411,100404,100404_00001,2021-06-29 00:00:00,071Y,71.0,F,TOSHIBA,PDAC,1,histopathology,False,1,False,1,True,manual,manual_labels/100404_00001.nii.gz,e4bbe5a81eb45c4b24f8e89a08c19ff356ea869a,116565,True,True,True,False,True,PANORAMA_LOCAL,PRIMARY_MODEL_DEVELOPMENT,False,True,TISSUE_CONFIRMED,TOSHIBA,PRIMARY_MANUAL_PDAC_REFERENCE,False,False,False,validation,-1,Y1_M1_STOSHIBA,validation,False,True,True,False,False
412,100405,100405_00001,2019-04-02 00:00:00,071Y,71.0,M,Philips,PDAC,1,histopathology,False,1,False,1,True,manual,manual_labels/100405_00001.nii.gz,f98ddb214c995de618336ef1fcb9f79ed2e2b5ff,353430,True,True,True,False,True,PANORAMA_LOCAL,PRIMARY_MODEL_DEVELOPMENT,False,True,TISSUE_CONFIRMED,Philips,PRIMARY_MANUAL_PDAC_REFERENCE,False,False,False,train,0,Y1_M1_SPhilips,train,True,False,False,False,False
413,100406,100406_00001,2015-07-21 00:00:00,064Y,64.0,M,SIEMENS,non-PDAC,0,radiology,False,1,False,1,True,automatic,automatic_labels/100406_00001.nii.gz,fbcfd72454aa185a6657e0821dfd41678bbeba4a,618963,True,True,False,True,False,PANORAMA_LOCAL,PRIMARY_MODEL_DEVELOPMENT,False,True,RADIOLOGY_NO_DOCUMENTED_FOLLOWUP,SIEMENS,AUXILIARY_AUTOMATIC_MASK_ONLY,False,False,False,train,1,Y0_M0_SSIEMENS,train,True,False,False,False,False
414,100407,100407_00001,2017-07-16 00:00:00,075Y,75.0,M,Philips,PDAC,1,histopathology,False,1,False,1,True,automatic,automatic_labels/100407_00001.nii.gz,aa8c7cdc7068531a3b4f8371ebd5a265bca48c2c,240843,True,True,False,True,False,PANORAMA_LOCAL,PRIMARY_MODEL_DEVELOPMENT,False,True,TISSUE_CONFIRMED,Philips,AUXILIARY_AUTOMATIC_MASK_ONLY,False,False,False,train,0,Y1_M0_SPhilips,train,True,False,False,False,False
415,100408,100408_00001,2015-12-09 00:00:00,,,,,non-PDAC,0,NIH_dataset,True,1,False,1,True,automatic,automatic_labels/100408_00001.nii.gz,f7076f9778c48d6d21f6164eaeabaf40a2c47a3d,482723,True,True,False,True,False,NIH_NEGATIVE_STRESS,LOCKED_NEGATIVE_SPECIFICITY_STRESS_TEST,True,False,NIH_DATASET_DERIVED,[MISSING],AUXILIARY_AUTOMATIC_MASK_ONLY,False,False,True,,-1,,nih_negative_stress_test,False,False,False,True,False
416,100409,100409_00001,2018-12-20 00:00:00,073Y,73.0,F,TOSHIBA,PDAC,1,cytology,False,1,False,1,True,manual,manual_labels/100409_00001.nii.gz,4e33c823972880dfc224d832a87b1689169f6c3f,487168,True,True,True,False,True,PANORAMA_LOCAL,PRIMARY_MODEL_DEVELOPMENT,False,True,CYTOLOGY_CONFIRMED,TOSHIBA,PRIMARY_MANUAL_PDAC_REFERENCE,False,False,False,validation,-1,Y1_M1_STOSHIBA,validation,False,True,True,False,False
417,100410,100410_00001,2017-07-06 00:00:00,071Y,71.0,F,SIEMENS,non-PDAC,0,radiology,False,1,False,1,True,automatic,automatic_labels/100410_00001.nii.gz,74ab280d74b10925d354c154985015e02d03abf2,1810386,True,True,False,True,False,PANORAMA_LOCAL,PRIMARY_MODEL_DEVELOPMENT,False,True,RADIOLOGY_NO_DOCUMENTED_FOLLOWUP,SIEMENS,AUXILIARY_AUTOMATIC_MASK_ONLY,False,False,False,train,2,Y0_M0_SSIEMENS,train,True,False,False,False,False
418,100411,100411_00001,2009-10-26 00:00:00,078Y,78.0,M,SIEMENS,non-PDAC,0,pathology,False,1,False,1,True,automatic,automatic_labels/100411_00001.nii.gz,0a508a6a69b70b4e608e9b213516c083fd72e1fd,651032,True,True,False,True,False,PANORAMA_LOCAL,PRIMARY_MODEL_DEVELOPMENT,False,True,TISSUE_CONFIRMED,SIEMENS,AUXILIARY_AUTOMATIC_MASK_ONLY,False,False,False,validation,-1,Y0_M0_SSIEMENS,validation,False,True,True,False,False
419,100412,100412_00001,,,,,,non-PDAC,0,MSD_dataset,True,1,False,1,True,automatic,automatic_labels/100412_00001.nii.gz,db6a09fbbafb3a43fcd8ffd9a30bdd439b44bb3a,184690,True,True,False,True,False,MSD_EXTERNAL_MIXED,LOCKED_EXTERNAL_MIXED_TEST,True,False,MSD_DATASET_DERIVED,[MISSING],AUXILIARY_AUTOMATIC_MASK_ONLY,True,False,False,,-1,,external_msd_test,False,False,False,True,False
420,100413,100413_00001,2016-12-16 00:00:00,071Y,71.0,F,SIEMENS,PDAC,1,histopathology,False,1,False,1,True,automatic,automatic_labels/100413_00001.nii.gz,89ca33ed67e03a823b6b39af2d24663be4e9c788,1080579,True,True,False,True,False,PANORAMA_LOCAL,PRIMARY_MODEL_DEVELOPMENT,False,True,TISSUE_CONFIRMED,SIEMENS,AUXILIARY_AUTOMATIC_MASK_ONLY,False,False,False,validation,-1,Y1_M0_SSIEMENS,validation,False,True,True,False,False
421,100414,100414_00001,2015-11-02 00:00:00,,,,,non-PDAC,0,NIH_dataset,True,1,False,1,True,automatic,automatic_labels/100414_00001.nii.gz,a9877bbc55434db41098ecf3a7915d3b71eddd50,444237,True,True,False,True,False,NIH_NEGATIVE_STRESS,LOCKED_NEGATIVE_SPECIFICITY_STRESS_TEST,True,False,NIH_DATASET_DERIVED,[MISSING],AUXILIARY_AUTOMATIC_MASK_ONLY,False,False,True,,-1,,nih_negative_stress_test,False,False,False,True,False
422,100415,100415_00001,2017-07-02 00:00:00,074Y,74.0,M,SIEMENS,non-PDAC,0,radiology,False,1,False,1,True,automatic,automatic_labels/100415_00001.nii.gz,fb79f0a7ae0d22ef2e9a3812d1239e35e10424b9,757680,True,True,False,True,False,PANORAMA_LOCAL,PRIMARY_MODEL_DEVELOPMENT,False,True,RADIOLOGY_NO_DOCUMENTED_FOLLOWUP,SIEMENS,AUXILIARY_AUTOMATIC_MASK_ONLY,False,False,False,train,2,Y0_M0_SSIEMENS,train,True,False,False,False,False
423,100416,100416_00001,2015-11-03 00:00:00,056Y,56.0,M,TOSHIBA,PDAC,1,histopathology,False,2,True,1,True,manual,manual_labels/100416_00001.nii.gz,3a65281fcdc9831676b9c29e7105f86ab98ca289,101904,True,True,True,False,True,PANORAMA_LOCAL,PRIMARY_MODEL_DEVELOPMENT,False,True,TISSUE_CONFIRMED,TOSHIBA,PRIMARY_MANUAL_PDAC_REFERENCE,False,False,False,train,3,Y1_M1_SSIEMENS,train,True,False,False,False,False
424,100416,100416_00002,2015-11-25 00:00:00,056Y,56.0,M,SIEMENS,PDAC,1,histopathology,False,2,True,1,True,manual,manual_labels/100416_00002.nii.gz,a909df404590457bb912a53adfa2f9d412d03fdb,725258,True,True,True,False,True,PANORAMA_LOCAL,PRIMARY_MODEL_DEVELOPMENT,False,True,TISSUE_CONFIRMED,SIEMENS,PRIMARY_MANUAL_PDAC_REFERENCE,False,False,False,train,3,Y1_M1_SSIEMENS,train,True,False,False,False,False
425,100417,100417_00001,2022-05-01 00:00:00,067Y,67.0,F,TOSHIBA,non-PDAC,0,histopathology,False,2,True,1,True,automatic,automatic_labels/100417_00001.nii.gz,e0e6ceb9694167e130e71815cc2a5f52da511bdb,305257,True,True,False,True,False,PANORAMA_LOCAL,PRIMARY_MODEL_DEVELOPMENT,False,True,TISSUE_CONFIRMED,TOSHIBA,AUXILIARY_AUTOMATIC_MASK_ONLY,False,False,False,train,0,Y0_M0_STOSHIBA,train,True,False,False,False,False
426,100417,100417_00002,2021-09-15 00:00:00,066Y,66.0,F,TOSHIBA,non-PDAC,0,histopathology,False,2,True,1,True,automatic,automatic_labels/100417_00002.nii.gz,02982b0697af21b9bfc311a2b3af5a33e1772f29,278367,True,True,False,True,False,PANORAMA_LOCAL,PRIMARY_MODEL_DEVELOPMENT,False,True,TISSUE_CONFIRMED,TOSHIBA,AUXILIARY_AUTOMATIC_MASK_ONLY,False,False,False,train,0,Y0_M0_STOSHIBA,train,True,False,False,False,False
427,100418,100418_00001,,,,,,PDAC,1,MSD_dataset,True,1,False,1,True,manual,manual_labels/100418_00001.nii.gz,ceedf66b84a9baaa15bdf37f2afc06f2f6b7fa1f,63352,True,True,True,False,True,MSD_EXTERNAL_MIXED,LOCKED_EXTERNAL_MIXED_TEST,True,False,MSD_DATASET_DERIVED,[MISSING],PRIMARY_MANUAL_PDAC_REFERENCE,True,True,False,,-1,,external_msd_test,False,False,False,True,True
428,100419,100419_00001,2020-07-15 00:00:00,073Y,73.0,F,TOSHIBA,PDAC,1,histopathology,False,1,False,1,True,manual,manual_labels/100419_00001.nii.gz,478cecf081ddbcf4a566a82d82db537713437fa3,121236,True,True,True,False,True,PANORAMA_LOCAL,PRIMARY_MODEL_DEVELOPMENT,False,True,TISSUE_CONFIRMED,TOSHIBA,PRIMARY_MANUAL_PDAC_REFERENCE,False,False,False,validation,-1,Y1_M1_STOSHIBA,validation,False,True,True,False,False
429,100420,100420_00001,2016-05-22 00:00:00,086Y,86.0,M,SIEMENS,non-PDAC,0,radiology,False,1,False,1,True,automatic,automatic_labels/100420_00001.nii.gz,3e87747ab6d693ac84a3f04b7b4456f5d74418c4,709530,True,True,False,True,False,PANORAMA_LOCAL,PRIMARY_MODEL_DEVELOPMENT,False,True,RADIOLOGY_NO_DOCUMENTED_FOLLOWUP,SIEMENS,AUXILIARY_AUTOMATIC_MASK_ONLY,False,False,False,train,1,Y0_M0_SSIEMENS,train,True,False,False,False,False
430,100421,100421_00001,2010-03-20 00:00:00,057Y,57.0,M,SIEMENS,non-PDAC,0,histopathology,False,1,False,1,True,automatic,automatic_labels/100421_00001.nii.gz,7e13585fe19137bf7216451b8006d47574605af3,312762,True,True,False,True,False,PANORAMA_LOCAL,PRIMARY_MODEL_DEVELOPMENT,False,True,TISSUE_CONFIRMED,SIEMENS,AUXILIARY_AUTOMATIC_MASK_ONLY,False,False,False,train,0,Y0_M0_SSIEMENS,train,True,False,False,False,False
431,100422,100422_00001,2020-04-16 00:00:00,072Y,72.0,M,GE MEDICAL SYSTEMS,non-PDAC,0,pathology,False,1,False,1,True,automatic,automatic_labels/100422_00001.nii.gz,88ea8adc2a53e37f1cdb0d360a0d22b32d07dabb,2549408,True,True,False,True,False,PANORAMA_LOCAL,PRIMARY_MODEL_DEVELOPMENT,False,True,TISSUE_CONFIRMED,GE MEDICAL SYSTEMS,AUXILIARY_AUTOMATIC_MASK_ONLY,False,False,False,internal_test,-1,Y0_M0_SGE MEDICAL SYSTEMS,internal_test,False,False,False,True,False
432,100423,100423_00001,2008-06-08 00:00:00,067Y,67.0,M,SIEMENS,non-PDAC,0,histopathology,False,1,False,1,True,automatic,automatic_labels/100423_00001.nii.gz,2a884e1b6f7ece62e67b239269f21e9346fb3ee0,327934,True,True,False,True,False,PANORAMA_LOCAL,PRIMARY_MODEL_DEVELOPMENT,False,True,TISSUE_CONFIRMED,SIEMENS,AUXILIARY_AUTOMATIC_MASK_ONLY,False,False,False,train,4,Y0_M0_SSIEMENS,train,True,False,False,False,False
433,100424,100424_00001,,,,,,PDAC,1,MSD_dataset,True,1,False,1,True,manual,manual_labels/100424_00001.nii.gz,606bf243c1008e18fd990d885f1cea14f08b8465,207514,True,True,True,False,True,MSD_EXTERNAL_MIXED,LOCKED_EXTERNAL_MIXED_TEST,True,False,MSD_DATASET_DERIVED,[MISSING],PRIMARY_MANUAL_PDAC_REFERENCE,True,True,False,,-1,,external_msd_test,False,False,False,True,True
434,100425,100425_00001,2019-10-08 00:00:00,069Y,69.0,F,SIEMENS,non-PDAC,0,radiology,False,1,False,1,True,automatic,automatic_labels/100425_00001.nii.gz,99fe753f19d2e79633a0c610e2bad17cafd00219,334483,True,True,False,True,False,PANORAMA_LOCAL,PRIMARY_MODEL_DEVELOPMENT,False,True,RADIOLOGY_NO_DOCUMENTED_FOLLOWUP,SIEMENS,AUXILIARY_AUTOMATIC_MASK_ONLY,False,False,False,train,3,Y0_M0_SSIEMENS,train,True,False,False,False,False
435,100426,100426_00001,2020-10-27 00:00:00,072Y,72.0,M,Philips,PDAC,1,cytology,False,1,False,1,True,automatic,automatic_labels/100426_00001.nii.gz,ec7b55e85c7de9e28ca0d4e5ef50eca67058ecd4,984426,True,True,False,True,False,PANORAMA_LOCAL,PRIMARY_MODEL_DEVELOPMENT,False,True,CYTOLOGY_CONFIRMED,Philips,AUXILIARY_AUTOMATIC_MASK_ONLY,False,False,False,train,2,Y1_M0_SPhilips,train,True,False,False,False,False
436,100427,100427_00001,2017-09-11 00:00:00,078Y,78.0,F,TOSHIBA,PDAC,1,histopathology,False,1,False,1,True,manual,manual_labels/100427_00001.nii.gz,2a8c3a6d07ad2b03f6c9264480b8515e456fc717,147183,True,True,True,False,True,PANORAMA_LOCAL,PRIMARY_MODEL_DEVELOPMENT,False,True,TISSUE_CONFIRMED,TOSHIBA,PRIMARY_MANUAL_PDAC_REFERENCE,False,False,False,train,3,Y1_M1_STOSHIBA,train,True,False,False,False,False
437,100428,100428_00001,2016-04-26 00:00:00,067Y,67.0,M,SIEMENS,non-PDAC,0,radiology,False,1,False,1,True,automatic,automatic_labels/100428_00001.nii.gz,e56adbb398ddd873b74f3500fb18fafcd7fe054f,794423,True,True,False,True,False,PANORAMA_LOCAL,PRIMARY_MODEL_DEVELOPMENT,False,True,RADIOLOGY_NO_DOCUMENTED_FOLLOWUP,SIEMENS,AUXILIARY_AUTOMATIC_MASK_ONLY,False,False,False,train,2,Y0_M0_SSIEMENS,train,True,False,False,False,False
438,100429,100429_00001,2016-01-04 00:00:00,064Y,64.0,M,SIEMENS,non-PDAC,0,radiology,False,1,False,1,True,automatic,automatic_labels/100429_00001.nii.gz,7bf3cc35e7a581b782f5f408e54fe2a385e91566,642330,True,True,False,True,False,PANORAMA_LOCAL,PRIMARY_MODEL_DEVELOPMENT,False,True,RADIOLOGY_NO_DOCUMENTED_FOLLOWUP,SIEMENS,AUXILIARY_AUTOMATIC_MASK_ONLY,False,False,False,internal_test,-1,Y0_M0_SSIEMENS,internal_test,False,False,False,True,False
439,100430,100430_00001,2017-10-08 00:00:00,074Y,74.0,F,SIEMENS,PDAC,1,histopathology,False,1,False,1,True,manual,manual_labels/100430_00001.nii.gz,c67536550684bd7353533ee23df7c9bb40437294,78968,True,True,True,False,True,PANORAMA_LOCAL,PRIMARY_MODEL_DEVELOPMENT,False,True,TISSUE_CONFIRMED,SIEMENS,PRIMARY_MANUAL_PDAC_REFERENCE,False,False,False,validation,-1,Y1_M1_SSIEMENS,validation,False,True,True,False,False
440,100431,100431_00001,2017-08-30 00:00:00,065Y,65.0,F,Philips,PDAC,1,cytology,False,1,False,1,True,manual,manual_labels/100431_00001.nii.gz,78bee9c62a7409727d97b44e2c942400c52b01e6,184238,True,True,True,False,True,PANORAMA_LOCAL,PRIMARY_MODEL_DEVELOPMENT,False,True,CYTOLOGY_CONFIRMED,Philips,PRIMARY_MANUAL_PDAC_REFERENCE,False,False,False,train,3,Y1_M1_SPhilips,train,True,False,False,False,False
441,100432,100432_00001,2018-06-10 00:00:00,077Y,77.0,M,TOSHIBA,non-PDAC,0,radiology,False,1,False,1,True,automatic,automatic_labels/100432_00001.nii.gz,765606e9ce3504950d9bb9bd77d600004ff81e35,1683316,True,True,False,True,False,PANORAMA_LOCAL,PRIMARY_MODEL_DEVELOPMENT,False,True,RADIOLOGY_NO_DOCUMENTED_FOLLOWUP,TOSHIBA,AUXILIARY_AUTOMATIC_MASK_ONLY,False,False,False,train,2,Y0_M0_STOSHIBA,train,True,False,False,False,False
442,100433,100433_00001,2020-02-26 00:00:00,060Y,60.0,F,TOSHIBA,non-PDAC,0,radiology,False,1,False,1,True,automatic,automatic_labels/100433_00001.nii.gz,071d2f3ca7dc01a755b88f0666d636ae7edb4bf8,7914108,True,True,False,True,False,PANORAMA_LOCAL,PRIMARY_MODEL_DEVELOPMENT,False,True,RADIOLOGY_NO_DOCUMENTED_FOLLOWUP,TOSHIBA,AUXILIARY_AUTOMATIC_MASK_ONLY,False,False,False,internal_test,-1,Y0_M0_STOSHIBA,internal_test,False,False,False,True,False
443,100434,100434_00001,2016-03-25 00:00:00,073Y,73.0,F,TOSHIBA,non-PDAC,0,radiology,False,1,False,1,True,automatic,automatic_labels/100434_00001.nii.gz,3db97a3508df210d28d98f983ccdb352025af519,1618371,True,True,False,True,False,PANORAMA_LOCAL,PRIMARY_MODEL_DEVELOPMENT,False,True,RADIOLOGY_NO_DOCUMENTED_FOLLOWUP,TOSHIBA,AUXILIARY_AUTOMATIC_MASK_ONLY,False,False,False,train,4,Y0_M0_STOSHIBA,train,True,False,False,False,False
444,100435,100435_00001,2022-02-17 00:00:00,079Y,79.0,M,TOSHIBA,PDAC,1,radiology,False,1,False,1,True,manual,manual_labels/100435_00001.nii.gz,fc751394c0ad274b921e75f65b45a016de71a88a,479451,True,True,True,False,True,PANORAMA_LOCAL,PRIMARY_MODEL_DEVELOPMENT,False,True,RADIOLOGY_NO_DOCUMENTED_FOLLOWUP,TOSHIBA,PRIMARY_MANUAL_PDAC_REFERENCE,False,False,False,train,1,Y1_M1_STOSHIBA,train,True,False,False,False,False
445,100436,100436_00001,2019-03-27 00:00:00,062Y,62.0,M,SIEMENS,PDAC,1,histopathology,False,1,False,1,True,automatic,automatic_labels/100436_00001.nii.gz,7e99ec959edc9ae7e510feebecba6255897f229c,999596,True,True,False,True,False,PANORAMA_LOCAL,PRIMARY_MODEL_DEVELOPMENT,False,True,TISSUE_CONFIRMED,SIEMENS,AUXILIARY_AUTOMATIC_MASK_ONLY,False,False,False,train,2,Y1_M0_SSIEMENS,train,True,False,False,False,False
446,100437,100437_00001,2017-07-27 00:00:00,072Y,72.0,M,TOSHIBA,non-PDAC,0,radiology,False,1,False,1,True,automatic,automatic_labels/100437_00001.nii.gz,cfd224394c7d74695233399fcf0069300bee6e58,380027,True,True,False,True,False,PANORAMA_LOCAL,PRIMARY_MODEL_DEVELOPMENT,False,True,RADIOLOGY_NO_DOCUMENTED_FOLLOWUP,TOSHIBA,AUXILIARY_AUTOMATIC_MASK_ONLY,False,False,False,validation,-1,Y0_M0_STOSHIBA,validation,False,True,True,False,False
447,100438,100438_00001,2019-07-20 00:00:00,051Y,51.0,M,Philips,PDAC,1,histopathology,False,1,False,1,True,manual,manual_labels/100438_00001.nii.gz,fffef6a5e55efbc4762fc2ce05c157858b4d43bd,189345,True,True,True,False,True,PANORAMA_LOCAL,PRIMARY_MODEL_DEVELOPMENT,False,True,TISSUE_CONFIRMED,Philips,PRIMARY_MANUAL_PDAC_REFERENCE,False,False,False,train,2,Y1_M1_SPhilips,train,True,False,False,False,False
448,100439,100439_00001,2014-12-04 00:00:00,080Y,80.0,M,SIEMENS,non-PDAC,0,radiology,False,1,False,1,True,automatic,automatic_labels/100439_00001.nii.gz,e1bb538cdb3d92197a82215688b04865c5e6ae48,1982759,True,True,False,True,False,PANORAMA_LOCAL,PRIMARY_MODEL_DEVELOPMENT,False,True,RADIOLOGY_NO_DOCUMENTED_FOLLOWUP,SIEMENS,AUXILIARY_AUTOMATIC_MASK_ONLY,False,False,False,internal_test,-1,Y0_M0_SSIEMENS,internal_test,False,False,False,True,False
449,100440,100440_00001,2020-08-27 00:00:00,081Y,81.0,M,TOSHIBA,PDAC,1,histopathology,False,1,False,1,True,manual,manual_labels/100440_00001.nii.gz,b56112f7cef1743816b4cea9f13b9d42dae6f7a3,131933,True,True,True,False,True,PANORAMA_LOCAL,PRIMARY_MODEL_DEVELOPMENT,False,True,TISSUE_CONFIRMED,TOSHIBA,PRIMARY_MANUAL_PDAC_REFERENCE,False,False,False,train,2,Y1_M1_STOSHIBA,train,True,False,False,False,False
450,100441,100441_00001,2020-01-28 00:00:00,061Y,61.0,M,SIEMENS,non-PDAC,0,cytology,False,1,False,1,True,automatic,automatic_labels/100441_00001.nii.gz,e3736ef323d847a77095f8a8a739647b89eb31ba,702832,True,True,False,True,False,PANORAMA_LOCAL,PRIMARY_MODEL_DEVELOPMENT,False,True,CYTOLOGY_CONFIRMED,SIEMENS,AUXILIARY_AUTOMATIC_MASK_ONLY,False,False,False,internal_test,-1,Y0_M0_SSIEMENS,internal_test,False,False,False,True,False
451,100442,100442_00001,2017-07-04 00:00:00,096Y,96.0,M,SIEMENS,non-PDAC,0,radiology,False,1,False,1,True,automatic,automatic_labels/100442_00001.nii.gz,6f498f15703ee3bd824901ca3de6e5735147be10,670010,True,True,False,True,False,PANORAMA_LOCAL,PRIMARY_MODEL_DEVELOPMENT,False,True,RADIOLOGY_NO_DOCUMENTED_FOLLOWUP,SIEMENS,AUXILIARY_AUTOMATIC_MASK_ONLY,False,False,False,internal_test,-1,Y0_M0_SSIEMENS,internal_test,False,False,False,True,False
452,100443,100443_00001,2015-02-26 00:00:00,079Y,79.0,M,SIEMENS,non-PDAC,0,radiology,False,1,False,1,True,automatic,automatic_labels/100443_00001.nii.gz,ecb6c137afc8ba3e95d1502e0e624f4cccd57e6a,1230923,True,True,False,True,False,PANORAMA_LOCAL,PRIMARY_MODEL_DEVELOPMENT,False,True,RADIOLOGY_NO_DOCUMENTED_FOLLOWUP,SIEMENS,AUXILIARY_AUTOMATIC_MASK_ONLY,False,False,False,train,1,Y0_M0_SSIEMENS,train,True,False,False,False,False
453,100444,100444_00001,2015-07-06 00:00:00,066Y,66.0,F,SIEMENS,non-PDAC,0,radiology,False,1,False,1,True,automatic,automatic_labels/100444_00001.nii.gz,426f923861615c7e9c7c23cfc1a3774e919dc2d7,364336,True,True,False,True,False,PANORAMA_LOCAL,PRIMARY_MODEL_DEVELOPMENT,False,True,RADIOLOGY_NO_DOCUMENTED_FOLLOWUP,SIEMENS,AUXILIARY_AUTOMATIC_MASK_ONLY,False,False,False,train,2,Y0_M0_SSIEMENS,train,True,False,False,False,False
454,100445,100445_00001,2017-09-07 00:00:00,078Y,78.0,M,SIEMENS,non-PDAC,0,radiology,False,1,False,1,True,automatic,automatic_labels/100445_00001.nii.gz,37d7b319f99d053830bb1e5c229e309e0f7ccaf8,667581,True,True,False,True,False,PANORAMA_LOCAL,PRIMARY_MODEL_DEVELOPMENT,False,True,RADIOLOGY_NO_DOCUMENTED_FOLLOWUP,SIEMENS,AUXILIARY_AUTOMATIC_MASK_ONLY,False,False,False,validation,-1,Y0_M0_SSIEMENS,validation,False,True,True,False,False
455,100446,100446_00001,2016-02-10 00:00:00,064Y,64.0,F,TOSHIBA,non-PDAC,0,radiology,False,1,False,1,True,automatic,automatic_labels/100446_00001.nii.gz,494b1b6655830679fb56995faaea70f0a031476e,346157,True,True,False,True,False,PANORAMA_LOCAL,PRIMARY_MODEL_DEVELOPMENT,False,True,RADIOLOGY_NO_DOCUMENTED_FOLLOWUP,TOSHIBA,AUXILIARY_AUTOMATIC_MASK_ONLY,False,False,False,train,0,Y0_M0_STOSHIBA,train,True,False,False,False,False
456,100447,100447_00001,2017-06-10 00:00:00,075Y,75.0,F,SIEMENS,non-PDAC,0,radiology,False,1,False,1,True,automatic,automatic_labels/100447_00001.nii.gz,87d40a0dbfc5076cf0363858bab8318c02392b09,635021,True,True,False,True,False,PANORAMA_LOCAL,PRIMARY_MODEL_DEVELOPMENT,False,True,RADIOLOGY_NO_DOCUMENTED_FOLLOWUP,SIEMENS,AUXILIARY_AUTOMATIC_MASK_ONLY,False,False,False,train,1,Y0_M0_SSIEMENS,train,True,False,False,False,False
457,100448,100448_00001,,,,,,non-PDAC,0,MSD_dataset,True,1,False,1,True,automatic,automatic_labels/100448_00001.nii.gz,106dfa365ae2257728215b36f5b2bce5286bb0f0,162476,True,True,False,True,False,MSD_EXTERNAL_MIXED,LOCKED_EXTERNAL_MIXED_TEST,True,False,MSD_DATASET_DERIVED,[MISSING],AUXILIARY_AUTOMATIC_MASK_ONLY,True,False,False,,-1,,external_msd_test,False,False,False,True,False
458,100449,100449_00001,2015-01-02 00:00:00,056Y,56.0,F,SIEMENS,non-PDAC,0,radiology,False,1,False,1,True,automatic,automatic_labels/100449_00001.nii.gz,6f4cea3165b01ee225c78792c77f3a902342b691,1826388,True,True,False,True,False,PANORAMA_LOCAL,PRIMARY_MODEL_DEVELOPMENT,False,True,RADIOLOGY_NO_DOCUMENTED_FOLLOWUP,SIEMENS,AUXILIARY_AUTOMATIC_MASK_ONLY,False,False,False,validation,-1,Y0_M0_SSIEMENS,validation,False,True,True,False,False
459,100450,100450_00001,2015-10-25 00:00:00,,,,,non-PDAC,0,NIH_dataset,True,1,False,1,True,automatic,automatic_labels/100450_00001.nii.gz,ac924918f274fd7fd8c21856d26ecab856f54fb0,450465,True,True,False,True,False,NIH_NEGATIVE_STRESS,LOCKED_NEGATIVE_SPECIFICITY_STRESS_TEST,True,False,NIH_DATASET_DERIVED,[MISSING],AUXILIARY_AUTOMATIC_MASK_ONLY,False,False,True,,-1,,nih_negative_stress_test,False,False,False,True,False
460,100451,100451_00001,2014-02-10 00:00:00,034Y,34.0,F,SIEMENS,non-PDAC,0,radiology,False,1,False,1,True,automatic,automatic_labels/100451_00001.nii.gz,1e2a41e7d11e134d4729f677dc7b6c455d227f06,326030,True,True,False,True,False,PANORAMA_LOCAL,PRIMARY_MODEL_DEVELOPMENT,False,True,RADIOLOGY_NO_DOCUMENTED_FOLLOWUP,SIEMENS,AUXILIARY_AUTOMATIC_MASK_ONLY,False,False,False,train,3,Y0_M0_SSIEMENS,train,True,False,False,False,False
461,100452,100452_00001,2016-02-15 00:00:00,071Y,71.0,M,SIEMENS,non-PDAC,0,radiology,False,1,False,1,True,automatic,automatic_labels/100452_00001.nii.gz,8221562f1c9f1f5c925dc618d13b08d53cb551c5,647605,True,True,False,True,False,PANORAMA_LOCAL,PRIMARY_MODEL_DEVELOPMENT,False,True,RADIOLOGY_NO_DOCUMENTED_FOLLOWUP,SIEMENS,AUXILIARY_AUTOMATIC_MASK_ONLY,False,False,False,train,0,Y0_M0_SSIEMENS,train,True,False,False,False,False
462,100453,100453_00001,2015-12-08 00:00:00,,,,,non-PDAC,0,NIH_dataset,True,1,False,1,True,automatic,automatic_labels/100453_00001.nii.gz,6d86b66bea1474dce5705570dacb29e135757866,455723,True,True,False,True,False,NIH_NEGATIVE_STRESS,LOCKED_NEGATIVE_SPECIFICITY_STRESS_TEST,True,False,NIH_DATASET_DERIVED,[MISSING],AUXILIARY_AUTOMATIC_MASK_ONLY,False,False,True,,-1,,nih_negative_stress_test,False,False,False,True,False
463,100454,100454_00001,2014-04-14 00:00:00,072Y,72.0,M,SIEMENS,non-PDAC,0,radiology,False,1,False,1,True,automatic,automatic_labels/100454_00001.nii.gz,e9085cf70ead8e4a823429807653a2d1ef3ddd98,480689,True,True,False,True,False,PANORAMA_LOCAL,PRIMARY_MODEL_DEVELOPMENT,False,True,RADIOLOGY_NO_DOCUMENTED_FOLLOWUP,SIEMENS,AUXILIARY_AUTOMATIC_MASK_ONLY,False,False,False,internal_test,-1,Y0_M0_SSIEMENS,internal_test,False,False,False,True,False
464,100455,100455_00001,2015-06-03 00:00:00,046Y,46.0,M,SIEMENS,non-PDAC,0,radiology,False,2,True,1,True,automatic,automatic_labels/100455_00001.nii.gz,75fd0ac1fcb704aa40e99a36ef3de7498a20d329,211493,True,True,False,True,False,PANORAMA_LOCAL,PRIMARY_MODEL_DEVELOPMENT,False,True,RADIOLOGY_NO_DOCUMENTED_FOLLOWUP,SIEMENS,AUXILIARY_AUTOMATIC_MASK_ONLY,False,False,False,train,3,Y0_M0_SSIEMENS,train,True,False,False,False,False
465,100455,100455_00002,2014-05-16 00:00:00,045Y,45.0,M,SIEMENS,non-PDAC,0,radiology,False,2,True,1,True,automatic,automatic_labels/100455_00002.nii.gz,4db0e56a7c968231939df21d7a8afce5e6171ab3,177234,True,True,False,True,False,PANORAMA_LOCAL,PRIMARY_MODEL_DEVELOPMENT,False,True,RADIOLOGY_NO_DOCUMENTED_FOLLOWUP,SIEMENS,AUXILIARY_AUTOMATIC_MASK_ONLY,False,False,False,train,3,Y0_M0_SSIEMENS,train,True,False,False,False,False
466,100456,100456_00001,2017-03-27 00:00:00,066Y,66.0,F,TOSHIBA,non-PDAC,0,radiology,False,2,True,1,True,automatic,automatic_labels/100456_00001.nii.gz,23244be10b9a8b0c82c70512b75a437af584d774,134411,True,True,False,True,False,PANORAMA_LOCAL,PRIMARY_MODEL_DEVELOPMENT,False,True,RADIOLOGY_NO_DOCUMENTED_FOLLOWUP,TOSHIBA,AUXILIARY_AUTOMATIC_MASK_ONLY,False,False,False,validation,-1,Y0_M0_STOSHIBA,validation,False,True,True,False,False
467,100456,100456_00002,2016-07-25 00:00:00,066Y,66.0,F,TOSHIBA,non-PDAC,0,radiology,False,2,True,1,True,automatic,automatic_labels/100456_00002.nii.gz,4da124157b21c2258cff916a374272ade6cb47f5,338009,True,True,False,True,False,PANORAMA_LOCAL,PRIMARY_MODEL_DEVELOPMENT,False,True,RADIOLOGY_NO_DOCUMENTED_FOLLOWUP,TOSHIBA,AUXILIARY_AUTOMATIC_MASK_ONLY,False,False,False,validation,-1,Y0_M0_STOSHIBA,validation,False,True,True,False,False
468,100457,100457_00001,2015-01-09 00:00:00,066Y,66.0,M,TOSHIBA,non-PDAC,0,radiology,False,1,False,1,True,automatic,automatic_labels/100457_00001.nii.gz,11d397e3e0bb2f1f0ac504a169afaf1627932bcb,1700457,True,True,False,True,False,PANORAMA_LOCAL,PRIMARY_MODEL_DEVELOPMENT,False,True,RADIOLOGY_NO_DOCUMENTED_FOLLOWUP,TOSHIBA,AUXILIARY_AUTOMATIC_MASK_ONLY,False,False,False,train,2,Y0_M0_STOSHIBA,train,True,False,False,False,False
469,100458,100458_00001,2016-08-03 00:00:00,058Y,58.0,F,SIEMENS,non-PDAC,0,radiology,False,1,False,1,True,automatic,automatic_labels/100458_00001.nii.gz,0ff4a99efe8c453ccb86f2e853aed39ea93b5a7b,1207905,True,True,False,True,False,PANORAMA_LOCAL,PRIMARY_MODEL_DEVELOPMENT,False,True,RADIOLOGY_NO_DOCUMENTED_FOLLOWUP,SIEMENS,AUXILIARY_AUTOMATIC_MASK_ONLY,False,False,False,train,2,Y0_M0_SSIEMENS,train,True,False,False,False,False
470,100459,100459_00001,2019-05-19 00:00:00,056Y,56.0,M,TOSHIBA,non-PDAC,0,radiology,False,1,False,1,True,automatic,automatic_labels/100459_00001.nii.gz,9632f1893200266899debf1ca516a75c3fef49fc,449126,True,True,False,True,False,PANORAMA_LOCAL,PRIMARY_MODEL_DEVELOPMENT,False,True,RADIOLOGY_NO_DOCUMENTED_FOLLOWUP,TOSHIBA,AUXILIARY_AUTOMATIC_MASK_ONLY,False,False,False,train,2,Y0_M0_STOSHIBA,train,True,False,False,False,False
471,100460,100460_00001,2016-10-06 00:00:00,064Y,64.0,F,TOSHIBA,non-PDAC,0,radiology,False,1,False,1,True,automatic,automatic_labels/100460_00001.nii.gz,f9a1e5f759ba6428e5b642824850b77b7a09efa2,218038,True,True,False,True,False,PANORAMA_LOCAL,PRIMARY_MODEL_DEVELOPMENT,False,True,RADIOLOGY_NO_DOCUMENTED_FOLLOWUP,TOSHIBA,AUXILIARY_AUTOMATIC_MASK_ONLY,False,False,False,validation,-1,Y0_M0_STOSHIBA,validation,False,True,True,False,False
472,100461,100461_00001,2015-09-18 00:00:00,069Y,69.0,F,TOSHIBA,non-PDAC,0,radiology,False,1,False,1,True,automatic,automatic_labels/100461_00001.nii.gz,7c96fc94a978f8de1d2beeaa48ea38c5a7549b05,202636,True,True,False,True,False,PANORAMA_LOCAL,PRIMARY_MODEL_DEVELOPMENT,False,True,RADIOLOGY_NO_DOCUMENTED_FOLLOWUP,TOSHIBA,AUXILIARY_AUTOMATIC_MASK_ONLY,False,False,False,train,2,Y0_M0_STOSHIBA,train,True,False,False,False,False
473,100462,100462_00001,2021-08-20 00:00:00,056Y,56.0,F,Philips,PDAC,1,histopathology,False,1,False,1,True,automatic,automatic_labels/100462_00001.nii.gz,02c31a298d60649ffebe13c4158b89a455ff0558,1324100,True,True,False,True,False,PANORAMA_LOCAL,PRIMARY_MODEL_DEVELOPMENT,False,True,TISSUE_CONFIRMED,Philips,AUXILIARY_AUTOMATIC_MASK_ONLY,False,False,False,train,3,Y1_M0_SPhilips,train,True,False,False,False,False
474,100463,100463_00001,,,,,,PDAC,1,MSD_dataset,True,1,False,1,True,manual,manual_labels/100463_00001.nii.gz,03092d8b0a8c4f9aa7a7e889f236dd104e4444d0,70742,True,True,True,False,True,MSD_EXTERNAL_MIXED,LOCKED_EXTERNAL_MIXED_TEST,True,False,MSD_DATASET_DERIVED,[MISSING],PRIMARY_MANUAL_PDAC_REFERENCE,True,True,False,,-1,,external_msd_test,False,False,False,True,True
475,100464,100464_00001,2010-04-07 00:00:00,069Y,69.0,M,SIEMENS,PDAC,1,cytology,False,1,False,1,True,manual,manual_labels/100464_00001.nii.gz,1e5f7915ddb7d4512a5f92c9ac089d421503f781,179738,True,True,True,False,True,PANORAMA_LOCAL,PRIMARY_MODEL_DEVELOPMENT,False,True,CYTOLOGY_CONFIRMED,SIEMENS,PRIMARY_MANUAL_PDAC_REFERENCE,False,False,False,train,1,Y1_M1_SSIEMENS,train,True,False,False,False,False
476,100465,100465_00001,2018-06-18 00:00:00,021Y,21.0,M,SIEMENS,non-PDAC,0,radiology,False,1,False,1,True,automatic,automatic_labels/100465_00001.nii.gz,55faf7377cb3cee972797973a5aa659d6f8c071a,381586,True,True,False,True,False,PANORAMA_LOCAL,PRIMARY_MODEL_DEVELOPMENT,False,True,RADIOLOGY_NO_DOCUMENTED_FOLLOWUP,SIEMENS,AUXILIARY_AUTOMATIC_MASK_ONLY,False,False,False,validation,-1,Y0_M0_SSIEMENS,validation,False,True,True,False,False
477,100466,100466_00001,2017-06-01 00:00:00,070Y,70.0,F,TOSHIBA,non-PDAC,0,radiology,False,1,False,1,True,automatic,automatic_labels/100466_00001.nii.gz,7b81a154647f0543fb3051264255a6447dab8791,344026,True,True,False,True,False,PANORAMA_LOCAL,PRIMARY_MODEL_DEVELOPMENT,False,True,RADIOLOGY_NO_DOCUMENTED_FOLLOWUP,TOSHIBA,AUXILIARY_AUTOMATIC_MASK_ONLY,False,False,False,train,1,Y0_M0_STOSHIBA,train,True,False,False,False,False
478,100467,100467_00001,2018-05-08 00:00:00,070Y,70.0,F,Philips,PDAC,1,histopathology,False,1,False,1,True,automatic,automatic_labels/100467_00001.nii.gz,747a06a49efaf4d0b390a0b4fc70bb7333ed3205,1206511,True,True,False,True,False,PANORAMA_LOCAL,PRIMARY_MODEL_DEVELOPMENT,False,True,TISSUE_CONFIRMED,Philips,AUXILIARY_AUTOMATIC_MASK_ONLY,False,False,False,train,0,Y1_M0_SPhilips,train,True,False,False,False,False
479,100468,100468_00001,2014-08-04 00:00:00,061Y,61.0,M,TOSHIBA,non-PDAC,0,radiology,False,1,False,1,True,automatic,automatic_labels/100468_00001.nii.gz,ccfa77024af0e5e60cc5c5ac4cf3961d214b48cc,346885,True,True,False,True,False,PANORAMA_LOCAL,PRIMARY_MODEL_DEVELOPMENT,False,True,RADIOLOGY_NO_DOCUMENTED_FOLLOWUP,TOSHIBA,AUXILIARY_AUTOMATIC_MASK_ONLY,False,False,False,train,1,Y0_M0_STOSHIBA,train,True,False,False,False,False
480,100469,100469_00001,2014-10-31 00:00:00,063Y,63.0,M,TOSHIBA,non-PDAC,0,radiology,False,1,False,1,True,automatic,automatic_labels/100469_00001.nii.gz,9b3e4c7ed3837b974445577e8bd92b0a6749cf89,354952,True,True,False,True,False,PANORAMA_LOCAL,PRIMARY_MODEL_DEVELOPMENT,False,True,RADIOLOGY_NO_DOCUMENTED_FOLLOWUP,TOSHIBA,AUXILIARY_AUTOMATIC_MASK_ONLY,False,False,False,internal_test,-1,Y0_M0_STOSHIBA,internal_test,False,False,False,True,False
481,100470,100470_00001,2017-05-18 00:00:00,077Y,77.0,M,TOSHIBA,non-PDAC,0,radiology,False,1,False,1,True,automatic,automatic_labels/100470_00001.nii.gz,b869accbb30e2cc0f87034d4223d74a0103a19c4,606491,True,True,False,True,False,PANORAMA_LOCAL,PRIMARY_MODEL_DEVELOPMENT,False,True,RADIOLOGY_NO_DOCUMENTED_FOLLOWUP,TOSHIBA,AUXILIARY_AUTOMATIC_MASK_ONLY,False,False,False,train,1,Y0_M0_STOSHIBA,train,True,False,False,False,False
482,100471,100471_00001,2015-02-26 00:00:00,063Y,63.0,M,TOSHIBA,non-PDAC,0,radiology,False,1,False,1,True,automatic,automatic_labels/100471_00001.nii.gz,295665439080b7062424aca3290bb13b3a11f066,334408,True,True,False,True,False,PANORAMA_LOCAL,PRIMARY_MODEL_DEVELOPMENT,False,True,RADIOLOGY_NO_DOCUMENTED_FOLLOWUP,TOSHIBA,AUXILIARY_AUTOMATIC_MASK_ONLY,False,False,False,train,0,Y0_M0_STOSHIBA,train,True,False,False,False,False
483,100472,100472_00001,2017-05-14 00:00:00,062Y,62.0,F,SIEMENS,non-PDAC,0,pathology,False,1,False,1,True,automatic,automatic_labels/100472_00001.nii.gz,6db9ad3332526b8b12f28096ac85f8bf25961b1e,906863,True,True,False,True,False,PANORAMA_LOCAL,PRIMARY_MODEL_DEVELOPMENT,False,True,TISSUE_CONFIRMED,SIEMENS,AUXILIARY_AUTOMATIC_MASK_ONLY,False,False,False,validation,-1,Y0_M0_SSIEMENS,validation,False,True,True,False,False
484,100473,100473_00001,2015-12-20 00:00:00,,,,,non-PDAC,0,NIH_dataset,True,1,False,1,True,automatic,automatic_labels/100473_00001.nii.gz,de93367493628cc7852f16431a2c32e3e9c8313d,471058,True,True,False,True,False,NIH_NEGATIVE_STRESS,LOCKED_NEGATIVE_SPECIFICITY_STRESS_TEST,True,False,NIH_DATASET_DERIVED,[MISSING],AUXILIARY_AUTOMATIC_MASK_ONLY,False,False,True,,-1,,nih_negative_stress_test,False,False,False,True,False
485,100474,100474_00001,2018-10-10 00:00:00,069Y,69.0,F,Philips,PDAC,1,cytology,False,1,False,1,True,automatic,automatic_labels/100474_00001.nii.gz,d7ef30dd2960b4f05314591be22881f8a07dd3cf,1807497,True,True,False,True,False,PANORAMA_LOCAL,PRIMARY_MODEL_DEVELOPMENT,False,True,CYTOLOGY_CONFIRMED,Philips,AUXILIARY_AUTOMATIC_MASK_ONLY,False,False,False,validation,-1,Y1_M0_SPhilips,validation,False,True,True,False,False
486,100475,100475_00001,2018-11-02 00:00:00,074Y,74.0,F,TOSHIBA,non-PDAC,0,radiology,False,1,False,1,True,automatic,automatic_labels/100475_00001.nii.gz,15dd0e617e30a2a056c922990da94072067c13e0,1575902,True,True,False,True,False,PANORAMA_LOCAL,PRIMARY_MODEL_DEVELOPMENT,False,True,RADIOLOGY_NO_DOCUMENTED_FOLLOWUP,TOSHIBA,AUXILIARY_AUTOMATIC_MASK_ONLY,False,False,False,internal_test,-1,Y0_M0_STOSHIBA,internal_test,False,False,False,True,False
487,100476,100476_00001,2018-09-14 00:00:00,078Y,78.0,F,TOSHIBA,non-PDAC,0,radiology,False,1,False,1,True,automatic,automatic_labels/100476_00001.nii.gz,5c2c4ca149d031c9422df27556d5bfdbcdd2b41a,421659,True,True,False,True,False,PANORAMA_LOCAL,PRIMARY_MODEL_DEVELOPMENT,False,True,RADIOLOGY_NO_DOCUMENTED_FOLLOWUP,TOSHIBA,AUXILIARY_AUTOMATIC_MASK_ONLY,False,False,False,train,4,Y0_M0_STOSHIBA,train,True,False,False,False,False
488,100477,100477_00001,2012-08-01 00:00:00,078Y,78.0,F,Philips,PDAC,1,histopathology,False,1,False,1,True,automatic,automatic_labels/100477_00001.nii.gz,8f62c516edc05187626f21239316edf9d7a2c33a,252540,True,True,False,True,False,PANORAMA_LOCAL,PRIMARY_MODEL_DEVELOPMENT,False,True,TISSUE_CONFIRMED,Philips,AUXILIARY_AUTOMATIC_MASK_ONLY,False,False,False,train,4,Y1_M0_SPhilips,train,True,False,False,False,False
489,100478,100478_00001,2016-01-24 00:00:00,075Y,75.0,F,TOSHIBA,non-PDAC,0,histopathology,False,1,False,1,True,automatic,automatic_labels/100478_00001.nii.gz,36bbc5e7376a298a2cf21757db526e89b518bb2a,398552,True,True,False,True,False,PANORAMA_LOCAL,PRIMARY_MODEL_DEVELOPMENT,False,True,TISSUE_CONFIRMED,TOSHIBA,AUXILIARY_AUTOMATIC_MASK_ONLY,False,False,False,train,3,Y0_M0_STOSHIBA,train,True,False,False,False,False
490,100479,100479_00001,2015-06-19 00:00:00,075Y,75.0,M,Philips,PDAC,1,pathology,False,1,False,1,True,manual,manual_labels/100479_00001.nii.gz,4ab4b236da4287eed1c7d45d6ebcc72e207de7d3,328064,True,True,True,False,True,PANORAMA_LOCAL,PRIMARY_MODEL_DEVELOPMENT,False,True,TISSUE_CONFIRMED,Philips,PRIMARY_MANUAL_PDAC_REFERENCE,False,False,False,train,0,Y1_M1_SPhilips,train,True,False,False,False,False
491,100480,100480_00001,,,,,,non-PDAC,0,MSD_dataset,True,1,False,1,True,automatic,automatic_labels/100480_00001.nii.gz,b6fbdd40848e6717e3b7b9103602a0fc853e143c,222811,True,True,False,True,False,MSD_EXTERNAL_MIXED,LOCKED_EXTERNAL_MIXED_TEST,True,False,MSD_DATASET_DERIVED,[MISSING],AUXILIARY_AUTOMATIC_MASK_ONLY,True,False,False,,-1,,external_msd_test,False,False,False,True,False
492,100481,100481_00001,2018-04-06 00:00:00,026Y,26.0,F,TOSHIBA,non-PDAC,0,radiology,False,1,False,1,True,automatic,automatic_labels/100481_00001.nii.gz,8ef85577414abcdf96c5b4b3f9b88dbcdaf11ba5,202015,True,True,False,True,False,PANORAMA_LOCAL,PRIMARY_MODEL_DEVELOPMENT,False,True,RADIOLOGY_NO_DOCUMENTED_FOLLOWUP,TOSHIBA,AUXILIARY_AUTOMATIC_MASK_ONLY,False,False,False,train,4,Y0_M0_STOSHIBA,train,True,False,False,False,False
493,100482,100482_00001,2014-03-18 00:00:00,075Y,75.0,M,SIEMENS,non-PDAC,0,radiology,False,1,False,1,True,automatic,automatic_labels/100482_00001.nii.gz,ec92f5fedf4692d2cf9ee7068861cee04a2dc217,366195,True,True,False,True,False,PANORAMA_LOCAL,PRIMARY_MODEL_DEVELOPMENT,False,True,RADIOLOGY_NO_DOCUMENTED_FOLLOWUP,SIEMENS,AUXILIARY_AUTOMATIC_MASK_ONLY,False,False,False,train,4,Y0_M0_SSIEMENS,train,True,False,False,False,False
494,100483,100483_00001,2016-12-19 00:00:00,062Y,62.0,M,TOSHIBA,non-PDAC,0,radiology,False,1,False,1,True,automatic,automatic_labels/100483_00001.nii.gz,b2548c116d138e69b31035d5a8752611dad4a360,443359,True,True,False,True,False,PANORAMA_LOCAL,PRIMARY_MODEL_DEVELOPMENT,False,True,RADIOLOGY_NO_DOCUMENTED_FOLLOWUP,TOSHIBA,AUXILIARY_AUTOMATIC_MASK_ONLY,False,False,False,train,4,Y0_M0_STOSHIBA,train,True,False,False,False,False
495,100484,100484_00001,2018-05-07 00:00:00,070Y,70.0,F,TOSHIBA,non-PDAC,0,radiology,False,1,False,1,True,automatic,automatic_labels/100484_00001.nii.gz,d5ec9fe7f45f42cc788f9011bea26f56d582ab59,564346,True,True,False,True,False,PANORAMA_LOCAL,PRIMARY_MODEL_DEVELOPMENT,False,True,RADIOLOGY_NO_DOCUMENTED_FOLLOWUP,TOSHIBA,AUXILIARY_AUTOMATIC_MASK_ONLY,False,False,False,validation,-1,Y0_M0_STOSHIBA,validation,False,True,True,False,False
496,100485,100485_00001,2020-05-26 00:00:00,073Y,73.0,M,SIEMENS,non-PDAC,0,cytology,False,1,False,1,True,automatic,automatic_labels/100485_00001.nii.gz,c9446312178bb107d7becaf511e6309b538262f5,1788229,True,True,False,True,False,PANORAMA_LOCAL,PRIMARY_MODEL_DEVELOPMENT,False,True,CYTOLOGY_CONFIRMED,SIEMENS,AUXILIARY_AUTOMATIC_MASK_ONLY,False,False,False,train,1,Y0_M0_SSIEMENS,train,True,False,False,False,False
497,100486,100486_00001,2017-12-31 00:00:00,055Y,55.0,F,TOSHIBA,non-PDAC,0,radiology,False,1,False,1,True,automatic,automatic_labels/100486_00001.nii.gz,3c698c4608c3306ad848ba07c65114c41d38e67a,586097,True,True,False,True,False,PANORAMA_LOCAL,PRIMARY_MODEL_DEVELOPMENT,False,True,RADIOLOGY_NO_DOCUMENTED_FOLLOWUP,TOSHIBA,AUXILIARY_AUTOMATIC_MASK_ONLY,False,False,False,train,1,Y0_M0_STOSHIBA,train,True,False,False,False,False
498,100487,100487_00001,2015-06-13 00:00:00,065Y,65.0,F,TOSHIBA,non-PDAC,0,histopathology,False,1,False,1,True,automatic,automatic_labels/100487_00001.nii.gz,2f629ca4270334c45b645132b31c3bb219d3715d,350887,True,True,False,True,False,PANORAMA_LOCAL,PRIMARY_MODEL_DEVELOPMENT,False,True,TISSUE_CONFIRMED,TOSHIBA,AUXILIARY_AUTOMATIC_MASK_ONLY,False,False,False,train,2,Y0_M0_STOSHIBA,train,True,False,False,False,False
499,100488,100488_00001,2017-07-27 00:00:00,040Y,40.0,F,SIEMENS,non-PDAC,0,radiology,False,1,False,1,True,automatic,automatic_labels/100488_00001.nii.gz,ddcd5928198eb03643a90e87e4d5ed5e39caa6d2,576160,True,True,False,True,False,PANORAMA_LOCAL,PRIMARY_MODEL_DEVELOPMENT,False,True,RADIOLOGY_NO_DOCUMENTED_FOLLOWUP,SIEMENS,AUXILIARY_AUTOMATIC_MASK_ONLY,False,False,False,train,4,Y0_M0_SSIEMENS,train,True,False,False,False,False
500,100489,100489_00001,2014-05-16 00:00:00,063Y,63.0,F,SIEMENS,non-PDAC,0,radiology,False,1,False,1,True,automatic,automatic_labels/100489_00001.nii.gz,561ef698f2137811b2fc3fea64c4686f83d35583,1460009,True,True,False,True,False,PANORAMA_LOCAL,PRIMARY_MODEL_DEVELOPMENT,False,True,RADIOLOGY_NO_DOCUMENTED_FOLLOWUP,SIEMENS,AUXILIARY_AUTOMATIC_MASK_ONLY,False,False,False,internal_test,-1,Y0_M0_SSIEMENS,internal_test,False,False,False,True,False
501,100490,100490_00001,2017-08-07 00:00:00,074Y,74.0,F,TOSHIBA,non-PDAC,0,radiology,False,1,False,1,True,automatic,automatic_labels/100490_00001.nii.gz,df345e78216b422f9cb9796cc9f89a6e33f54fd9,242137,True,True,False,True,False,PANORAMA_LOCAL,PRIMARY_MODEL_DEVELOPMENT,False,True,RADIOLOGY_NO_DOCUMENTED_FOLLOWUP,TOSHIBA,AUXILIARY_AUTOMATIC_MASK_ONLY,False,False,False,internal_test,-1,Y0_M0_STOSHIBA,internal_test,False,False,False,True,False
502,100491,100491_00001,2016-12-14 00:00:00,064Y,64.0,M,TOSHIBA,non-PDAC,0,radiology,False,1,False,1,True,automatic,automatic_labels/100491_00001.nii.gz,ea141c109228827328ec461e651dd4e05582cd82,751372,True,True,False,True,False,PANORAMA_LOCAL,PRIMARY_MODEL_DEVELOPMENT,False,True,RADIOLOGY_NO_DOCUMENTED_FOLLOWUP,TOSHIBA,AUXILIARY_AUTOMATIC_MASK_ONLY,False,False,False,train,2,Y0_M0_STOSHIBA,train,True,False,False,False,False
503,100492,100492_00001,2018-03-29 00:00:00,063Y,63.0,M,Philips,PDAC,1,pathology,False,1,False,1,True,manual,manual_labels/100492_00001.nii.gz,c2fb65d5e881aa89c9a2d4e700ab16fe3227cf3c,98275,True,True,True,False,True,PANORAMA_LOCAL,PRIMARY_MODEL_DEVELOPMENT,False,True,TISSUE_CONFIRMED,Philips,PRIMARY_MANUAL_PDAC_REFERENCE,False,False,False,internal_test,-1,Y1_M1_SPhilips,internal_test,False,False,False,True,True
504,100493,100493_00001,2014-07-31 00:00:00,065Y,65.0,M,TOSHIBA,non-PDAC,0,radiology,False,1,False,1,True,automatic,automatic_labels/100493_00001.nii.gz,988ad13c31d2814bb9b35dd1d1927bbf2ffe5fe5,1675901,True,True,False,True,False,PANORAMA_LOCAL,PRIMARY_MODEL_DEVELOPMENT,False,True,RADIOLOGY_NO_DOCUMENTED_FOLLOWUP,TOSHIBA,AUXILIARY_AUTOMATIC_MASK_ONLY,False,False,False,train,1,Y0_M0_STOSHIBA,train,True,False,False,False,False
505,100494,100494_00001,2020-11-01 00:00:00,034Y,34.0,F,Philips,non-PDAC,0,cytology,False,1,False,1,True,automatic,automatic_labels/100494_00001.nii.gz,ffae16093041b7152deae8b5865b3f3535cebdb2,319160,True,True,False,True,False,PANORAMA_LOCAL,PRIMARY_MODEL_DEVELOPMENT,False,True,CYTOLOGY_CONFIRMED,Philips,AUXILIARY_AUTOMATIC_MASK_ONLY,False,False,False,validation,-1,Y0_M0_SPhilips,validation,False,True,True,False,False
506,100495,100495_00001,2017-12-02 00:00:00,057Y,57.0,F,TOSHIBA,non-PDAC,0,radiology,False,1,False,1,True,automatic,automatic_labels/100495_00001.nii.gz,b33bd55efa53a78b3575d7063dc328df724a0490,560267,True,True,False,True,False,PANORAMA_LOCAL,PRIMARY_MODEL_DEVELOPMENT,False,True,RADIOLOGY_NO_DOCUMENTED_FOLLOWUP,TOSHIBA,AUXILIARY_AUTOMATIC_MASK_ONLY,False,False,False,train,0,Y0_M0_STOSHIBA,train,True,False,False,False,False
507,100496,100496_00001,2016-06-29 00:00:00,075Y,75.0,M,TOSHIBA,PDAC,1,cytology,False,1,False,1,True,manual,manual_labels/100496_00001.nii.gz,398898b6c948fcc22e712f5687dd614387a1aca0,1472880,True,True,True,False,True,PANORAMA_LOCAL,PRIMARY_MODEL_DEVELOPMENT,False,True,CYTOLOGY_CONFIRMED,TOSHIBA,PRIMARY_MANUAL_PDAC_REFERENCE,False,False,False,train,2,Y1_M1_STOSHIBA,train,True,False,False,False,False
508,100497,100497_00001,2015-11-24 00:00:00,079Y,79.0,F,TOSHIBA,non-PDAC,0,radiology,False,1,False,1,True,automatic,automatic_labels/100497_00001.nii.gz,76d58d3161c005f8127d19442971babb4d3c2dc6,352024,True,True,False,True,False,PANORAMA_LOCAL,PRIMARY_MODEL_DEVELOPMENT,False,True,RADIOLOGY_NO_DOCUMENTED_FOLLOWUP,TOSHIBA,AUXILIARY_AUTOMATIC_MASK_ONLY,False,False,False,train,3,Y0_M0_STOSHIBA,train,True,False,False,False,False
509,100498,100498_00001,2010-05-25 00:00:00,069Y,69.0,M,SIEMENS,PDAC,1,pathology,False,1,False,1,True,manual,manual_labels/100498_00001.nii.gz,8a2baacb4e17a71a9399b24bda0800dd61bf1b21,174974,True,True,True,False,True,PANORAMA_LOCAL,PRIMARY_MODEL_DEVELOPMENT,False,True,TISSUE_CONFIRMED,SIEMENS,PRIMARY_MANUAL_PDAC_REFERENCE,False,False,False,train,3,Y1_M1_SSIEMENS,train,True,False,False,False,False
510,100499,100499_00001,2016-10-05 00:00:00,052Y,52.0,F,TOSHIBA,non-PDAC,0,radiology,False,1,False,1,True,automatic,automatic_labels/100499_00001.nii.gz,094022a987aa539906ba9f2d48874b74f84e6528,538837,True,True,False,True,False,PANORAMA_LOCAL,PRIMARY_MODEL_DEVELOPMENT,False,True,RADIOLOGY_NO_DOCUMENTED_FOLLOWUP,TOSHIBA,AUXILIARY_AUTOMATIC_MASK_ONLY,False,False,False,train,4,Y0_M0_STOSHIBA,train,True,False,False,False,False
511,100500,100500_00001,2018-06-28 00:00:00,053Y,53.0,F,SIEMENS,non-PDAC,0,radiology,False,1,False,1,True,automatic,automatic_labels/100500_00001.nii.gz,6e3d9a7a722ce9c5363a4598ffbc465fbf1404fd,740575,True,True,False,True,False,PANORAMA_LOCAL,PRIMARY_MODEL_DEVELOPMENT,False,True,RADIOLOGY_NO_DOCUMENTED_FOLLOWUP,SIEMENS,AUXILIARY_AUTOMATIC_MASK_ONLY,False,False,False,internal_test,-1,Y0_M0_SSIEMENS,internal_test,False,False,False,True,False
512,100501,100501_00001,2015-06-05 00:00:00,088Y,88.0,M,SIEMENS,non-PDAC,0,radiology,False,1,False,1,True,automatic,automatic_labels/100501_00001.nii.gz,ef0c39c999c18b19d952fb315e52205100a5d35d,575294,True,True,False,True,False,PANORAMA_LOCAL,PRIMARY_MODEL_DEVELOPMENT,False,True,RADIOLOGY_NO_DOCUMENTED_FOLLOWUP,SIEMENS,AUXILIARY_AUTOMATIC_MASK_ONLY,False,False,False,train,2,Y0_M0_SSIEMENS,train,True,False,False,False,False
513,100502,100502_00001,2017-03-02 00:00:00,060Y,60.0,M,TOSHIBA,non-PDAC,0,radiology,False,1,False,1,True,automatic,automatic_labels/100502_00001.nii.gz,57689583ce0441dc1269a34613ef03c50e47daef,595895,True,True,False,True,False,PANORAMA_LOCAL,PRIMARY_MODEL_DEVELOPMENT,False,True,RADIOLOGY_NO_DOCUMENTED_FOLLOWUP,TOSHIBA,AUXILIARY_AUTOMATIC_MASK_ONLY,False,False,False,validation,-1,Y0_M0_STOSHIBA,validation,False,True,True,False,False
514,100503,100503_00001,2015-12-05 00:00:00,089Y,89.0,F,SIEMENS,PDAC,1,cytology,False,1,False,1,True,manual,manual_labels/100503_00001.nii.gz,a65174f46db64de2c7eeb959528f7e04d5ee2435,288814,True,True,True,False,True,PANORAMA_LOCAL,PRIMARY_MODEL_DEVELOPMENT,False,True,CYTOLOGY_CONFIRMED,SIEMENS,PRIMARY_MANUAL_PDAC_REFERENCE,False,False,False,train,3,Y1_M1_SSIEMENS,train,True,False,False,False,False
515,100504,100504_00001,2015-01-18 00:00:00,076Y,76.0,F,TOSHIBA,non-PDAC,0,radiology,False,1,False,1,True,automatic,automatic_labels/100504_00001.nii.gz,ddd643edcf603b205b6844b273d05838c233791c,1526825,True,True,False,True,False,PANORAMA_LOCAL,PRIMARY_MODEL_DEVELOPMENT,False,True,RADIOLOGY_NO_DOCUMENTED_FOLLOWUP,TOSHIBA,AUXILIARY_AUTOMATIC_MASK_ONLY,False,False,False,internal_test,-1,Y0_M0_STOSHIBA,internal_test,False,False,False,True,False
516,100505,100505_00001,2016-06-05 00:00:00,075Y,75.0,M,SIEMENS,non-PDAC,0,radiology,False,1,False,1,True,automatic,automatic_labels/100505_00001.nii.gz,5afdf6d3a07703b2531dae1827e84ab35babbb13,595299,True,True,False,True,False,PANORAMA_LOCAL,PRIMARY_MODEL_DEVELOPMENT,False,True,RADIOLOGY_NO_DOCUMENTED_FOLLOWUP,SIEMENS,AUXILIARY_AUTOMATIC_MASK_ONLY,False,False,False,train,0,Y0_M0_SSIEMENS,train,True,False,False,False,False
517,100506,100506_00001,,,,,,PDAC,1,MSD_dataset,True,1,False,1,True,manual,manual_labels/100506_00001.nii.gz,9797aa45fcbd9a8fc8c966d59751bad3707d59d0,63626,True,True,True,False,True,MSD_EXTERNAL_MIXED,LOCKED_EXTERNAL_MIXED_TEST,True,False,MSD_DATASET_DERIVED,[MISSING],PRIMARY_MANUAL_PDAC_REFERENCE,True,True,False,,-1,,external_msd_test,False,False,False,True,True
518,100507,100507_00001,2015-11-04 00:00:00,,,,,non-PDAC,0,NIH_dataset,True,1,False,1,True,automatic,automatic_labels/100507_00001.nii.gz,ba76538fcca64ba9c3f259bf27bc6ec4fec33b98,457624,True,True,False,True,False,NIH_NEGATIVE_STRESS,LOCKED_NEGATIVE_SPECIFICITY_STRESS_TEST,True,False,NIH_DATASET_DERIVED,[MISSING],AUXILIARY_AUTOMATIC_MASK_ONLY,False,False,True,,-1,,nih_negative_stress_test,False,False,False,True,False
519,100508,100508_00001,2020-03-23 00:00:00,074Y,74.0,F,TOSHIBA,PDAC,1,pathology,False,1,False,1,True,manual,manual_labels/100508_00001.nii.gz,ff8b241dc9860e7a7d76f909b977d5b3e78ab17d,261891,True,True,True,False,True,PANORAMA_LOCAL,PRIMARY_MODEL_DEVELOPMENT,False,True,TISSUE_CONFIRMED,TOSHIBA,PRIMARY_MANUAL_PDAC_REFERENCE,False,False,False,train,3,Y1_M1_STOSHIBA,train,True,False,False,False,False
520,100509,100509_00001,2018-09-28 00:00:00,026Y,26.0,M,TOSHIBA,non-PDAC,0,radiology,False,1,False,1,True,automatic,automatic_labels/100509_00001.nii.gz,c92e1c3a9b01c18afd0f47f2373d5f9be835fafb,1262493,True,True,False,True,False,PANORAMA_LOCAL,PRIMARY_MODEL_DEVELOPMENT,False,True,RADIOLOGY_NO_DOCUMENTED_FOLLOWUP,TOSHIBA,AUXILIARY_AUTOMATIC_MASK_ONLY,False,False,False,train,2,Y0_M0_STOSHIBA,train,True,False,False,False,False
521,100510,100510_00001,2014-08-03 00:00:00,067Y,67.0,M,TOSHIBA,non-PDAC,0,radiology,False,1,False,1,True,automatic,automatic_labels/100510_00001.nii.gz,db848e63ef1f270dc8cca2deebcb02fbf9e6ec2c,348773,True,True,False,True,False,PANORAMA_LOCAL,PRIMARY_MODEL_DEVELOPMENT,False,True,RADIOLOGY_NO_DOCUMENTED_FOLLOWUP,TOSHIBA,AUXILIARY_AUTOMATIC_MASK_ONLY,False,False,False,train,2,Y0_M0_STOSHIBA,train,True,False,False,False,False
522,100511,100511_00001,2018-03-01 00:00:00,035Y,35.0,M,SIEMENS,non-PDAC,0,radiology,False,1,False,1,True,automatic,automatic_labels/100511_00001.nii.gz,d6d1c6061b6241e95b4e061aea2ae0154548ec84,1682414,True,True,False,True,False,PANORAMA_LOCAL,PRIMARY_MODEL_DEVELOPMENT,False,True,RADIOLOGY_NO_DOCUMENTED_FOLLOWUP,SIEMENS,AUXILIARY_AUTOMATIC_MASK_ONLY,False,False,False,internal_test,-1,Y0_M0_SSIEMENS,internal_test,False,False,False,True,False
523,100512,100512_00001,2018-09-09 00:00:00,059Y,59.0,F,Philips,PDAC,1,cytology,False,1,False,1,True,automatic,automatic_labels/100512_00001.nii.gz,de1bff7b7e628043bfba8a49d15a9f8b7ae30996,282830,True,True,False,True,False,PANORAMA_LOCAL,PRIMARY_MODEL_DEVELOPMENT,False,True,CYTOLOGY_CONFIRMED,Philips,AUXILIARY_AUTOMATIC_MASK_ONLY,False,False,False,train,3,Y1_M0_SPhilips,train,True,False,False,False,False
524,100513,100513_00001,2014-04-04 00:00:00,058Y,58.0,M,SIEMENS,non-PDAC,0,radiology,False,1,False,1,True,automatic,automatic_labels/100513_00001.nii.gz,7b153816d2fb34e158e8a836de60f9be67fae8eb,222057,True,True,False,True,False,PANORAMA_LOCAL,PRIMARY_MODEL_DEVELOPMENT,False,True,RADIOLOGY_NO_DOCUMENTED_FOLLOWUP,SIEMENS,AUXILIARY_AUTOMATIC_MASK_ONLY,False,False,False,train,2,Y0_M0_SSIEMENS,train,True,False,False,False,False
525,100514,100514_00001,2017-01-06 00:00:00,041Y,41.0,F,SIEMENS,non-PDAC,0,radiology,False,1,False,1,True,automatic,automatic_labels/100514_00001.nii.gz,348ad57b7ef5464ca662206aaac1d31646ea0a2b,647973,True,True,False,True,False,PANORAMA_LOCAL,PRIMARY_MODEL_DEVELOPMENT,False,True,RADIOLOGY_NO_DOCUMENTED_FOLLOWUP,SIEMENS,AUXILIARY_AUTOMATIC_MASK_ONLY,False,False,False,train,2,Y0_M0_SSIEMENS,train,True,False,False,False,False
526,100515,100515_00001,2017-11-01 00:00:00,076Y,76.0,F,TOSHIBA,PDAC,1,pathology,False,1,False,1,True,manual,manual_labels/100515_00001.nii.gz,18e0b5e3952f108d25b4543aa970c56bc55b93a9,1392175,True,True,True,False,True,PANORAMA_LOCAL,PRIMARY_MODEL_DEVELOPMENT,False,True,TISSUE_CONFIRMED,TOSHIBA,PRIMARY_MANUAL_PDAC_REFERENCE,False,False,False,internal_test,-1,Y1_M1_STOSHIBA,internal_test,False,False,False,True,True
527,100516,100516_00001,2019-01-28 00:00:00,056Y,56.0,F,TOSHIBA,non-PDAC,0,radiology,False,1,False,1,True,automatic,automatic_labels/100516_00001.nii.gz,52cb70287f1f98befd0b6fca16f5e6df1b5eba89,342973,True,True,False,True,False,PANORAMA_LOCAL,PRIMARY_MODEL_DEVELOPMENT,False,True,RADIOLOGY_NO_DOCUMENTED_FOLLOWUP,TOSHIBA,AUXILIARY_AUTOMATIC_MASK_ONLY,False,False,False,train,4,Y0_M0_STOSHIBA,train,True,False,False,False,False
528,100517,100517_00001,2017-07-03 00:00:00,040Y,40.0,M,TOSHIBA,non-PDAC,0,radiology,False,1,False,1,True,automatic,automatic_labels/100517_00001.nii.gz,7f0997f01cff6ad9f0b277ce8148c78072b56d08,315414,True,True,False,True,False,PANORAMA_LOCAL,PRIMARY_MODEL_DEVELOPMENT,False,True,RADIOLOGY_NO_DOCUMENTED_FOLLOWUP,TOSHIBA,AUXILIARY_AUTOMATIC_MASK_ONLY,False,False,False,train,1,Y0_M0_STOSHIBA,train,True,False,False,False,False
529,100518,100518_00001,2016-01-08 00:00:00,063Y,63.0,F,SIEMENS,non-PDAC,0,radiology,False,1,False,1,True,automatic,automatic_labels/100518_00001.nii.gz,5307ae6c04da42d21f03d383bec3121c44dab5e1,646183,True,True,False,True,False,PANORAMA_LOCAL,PRIMARY_MODEL_DEVELOPMENT,False,True,RADIOLOGY_NO_DOCUMENTED_FOLLOWUP,SIEMENS,AUXILIARY_AUTOMATIC_MASK_ONLY,False,False,False,train,0,Y0_M0_SSIEMENS,train,True,False,False,False,False
530,100519,100519_00001,2018-07-11 00:00:00,081Y,81.0,F,TOSHIBA,non-PDAC,0,radiology,False,1,False,1,True,automatic,automatic_labels/100519_00001.nii.gz,cba19228fd3885035778eb21c62ac2e6226e1fda,530637,True,True,False,True,False,PANORAMA_LOCAL,PRIMARY_MODEL_DEVELOPMENT,False,True,RADIOLOGY_NO_DOCUMENTED_FOLLOWUP,TOSHIBA,AUXILIARY_AUTOMATIC_MASK_ONLY,False,False,False,train,2,Y0_M0_STOSHIBA,train,True,False,False,False,False
531,100520,100520_00001,2020-11-21 00:00:00,071Y,71.0,F,Philips,PDAC,1,cytology,False,1,False,1,True,automatic,automatic_labels/100520_00001.nii.gz,e215719e888fbadbf71999b73133891c6e7357c3,444004,True,True,False,True,False,PANORAMA_LOCAL,PRIMARY_MODEL_DEVELOPMENT,False,True,CYTOLOGY_CONFIRMED,Philips,AUXILIARY_AUTOMATIC_MASK_ONLY,False,False,False,train,3,Y1_M0_SPhilips,train,True,False,False,False,False
532,100521,100521_00001,2015-01-18 00:00:00,060Y,60.0,F,SIEMENS,non-PDAC,0,radiology,False,1,False,1,True,automatic,automatic_labels/100521_00001.nii.gz,832ff7b3baaf0418395b3dc954aa754716c7e280,640874,True,True,False,True,False,PANORAMA_LOCAL,PRIMARY_MODEL_DEVELOPMENT,False,True,RADIOLOGY_NO_DOCUMENTED_FOLLOWUP,SIEMENS,AUXILIARY_AUTOMATIC_MASK_ONLY,False,False,False,train,2,Y0_M0_SSIEMENS,train,True,False,False,False,False
533,100522,100522_00001,2018-05-10 00:00:00,057Y,57.0,F,TOSHIBA,non-PDAC,0,radiology,False,1,False,1,True,automatic,automatic_labels/100522_00001.nii.gz,a73b0c69f44915e5347ce6d7a4c9715481e2ae48,553244,True,True,False,True,False,PANORAMA_LOCAL,PRIMARY_MODEL_DEVELOPMENT,False,True,RADIOLOGY_NO_DOCUMENTED_FOLLOWUP,TOSHIBA,AUXILIARY_AUTOMATIC_MASK_ONLY,False,False,False,train,2,Y0_M0_STOSHIBA,train,True,False,False,False,False
534,100523,100523_00001,2016-01-11 00:00:00,067Y,67.0,M,TOSHIBA,non-PDAC,0,radiology,False,1,False,1,True,automatic,automatic_labels/100523_00001.nii.gz,c5867c0a3e6bd30028fe582c8c764792b2c4b101,1760426,True,True,False,True,False,PANORAMA_LOCAL,PRIMARY_MODEL_DEVELOPMENT,False,True,RADIOLOGY_NO_DOCUMENTED_FOLLOWUP,TOSHIBA,AUXILIARY_AUTOMATIC_MASK_ONLY,False,False,False,internal_test,-1,Y0_M0_STOSHIBA,internal_test,False,False,False,True,False
535,100524,100524_00001,2016-01-12 00:00:00,058Y,58.0,F,SIEMENS,non-PDAC,0,radiology,False,1,False,1,True,automatic,automatic_labels/100524_00001.nii.gz,e7c7ef8f29ab1671133176fe485d47583919c29f,715346,True,True,False,True,False,PANORAMA_LOCAL,PRIMARY_MODEL_DEVELOPMENT,False,True,RADIOLOGY_NO_DOCUMENTED_FOLLOWUP,SIEMENS,AUXILIARY_AUTOMATIC_MASK_ONLY,False,False,False,train,3,Y0_M0_SSIEMENS,train,True,False,False,False,False
536,100525,100525_00001,2015-12-20 00:00:00,066Y,66.0,F,TOSHIBA,non-PDAC,0,radiology,False,1,False,1,True,automatic,automatic_labels/100525_00001.nii.gz,6b0cdc2ec24168b8f5d759c4b28e6c567d8f6294,355437,True,True,False,True,False,PANORAMA_LOCAL,PRIMARY_MODEL_DEVELOPMENT,False,True,RADIOLOGY_NO_DOCUMENTED_FOLLOWUP,TOSHIBA,AUXILIARY_AUTOMATIC_MASK_ONLY,False,False,False,train,4,Y0_M0_STOSHIBA,train,True,False,False,False,False
537,100526,100526_00001,2019-09-23 00:00:00,082Y,82.0,F,Philips,PDAC,1,cytology,False,1,False,1,True,manual,manual_labels/100526_00001.nii.gz,8aec7bd1cdd30d549c55b54896dd0f9db50d432d,120342,True,True,True,False,True,PANORAMA_LOCAL,PRIMARY_MODEL_DEVELOPMENT,False,True,CYTOLOGY_CONFIRMED,Philips,PRIMARY_MANUAL_PDAC_REFERENCE,False,False,False,train,4,Y1_M1_SPhilips,train,True,False,False,False,False
538,100527,100527_00001,2017-06-09 00:00:00,049Y,49.0,F,TOSHIBA,non-PDAC,0,radiology,False,1,False,1,True,automatic,automatic_labels/100527_00001.nii.gz,446158c9fbbc8e9ceca583156aa24e7f2b41576c,559812,True,True,False,True,False,PANORAMA_LOCAL,PRIMARY_MODEL_DEVELOPMENT,False,True,RADIOLOGY_NO_DOCUMENTED_FOLLOWUP,TOSHIBA,AUXILIARY_AUTOMATIC_MASK_ONLY,False,False,False,internal_test,-1,Y0_M0_STOSHIBA,internal_test,False,False,False,True,False
539,100528,100528_00001,2017-12-21 00:00:00,066Y,66.0,F,SIEMENS,PDAC,1,cytology,False,1,False,1,True,automatic,automatic_labels/100528_00001.nii.gz,06e210ef02bb479381c978f4e4ac3fd3f68c6a29,277166,True,True,False,True,False,PANORAMA_LOCAL,PRIMARY_MODEL_DEVELOPMENT,False,True,CYTOLOGY_CONFIRMED,SIEMENS,AUXILIARY_AUTOMATIC_MASK_ONLY,False,False,False,internal_test,-1,Y1_M0_SSIEMENS,internal_test,False,False,False,True,False
540,100529,100529_00001,2018-11-03 00:00:00,051Y,51.0,F,TOSHIBA,non-PDAC,0,radiology,False,1,False,1,True,automatic,automatic_labels/100529_00001.nii.gz,847ea0404f25dbdcb4657c36367e4879e77f304d,343637,True,True,False,True,False,PANORAMA_LOCAL,PRIMARY_MODEL_DEVELOPMENT,False,True,RADIOLOGY_NO_DOCUMENTED_FOLLOWUP,TOSHIBA,AUXILIARY_AUTOMATIC_MASK_ONLY,False,False,False,validation,-1,Y0_M0_STOSHIBA,validation,False,True,True,False,False
541,100530,100530_00001,2020-02-09 00:00:00,072Y,72.0,F,Philips,PDAC,1,histopathology,False,1,False,1,True,manual,manual_labels/100530_00001.nii.gz,ddd6bdb6ee17de5d8e4ab6562c080afc72aeb33a,146535,True,True,True,False,True,PANORAMA_LOCAL,PRIMARY_MODEL_DEVELOPMENT,False,True,TISSUE_CONFIRMED,Philips,PRIMARY_MANUAL_PDAC_REFERENCE,False,False,False,train,2,Y1_M1_SPhilips,train,True,False,False,False,False
542,100531,100531_00001,2016-09-18 00:00:00,071Y,71.0,F,SIEMENS,non-PDAC,0,radiology,False,1,False,1,True,automatic,automatic_labels/100531_00001.nii.gz,841829135ac2c9b2a48eed7ee831b44d9bb94af1,557427,True,True,False,True,False,PANORAMA_LOCAL,PRIMARY_MODEL_DEVELOPMENT,False,True,RADIOLOGY_NO_DOCUMENTED_FOLLOWUP,SIEMENS,AUXILIARY_AUTOMATIC_MASK_ONLY,False,False,False,train,4,Y0_M0_SSIEMENS,train,True,False,False,False,False
543,100532,100532_00001,2018-12-29 00:00:00,076Y,76.0,M,TOSHIBA,non-PDAC,0,radiology,False,1,False,1,True,automatic,automatic_labels/100532_00001.nii.gz,0dda4e4ffcfc6e945db9a00de20138ae33622bd8,436997,True,True,False,True,False,PANORAMA_LOCAL,PRIMARY_MODEL_DEVELOPMENT,False,True,RADIOLOGY_NO_DOCUMENTED_FOLLOWUP,TOSHIBA,AUXILIARY_AUTOMATIC_MASK_ONLY,False,False,False,internal_test,-1,Y0_M0_STOSHIBA,internal_test,False,False,False,True,False
544,100533,100533_00001,2015-07-16 00:00:00,061Y,61.0,F,TOSHIBA,PDAC,1,pathology,False,1,False,1,True,manual,manual_labels/100533_00001.nii.gz,7980085a28efddf0161a1c05cf6d6838fd0f47e8,998523,True,True,True,False,True,PANORAMA_LOCAL,PRIMARY_MODEL_DEVELOPMENT,False,True,TISSUE_CONFIRMED,TOSHIBA,PRIMARY_MANUAL_PDAC_REFERENCE,False,False,False,train,4,Y1_M1_STOSHIBA,train,True,False,False,False,False
545,100534,100534_00001,2016-10-07 00:00:00,041Y,41.0,M,SIEMENS,non-PDAC,0,radiology,False,1,False,1,True,automatic,automatic_labels/100534_00001.nii.gz,0d8a5d33edf697e8a48fc4356c56b98ef42361d0,633865,True,True,False,True,False,PANORAMA_LOCAL,PRIMARY_MODEL_DEVELOPMENT,False,True,RADIOLOGY_NO_DOCUMENTED_FOLLOWUP,SIEMENS,AUXILIARY_AUTOMATIC_MASK_ONLY,False,False,False,train,1,Y0_M0_SSIEMENS,train,True,False,False,False,False
546,100535,100535_00001,2018-03-24 00:00:00,059Y,59.0,M,TOSHIBA,non-PDAC,0,radiology,False,1,False,1,True,automatic,automatic_labels/100535_00001.nii.gz,ac7e6699eb7e60773dc0437f703ace6eec9d6122,419481,True,True,False,True,False,PANORAMA_LOCAL,PRIMARY_MODEL_DEVELOPMENT,False,True,RADIOLOGY_NO_DOCUMENTED_FOLLOWUP,TOSHIBA,AUXILIARY_AUTOMATIC_MASK_ONLY,False,False,False,train,2,Y0_M0_STOSHIBA,train,True,False,False,False,False
547,100536,100536_00001,2019-08-31 00:00:00,070Y,70.0,F,SIEMENS,non-PDAC,0,radiology,False,1,False,1,True,automatic,automatic_labels/100536_00001.nii.gz,3aa5f14ee1e108d6c5db8609edb2efa6f5ef7e01,508550,True,True,False,True,False,PANORAMA_LOCAL,PRIMARY_MODEL_DEVELOPMENT,False,True,RADIOLOGY_NO_DOCUMENTED_FOLLOWUP,SIEMENS,AUXILIARY_AUTOMATIC_MASK_ONLY,False,False,False,validation,-1,Y0_M0_SSIEMENS,validation,False,True,True,False,False
548,100537,100537_00001,2018-10-09 00:00:00,075Y,75.0,M,Philips,PDAC,1,cytology,False,1,False,1,True,manual,manual_labels/100537_00001.nii.gz,d1221916af0a3278e7c2b12eaa4b91980773b525,333908,True,True,True,False,True,PANORAMA_LOCAL,PRIMARY_MODEL_DEVELOPMENT,False,True,CYTOLOGY_CONFIRMED,Philips,PRIMARY_MANUAL_PDAC_REFERENCE,False,False,False,internal_test,-1,Y1_M1_SPhilips,internal_test,False,False,False,True,True
549,100538,100538_00001,2018-04-25 00:00:00,070Y,70.0,M,TOSHIBA,non-PDAC,0,radiology,False,1,False,1,True,automatic,automatic_labels/100538_00001.nii.gz,14f9846b20724a6dd445d44514f06b08b10596c9,346987,True,True,False,True,False,PANORAMA_LOCAL,PRIMARY_MODEL_DEVELOPMENT,False,True,RADIOLOGY_NO_DOCUMENTED_FOLLOWUP,TOSHIBA,AUXILIARY_AUTOMATIC_MASK_ONLY,False,False,False,train,0,Y0_M0_STOSHIBA,train,True,False,False,False,False
550,100539,100539_00001,2019-07-21 00:00:00,036Y,36.0,F,SIEMENS,non-PDAC,0,radiology,False,1,False,1,True,automatic,automatic_labels/100539_00001.nii.gz,e5334c42022cb47194e2700a908676805734c23a,289715,True,True,False,True,False,PANORAMA_LOCAL,PRIMARY_MODEL_DEVELOPMENT,False,True,RADIOLOGY_NO_DOCUMENTED_FOLLOWUP,SIEMENS,AUXILIARY_AUTOMATIC_MASK_ONLY,False,False,False,train,2,Y0_M0_SSIEMENS,train,True,False,False,False,False
551,100540,100540_00001,2015-02-21 00:00:00,060Y,60.0,M,SIEMENS,non-PDAC,0,histopathology,False,1,False,1,True,automatic,automatic_labels/100540_00001.nii.gz,a2c93e3a616abfc7d109bfe3c4544d3d99e08f3a,960987,True,True,False,True,False,PANORAMA_LOCAL,PRIMARY_MODEL_DEVELOPMENT,False,True,TISSUE_CONFIRMED,SIEMENS,AUXILIARY_AUTOMATIC_MASK_ONLY,False,False,False,train,1,Y0_M0_SSIEMENS,train,True,False,False,False,False
552,100541,100541_00001,2018-11-30 00:00:00,047Y,47.0,F,Philips,non-PDAC,0,histopathology,False,1,False,1,True,automatic,automatic_labels/100541_00001.nii.gz,06ddd09189bde80f3b5ec19ea3d5ed2838711b6e,324690,True,True,False,True,False,PANORAMA_LOCAL,PRIMARY_MODEL_DEVELOPMENT,False,True,TISSUE_CONFIRMED,Philips,AUXILIARY_AUTOMATIC_MASK_ONLY,False,False,False,train,3,Y0_M0_SPhilips,train,True,False,False,False,False
553,100542,100542_00001,,,,,,PDAC,1,MSD_dataset,True,1,False,1,True,manual,manual_labels/100542_00001.nii.gz,a9f5617c0e171f60b01c55f994daa64d53c7ec65,201599,True,True,True,False,True,MSD_EXTERNAL_MIXED,LOCKED_EXTERNAL_MIXED_TEST,True,False,MSD_DATASET_DERIVED,[MISSING],PRIMARY_MANUAL_PDAC_REFERENCE,True,True,False,,-1,,external_msd_test,False,False,False,True,True
554,100543,100543_00001,2015-11-29 00:00:00,,,,,non-PDAC,0,NIH_dataset,True,1,False,1,True,automatic,automatic_labels/100543_00001.nii.gz,c2d2127c261c422aca141a9fc3f61b46c846a1c7,456663,True,True,False,True,False,NIH_NEGATIVE_STRESS,LOCKED_NEGATIVE_SPECIFICITY_STRESS_TEST,True,False,NIH_DATASET_DERIVED,[MISSING],AUXILIARY_AUTOMATIC_MASK_ONLY,False,False,True,,-1,,nih_negative_stress_test,False,False,False,True,False
555,100544,100544_00001,2013-07-16 00:00:00,076Y,76.0,F,Philips,PDAC,1,pathology,False,1,False,1,True,manual,manual_labels/100544_00001.nii.gz,aa50070327b6d0bbf43294d2e9a80f5ad750537e,270814,True,True,True,False,True,PANORAMA_LOCAL,PRIMARY_MODEL_DEVELOPMENT,False,True,TISSUE_CONFIRMED,Philips,PRIMARY_MANUAL_PDAC_REFERENCE,False,False,False,train,1,Y1_M1_SPhilips,train,True,False,False,False,False
556,100545,100545_00001,2018-06-14 00:00:00,072Y,72.0,F,TOSHIBA,PDAC,1,pathology,False,1,False,1,True,manual,manual_labels/100545_00001.nii.gz,cecbc1a6d54bf92090c0b82e1084f357dcdda440,346643,True,True,True,False,True,PANORAMA_LOCAL,PRIMARY_MODEL_DEVELOPMENT,False,True,TISSUE_CONFIRMED,TOSHIBA,PRIMARY_MANUAL_PDAC_REFERENCE,False,False,False,validation,-1,Y1_M1_STOSHIBA,validation,False,True,True,False,False
557,100546,100546_00001,2021-04-29 00:00:00,079Y,79.0,F,SIEMENS,non-PDAC,0,histopathology,False,1,False,1,True,automatic,automatic_labels/100546_00001.nii.gz,4f75c87a97f3986d73c95bc645869eb4962aac70,427315,True,True,False,True,False,PANORAMA_LOCAL,PRIMARY_MODEL_DEVELOPMENT,False,True,TISSUE_CONFIRMED,SIEMENS,AUXILIARY_AUTOMATIC_MASK_ONLY,False,False,False,train,1,Y0_M0_SSIEMENS,train,True,False,False,False,False
558,100547,100547_00001,2015-12-04 00:00:00,,,,,non-PDAC,0,NIH_dataset,True,1,False,1,True,automatic,automatic_labels/100547_00001.nii.gz,f2631df87bdc12702c27cfa655369d531b34f498,463193,True,True,False,True,False,NIH_NEGATIVE_STRESS,LOCKED_NEGATIVE_SPECIFICITY_STRESS_TEST,True,False,NIH_DATASET_DERIVED,[MISSING],AUXILIARY_AUTOMATIC_MASK_ONLY,False,False,True,,-1,,nih_negative_stress_test,False,False,False,True,False
559,100548,100548_00001,2015-11-17 00:00:00,,,,,non-PDAC,0,NIH_dataset,True,1,False,1,True,automatic,automatic_labels/100548_00001.nii.gz,74d65925f418547df5d62840edda7cb54d34e540,482089,True,True,False,True,False,NIH_NEGATIVE_STRESS,LOCKED_NEGATIVE_SPECIFICITY_STRESS_TEST,True,False,NIH_DATASET_DERIVED,[MISSING],AUXILIARY_AUTOMATIC_MASK_ONLY,False,False,True,,-1,,nih_negative_stress_test,False,False,False,True,False
560,100549,100549_00001,2014-11-22 00:00:00,089Y,89.0,M,SIEMENS,non-PDAC,0,radiology,False,1,False,1,True,automatic,automatic_labels/100549_00001.nii.gz,e720cf90829c643e17a60fe0107ce7300e44327e,667711,True,True,False,True,False,PANORAMA_LOCAL,PRIMARY_MODEL_DEVELOPMENT,False,True,RADIOLOGY_NO_DOCUMENTED_FOLLOWUP,SIEMENS,AUXILIARY_AUTOMATIC_MASK_ONLY,False,False,False,train,3,Y0_M0_SSIEMENS,train,True,False,False,False,False
561,100550,100550_00001,2019-05-07 00:00:00,035Y,35.0,M,SIEMENS,non-PDAC,0,radiology,False,1,False,1,True,automatic,automatic_labels/100550_00001.nii.gz,a999ff308b689696058d8f2d301f5c89d1745b0e,636087,True,True,False,True,False,PANORAMA_LOCAL,PRIMARY_MODEL_DEVELOPMENT,False,True,RADIOLOGY_NO_DOCUMENTED_FOLLOWUP,SIEMENS,AUXILIARY_AUTOMATIC_MASK_ONLY,False,False,False,train,2,Y0_M0_SSIEMENS,train,True,False,False,False,False
562,100551,100551_00001,2019-02-14 00:00:00,067Y,67.0,F,SIEMENS,non-PDAC,0,radiology,False,1,False,1,True,automatic,automatic_labels/100551_00001.nii.gz,ae7907d762798d1eca61f2c3ec715228a31741fd,509753,True,True,False,True,False,PANORAMA_LOCAL,PRIMARY_MODEL_DEVELOPMENT,False,True,RADIOLOGY_NO_DOCUMENTED_FOLLOWUP,SIEMENS,AUXILIARY_AUTOMATIC_MASK_ONLY,False,False,False,train,4,Y0_M0_SSIEMENS,train,True,False,False,False,False
563,100552,100552_00001,2018-01-08 00:00:00,084Y,84.0,M,SIEMENS,non-PDAC,0,radiology,False,1,False,1,True,automatic,automatic_labels/100552_00001.nii.gz,50b8837026d26d45cc440cde735788dc77ef086b,736018,True,True,False,True,False,PANORAMA_LOCAL,PRIMARY_MODEL_DEVELOPMENT,False,True,RADIOLOGY_NO_DOCUMENTED_FOLLOWUP,SIEMENS,AUXILIARY_AUTOMATIC_MASK_ONLY,False,False,False,train,1,Y0_M0_SSIEMENS,train,True,False,False,False,False
564,100553,100553_00001,2015-10-30 00:00:00,,,,,non-PDAC,0,NIH_dataset,True,1,False,1,True,automatic,automatic_labels/100553_00001.nii.gz,7956b7257f46c0808672bd40b6d2cbf44a367f86,460560,True,True,False,True,False,NIH_NEGATIVE_STRESS,LOCKED_NEGATIVE_SPECIFICITY_STRESS_TEST,True,False,NIH_DATASET_DERIVED,[MISSING],AUXILIARY_AUTOMATIC_MASK_ONLY,False,False,True,,-1,,nih_negative_stress_test,False,False,False,True,False
565,100554,100554_00001,2013-03-15 00:00:00,077Y,77.0,F,,PDAC,1,histopathology,False,1,False,1,True,automatic,automatic_labels/100554_00001.nii.gz,cb28e71d8702944a56b1a32ff2d550ca9c4f7199,281500,True,True,False,True,False,PANORAMA_LOCAL,PRIMARY_MODEL_DEVELOPMENT,False,True,TISSUE_CONFIRMED,[MISSING],AUXILIARY_AUTOMATIC_MASK_ONLY,False,False,False,internal_test,-1,Y1_M0,internal_test,False,False,False,True,False
566,100555,100555_00001,2019-10-01 00:00:00,067Y,67.0,F,Philips,PDAC,1,histopathology,False,1,False,1,True,manual,manual_labels/100555_00001.nii.gz,17f45df0817ad50e5501f6def26cf516aeb57dfc,155146,True,True,True,False,True,PANORAMA_LOCAL,PRIMARY_MODEL_DEVELOPMENT,False,True,TISSUE_CONFIRMED,Philips,PRIMARY_MANUAL_PDAC_REFERENCE,False,False,False,internal_test,-1,Y1_M1_SPhilips,internal_test,False,False,False,True,True
567,100556,100556_00001,2021-04-27 00:00:00,033Y,33.0,M,TOSHIBA,non-PDAC,0,radiology,False,1,False,1,True,automatic,automatic_labels/100556_00001.nii.gz,937df19b9a59aa44ae068dff77b32040fd648306,199997,True,True,False,True,False,PANORAMA_LOCAL,PRIMARY_MODEL_DEVELOPMENT,False,True,RADIOLOGY_NO_DOCUMENTED_FOLLOWUP,TOSHIBA,AUXILIARY_AUTOMATIC_MASK_ONLY,False,False,False,train,2,Y0_M0_STOSHIBA,train,True,False,False,False,False
568,100557,100557_00001,2021-11-10 00:00:00,075Y,75.0,F,Philips,PDAC,1,histopathology,False,1,False,1,True,manual,manual_labels/100557_00001.nii.gz,3c3bfb5baccc459a2ae78f542aacca92f56af363,186750,True,True,True,False,True,PANORAMA_LOCAL,PRIMARY_MODEL_DEVELOPMENT,False,True,TISSUE_CONFIRMED,Philips,PRIMARY_MANUAL_PDAC_REFERENCE,False,False,False,train,4,Y1_M1_SPhilips,train,True,False,False,False,False
569,100558,100558_00001,,,,,,non-PDAC,0,MSD_dataset,True,1,False,1,True,automatic,automatic_labels/100558_00001.nii.gz,46790722c19cf5da7c638ae834eb91a3b8f2f581,149467,True,True,False,True,False,MSD_EXTERNAL_MIXED,LOCKED_EXTERNAL_MIXED_TEST,True,False,MSD_DATASET_DERIVED,[MISSING],AUXILIARY_AUTOMATIC_MASK_ONLY,True,False,False,,-1,,external_msd_test,False,False,False,True,False
570,100559,100559_00001,2014-10-13 00:00:00,062Y,62.0,F,SIEMENS,non-PDAC,0,radiology,False,1,False,1,True,automatic,automatic_labels/100559_00001.nii.gz,150eb10dbd1f03ddac7d7c6b03cbab6e87bc0c80,1490990,True,True,False,True,False,PANORAMA_LOCAL,PRIMARY_MODEL_DEVELOPMENT,False,True,RADIOLOGY_NO_DOCUMENTED_FOLLOWUP,SIEMENS,AUXILIARY_AUTOMATIC_MASK_ONLY,False,False,False,validation,-1,Y0_M0_SSIEMENS,validation,False,True,True,False,False
571,100560,100560_00001,2018-05-20 00:00:00,070Y,70.0,F,SIEMENS,non-PDAC,0,radiology,False,1,False,1,True,automatic,automatic_labels/100560_00001.nii.gz,7c209173e6626cbf6f3d75c190a153b1988c9582,1404277,True,True,False,True,False,PANORAMA_LOCAL,PRIMARY_MODEL_DEVELOPMENT,False,True,RADIOLOGY_NO_DOCUMENTED_FOLLOWUP,SIEMENS,AUXILIARY_AUTOMATIC_MASK_ONLY,False,False,False,internal_test,-1,Y0_M0_SSIEMENS,internal_test,False,False,False,True,False
572,100561,100561_00001,2016-06-12 00:00:00,070Y,70.0,F,TOSHIBA,non-PDAC,0,radiology,False,1,False,1,True,automatic,automatic_labels/100561_00001.nii.gz,d69d36756eb5ed07d388f35e6b4d98e86c232da6,350246,True,True,False,True,False,PANORAMA_LOCAL,PRIMARY_MODEL_DEVELOPMENT,False,True,RADIOLOGY_NO_DOCUMENTED_FOLLOWUP,TOSHIBA,AUXILIARY_AUTOMATIC_MASK_ONLY,False,False,False,train,4,Y0_M0_STOSHIBA,train,True,False,False,False,False
573,100562,100562_00001,2016-03-28 00:00:00,094Y,94.0,M,SIEMENS,non-PDAC,0,radiology,False,1,False,1,True,automatic,automatic_labels/100562_00001.nii.gz,1da21f9b32a3601230a8520d6b3d60d36cb0d688,627526,True,True,False,True,False,PANORAMA_LOCAL,PRIMARY_MODEL_DEVELOPMENT,False,True,RADIOLOGY_NO_DOCUMENTED_FOLLOWUP,SIEMENS,AUXILIARY_AUTOMATIC_MASK_ONLY,False,False,False,train,3,Y0_M0_SSIEMENS,train,True,False,False,False,False
574,100563,100563_00001,2013-08-15 00:00:00,085Y,85.0,M,Philips,PDAC,1,pathology,False,1,False,1,True,manual,manual_labels/100563_00001.nii.gz,637af14a7550d8b19e5d6d1838fae913ebff05e9,358056,True,True,True,False,True,PANORAMA_LOCAL,PRIMARY_MODEL_DEVELOPMENT,False,True,TISSUE_CONFIRMED,Philips,PRIMARY_MANUAL_PDAC_REFERENCE,False,False,False,train,4,Y1_M1_SPhilips,train,True,False,False,False,False
575,100564,100564_00001,2018-07-16 00:00:00,059Y,59.0,F,TOSHIBA,PDAC,1,histopathology,False,1,False,1,True,manual,manual_labels/100564_00001.nii.gz,2be8e56e244b61b0727b38ddfd148b90b102531d,448746,True,True,True,False,True,PANORAMA_LOCAL,PRIMARY_MODEL_DEVELOPMENT,False,True,TISSUE_CONFIRMED,TOSHIBA,PRIMARY_MANUAL_PDAC_REFERENCE,False,False,False,train,0,Y1_M1_STOSHIBA,train,True,False,False,False,False
576,100565,100565_00001,2014-09-27 00:00:00,064Y,64.0,M,SIEMENS,PDAC,1,histopathology,False,1,False,1,True,manual,manual_labels/100565_00001.nii.gz,4a4073422a221faef8b15d12c04db161d213dcd0,114824,True,True,True,False,True,PANORAMA_LOCAL,PRIMARY_MODEL_DEVELOPMENT,False,True,TISSUE_CONFIRMED,SIEMENS,PRIMARY_MANUAL_PDAC_REFERENCE,False,False,False,train,1,Y1_M1_SSIEMENS,train,True,False,False,False,False
577,100566,100566_00001,2016-11-17 00:00:00,030Y,30.0,M,TOSHIBA,non-PDAC,0,radiology,False,1,False,1,True,automatic,automatic_labels/100566_00001.nii.gz,69e223e426f5a93c04d2b77e98973ef74db1beda,212090,True,True,False,True,False,PANORAMA_LOCAL,PRIMARY_MODEL_DEVELOPMENT,False,True,RADIOLOGY_NO_DOCUMENTED_FOLLOWUP,TOSHIBA,AUXILIARY_AUTOMATIC_MASK_ONLY,False,False,False,train,1,Y0_M0_STOSHIBA,train,True,False,False,False,False
578,100567,100567_00001,2018-10-14 00:00:00,072Y,72.0,F,TOSHIBA,non-PDAC,0,radiology,False,1,False,1,True,automatic,automatic_labels/100567_00001.nii.gz,07067395381dfed849944357e48778efe5399778,347598,True,True,False,True,False,PANORAMA_LOCAL,PRIMARY_MODEL_DEVELOPMENT,False,True,RADIOLOGY_NO_DOCUMENTED_FOLLOWUP,TOSHIBA,AUXILIARY_AUTOMATIC_MASK_ONLY,False,False,False,internal_test,-1,Y0_M0_STOSHIBA,internal_test,False,False,False,True,False
579,100568,100568_00001,2017-08-09 00:00:00,057Y,57.0,M,TOSHIBA,non-PDAC,0,radiology,False,1,False,1,True,automatic,automatic_labels/100568_00001.nii.gz,48953919370b8854723cca8c0b522c9916ff5520,525341,True,True,False,True,False,PANORAMA_LOCAL,PRIMARY_MODEL_DEVELOPMENT,False,True,RADIOLOGY_NO_DOCUMENTED_FOLLOWUP,TOSHIBA,AUXILIARY_AUTOMATIC_MASK_ONLY,False,False,False,train,1,Y0_M0_STOSHIBA,train,True,False,False,False,False
580,100569,100569_00001,2015-12-22 00:00:00,075Y,75.0,M,TOSHIBA,non-PDAC,0,radiology,False,1,False,1,True,automatic,automatic_labels/100569_00001.nii.gz,66bab205ca80cf7207172152b2ade0df985814cc,349617,True,True,False,True,False,PANORAMA_LOCAL,PRIMARY_MODEL_DEVELOPMENT,False,True,RADIOLOGY_NO_DOCUMENTED_FOLLOWUP,TOSHIBA,AUXILIARY_AUTOMATIC_MASK_ONLY,False,False,False,train,4,Y0_M0_STOSHIBA,train,True,False,False,False,False
581,100570,100570_00001,2016-03-26 00:00:00,087Y,87.0,M,TOSHIBA,non-PDAC,0,radiology,False,1,False,1,True,automatic,automatic_labels/100570_00001.nii.gz,eec2df11a9f68cdf8131f9cd8843e0fa3eb4750d,385223,True,True,False,True,False,PANORAMA_LOCAL,PRIMARY_MODEL_DEVELOPMENT,False,True,RADIOLOGY_NO_DOCUMENTED_FOLLOWUP,TOSHIBA,AUXILIARY_AUTOMATIC_MASK_ONLY,False,False,False,train,4,Y0_M0_STOSHIBA,train,True,False,False,False,False
582,100571,100571_00001,2015-01-31 00:00:00,069Y,69.0,M,SIEMENS,non-PDAC,0,radiology,False,1,False,1,True,automatic,automatic_labels/100571_00001.nii.gz,5c0f961d794cad3a397715eb9d461ca557fdf9e3,356823,True,True,False,True,False,PANORAMA_LOCAL,PRIMARY_MODEL_DEVELOPMENT,False,True,RADIOLOGY_NO_DOCUMENTED_FOLLOWUP,SIEMENS,AUXILIARY_AUTOMATIC_MASK_ONLY,False,False,False,train,1,Y0_M0_SSIEMENS,train,True,False,False,False,False
583,100572,100572_00001,2018-01-14 00:00:00,068Y,68.0,F,SIEMENS,non-PDAC,0,radiology,False,1,False,1,True,automatic,automatic_labels/100572_00001.nii.gz,ef7f5c3d8c9a3ae6c8e39753f68c5652a0e84c07,757842,True,True,False,True,False,PANORAMA_LOCAL,PRIMARY_MODEL_DEVELOPMENT,False,True,RADIOLOGY_NO_DOCUMENTED_FOLLOWUP,SIEMENS,AUXILIARY_AUTOMATIC_MASK_ONLY,False,False,False,train,2,Y0_M0_SSIEMENS,train,True,False,False,False,False
584,100573,100573_00001,2015-10-15 00:00:00,067Y,67.0,M,SIEMENS,non-PDAC,0,radiology,False,1,False,1,True,automatic,automatic_labels/100573_00001.nii.gz,f0d8adf1a530ab5e01e38f58bf2bd8420234a841,411494,True,True,False,True,False,PANORAMA_LOCAL,PRIMARY_MODEL_DEVELOPMENT,False,True,RADIOLOGY_NO_DOCUMENTED_FOLLOWUP,SIEMENS,AUXILIARY_AUTOMATIC_MASK_ONLY,False,False,False,train,3,Y0_M0_SSIEMENS,train,True,False,False,False,False
585,100574,100574_00001,2021-01-30 00:00:00,068Y,68.0,M,TOSHIBA,PDAC,1,histopathology,False,1,False,1,True,automatic,automatic_labels/100574_00001.nii.gz,bc73cc50637d095ce5eaea59072c7bcc70b89a8f,338864,True,True,False,True,False,PANORAMA_LOCAL,PRIMARY_MODEL_DEVELOPMENT,False,True,TISSUE_CONFIRMED,TOSHIBA,AUXILIARY_AUTOMATIC_MASK_ONLY,False,False,False,train,2,Y1_M0_STOSHIBA,train,True,False,False,False,False
586,100575,100575_00001,2010-11-28 00:00:00,072Y,72.0,M,Philips,non-PDAC,0,pathology,False,1,False,1,True,automatic,automatic_labels/100575_00001.nii.gz,4fd112ed67d5937c62c4109447b8f64e4eb2a51d,159121,True,True,False,True,False,PANORAMA_LOCAL,PRIMARY_MODEL_DEVELOPMENT,False,True,TISSUE_CONFIRMED,Philips,AUXILIARY_AUTOMATIC_MASK_ONLY,False,False,False,train,4,Y0_M0_SPhilips,train,True,False,False,False,False
587,100576,100576_00001,2011-05-28 00:00:00,067Y,67.0,M,TOSHIBA,PDAC,1,histopathology,False,1,False,1,True,manual,manual_labels/100576_00001.nii.gz,5cd400208255e258f4a3a79b2b5df3971ce766da,95480,True,True,True,False,True,PANORAMA_LOCAL,PRIMARY_MODEL_DEVELOPMENT,False,True,TISSUE_CONFIRMED,TOSHIBA,PRIMARY_MANUAL_PDAC_REFERENCE,False,False,False,internal_test,-1,Y1_M1_STOSHIBA,internal_test,False,False,False,True,True
588,100577,100577_00001,2015-11-14 00:00:00,,,,,non-PDAC,0,NIH_dataset,True,1,False,1,True,automatic,automatic_labels/100577_00001.nii.gz,0c898bbe1bbf726bf41564071188397617bb04c4,500021,True,True,False,True,False,NIH_NEGATIVE_STRESS,LOCKED_NEGATIVE_SPECIFICITY_STRESS_TEST,True,False,NIH_DATASET_DERIVED,[MISSING],AUXILIARY_AUTOMATIC_MASK_ONLY,False,False,True,,-1,,nih_negative_stress_test,False,False,False,True,False
589,100578,100578_00001,2018-07-24 00:00:00,055Y,55.0,M,TOSHIBA,non-PDAC,0,histopathology,False,1,False,1,True,automatic,automatic_labels/100578_00001.nii.gz,ea1ea8b000f0163a0e174ae49f06c382ffac431d,369078,True,True,False,True,False,PANORAMA_LOCAL,PRIMARY_MODEL_DEVELOPMENT,False,True,TISSUE_CONFIRMED,TOSHIBA,AUXILIARY_AUTOMATIC_MASK_ONLY,False,False,False,train,3,Y0_M0_STOSHIBA,train,True,False,False,False,False
590,100579,100579_00001,2015-11-24 00:00:00,,,,,non-PDAC,0,NIH_dataset,True,1,False,1,True,automatic,automatic_labels/100579_00001.nii.gz,ca0c42c3ddf3230fdefd572a57dc04b2d6e5912e,677736,True,True,False,True,False,NIH_NEGATIVE_STRESS,LOCKED_NEGATIVE_SPECIFICITY_STRESS_TEST,True,False,NIH_DATASET_DERIVED,[MISSING],AUXILIARY_AUTOMATIC_MASK_ONLY,False,False,True,,-1,,nih_negative_stress_test,False,False,False,True,False
591,100580,100580_00001,2018-03-21 00:00:00,068Y,68.0,F,TOSHIBA,non-PDAC,0,radiology,False,1,False,1,True,automatic,automatic_labels/100580_00001.nii.gz,9e955e7a43dafe0df2099caf56e0f6c89905f9b2,253418,True,True,False,True,False,PANORAMA_LOCAL,PRIMARY_MODEL_DEVELOPMENT,False,True,RADIOLOGY_NO_DOCUMENTED_FOLLOWUP,TOSHIBA,AUXILIARY_AUTOMATIC_MASK_ONLY,False,False,False,validation,-1,Y0_M0_STOSHIBA,validation,False,True,True,False,False
592,100581,100581_00001,2015-12-30 00:00:00,084Y,84.0,M,SIEMENS,non-PDAC,0,radiology,False,1,False,1,True,automatic,automatic_labels/100581_00001.nii.gz,ecfc3f50bf863930efb114dff4cdb790473b5dc8,889663,True,True,False,True,False,PANORAMA_LOCAL,PRIMARY_MODEL_DEVELOPMENT,False,True,RADIOLOGY_NO_DOCUMENTED_FOLLOWUP,SIEMENS,AUXILIARY_AUTOMATIC_MASK_ONLY,False,False,False,train,4,Y0_M0_SSIEMENS,train,True,False,False,False,False
593,100582,100582_00001,2016-02-04 00:00:00,053Y,53.0,F,SIEMENS,non-PDAC,0,radiology,False,1,False,1,True,automatic,automatic_labels/100582_00001.nii.gz,0c911e6cd471a556924b3cbff3d448ca9062f400,666509,True,True,False,True,False,PANORAMA_LOCAL,PRIMARY_MODEL_DEVELOPMENT,False,True,RADIOLOGY_NO_DOCUMENTED_FOLLOWUP,SIEMENS,AUXILIARY_AUTOMATIC_MASK_ONLY,False,False,False,train,3,Y0_M0_SSIEMENS,train,True,False,False,False,False
594,100583,100583_00001,2014-06-08 00:00:00,057Y,57.0,M,Philips,PDAC,1,histopathology,False,1,False,1,True,manual,manual_labels/100583_00001.nii.gz,c4ea87f378c5a2672a30cccda2e561c2cfe37f00,52503,True,True,True,False,True,PANORAMA_LOCAL,PRIMARY_MODEL_DEVELOPMENT,False,True,TISSUE_CONFIRMED,Philips,PRIMARY_MANUAL_PDAC_REFERENCE,False,False,False,train,3,Y1_M1_SPhilips,train,True,False,False,False,False
595,100584,100584_00001,2014-01-06 00:00:00,058Y,58.0,F,TOSHIBA,non-PDAC,0,radiology,False,1,False,1,True,automatic,automatic_labels/100584_00001.nii.gz,a7c31346533693daa7f8a8a83dd07e1c5ca53f33,1071471,True,True,False,True,False,PANORAMA_LOCAL,PRIMARY_MODEL_DEVELOPMENT,False,True,RADIOLOGY_NO_DOCUMENTED_FOLLOWUP,TOSHIBA,AUXILIARY_AUTOMATIC_MASK_ONLY,False,False,False,train,2,Y0_M0_STOSHIBA,train,True,False,False,False,False
596,100585,100585_00001,2015-12-02 00:00:00,088Y,88.0,F,SIEMENS,non-PDAC,0,radiology,False,1,False,1,True,automatic,automatic_labels/100585_00001.nii.gz,b258b250ff75aa0d0fcf806cda10a41932912452,581004,True,True,False,True,False,PANORAMA_LOCAL,PRIMARY_MODEL_DEVELOPMENT,False,True,RADIOLOGY_NO_DOCUMENTED_FOLLOWUP,SIEMENS,AUXILIARY_AUTOMATIC_MASK_ONLY,False,False,False,train,3,Y0_M0_SSIEMENS,train,True,False,False,False,False
597,100586,100586_00001,2017-05-17 00:00:00,059Y,59.0,M,TOSHIBA,non-PDAC,0,radiology,False,1,False,1,True,automatic,automatic_labels/100586_00001.nii.gz,0fa9da2929381dcf6fa58e216359fb6efabde5e9,444564,True,True,False,True,False,PANORAMA_LOCAL,PRIMARY_MODEL_DEVELOPMENT,False,True,RADIOLOGY_NO_DOCUMENTED_FOLLOWUP,TOSHIBA,AUXILIARY_AUTOMATIC_MASK_ONLY,False,False,False,internal_test,-1,Y0_M0_STOSHIBA,internal_test,False,False,False,True,False
598,100587,100587_00001,2015-10-26 00:00:00,,,,,non-PDAC,0,NIH_dataset,True,1,False,1,True,automatic,automatic_labels/100587_00001.nii.gz,63fb48e55eb9a9cb8d5dd1d05a33db87a1b4081d,505909,True,True,False,True,False,NIH_NEGATIVE_STRESS,LOCKED_NEGATIVE_SPECIFICITY_STRESS_TEST,True,False,NIH_DATASET_DERIVED,[MISSING],AUXILIARY_AUTOMATIC_MASK_ONLY,False,False,True,,-1,,nih_negative_stress_test,False,False,False,True,False
599,100588,100588_00001,,,,,,PDAC,1,MSD_dataset,True,1,False,1,True,manual,manual_labels/100588_00001.nii.gz,5ce018550576913c694a0828c2cdc663ab63421b,185034,True,True,True,False,True,MSD_EXTERNAL_MIXED,LOCKED_EXTERNAL_MIXED_TEST,True,False,MSD_DATASET_DERIVED,[MISSING],PRIMARY_MANUAL_PDAC_REFERENCE,True,True,False,,-1,,external_msd_test,False,False,False,True,True
600,100589,100589_00001,,,,,,PDAC,1,MSD_dataset,True,1,False,1,True,manual,manual_labels/100589_00001.nii.gz,2f7ba384ad2bd21b675718221333c6a9e7529a1e,209812,True,True,True,False,True,MSD_EXTERNAL_MIXED,LOCKED_EXTERNAL_MIXED_TEST,True,False,MSD_DATASET_DERIVED,[MISSING],PRIMARY_MANUAL_PDAC_REFERENCE,True,True,False,,-1,,external_msd_test,False,False,False,True,True
601,100590,100590_00001,2019-05-21 00:00:00,079Y,79.0,F,SIEMENS,non-PDAC,0,radiology,False,1,False,1,True,automatic,automatic_labels/100590_00001.nii.gz,933e534ca0b6ac90203cfe5f44a7f6fe9b145c8a,609224,True,True,False,True,False,PANORAMA_LOCAL,PRIMARY_MODEL_DEVELOPMENT,False,True,RADIOLOGY_NO_DOCUMENTED_FOLLOWUP,SIEMENS,AUXILIARY_AUTOMATIC_MASK_ONLY,False,False,False,train,1,Y0_M0_SSIEMENS,train,True,False,False,False,False
602,100591,100591_00001,2014-02-11 00:00:00,062Y,62.0,M,SIEMENS,non-PDAC,0,radiology,False,1,False,1,True,automatic,automatic_labels/100591_00001.nii.gz,7bd010fec0e7db7d7cdcae69d5b51a20ba8d0a84,965449,True,True,False,True,False,PANORAMA_LOCAL,PRIMARY_MODEL_DEVELOPMENT,False,True,RADIOLOGY_NO_DOCUMENTED_FOLLOWUP,SIEMENS,AUXILIARY_AUTOMATIC_MASK_ONLY,False,False,False,validation,-1,Y0_M0_SSIEMENS,validation,False,True,True,False,False
603,100592,100592_00001,2018-09-04 00:00:00,062Y,62.0,F,TOSHIBA,non-PDAC,0,radiology,False,1,False,1,True,automatic,automatic_labels/100592_00001.nii.gz,8ad2a383fc041aa0a2b94a2972233baca1dc7dd7,219856,True,True,False,True,False,PANORAMA_LOCAL,PRIMARY_MODEL_DEVELOPMENT,False,True,RADIOLOGY_NO_DOCUMENTED_FOLLOWUP,TOSHIBA,AUXILIARY_AUTOMATIC_MASK_ONLY,False,False,False,validation,-1,Y0_M0_STOSHIBA,validation,False,True,True,False,False
604,100593,100593_00001,2014-09-12 00:00:00,043Y,43.0,M,SIEMENS,non-PDAC,0,radiology,False,1,False,1,True,automatic,automatic_labels/100593_00001.nii.gz,8dee0687c6dd7a6ef887387648dc51a64993ae9f,604317,True,True,False,True,False,PANORAMA_LOCAL,PRIMARY_MODEL_DEVELOPMENT,False,True,RADIOLOGY_NO_DOCUMENTED_FOLLOWUP,SIEMENS,AUXILIARY_AUTOMATIC_MASK_ONLY,False,False,False,train,0,Y0_M0_SSIEMENS,train,True,False,False,False,False
605,100594,100594_00001,2016-03-04 00:00:00,041Y,41.0,M,SIEMENS,non-PDAC,0,radiology,False,1,False,1,True,automatic,automatic_labels/100594_00001.nii.gz,807d292cf9492a9cfa80fc2af506af8192c6f145,349970,True,True,False,True,False,PANORAMA_LOCAL,PRIMARY_MODEL_DEVELOPMENT,False,True,RADIOLOGY_NO_DOCUMENTED_FOLLOWUP,SIEMENS,AUXILIARY_AUTOMATIC_MASK_ONLY,False,False,False,train,0,Y0_M0_SSIEMENS,train,True,False,False,False,False
606,100595,100595_00001,2016-04-14 00:00:00,069Y,69.0,M,TOSHIBA,non-PDAC,0,radiology,False,1,False,1,True,automatic,automatic_labels/100595_00001.nii.gz,3f4f4328baf3b55a89fe6d13c13f60686b1c8864,242579,True,True,False,True,False,PANORAMA_LOCAL,PRIMARY_MODEL_DEVELOPMENT,False,True,RADIOLOGY_NO_DOCUMENTED_FOLLOWUP,TOSHIBA,AUXILIARY_AUTOMATIC_MASK_ONLY,False,False,False,train,0,Y0_M0_STOSHIBA,train,True,False,False,False,False
607,100596,100596_00001,2015-06-07 00:00:00,022Y,22.0,F,SIEMENS,non-PDAC,0,radiology,False,1,False,1,True,automatic,automatic_labels/100596_00001.nii.gz,8e3f751cf45f8099c0929d3c8a7ad889008b9a3c,1439957,True,True,False,True,False,PANORAMA_LOCAL,PRIMARY_MODEL_DEVELOPMENT,False,True,RADIOLOGY_NO_DOCUMENTED_FOLLOWUP,SIEMENS,AUXILIARY_AUTOMATIC_MASK_ONLY,False,False,False,validation,-1,Y0_M0_SSIEMENS,validation,False,True,True,False,False
608,100597,100597_00001,2013-03-29 00:00:00,072Y,72.0,M,SIEMENS,non-PDAC,0,cytology,False,1,False,1,True,automatic,automatic_labels/100597_00001.nii.gz,ab0833704bc491cffcaf63a9d8d2a782e7321978,726647,True,True,False,True,False,PANORAMA_LOCAL,PRIMARY_MODEL_DEVELOPMENT,False,True,CYTOLOGY_CONFIRMED,SIEMENS,AUXILIARY_AUTOMATIC_MASK_ONLY,False,False,False,internal_test,-1,Y0_M0_SSIEMENS,internal_test,False,False,False,True,False
609,100598,100598_00001,2019-08-18 00:00:00,047Y,47.0,F,TOSHIBA,non-PDAC,0,histopathology,False,1,False,1,True,manual,manual_labels/100598_00001.nii.gz,d2ccea6e68e3ff08dd2229a7f1bfc8c0ad7bb0ae,364550,True,True,False,False,False,PANORAMA_LOCAL,PRIMARY_MODEL_DEVELOPMENT,False,True,TISSUE_CONFIRMED,TOSHIBA,MANUAL_NON_PDAC_LESION_REFERENCE,False,False,False,validation,-1,Y0_M0_STOSHIBA,validation,False,True,True,False,False
610,100599,100599_00001,2021-06-03 00:00:00,057Y,57.0,F,GE MEDICAL SYSTEMS,PDAC,1,cytology,False,1,False,1,True,manual,manual_labels/100599_00001.nii.gz,ae95aaa9b9edf16997eb246edc9ea1dff66cfee4,57388,True,True,True,False,True,PANORAMA_LOCAL,PRIMARY_MODEL_DEVELOPMENT,False,True,CYTOLOGY_CONFIRMED,GE MEDICAL SYSTEMS,PRIMARY_MANUAL_PDAC_REFERENCE,False,False,False,internal_test,-1,Y1_M1_SGE MEDICAL SYSTEMS,internal_test,False,False,False,True,True
611,100600,100600_00001,2009-05-12 00:00:00,066Y,66.0,F,SIEMENS,non-PDAC,0,histopathology,False,1,False,1,True,automatic,automatic_labels/100600_00001.nii.gz,c61fbf26f2e077043773b987e031c767391906e6,315652,True,True,False,True,False,PANORAMA_LOCAL,PRIMARY_MODEL_DEVELOPMENT,False,True,TISSUE_CONFIRMED,SIEMENS,AUXILIARY_AUTOMATIC_MASK_ONLY,False,False,False,validation,-1,Y0_M0_SSIEMENS,validation,False,True,True,False,False
612,100601,100601_00001,,,,,,non-PDAC,0,MSD_dataset,True,1,False,1,True,automatic,automatic_labels/100601_00001.nii.gz,0ec29fc35936d12a691d9bf64461490cb4910f1e,292434,True,True,False,True,False,MSD_EXTERNAL_MIXED,LOCKED_EXTERNAL_MIXED_TEST,True,False,MSD_DATASET_DERIVED,[MISSING],AUXILIARY_AUTOMATIC_MASK_ONLY,True,False,False,,-1,,external_msd_test,False,False,False,True,False
613,100602,100602_00001,2021-12-28 00:00:00,057Y,57.0,F,Philips,PDAC,1,histopathology,False,1,False,1,True,manual,manual_labels/100602_00001.nii.gz,afabd1c92aff835ca3f560609fef10656cbb5e0e,177688,True,True,True,False,True,PANORAMA_LOCAL,PRIMARY_MODEL_DEVELOPMENT,False,True,TISSUE_CONFIRMED,Philips,PRIMARY_MANUAL_PDAC_REFERENCE,False,False,False,train,4,Y1_M1_SPhilips,train,True,False,False,False,False
614,100603,100603_00001,2016-02-28 00:00:00,057Y,57.0,M,SIEMENS,non-PDAC,0,radiology,False,1,False,1,True,automatic,automatic_labels/100603_00001.nii.gz,08350a62977f0385e28529865ae28f9c6e1eb219,633254,True,True,False,True,False,PANORAMA_LOCAL,PRIMARY_MODEL_DEVELOPMENT,False,True,RADIOLOGY_NO_DOCUMENTED_FOLLOWUP,SIEMENS,AUXILIARY_AUTOMATIC_MASK_ONLY,False,False,False,train,4,Y0_M0_SSIEMENS,train,True,False,False,False,False
615,100604,100604_00001,2015-12-29 00:00:00,057Y,57.0,M,GE MEDICAL SYSTEMS,non-PDAC,0,histopathology,False,1,False,1,True,automatic,automatic_labels/100604_00001.nii.gz,a83e918ab429ae71dad1f74011383597410e3920,1602775,True,True,False,True,False,PANORAMA_LOCAL,PRIMARY_MODEL_DEVELOPMENT,False,True,TISSUE_CONFIRMED,GE MEDICAL SYSTEMS,AUXILIARY_AUTOMATIC_MASK_ONLY,False,False,False,train,0,Y0_M0_SGE MEDICAL SYSTEMS,train,True,False,False,False,False
616,100605,100605_00001,2015-12-13 00:00:00,,,,,non-PDAC,0,NIH_dataset,True,1,False,1,True,automatic,automatic_labels/100605_00001.nii.gz,7e4b9163acd17f91a4690eefcaf076e1629224ec,465918,True,True,False,True,False,NIH_NEGATIVE_STRESS,LOCKED_NEGATIVE_SPECIFICITY_STRESS_TEST,True,False,NIH_DATASET_DERIVED,[MISSING],AUXILIARY_AUTOMATIC_MASK_ONLY,False,False,True,,-1,,nih_negative_stress_test,False,False,False,True,False
617,100606,100606_00001,2015-11-06 00:00:00,071Y,71.0,M,TOSHIBA,non-PDAC,0,radiology,False,1,False,1,True,automatic,automatic_labels/100606_00001.nii.gz,c9c119c3f3e7d9ddc4e72531bc018d359c8ac6aa,355650,True,True,False,True,False,PANORAMA_LOCAL,PRIMARY_MODEL_DEVELOPMENT,False,True,RADIOLOGY_NO_DOCUMENTED_FOLLOWUP,TOSHIBA,AUXILIARY_AUTOMATIC_MASK_ONLY,False,False,False,train,3,Y0_M0_STOSHIBA,train,True,False,False,False,False
618,100607,100607_00001,2020-04-21 00:00:00,051Y,51.0,F,TOSHIBA,non-PDAC,0,histopathology,False,1,False,1,True,automatic,automatic_labels/100607_00001.nii.gz,82f110f50a1e15f0d856b6134e8ed06fbbb870ca,2787504,True,True,False,True,False,PANORAMA_LOCAL,PRIMARY_MODEL_DEVELOPMENT,False,True,TISSUE_CONFIRMED,TOSHIBA,AUXILIARY_AUTOMATIC_MASK_ONLY,False,False,False,train,4,Y0_M0_STOSHIBA,train,True,False,False,False,False
619,100608,100608_00001,2017-01-29 00:00:00,072Y,72.0,M,Philips,PDAC,1,histopathology,False,1,False,1,True,manual,manual_labels/100608_00001.nii.gz,433c838736a2075f3202862b9f7a611b4cdd57b4,133373,True,True,True,False,True,PANORAMA_LOCAL,PRIMARY_MODEL_DEVELOPMENT,False,True,TISSUE_CONFIRMED,Philips,PRIMARY_MANUAL_PDAC_REFERENCE,False,False,False,train,4,Y1_M1_SPhilips,train,True,False,False,False,False
620,100609,100609_00001,2015-11-21 00:00:00,081Y,81.0,M,SIEMENS,non-PDAC,0,radiology,False,1,False,1,True,automatic,automatic_labels/100609_00001.nii.gz,e27130879dec9e857b46b93eb5eda1f94e67b1f1,550641,True,True,False,True,False,PANORAMA_LOCAL,PRIMARY_MODEL_DEVELOPMENT,False,True,RADIOLOGY_NO_DOCUMENTED_FOLLOWUP,SIEMENS,AUXILIARY_AUTOMATIC_MASK_ONLY,False,False,False,train,0,Y0_M0_SSIEMENS,train,True,False,False,False,False
621,100610,100610_00001,2016-07-03 00:00:00,070Y,70.0,M,TOSHIBA,non-PDAC,0,radiology,False,1,False,1,True,automatic,automatic_labels/100610_00001.nii.gz,cf0436c69201f1222f609c917e1535c3bfebddea,348804,True,True,False,True,False,PANORAMA_LOCAL,PRIMARY_MODEL_DEVELOPMENT,False,True,RADIOLOGY_NO_DOCUMENTED_FOLLOWUP,TOSHIBA,AUXILIARY_AUTOMATIC_MASK_ONLY,False,False,False,validation,-1,Y0_M0_STOSHIBA,validation,False,True,True,False,False
622,100611,100611_00001,2016-01-06 00:00:00,077Y,77.0,M,SIEMENS,PDAC,1,cytology,False,1,False,1,True,manual,manual_labels/100611_00001.nii.gz,b6be4d99dbf02d6506a486a4d71fd6e8b5f91fb1,168693,True,True,True,False,True,PANORAMA_LOCAL,PRIMARY_MODEL_DEVELOPMENT,False,True,CYTOLOGY_CONFIRMED,SIEMENS,PRIMARY_MANUAL_PDAC_REFERENCE,False,False,False,internal_test,-1,Y1_M1_SSIEMENS,internal_test,False,False,False,True,True
623,100612,100612_00001,2016-04-11 00:00:00,063Y,63.0,M,SIEMENS,non-PDAC,0,radiology,False,1,False,1,True,automatic,automatic_labels/100612_00001.nii.gz,24715e9b4f47f78c43ffa3ac7550465b44c00baa,677030,True,True,False,True,False,PANORAMA_LOCAL,PRIMARY_MODEL_DEVELOPMENT,False,True,RADIOLOGY_NO_DOCUMENTED_FOLLOWUP,SIEMENS,AUXILIARY_AUTOMATIC_MASK_ONLY,False,False,False,internal_test,-1,Y0_M0_SSIEMENS,internal_test,False,False,False,True,False
624,100613,100613_00001,2010-09-12 00:00:00,049Y,49.0,F,SIEMENS,PDAC,1,histopathology,False,1,False,1,True,manual,manual_labels/100613_00001.nii.gz,80d60111676bf607223b4e53929c8e211130fc38,88865,True,True,True,False,True,PANORAMA_LOCAL,PRIMARY_MODEL_DEVELOPMENT,False,True,TISSUE_CONFIRMED,SIEMENS,PRIMARY_MANUAL_PDAC_REFERENCE,False,False,False,train,3,Y1_M1_SSIEMENS,train,True,False,False,False,False
625,100614,100614_00001,2015-09-07 00:00:00,065Y,65.0,M,TOSHIBA,non-PDAC,0,radiology,False,1,False,1,True,automatic,automatic_labels/100614_00001.nii.gz,7614891625a0d4b9dc160a9ed5e51633738e562a,348737,True,True,False,True,False,PANORAMA_LOCAL,PRIMARY_MODEL_DEVELOPMENT,False,True,RADIOLOGY_NO_DOCUMENTED_FOLLOWUP,TOSHIBA,AUXILIARY_AUTOMATIC_MASK_ONLY,False,False,False,train,2,Y0_M0_STOSHIBA,train,True,False,False,False,False
626,100615,100615_00001,2018-02-24 00:00:00,078Y,78.0,F,TOSHIBA,non-PDAC,0,histopathology,False,1,False,1,True,automatic,automatic_labels/100615_00001.nii.gz,c4700b4736739b7d5d5d175f5ebf915c9dfff9be,2065483,True,True,False,True,False,PANORAMA_LOCAL,PRIMARY_MODEL_DEVELOPMENT,False,True,TISSUE_CONFIRMED,TOSHIBA,AUXILIARY_AUTOMATIC_MASK_ONLY,False,False,False,train,2,Y0_M0_STOSHIBA,train,True,False,False,False,False
627,100616,100616_00001,2017-10-26 00:00:00,078Y,78.0,F,TOSHIBA,PDAC,1,cytology,False,1,False,1,True,automatic,automatic_labels/100616_00001.nii.gz,02aee61750252acfb071591ce3992b10006941ca,2127978,True,True,False,True,False,PANORAMA_LOCAL,PRIMARY_MODEL_DEVELOPMENT,False,True,CYTOLOGY_CONFIRMED,TOSHIBA,AUXILIARY_AUTOMATIC_MASK_ONLY,False,False,False,validation,-1,Y1_M0_STOSHIBA,validation,False,True,True,False,False
628,100617,100617_00001,2018-08-13 00:00:00,081Y,81.0,M,Philips,PDAC,1,cytology,False,1,False,1,True,manual,manual_labels/100617_00001.nii.gz,37c2e35018b923242ce12346134cfe5340599560,54352,True,True,True,False,True,PANORAMA_LOCAL,PRIMARY_MODEL_DEVELOPMENT,False,True,CYTOLOGY_CONFIRMED,Philips,PRIMARY_MANUAL_PDAC_REFERENCE,False,False,False,train,4,Y1_M1_SPhilips,train,True,False,False,False,False
629,100618,100618_00001,2016-03-15 00:00:00,084Y,84.0,F,SIEMENS,non-PDAC,0,radiology,False,1,False,1,True,automatic,automatic_labels/100618_00001.nii.gz,18204d02734e1c1509ac89bc2d0cad9bcb331bcc,285951,True,True,False,True,False,PANORAMA_LOCAL,PRIMARY_MODEL_DEVELOPMENT,False,True,RADIOLOGY_NO_DOCUMENTED_FOLLOWUP,SIEMENS,AUXILIARY_AUTOMATIC_MASK_ONLY,False,False,False,train,0,Y0_M0_SSIEMENS,train,True,False,False,False,False
630,100619,100619_00001,2019-03-08 00:00:00,072Y,72.0,F,SIEMENS,PDAC,1,pathology,False,1,False,1,True,automatic,automatic_labels/100619_00001.nii.gz,cc7943f8a39e40cf3c2afad12b739da8bae0a203,912223,True,True,False,True,False,PANORAMA_LOCAL,PRIMARY_MODEL_DEVELOPMENT,False,True,TISSUE_CONFIRMED,SIEMENS,AUXILIARY_AUTOMATIC_MASK_ONLY,False,False,False,train,4,Y1_M0_SSIEMENS,train,True,False,False,False,False
631,100620,100620_00001,2016-01-25 00:00:00,067Y,67.0,F,SIEMENS,non-PDAC,0,radiology,False,1,False,1,True,automatic,automatic_labels/100620_00001.nii.gz,6b8b61c13a3811539e4c98c3c0bfa1bf992cc6ff,592827,True,True,False,True,False,PANORAMA_LOCAL,PRIMARY_MODEL_DEVELOPMENT,False,True,RADIOLOGY_NO_DOCUMENTED_FOLLOWUP,SIEMENS,AUXILIARY_AUTOMATIC_MASK_ONLY,False,False,False,train,0,Y0_M0_SSIEMENS,train,True,False,False,False,False
632,100621,100621_00001,2015-12-02 00:00:00,044Y,44.0,M,TOSHIBA,non-PDAC,0,radiology,False,1,False,1,True,automatic,automatic_labels/100621_00001.nii.gz,c65f32bdb5ab7ae1fa5b87111a0304388d19f811,343445,True,True,False,True,False,PANORAMA_LOCAL,PRIMARY_MODEL_DEVELOPMENT,False,True,RADIOLOGY_NO_DOCUMENTED_FOLLOWUP,TOSHIBA,AUXILIARY_AUTOMATIC_MASK_ONLY,False,False,False,train,0,Y0_M0_STOSHIBA,train,True,False,False,False,False
633,100622,100622_00001,2017-07-08 00:00:00,075Y,75.0,F,SIEMENS,non-PDAC,0,radiology,False,1,False,1,True,automatic,automatic_labels/100622_00001.nii.gz,f0ae9c05c94d4ebe35bbd0a8212884f2f5585b84,570383,True,True,False,True,False,PANORAMA_LOCAL,PRIMARY_MODEL_DEVELOPMENT,False,True,RADIOLOGY_NO_DOCUMENTED_FOLLOWUP,SIEMENS,AUXILIARY_AUTOMATIC_MASK_ONLY,False,False,False,train,1,Y0_M0_SSIEMENS,train,True,False,False,False,False
634,100623,100623_00001,2013-08-19 00:00:00,055Y,55.0,M,Philips,PDAC,1,histopathology,False,1,False,1,True,manual,manual_labels/100623_00001.nii.gz,40c6c6fbde4c3139599ecd4f92b8ebbe8cb4ff30,56080,True,True,True,False,True,PANORAMA_LOCAL,PRIMARY_MODEL_DEVELOPMENT,False,True,TISSUE_CONFIRMED,Philips,PRIMARY_MANUAL_PDAC_REFERENCE,False,False,False,train,2,Y1_M1_SPhilips,train,True,False,False,False,False
635,100624,100624_00001,2016-03-11 00:00:00,043Y,43.0,M,SIEMENS,non-PDAC,0,radiology,False,1,False,1,True,automatic,automatic_labels/100624_00001.nii.gz,ad41dda4dd066183ee6876f272e8a1cc5a2e1480,314864,True,True,False,True,False,PANORAMA_LOCAL,PRIMARY_MODEL_DEVELOPMENT,False,True,RADIOLOGY_NO_DOCUMENTED_FOLLOWUP,SIEMENS,AUXILIARY_AUTOMATIC_MASK_ONLY,False,False,False,validation,-1,Y0_M0_SSIEMENS,validation,False,True,True,False,False
636,100625,100625_00001,2016-03-20 00:00:00,046Y,46.0,F,SIEMENS,non-PDAC,0,radiology,False,1,False,1,True,automatic,automatic_labels/100625_00001.nii.gz,56970f0e7cea215004cc734bb2cb2cbd27038fea,648884,True,True,False,True,False,PANORAMA_LOCAL,PRIMARY_MODEL_DEVELOPMENT,False,True,RADIOLOGY_NO_DOCUMENTED_FOLLOWUP,SIEMENS,AUXILIARY_AUTOMATIC_MASK_ONLY,False,False,False,validation,-1,Y0_M0_SSIEMENS,validation,False,True,True,False,False
637,100626,100626_00001,2018-11-05 00:00:00,079Y,79.0,F,TOSHIBA,non-PDAC,0,radiology,False,1,False,1,True,automatic,automatic_labels/100626_00001.nii.gz,fa73e3c65b90a562767dac660bce7ce6373f7eb8,2733637,True,True,False,True,False,PANORAMA_LOCAL,PRIMARY_MODEL_DEVELOPMENT,False,True,RADIOLOGY_NO_DOCUMENTED_FOLLOWUP,TOSHIBA,AUXILIARY_AUTOMATIC_MASK_ONLY,False,False,False,internal_test,-1,Y0_M0_STOSHIBA,internal_test,False,False,False,True,False
638,100627,100627_00001,2016-11-10 00:00:00,063Y,63.0,M,TOSHIBA,non-PDAC,0,radiology,False,1,False,1,True,automatic,automatic_labels/100627_00001.nii.gz,9937285d9c8fb4fc64db7097635cbab78cd2af84,310292,True,True,False,True,False,PANORAMA_LOCAL,PRIMARY_MODEL_DEVELOPMENT,False,True,RADIOLOGY_NO_DOCUMENTED_FOLLOWUP,TOSHIBA,AUXILIARY_AUTOMATIC_MASK_ONLY,False,False,False,validation,-1,Y0_M0_STOSHIBA,validation,False,True,True,False,False
639,100628,100628_00001,2016-03-04 00:00:00,074Y,74.0,M,SIEMENS,non-PDAC,0,radiology,False,1,False,1,True,automatic,automatic_labels/100628_00001.nii.gz,23c923968f54be7b4dbdb9198834a39eadbb3123,571705,True,True,False,True,False,PANORAMA_LOCAL,PRIMARY_MODEL_DEVELOPMENT,False,True,RADIOLOGY_NO_DOCUMENTED_FOLLOWUP,SIEMENS,AUXILIARY_AUTOMATIC_MASK_ONLY,False,False,False,train,1,Y0_M0_SSIEMENS,train,True,False,False,False,False
640,100629,100629_00001,,,,,,PDAC,1,MSD_dataset,True,1,False,1,True,manual,manual_labels/100629_00001.nii.gz,35285e3a066e144aaba26088f8121de0ff659cb2,62056,True,True,True,False,True,MSD_EXTERNAL_MIXED,LOCKED_EXTERNAL_MIXED_TEST,True,False,MSD_DATASET_DERIVED,[MISSING],PRIMARY_MANUAL_PDAC_REFERENCE,True,True,False,,-1,,external_msd_test,False,False,False,True,True
641,100630,100630_00001,2019-09-07 00:00:00,061Y,61.0,M,SIEMENS,non-PDAC,0,radiology,False,1,False,1,True,automatic,automatic_labels/100630_00001.nii.gz,f5d5c208ac7d659082beb5d6abc5284ee3be467e,337063,True,True,False,True,False,PANORAMA_LOCAL,PRIMARY_MODEL_DEVELOPMENT,False,True,RADIOLOGY_NO_DOCUMENTED_FOLLOWUP,SIEMENS,AUXILIARY_AUTOMATIC_MASK_ONLY,False,False,False,train,1,Y0_M0_SSIEMENS,train,True,False,False,False,False
642,100631,100631_00001,2019-07-15 00:00:00,049Y,49.0,M,SIEMENS,non-PDAC,0,radiology,False,1,False,1,True,automatic,automatic_labels/100631_00001.nii.gz,1129dbd07c684b1b4a6ace22ad8b528d4916a0c5,1660991,True,True,False,True,False,PANORAMA_LOCAL,PRIMARY_MODEL_DEVELOPMENT,False,True,RADIOLOGY_NO_DOCUMENTED_FOLLOWUP,SIEMENS,AUXILIARY_AUTOMATIC_MASK_ONLY,False,False,False,internal_test,-1,Y0_M0_SSIEMENS,internal_test,False,False,False,True,False
643,100632,100632_00001,2017-09-01 00:00:00,055Y,55.0,F,TOSHIBA,non-PDAC,0,radiology,False,1,False,1,True,automatic,automatic_labels/100632_00001.nii.gz,10714db9d2cef549eab7d93ad4ab9475783ec7a8,229609,True,True,False,True,False,PANORAMA_LOCAL,PRIMARY_MODEL_DEVELOPMENT,False,True,RADIOLOGY_NO_DOCUMENTED_FOLLOWUP,TOSHIBA,AUXILIARY_AUTOMATIC_MASK_ONLY,False,False,False,train,1,Y0_M0_STOSHIBA,train,True,False,False,False,False
644,100633,100633_00001,2017-08-19 00:00:00,048Y,48.0,M,SIEMENS,non-PDAC,0,radiology,False,1,False,1,True,automatic,automatic_labels/100633_00001.nii.gz,2b11ee64f991111ade14711dd386b2133048130f,643855,True,True,False,True,False,PANORAMA_LOCAL,PRIMARY_MODEL_DEVELOPMENT,False,True,RADIOLOGY_NO_DOCUMENTED_FOLLOWUP,SIEMENS,AUXILIARY_AUTOMATIC_MASK_ONLY,False,False,False,internal_test,-1,Y0_M0_SSIEMENS,internal_test,False,False,False,True,False
645,100634,100634_00001,2019-06-20 00:00:00,075Y,75.0,M,TOSHIBA,PDAC,1,histopathology,False,1,False,1,True,manual,manual_labels/100634_00001.nii.gz,a5c052d8c085c51639885f5e666489cd6fb4d53f,337119,True,True,True,False,True,PANORAMA_LOCAL,PRIMARY_MODEL_DEVELOPMENT,False,True,TISSUE_CONFIRMED,TOSHIBA,PRIMARY_MANUAL_PDAC_REFERENCE,False,False,False,internal_test,-1,Y1_M1_STOSHIBA,internal_test,False,False,False,True,True
646,100635,100635_00001,2018-06-13 00:00:00,049Y,49.0,M,TOSHIBA,non-PDAC,0,radiology,False,1,False,1,True,automatic,automatic_labels/100635_00001.nii.gz,a21a0ec6e6d676b0fae26a8119547109d9770ea4,242227,True,True,False,True,False,PANORAMA_LOCAL,PRIMARY_MODEL_DEVELOPMENT,False,True,RADIOLOGY_NO_DOCUMENTED_FOLLOWUP,TOSHIBA,AUXILIARY_AUTOMATIC_MASK_ONLY,False,False,False,train,1,Y0_M0_STOSHIBA,train,True,False,False,False,False
647,100636,100636_00001,2021-09-27 00:00:00,058Y,58.0,F,Philips,PDAC,1,histopathology,False,1,False,1,True,automatic,automatic_labels/100636_00001.nii.gz,8dcbdd89fd54268502c4677d334a4ebc2fe05125,1524651,True,True,False,True,False,PANORAMA_LOCAL,PRIMARY_MODEL_DEVELOPMENT,False,True,TISSUE_CONFIRMED,Philips,AUXILIARY_AUTOMATIC_MASK_ONLY,False,False,False,validation,-1,Y1_M0_SPhilips,validation,False,True,True,False,False
648,100637,100637_00001,2016-11-07 00:00:00,066Y,66.0,M,TOSHIBA,non-PDAC,0,pathology,False,1,False,1,True,automatic,automatic_labels/100637_00001.nii.gz,f0c57bd530b5ae53c0db3062f2b5f1df5d1cc317,1401958,True,True,False,True,False,PANORAMA_LOCAL,PRIMARY_MODEL_DEVELOPMENT,False,True,TISSUE_CONFIRMED,TOSHIBA,AUXILIARY_AUTOMATIC_MASK_ONLY,False,False,False,train,4,Y0_M0_STOSHIBA,train,True,False,False,False,False
649,100638,100638_00001,2018-11-18 00:00:00,023Y,23.0,M,SIEMENS,non-PDAC,0,radiology,False,1,False,1,True,automatic,automatic_labels/100638_00001.nii.gz,f1c0b797bee9b126bc48bd5e94177220d80546c2,1157907,True,True,False,True,False,PANORAMA_LOCAL,PRIMARY_MODEL_DEVELOPMENT,False,True,RADIOLOGY_NO_DOCUMENTED_FOLLOWUP,SIEMENS,AUXILIARY_AUTOMATIC_MASK_ONLY,False,False,False,train,0,Y0_M0_SSIEMENS,train,True,False,False,False,False
650,100639,100639_00001,2018-07-09 00:00:00,064Y,64.0,M,TOSHIBA,non-PDAC,0,radiology,False,1,False,1,True,automatic,automatic_labels/100639_00001.nii.gz,1bbdcf5ad6c05c67ea4df0f523cb224ed34ad7c5,361860,True,True,False,True,False,PANORAMA_LOCAL,PRIMARY_MODEL_DEVELOPMENT,False,True,RADIOLOGY_NO_DOCUMENTED_FOLLOWUP,TOSHIBA,AUXILIARY_AUTOMATIC_MASK_ONLY,False,False,False,internal_test,-1,Y0_M0_STOSHIBA,internal_test,False,False,False,True,False
651,100640,100640_00001,2016-10-14 00:00:00,065Y,65.0,F,TOSHIBA,non-PDAC,0,radiology,False,1,False,1,True,automatic,automatic_labels/100640_00001.nii.gz,174631953036e13c0608da46030bd51057e44670,342554,True,True,False,True,False,PANORAMA_LOCAL,PRIMARY_MODEL_DEVELOPMENT,False,True,RADIOLOGY_NO_DOCUMENTED_FOLLOWUP,TOSHIBA,AUXILIARY_AUTOMATIC_MASK_ONLY,False,False,False,train,4,Y0_M0_STOSHIBA,train,True,False,False,False,False
652,100641,100641_00001,2019-03-29 00:00:00,059Y,59.0,F,SIEMENS,non-PDAC,0,radiology,False,1,False,1,True,automatic,automatic_labels/100641_00001.nii.gz,8e1d71791109e255d6338cb4146810a0fbefbee2,646777,True,True,False,True,False,PANORAMA_LOCAL,PRIMARY_MODEL_DEVELOPMENT,False,True,RADIOLOGY_NO_DOCUMENTED_FOLLOWUP,SIEMENS,AUXILIARY_AUTOMATIC_MASK_ONLY,False,False,False,train,2,Y0_M0_SSIEMENS,train,True,False,False,False,False
653,100642,100642_00001,2015-12-27 00:00:00,072Y,72.0,M,Philips,PDAC,1,histopathology,False,1,False,1,True,automatic,automatic_labels/100642_00001.nii.gz,cbd369e6d55f1e9ace21a55c7372691ebe54f03d,952333,True,True,False,True,False,PANORAMA_LOCAL,PRIMARY_MODEL_DEVELOPMENT,False,True,TISSUE_CONFIRMED,Philips,AUXILIARY_AUTOMATIC_MASK_ONLY,False,False,False,train,2,Y1_M0_SPhilips,train,True,False,False,False,False
654,100643,100643_00001,2018-11-16 00:00:00,071Y,71.0,M,TOSHIBA,non-PDAC,0,radiology,False,1,False,1,True,automatic,automatic_labels/100643_00001.nii.gz,c3203ef18f054e4ef33588cd0df6e4970eafc5f2,1669168,True,True,False,True,False,PANORAMA_LOCAL,PRIMARY_MODEL_DEVELOPMENT,False,True,RADIOLOGY_NO_DOCUMENTED_FOLLOWUP,TOSHIBA,AUXILIARY_AUTOMATIC_MASK_ONLY,False,False,False,train,3,Y0_M0_STOSHIBA,train,True,False,False,False,False
655,100644,100644_00001,2014-09-19 00:00:00,047Y,47.0,M,TOSHIBA,non-PDAC,0,radiology,False,1,False,1,True,automatic,automatic_labels/100644_00001.nii.gz,4f12021730d8316f5f664b1eacc92b2a74f88846,830723,True,True,False,True,False,PANORAMA_LOCAL,PRIMARY_MODEL_DEVELOPMENT,False,True,RADIOLOGY_NO_DOCUMENTED_FOLLOWUP,TOSHIBA,AUXILIARY_AUTOMATIC_MASK_ONLY,False,False,False,train,4,Y0_M0_STOSHIBA,train,True,False,False,False,False
656,100645,100645_00001,2020-09-26 00:00:00,075Y,75.0,F,Philips,PDAC,1,cytology,False,1,False,1,True,manual,manual_labels/100645_00001.nii.gz,0b98586cd3b727c5d4140cd38549db419e1f1bc3,341778,True,True,True,False,True,PANORAMA_LOCAL,PRIMARY_MODEL_DEVELOPMENT,False,True,CYTOLOGY_CONFIRMED,Philips,PRIMARY_MANUAL_PDAC_REFERENCE,False,False,False,train,2,Y1_M1_SPhilips,train,True,False,False,False,False
657,100646,100646_00001,2016-06-16 00:00:00,087Y,87.0,M,SIEMENS,non-PDAC,0,radiology,False,1,False,1,True,automatic,automatic_labels/100646_00001.nii.gz,4273f3dafe295b9b87815bae101d04530b9721a9,203617,True,True,False,True,False,PANORAMA_LOCAL,PRIMARY_MODEL_DEVELOPMENT,False,True,RADIOLOGY_NO_DOCUMENTED_FOLLOWUP,SIEMENS,AUXILIARY_AUTOMATIC_MASK_ONLY,False,False,False,train,2,Y0_M0_SSIEMENS,train,True,False,False,False,False
658,100647,100647_00001,2019-05-23 00:00:00,064Y,64.0,F,SIEMENS,PDAC,1,cytology,False,1,False,1,True,automatic,automatic_labels/100647_00001.nii.gz,32fa6ee386529009700b281932bac6b78989bed2,598204,True,True,False,True,False,PANORAMA_LOCAL,PRIMARY_MODEL_DEVELOPMENT,False,True,CYTOLOGY_CONFIRMED,SIEMENS,AUXILIARY_AUTOMATIC_MASK_ONLY,False,False,False,train,2,Y1_M0_SSIEMENS,train,True,False,False,False,False
659,100648,100648_00001,2016-04-22 00:00:00,059Y,59.0,F,SIEMENS,non-PDAC,0,radiology,False,1,False,1,True,automatic,automatic_labels/100648_00001.nii.gz,80dd31d68258fb4f543856996effb296420bee7a,657099,True,True,False,True,False,PANORAMA_LOCAL,PRIMARY_MODEL_DEVELOPMENT,False,True,RADIOLOGY_NO_DOCUMENTED_FOLLOWUP,SIEMENS,AUXILIARY_AUTOMATIC_MASK_ONLY,False,False,False,validation,-1,Y0_M0_SSIEMENS,validation,False,True,True,False,False
660,100649,100649_00001,2020-03-29 00:00:00,081Y,81.0,F,GE MEDICAL SYSTEMS,PDAC,1,pathology,False,1,False,1,True,manual,manual_labels/100649_00001.nii.gz,4c1cb341ffd7c40e86e58145d6f4582979ed8543,207571,True,True,True,False,True,PANORAMA_LOCAL,PRIMARY_MODEL_DEVELOPMENT,False,True,TISSUE_CONFIRMED,GE MEDICAL SYSTEMS,PRIMARY_MANUAL_PDAC_REFERENCE,False,False,False,train,1,Y1_M1_SGE MEDICAL SYSTEMS,train,True,False,False,False,False
661,100650,100650_00001,2015-05-04 00:00:00,064Y,64.0,F,SIEMENS,non-PDAC,0,radiology,False,1,False,1,True,automatic,automatic_labels/100650_00001.nii.gz,9e7a8558bb3a7de265d2651cbb1fb8fe8326e731,448710,True,True,False,True,False,PANORAMA_LOCAL,PRIMARY_MODEL_DEVELOPMENT,False,True,RADIOLOGY_NO_DOCUMENTED_FOLLOWUP,SIEMENS,AUXILIARY_AUTOMATIC_MASK_ONLY,False,False,False,train,4,Y0_M0_SSIEMENS,train,True,False,False,False,False
662,100651,100651_00001,2020-07-20 00:00:00,046Y,46.0,F,Philips,non-PDAC,0,histopathology,False,1,False,1,True,automatic,automatic_labels/100651_00001.nii.gz,ad9086aab70027665d3f71069896c12082c0b4b4,990223,True,True,False,True,False,PANORAMA_LOCAL,PRIMARY_MODEL_DEVELOPMENT,False,True,TISSUE_CONFIRMED,Philips,AUXILIARY_AUTOMATIC_MASK_ONLY,False,False,False,internal_test,-1,Y0_M0_SPhilips,internal_test,False,False,False,True,False
663,100652,100652_00001,2017-03-02 00:00:00,068Y,68.0,F,Philips,PDAC,1,histopathology,False,1,False,1,True,manual,manual_labels/100652_00001.nii.gz,186a2eec445018f8fd186fad47244b51322d5c42,461074,True,True,True,False,True,PANORAMA_LOCAL,PRIMARY_MODEL_DEVELOPMENT,False,True,TISSUE_CONFIRMED,Philips,PRIMARY_MANUAL_PDAC_REFERENCE,False,False,False,internal_test,-1,Y1_M1_SPhilips,internal_test,False,False,False,True,True
664,100653,100653_00001,2015-02-09 00:00:00,076Y,76.0,M,TOSHIBA,non-PDAC,0,radiology,False,1,False,1,True,automatic,automatic_labels/100653_00001.nii.gz,6e45eb9d995d7a543acae0f28267d3cdf6a3ce26,792861,True,True,False,True,False,PANORAMA_LOCAL,PRIMARY_MODEL_DEVELOPMENT,False,True,RADIOLOGY_NO_DOCUMENTED_FOLLOWUP,TOSHIBA,AUXILIARY_AUTOMATIC_MASK_ONLY,False,False,False,train,3,Y0_M0_STOSHIBA,train,True,False,False,False,False
665,100654,100654_00001,2017-05-21 00:00:00,062Y,62.0,F,SIEMENS,non-PDAC,0,radiology,False,1,False,1,True,automatic,automatic_labels/100654_00001.nii.gz,ee00abbc907c857ec3cefc5adf796846f8a9de9a,625049,True,True,False,True,False,PANORAMA_LOCAL,PRIMARY_MODEL_DEVELOPMENT,False,True,RADIOLOGY_NO_DOCUMENTED_FOLLOWUP,SIEMENS,AUXILIARY_AUTOMATIC_MASK_ONLY,False,False,False,train,2,Y0_M0_SSIEMENS,train,True,False,False,False,False
666,100655,100655_00001,2016-10-10 00:00:00,074Y,74.0,F,SIEMENS,PDAC,1,histopathology,False,1,False,1,True,manual,manual_labels/100655_00001.nii.gz,3994314468f84d18850aee0fd90547f90fab64e2,94164,True,True,True,False,True,PANORAMA_LOCAL,PRIMARY_MODEL_DEVELOPMENT,False,True,TISSUE_CONFIRMED,SIEMENS,PRIMARY_MANUAL_PDAC_REFERENCE,False,False,False,internal_test,-1,Y1_M1_SSIEMENS,internal_test,False,False,False,True,True
667,100656,100656_00001,2018-10-17 00:00:00,033Y,33.0,F,TOSHIBA,non-PDAC,0,radiology,False,1,False,1,True,automatic,automatic_labels/100656_00001.nii.gz,edb33679e37a0b30cad53b9f19f516ec9209a334,256317,True,True,False,True,False,PANORAMA_LOCAL,PRIMARY_MODEL_DEVELOPMENT,False,True,RADIOLOGY_NO_DOCUMENTED_FOLLOWUP,TOSHIBA,AUXILIARY_AUTOMATIC_MASK_ONLY,False,False,False,validation,-1,Y0_M0_STOSHIBA,validation,False,True,True,False,False
668,100657,100657_00001,2016-05-10 00:00:00,073Y,73.0,M,SIEMENS,non-PDAC,0,radiology,False,1,False,1,True,automatic,automatic_labels/100657_00001.nii.gz,8721fcbd8802080f6a427bee0553f7c3899f611b,344261,True,True,False,True,False,PANORAMA_LOCAL,PRIMARY_MODEL_DEVELOPMENT,False,True,RADIOLOGY_NO_DOCUMENTED_FOLLOWUP,SIEMENS,AUXILIARY_AUTOMATIC_MASK_ONLY,False,False,False,train,2,Y0_M0_SSIEMENS,train,True,False,False,False,False
669,100658,100658_00001,2021-10-04 00:00:00,055Y,55.0,F,SIEMENS,PDAC,1,cytology,False,1,False,1,True,manual,manual_labels/100658_00001.nii.gz,c8aea986b9e0a4a53d6304cfd5cfe672a15325c8,78477,True,True,True,False,True,PANORAMA_LOCAL,PRIMARY_MODEL_DEVELOPMENT,False,True,CYTOLOGY_CONFIRMED,SIEMENS,PRIMARY_MANUAL_PDAC_REFERENCE,False,False,False,train,3,Y1_M1_SSIEMENS,train,True,False,False,False,False
670,100659,100659_00001,2015-11-22 00:00:00,054Y,54.0,F,SIEMENS,non-PDAC,0,radiology,False,1,False,1,True,automatic,automatic_labels/100659_00001.nii.gz,d26f14c58f7f3fbe6ed443bfb941ce5896dea9f7,654947,True,True,False,True,False,PANORAMA_LOCAL,PRIMARY_MODEL_DEVELOPMENT,False,True,RADIOLOGY_NO_DOCUMENTED_FOLLOWUP,SIEMENS,AUXILIARY_AUTOMATIC_MASK_ONLY,False,False,False,train,4,Y0_M0_SSIEMENS,train,True,False,False,False,False
671,100660,100660_00001,2017-07-05 00:00:00,054Y,54.0,M,SIEMENS,non-PDAC,0,radiology,False,1,False,1,True,automatic,automatic_labels/100660_00001.nii.gz,53487899fbc6092cba3f375be6339e56bb5042cb,866128,True,True,False,True,False,PANORAMA_LOCAL,PRIMARY_MODEL_DEVELOPMENT,False,True,RADIOLOGY_NO_DOCUMENTED_FOLLOWUP,SIEMENS,AUXILIARY_AUTOMATIC_MASK_ONLY,False,False,False,train,0,Y0_M0_SSIEMENS,train,True,False,False,False,False
672,100661,100661_00001,2014-01-27 00:00:00,059Y,59.0,M,SIEMENS,non-PDAC,0,radiology,False,1,False,1,True,automatic,automatic_labels/100661_00001.nii.gz,38bb78128492e46fb097d1029635ed9d7fa39ed1,702624,True,True,False,True,False,PANORAMA_LOCAL,PRIMARY_MODEL_DEVELOPMENT,False,True,RADIOLOGY_NO_DOCUMENTED_FOLLOWUP,SIEMENS,AUXILIARY_AUTOMATIC_MASK_ONLY,False,False,False,internal_test,-1,Y0_M0_SSIEMENS,internal_test,False,False,False,True,False
673,100662,100662_00001,2016-05-21 00:00:00,076Y,76.0,M,SIEMENS,non-PDAC,0,radiology,False,1,False,1,True,automatic,automatic_labels/100662_00001.nii.gz,41beec9c0ff9b7e174d3ab7ee151163aff751ffb,224168,True,True,False,True,False,PANORAMA_LOCAL,PRIMARY_MODEL_DEVELOPMENT,False,True,RADIOLOGY_NO_DOCUMENTED_FOLLOWUP,SIEMENS,AUXILIARY_AUTOMATIC_MASK_ONLY,False,False,False,internal_test,-1,Y0_M0_SSIEMENS,internal_test,False,False,False,True,False
674,100663,100663_00001,2020-06-12 00:00:00,065Y,65.0,F,TOSHIBA,non-PDAC,0,radiology,False,1,False,1,True,automatic,automatic_labels/100663_00001.nii.gz,e98ed5edb52ded673afc1467053227a4a6cd2f66,423358,True,True,False,True,False,PANORAMA_LOCAL,PRIMARY_MODEL_DEVELOPMENT,False,True,RADIOLOGY_NO_DOCUMENTED_FOLLOWUP,TOSHIBA,AUXILIARY_AUTOMATIC_MASK_ONLY,False,False,False,train,2,Y0_M0_STOSHIBA,train,True,False,False,False,False
675,100664,100664_00001,,,,,,PDAC,1,MSD_dataset,True,1,False,1,True,manual,manual_labels/100664_00001.nii.gz,575ecb758327de9bc97fe89de382e2919583f90d,57998,True,True,True,False,True,MSD_EXTERNAL_MIXED,LOCKED_EXTERNAL_MIXED_TEST,True,False,MSD_DATASET_DERIVED,[MISSING],PRIMARY_MANUAL_PDAC_REFERENCE,True,True,False,,-1,,external_msd_test,False,False,False,True,True
676,100665,100665_00001,2017-02-16 00:00:00,044Y,44.0,F,Philips,PDAC,1,histopathology,False,1,False,1,True,manual,manual_labels/100665_00001.nii.gz,be62c6f7e8048dce18d84efb36b3d9be69540ea3,88220,True,True,True,False,True,PANORAMA_LOCAL,PRIMARY_MODEL_DEVELOPMENT,False,True,TISSUE_CONFIRMED,Philips,PRIMARY_MANUAL_PDAC_REFERENCE,False,False,False,train,4,Y1_M1_SPhilips,train,True,False,False,False,False
677,100666,100666_00001,2014-02-10 00:00:00,084Y,84.0,M,SIEMENS,non-PDAC,0,radiology,False,1,False,1,True,automatic,automatic_labels/100666_00001.nii.gz,f5ccbbaaa5c8ea4f813d55fdca170d12336d7df4,539804,True,True,False,True,False,PANORAMA_LOCAL,PRIMARY_MODEL_DEVELOPMENT,False,True,RADIOLOGY_NO_DOCUMENTED_FOLLOWUP,SIEMENS,AUXILIARY_AUTOMATIC_MASK_ONLY,False,False,False,train,3,Y0_M0_SSIEMENS,train,True,False,False,False,False
678,100667,100667_00001,2019-06-12 00:00:00,074Y,74.0,M,Philips,non-PDAC,0,histopathology,False,1,False,1,True,manual,manual_labels/100667_00001.nii.gz,a1fad5f6ac69abdd928796fe63a891bfe317e0d0,299742,True,True,False,False,False,PANORAMA_LOCAL,PRIMARY_MODEL_DEVELOPMENT,False,True,TISSUE_CONFIRMED,Philips,MANUAL_NON_PDAC_LESION_REFERENCE,False,False,False,internal_test,-1,Y0_M0_SPhilips,internal_test,False,False,False,True,False
679,100668,100668_00001,2017-08-15 00:00:00,077Y,77.0,M,SIEMENS,PDAC,1,cytology,False,1,False,1,True,manual,manual_labels/100668_00001.nii.gz,e6516ab6237ddded8525d7cd38505f9acda4737d,1975401,True,True,True,False,True,PANORAMA_LOCAL,PRIMARY_MODEL_DEVELOPMENT,False,True,CYTOLOGY_CONFIRMED,SIEMENS,PRIMARY_MANUAL_PDAC_REFERENCE,False,False,False,train,1,Y1_M1_SSIEMENS,train,True,False,False,False,False
680,100669,100669_00001,2013-08-14 00:00:00,072Y,72.0,F,Philips,non-PDAC,0,pathology,False,1,False,1,True,automatic,automatic_labels/100669_00001.nii.gz,3a1d15d48f1518ccd9b62412d9a6ff4a208b3bc4,208189,True,True,False,True,False,PANORAMA_LOCAL,PRIMARY_MODEL_DEVELOPMENT,False,True,TISSUE_CONFIRMED,Philips,AUXILIARY_AUTOMATIC_MASK_ONLY,False,False,False,train,1,Y0_M0_SPhilips,train,True,False,False,False,False
681,100670,100670_00001,2008-09-29 00:00:00,064Y,64.0,F,SIEMENS,non-PDAC,0,histopathology,False,1,False,1,True,automatic,automatic_labels/100670_00001.nii.gz,ccfcd3c812b24fb1ecf5a643380f17ee05485621,396123,True,True,False,True,False,PANORAMA_LOCAL,PRIMARY_MODEL_DEVELOPMENT,False,True,TISSUE_CONFIRMED,SIEMENS,AUXILIARY_AUTOMATIC_MASK_ONLY,False,False,False,train,4,Y0_M0_SSIEMENS,train,True,False,False,False,False
682,100671,100671_00001,2019-02-24 00:00:00,074Y,74.0,M,SIEMENS,non-PDAC,0,radiology,False,1,False,1,True,automatic,automatic_labels/100671_00001.nii.gz,462f2017434c6f096703e740ece60b2f4b1d8844,736061,True,True,False,True,False,PANORAMA_LOCAL,PRIMARY_MODEL_DEVELOPMENT,False,True,RADIOLOGY_NO_DOCUMENTED_FOLLOWUP,SIEMENS,AUXILIARY_AUTOMATIC_MASK_ONLY,False,False,False,internal_test,-1,Y0_M0_SSIEMENS,internal_test,False,False,False,True,False
683,100672,100672_00001,2018-07-26 00:00:00,068Y,68.0,M,SIEMENS,non-PDAC,0,cytology,False,1,False,1,True,automatic,automatic_labels/100672_00001.nii.gz,23ed07a50cbf2f20278ddc2e57675ad00ce30c03,653246,True,True,False,True,False,PANORAMA_LOCAL,PRIMARY_MODEL_DEVELOPMENT,False,True,CYTOLOGY_CONFIRMED,SIEMENS,AUXILIARY_AUTOMATIC_MASK_ONLY,False,False,False,train,0,Y0_M0_SSIEMENS,train,True,False,False,False,False
684,100673,100673_00001,2014-05-09 00:00:00,074Y,74.0,F,Philips,PDAC,1,radiology,False,1,False,1,True,manual,manual_labels/100673_00001.nii.gz,39d5a54a2a111af4eed7c7aac67f7e2daa0e3066,68746,True,True,True,False,True,PANORAMA_LOCAL,PRIMARY_MODEL_DEVELOPMENT,False,True,RADIOLOGY_NO_DOCUMENTED_FOLLOWUP,Philips,PRIMARY_MANUAL_PDAC_REFERENCE,False,False,False,train,0,Y1_M1_SPhilips,train,True,False,False,False,False
685,100674,100674_00001,2016-07-14 00:00:00,075Y,75.0,F,SIEMENS,non-PDAC,0,radiology,False,1,False,1,True,automatic,automatic_labels/100674_00001.nii.gz,2acaaa9c39df18e439fb92e33f7a05784a48c185,935160,True,True,False,True,False,PANORAMA_LOCAL,PRIMARY_MODEL_DEVELOPMENT,False,True,RADIOLOGY_NO_DOCUMENTED_FOLLOWUP,SIEMENS,AUXILIARY_AUTOMATIC_MASK_ONLY,False,False,False,train,4,Y0_M0_SSIEMENS,train,True,False,False,False,False
686,100675,100675_00001,2014-10-28 00:00:00,089Y,89.0,M,SIEMENS,non-PDAC,0,radiology,False,1,False,1,True,automatic,automatic_labels/100675_00001.nii.gz,9b73ce2dc15102ce28be06bd72c6151fc2f44996,379251,True,True,False,True,False,PANORAMA_LOCAL,PRIMARY_MODEL_DEVELOPMENT,False,True,RADIOLOGY_NO_DOCUMENTED_FOLLOWUP,SIEMENS,AUXILIARY_AUTOMATIC_MASK_ONLY,False,False,False,train,2,Y0_M0_SSIEMENS,train,True,False,False,False,False
687,100676,100676_00001,2016-10-01 00:00:00,095Y,95.0,M,SIEMENS,non-PDAC,0,radiology,False,1,False,1,True,automatic,automatic_labels/100676_00001.nii.gz,3259753ea0cfd24369917ca6d13f468b87b92902,536657,True,True,False,True,False,PANORAMA_LOCAL,PRIMARY_MODEL_DEVELOPMENT,False,True,RADIOLOGY_NO_DOCUMENTED_FOLLOWUP,SIEMENS,AUXILIARY_AUTOMATIC_MASK_ONLY,False,False,False,train,2,Y0_M0_SSIEMENS,train,True,False,False,False,False
688,100677,100677_00001,2016-10-02 00:00:00,092Y,92.0,F,SIEMENS,non-PDAC,0,radiology,False,1,False,1,True,automatic,automatic_labels/100677_00001.nii.gz,a033ccc8cf001463ae994fe08cebb4643abbc239,877991,True,True,False,True,False,PANORAMA_LOCAL,PRIMARY_MODEL_DEVELOPMENT,False,True,RADIOLOGY_NO_DOCUMENTED_FOLLOWUP,SIEMENS,AUXILIARY_AUTOMATIC_MASK_ONLY,False,False,False,validation,-1,Y0_M0_SSIEMENS,validation,False,True,True,False,False
689,100678,100678_00001,2018-02-24 00:00:00,069Y,69.0,M,TOSHIBA,non-PDAC,0,radiology,False,1,False,1,True,automatic,automatic_labels/100678_00001.nii.gz,6d07b3d01012cddafb36d8e8f9520f912b8ebb63,347674,True,True,False,True,False,PANORAMA_LOCAL,PRIMARY_MODEL_DEVELOPMENT,False,True,RADIOLOGY_NO_DOCUMENTED_FOLLOWUP,TOSHIBA,AUXILIARY_AUTOMATIC_MASK_ONLY,False,False,False,train,3,Y0_M0_STOSHIBA,train,True,False,False,False,False
690,100679,100679_00001,2021-07-05 00:00:00,075Y,75.0,M,Philips,PDAC,1,histopathology,False,1,False,1,True,manual,manual_labels/100679_00001.nii.gz,ae63cbb311d1c26549cd7a0e5a0b2c40942bd338,180606,True,True,True,False,True,PANORAMA_LOCAL,PRIMARY_MODEL_DEVELOPMENT,False,True,TISSUE_CONFIRMED,Philips,PRIMARY_MANUAL_PDAC_REFERENCE,False,False,False,train,0,Y1_M1_SPhilips,train,True,False,False,False,False
691,100680,100680_00001,2018-06-10 00:00:00,053Y,53.0,M,TOSHIBA,non-PDAC,0,radiology,False,1,False,1,True,automatic,automatic_labels/100680_00001.nii.gz,fa8b13de03c15cb07dc504972d50983c726183dc,434340,True,True,False,True,False,PANORAMA_LOCAL,PRIMARY_MODEL_DEVELOPMENT,False,True,RADIOLOGY_NO_DOCUMENTED_FOLLOWUP,TOSHIBA,AUXILIARY_AUTOMATIC_MASK_ONLY,False,False,False,train,3,Y0_M0_STOSHIBA,train,True,False,False,False,False
692,100681,100681_00001,2018-09-24 00:00:00,073Y,73.0,M,TOSHIBA,non-PDAC,0,radiology,False,1,False,1,True,automatic,automatic_labels/100681_00001.nii.gz,001b03f353699fb12497aed5928ca3e27e46df36,589136,True,True,False,True,False,PANORAMA_LOCAL,PRIMARY_MODEL_DEVELOPMENT,False,True,RADIOLOGY_NO_DOCUMENTED_FOLLOWUP,TOSHIBA,AUXILIARY_AUTOMATIC_MASK_ONLY,False,False,False,train,4,Y0_M0_STOSHIBA,train,True,False,False,False,False
693,100682,100682_00001,2019-12-27 00:00:00,072Y,72.0,M,Philips,non-PDAC,0,histopathology,False,1,False,1,True,automatic,automatic_labels/100682_00001.nii.gz,70f1b45862d86944121ec8acb36ea708956a8c2e,1347915,True,True,False,True,False,PANORAMA_LOCAL,PRIMARY_MODEL_DEVELOPMENT,False,True,TISSUE_CONFIRMED,Philips,AUXILIARY_AUTOMATIC_MASK_ONLY,False,False,False,train,2,Y0_M0_SPhilips,train,True,False,False,False,False
694,100683,100683_00001,2016-07-28 00:00:00,052Y,52.0,F,TOSHIBA,non-PDAC,0,radiology,False,1,False,1,True,automatic,automatic_labels/100683_00001.nii.gz,aba095bd6aef351fd324666d3c5e0b6ba39f8d1b,415976,True,True,False,True,False,PANORAMA_LOCAL,PRIMARY_MODEL_DEVELOPMENT,False,True,RADIOLOGY_NO_DOCUMENTED_FOLLOWUP,TOSHIBA,AUXILIARY_AUTOMATIC_MASK_ONLY,False,False,False,train,2,Y0_M0_STOSHIBA,train,True,False,False,False,False
695,100684,100684_00001,2014-02-08 00:00:00,082Y,82.0,M,GE MEDICAL SYSTEMS,PDAC,1,pathology,False,1,False,1,True,manual,manual_labels/100684_00001.nii.gz,d697050b9dfbe6811f05c2c8c1f116eaead12c66,57160,True,True,True,False,True,PANORAMA_LOCAL,PRIMARY_MODEL_DEVELOPMENT,False,True,TISSUE_CONFIRMED,GE MEDICAL SYSTEMS,PRIMARY_MANUAL_PDAC_REFERENCE,False,False,False,validation,-1,Y1_M1_SGE MEDICAL SYSTEMS,validation,False,True,True,False,False
696,100685,100685_00001,2019-05-24 00:00:00,075Y,75.0,M,SIEMENS,non-PDAC,0,radiology,False,1,False,1,True,automatic,automatic_labels/100685_00001.nii.gz,3e27b264a71e2b0fa63149cd0cd30c6badd9161b,716405,True,True,False,True,False,PANORAMA_LOCAL,PRIMARY_MODEL_DEVELOPMENT,False,True,RADIOLOGY_NO_DOCUMENTED_FOLLOWUP,SIEMENS,AUXILIARY_AUTOMATIC_MASK_ONLY,False,False,False,train,2,Y0_M0_SSIEMENS,train,True,False,False,False,False
697,100686,100686_00001,2017-12-17 00:00:00,047Y,47.0,F,GE MEDICAL SYSTEMS,non-PDAC,0,histopathology,False,1,False,1,True,automatic,automatic_labels/100686_00001.nii.gz,f925ccc600fd83f40d5e2af3d19a5dc5881cab4f,364891,True,True,False,True,False,PANORAMA_LOCAL,PRIMARY_MODEL_DEVELOPMENT,False,True,TISSUE_CONFIRMED,GE MEDICAL SYSTEMS,AUXILIARY_AUTOMATIC_MASK_ONLY,False,False,False,validation,-1,Y0_M0_SGE MEDICAL SYSTEMS,validation,False,True,True,False,False
698,100687,100687_00001,,,,,,PDAC,1,MSD_dataset,True,1,False,1,True,manual,manual_labels/100687_00001.nii.gz,f79f24dc95e31b9d9ebbdbea1bb9577f8b4e8c92,210584,True,True,True,False,True,MSD_EXTERNAL_MIXED,LOCKED_EXTERNAL_MIXED_TEST,True,False,MSD_DATASET_DERIVED,[MISSING],PRIMARY_MANUAL_PDAC_REFERENCE,True,True,False,,-1,,external_msd_test,False,False,False,True,True
699,100688,100688_00001,2017-06-14 00:00:00,072Y,72.0,M,SIEMENS,non-PDAC,0,radiology,False,1,False,1,True,automatic,automatic_labels/100688_00001.nii.gz,f1b82d1de336bd0a3e6f4ffc978a9a98357b1761,738152,True,True,False,True,False,PANORAMA_LOCAL,PRIMARY_MODEL_DEVELOPMENT,False,True,RADIOLOGY_NO_DOCUMENTED_FOLLOWUP,SIEMENS,AUXILIARY_AUTOMATIC_MASK_ONLY,False,False,False,train,0,Y0_M0_SSIEMENS,train,True,False,False,False,False
700,100689,100689_00001,2020-03-22 00:00:00,077Y,77.0,F,SIEMENS,non-PDAC,0,cytology,False,1,False,1,True,automatic,automatic_labels/100689_00001.nii.gz,6476e5e51f70ad31b46393a2ac4cf103c1985022,626841,True,True,False,True,False,PANORAMA_LOCAL,PRIMARY_MODEL_DEVELOPMENT,False,True,CYTOLOGY_CONFIRMED,SIEMENS,AUXILIARY_AUTOMATIC_MASK_ONLY,False,False,False,train,0,Y0_M0_SSIEMENS,train,True,False,False,False,False
701,100690,100690_00001,2019-04-11 00:00:00,078Y,78.0,M,Philips,PDAC,1,cytology,False,1,False,1,True,manual,manual_labels/100690_00001.nii.gz,29e95492f04641a39c3deffb422ba93b2cd7450c,365926,True,True,True,False,True,PANORAMA_LOCAL,PRIMARY_MODEL_DEVELOPMENT,False,True,CYTOLOGY_CONFIRMED,Philips,PRIMARY_MANUAL_PDAC_REFERENCE,False,False,False,train,0,Y1_M1_SPhilips,train,True,False,False,False,False
702,100691,100691_00001,2021-02-14 00:00:00,062Y,62.0,F,TOSHIBA,PDAC,1,pathology,False,1,False,1,True,manual,manual_labels/100691_00001.nii.gz,78c1263bb3260b6abe06f08a500fc8470ff01e6a,334707,True,True,True,False,True,PANORAMA_LOCAL,PRIMARY_MODEL_DEVELOPMENT,False,True,TISSUE_CONFIRMED,TOSHIBA,PRIMARY_MANUAL_PDAC_REFERENCE,False,False,False,train,2,Y1_M1_STOSHIBA,train,True,False,False,False,False
703,100692,100692_00001,2019-06-09 00:00:00,035Y,35.0,F,SIEMENS,non-PDAC,0,radiology,False,1,False,1,True,automatic,automatic_labels/100692_00001.nii.gz,6d88c3672895eb86b10f952ba807a279bb045464,586314,True,True,False,True,False,PANORAMA_LOCAL,PRIMARY_MODEL_DEVELOPMENT,False,True,RADIOLOGY_NO_DOCUMENTED_FOLLOWUP,SIEMENS,AUXILIARY_AUTOMATIC_MASK_ONLY,False,False,False,train,0,Y0_M0_SSIEMENS,train,True,False,False,False,False
704,100693,100693_00001,,,,,,non-PDAC,0,MSD_dataset,True,1,False,1,True,automatic,automatic_labels/100693_00001.nii.gz,91687e22819f3792a973e542cc525497155f65ca,162378,True,True,False,True,False,MSD_EXTERNAL_MIXED,LOCKED_EXTERNAL_MIXED_TEST,True,False,MSD_DATASET_DERIVED,[MISSING],AUXILIARY_AUTOMATIC_MASK_ONLY,True,False,False,,-1,,external_msd_test,False,False,False,True,False
705,100694,100694_00001,2017-05-20 00:00:00,032Y,32.0,F,SIEMENS,non-PDAC,0,radiology,False,1,False,1,True,automatic,automatic_labels/100694_00001.nii.gz,be089dc917b6fe1094357a16d46b1813327cd210,660504,True,True,False,True,False,PANORAMA_LOCAL,PRIMARY_MODEL_DEVELOPMENT,False,True,RADIOLOGY_NO_DOCUMENTED_FOLLOWUP,SIEMENS,AUXILIARY_AUTOMATIC_MASK_ONLY,False,False,False,train,3,Y0_M0_SSIEMENS,train,True,False,False,False,False
706,100695,100695_00001,2021-04-23 00:00:00,069Y,69.0,F,TOSHIBA,PDAC,1,histopathology,False,1,False,1,True,manual,manual_labels/100695_00001.nii.gz,e5c3c4a6b9c00e2f16f0ed94873d770de514e37c,308178,True,True,True,False,True,PANORAMA_LOCAL,PRIMARY_MODEL_DEVELOPMENT,False,True,TISSUE_CONFIRMED,TOSHIBA,PRIMARY_MANUAL_PDAC_REFERENCE,False,False,False,validation,-1,Y1_M1_STOSHIBA,validation,False,True,True,False,False
707,100696,100696_00001,,,,,,non-PDAC,0,MSD_dataset,True,1,False,1,True,automatic,automatic_labels/100696_00001.nii.gz,5b05f6fd1e775ee98d3526959eecd78b425f1fc0,220554,True,True,False,True,False,MSD_EXTERNAL_MIXED,LOCKED_EXTERNAL_MIXED_TEST,True,False,MSD_DATASET_DERIVED,[MISSING],AUXILIARY_AUTOMATIC_MASK_ONLY,True,False,False,,-1,,external_msd_test,False,False,False,True,False
708,100697,100697_00001,2016-05-15 00:00:00,067Y,67.0,F,SIEMENS,non-PDAC,0,radiology,False,1,False,1,True,automatic,automatic_labels/100697_00001.nii.gz,79b65047462ce920dddc6ec1828d5f3f4afabfb5,235972,True,True,False,True,False,PANORAMA_LOCAL,PRIMARY_MODEL_DEVELOPMENT,False,True,RADIOLOGY_NO_DOCUMENTED_FOLLOWUP,SIEMENS,AUXILIARY_AUTOMATIC_MASK_ONLY,False,False,False,train,4,Y0_M0_SSIEMENS,train,True,False,False,False,False
709,100698,100698_00001,2010-04-09 00:00:00,063Y,63.0,M,SIEMENS,PDAC,1,histopathology,False,1,False,1,True,manual,manual_labels/100698_00001.nii.gz,86e21c401705d0f29ac860d72210858978fac2fc,331484,True,True,True,False,True,PANORAMA_LOCAL,PRIMARY_MODEL_DEVELOPMENT,False,True,TISSUE_CONFIRMED,SIEMENS,PRIMARY_MANUAL_PDAC_REFERENCE,False,False,False,train,3,Y1_M1_SSIEMENS,train,True,False,False,False,False
710,100699,100699_00001,2015-08-16 00:00:00,084Y,84.0,M,SIEMENS,non-PDAC,0,radiology,False,1,False,1,True,automatic,automatic_labels/100699_00001.nii.gz,b5a1a1125cd7b1ba020812ea47b971d95225ac1f,365610,True,True,False,True,False,PANORAMA_LOCAL,PRIMARY_MODEL_DEVELOPMENT,False,True,RADIOLOGY_NO_DOCUMENTED_FOLLOWUP,SIEMENS,AUXILIARY_AUTOMATIC_MASK_ONLY,False,False,False,train,3,Y0_M0_SSIEMENS,train,True,False,False,False,False
711,100700,100700_00001,2015-12-17 00:00:00,,,,,non-PDAC,0,NIH_dataset,True,1,False,1,True,automatic,automatic_labels/100700_00001.nii.gz,4088a0c295117b2a376a64cb234cd14078cef847,522815,True,True,False,True,False,NIH_NEGATIVE_STRESS,LOCKED_NEGATIVE_SPECIFICITY_STRESS_TEST,True,False,NIH_DATASET_DERIVED,[MISSING],AUXILIARY_AUTOMATIC_MASK_ONLY,False,False,True,,-1,,nih_negative_stress_test,False,False,False,True,False
712,100701,100701_00001,2015-12-15 00:00:00,061Y,61.0,M,SIEMENS,non-PDAC,0,radiology,False,1,False,1,True,automatic,automatic_labels/100701_00001.nii.gz,3161d2065af0522eedae8c0568b7413324dc0b36,695609,True,True,False,True,False,PANORAMA_LOCAL,PRIMARY_MODEL_DEVELOPMENT,False,True,RADIOLOGY_NO_DOCUMENTED_FOLLOWUP,SIEMENS,AUXILIARY_AUTOMATIC_MASK_ONLY,False,False,False,train,2,Y0_M0_SSIEMENS,train,True,False,False,False,False
713,100702,100702_00001,2017-08-01 00:00:00,050Y,50.0,F,TOSHIBA,non-PDAC,0,radiology,False,1,False,1,True,automatic,automatic_labels/100702_00001.nii.gz,17e33a75df1a0eb6da118f12d274220fbd791bd1,470296,True,True,False,True,False,PANORAMA_LOCAL,PRIMARY_MODEL_DEVELOPMENT,False,True,RADIOLOGY_NO_DOCUMENTED_FOLLOWUP,TOSHIBA,AUXILIARY_AUTOMATIC_MASK_ONLY,False,False,False,validation,-1,Y0_M0_STOSHIBA,validation,False,True,True,False,False
714,100703,100703_00001,2018-05-29 00:00:00,061Y,61.0,M,SIEMENS,PDAC,1,histopathology,False,1,False,1,True,automatic,automatic_labels/100703_00001.nii.gz,44e3d1bef56075124bed41fca556c49f28e4996e,334772,True,True,False,True,False,PANORAMA_LOCAL,PRIMARY_MODEL_DEVELOPMENT,False,True,TISSUE_CONFIRMED,SIEMENS,AUXILIARY_AUTOMATIC_MASK_ONLY,False,False,False,internal_test,-1,Y1_M0_SSIEMENS,internal_test,False,False,False,True,False
715,100704,100704_00001,2015-12-15 00:00:00,081Y,81.0,M,SIEMENS,non-PDAC,0,radiology,False,1,False,1,True,automatic,automatic_labels/100704_00001.nii.gz,a61a15337acc4712f8c1b7dd0b38128db00e936a,948151,True,True,False,True,False,PANORAMA_LOCAL,PRIMARY_MODEL_DEVELOPMENT,False,True,RADIOLOGY_NO_DOCUMENTED_FOLLOWUP,SIEMENS,AUXILIARY_AUTOMATIC_MASK_ONLY,False,False,False,train,2,Y0_M0_SSIEMENS,train,True,False,False,False,False
716,100705,100705_00001,2013-07-11 00:00:00,072Y,72.0,M,SIEMENS,PDAC,1,cytology,False,1,False,1,True,manual,manual_labels/100705_00001.nii.gz,f9f5d5b532d8155ee2592723af24f0db2977abb4,198233,True,True,True,False,True,PANORAMA_LOCAL,PRIMARY_MODEL_DEVELOPMENT,False,True,CYTOLOGY_CONFIRMED,SIEMENS,PRIMARY_MANUAL_PDAC_REFERENCE,False,False,False,validation,-1,Y1_M1_SSIEMENS,validation,False,True,True,False,False
717,100706,100706_00001,,,,,,non-PDAC,0,MSD_dataset,True,1,False,1,True,automatic,automatic_labels/100706_00001.nii.gz,5a228ce7d5e86de08989bc74f15b4e991d8b9d64,187187,True,True,False,True,False,MSD_EXTERNAL_MIXED,LOCKED_EXTERNAL_MIXED_TEST,True,False,MSD_DATASET_DERIVED,[MISSING],AUXILIARY_AUTOMATIC_MASK_ONLY,True,False,False,,-1,,external_msd_test,False,False,False,True,False
718,100707,100707_00001,2018-02-01 00:00:00,060Y,60.0,M,TOSHIBA,non-PDAC,0,radiology,False,1,False,1,True,automatic,automatic_labels/100707_00001.nii.gz,ce583d183a489660bb16d996660c448c6014e52d,1474139,True,True,False,True,False,PANORAMA_LOCAL,PRIMARY_MODEL_DEVELOPMENT,False,True,RADIOLOGY_NO_DOCUMENTED_FOLLOWUP,TOSHIBA,AUXILIARY_AUTOMATIC_MASK_ONLY,False,False,False,train,0,Y0_M0_STOSHIBA,train,True,False,False,False,False
719,100708,100708_00001,2019-09-11 00:00:00,077Y,77.0,M,SIEMENS,non-PDAC,0,radiology,False,1,False,1,True,automatic,automatic_labels/100708_00001.nii.gz,434187f0b8d7982765b0e3b7503ee5108f8b3d76,810622,True,True,False,True,False,PANORAMA_LOCAL,PRIMARY_MODEL_DEVELOPMENT,False,True,RADIOLOGY_NO_DOCUMENTED_FOLLOWUP,SIEMENS,AUXILIARY_AUTOMATIC_MASK_ONLY,False,False,False,internal_test,-1,Y0_M0_SSIEMENS,internal_test,False,False,False,True,False
720,100709,100709_00001,2017-09-13 00:00:00,070Y,70.0,M,TOSHIBA,PDAC,1,radiology,False,1,False,1,True,automatic,automatic_labels/100709_00001.nii.gz,44910168b6fcd0fd80996a5c77843488c03e146a,1349168,True,True,False,True,False,PANORAMA_LOCAL,PRIMARY_MODEL_DEVELOPMENT,False,True,RADIOLOGY_NO_DOCUMENTED_FOLLOWUP,TOSHIBA,AUXILIARY_AUTOMATIC_MASK_ONLY,False,False,False,train,1,Y1_M0_STOSHIBA,train,True,False,False,False,False
721,100710,100710_00001,2016-02-29 00:00:00,065Y,65.0,M,TOSHIBA,non-PDAC,0,radiology,False,1,False,1,True,automatic,automatic_labels/100710_00001.nii.gz,2ed8e6f531d5823ab5c440c630d0c3e24223a91e,239341,True,True,False,True,False,PANORAMA_LOCAL,PRIMARY_MODEL_DEVELOPMENT,False,True,RADIOLOGY_NO_DOCUMENTED_FOLLOWUP,TOSHIBA,AUXILIARY_AUTOMATIC_MASK_ONLY,False,False,False,validation,-1,Y0_M0_STOSHIBA,validation,False,True,True,False,False
722,100711,100711_00001,2020-03-08 00:00:00,074Y,74.0,M,TOSHIBA,PDAC,1,cytology,False,1,False,1,True,manual,manual_labels/100711_00001.nii.gz,6abe5e4ce1536e3bac2b77527aadbf56b96dba70,720171,True,True,True,False,True,PANORAMA_LOCAL,PRIMARY_MODEL_DEVELOPMENT,False,True,CYTOLOGY_CONFIRMED,TOSHIBA,PRIMARY_MANUAL_PDAC_REFERENCE,False,False,False,train,4,Y1_M1_STOSHIBA,train,True,False,False,False,False
723,100712,100712_00001,2009-07-29 00:00:00,061Y,61.0,F,TOSHIBA,PDAC,1,histopathology,False,1,False,1,True,manual,manual_labels/100712_00001.nii.gz,c581b2a8f9b4e6739cfe45f707b434d1d3697c14,73223,True,True,True,False,True,PANORAMA_LOCAL,PRIMARY_MODEL_DEVELOPMENT,False,True,TISSUE_CONFIRMED,TOSHIBA,PRIMARY_MANUAL_PDAC_REFERENCE,False,False,False,train,0,Y1_M1_STOSHIBA,train,True,False,False,False,False
724,100713,100713_00001,2012-09-30 00:00:00,056Y,56.0,F,Philips,PDAC,1,histopathology,False,1,False,1,True,manual,manual_labels/100713_00001.nii.gz,b763a4aaf3c05dafecf38a0e9b0dbf05477add63,54391,True,True,True,False,True,PANORAMA_LOCAL,PRIMARY_MODEL_DEVELOPMENT,False,True,TISSUE_CONFIRMED,Philips,PRIMARY_MANUAL_PDAC_REFERENCE,False,False,False,train,3,Y1_M1_SPhilips,train,True,False,False,False,False
725,100714,100714_00001,2020-09-24 00:00:00,070Y,70.0,F,Philips,PDAC,1,histopathology,False,1,False,1,True,manual,manual_labels/100714_00001.nii.gz,7a925f62d128af65d016da8af9856e80e3244c94,144770,True,True,True,False,True,PANORAMA_LOCAL,PRIMARY_MODEL_DEVELOPMENT,False,True,TISSUE_CONFIRMED,Philips,PRIMARY_MANUAL_PDAC_REFERENCE,False,False,False,train,0,Y1_M1_SPhilips,train,True,False,False,False,False
726,100715,100715_00001,2020-10-07 00:00:00,049Y,49.0,F,Philips,PDAC,1,histopathology,False,1,False,1,True,manual,manual_labels/100715_00001.nii.gz,d8a93535d5aaa23616f755e582efa95bb5dc25a3,258479,True,True,True,False,True,PANORAMA_LOCAL,PRIMARY_MODEL_DEVELOPMENT,False,True,TISSUE_CONFIRMED,Philips,PRIMARY_MANUAL_PDAC_REFERENCE,False,False,False,train,1,Y1_M1_SPhilips,train,True,False,False,False,False
727,100716,100716_00001,2018-07-08 00:00:00,074Y,74.0,M,GE MEDICAL SYSTEMS,non-PDAC,0,pathology,False,1,False,1,True,automatic,automatic_labels/100716_00001.nii.gz,69c75dd35765bff7e57f6f10852c98d9721d6cde,836909,True,True,False,True,False,PANORAMA_LOCAL,PRIMARY_MODEL_DEVELOPMENT,False,True,TISSUE_CONFIRMED,GE MEDICAL SYSTEMS,AUXILIARY_AUTOMATIC_MASK_ONLY,False,False,False,train,0,Y0_M0_SGE MEDICAL SYSTEMS,train,True,False,False,False,False
728,100717,100717_00001,2017-07-27 00:00:00,034Y,34.0,M,SIEMENS,non-PDAC,0,radiology,False,1,False,1,True,automatic,automatic_labels/100717_00001.nii.gz,c4c6d8662066975dd88826b98a362d18e282d6ca,623762,True,True,False,True,False,PANORAMA_LOCAL,PRIMARY_MODEL_DEVELOPMENT,False,True,RADIOLOGY_NO_DOCUMENTED_FOLLOWUP,SIEMENS,AUXILIARY_AUTOMATIC_MASK_ONLY,False,False,False,train,3,Y0_M0_SSIEMENS,train,True,False,False,False,False
729,100718,100718_00001,2019-10-03 00:00:00,039Y,39.0,M,SIEMENS,non-PDAC,0,radiology,False,1,False,1,True,automatic,automatic_labels/100718_00001.nii.gz,a719d148884ac6e48336004a9fd519bd1562b63b,361796,True,True,False,True,False,PANORAMA_LOCAL,PRIMARY_MODEL_DEVELOPMENT,False,True,RADIOLOGY_NO_DOCUMENTED_FOLLOWUP,SIEMENS,AUXILIARY_AUTOMATIC_MASK_ONLY,False,False,False,train,4,Y0_M0_SSIEMENS,train,True,False,False,False,False
730,100719,100719_00001,2015-11-25 00:00:00,066Y,66.0,M,SIEMENS,non-PDAC,0,radiology,False,1,False,1,True,automatic,automatic_labels/100719_00001.nii.gz,425d38210a31304a61925b5bdc5cbae34bec2c42,675312,True,True,False,True,False,PANORAMA_LOCAL,PRIMARY_MODEL_DEVELOPMENT,False,True,RADIOLOGY_NO_DOCUMENTED_FOLLOWUP,SIEMENS,AUXILIARY_AUTOMATIC_MASK_ONLY,False,False,False,train,2,Y0_M0_SSIEMENS,train,True,False,False,False,False
731,100720,100720_00001,2014-06-12 00:00:00,068Y,68.0,F,SIEMENS,non-PDAC,0,radiology,False,1,False,1,True,automatic,automatic_labels/100720_00001.nii.gz,f5b1b6ba7b8d90bfb71a7a820a183821af9c3f68,1890821,True,True,False,True,False,PANORAMA_LOCAL,PRIMARY_MODEL_DEVELOPMENT,False,True,RADIOLOGY_NO_DOCUMENTED_FOLLOWUP,SIEMENS,AUXILIARY_AUTOMATIC_MASK_ONLY,False,False,False,train,3,Y0_M0_SSIEMENS,train,True,False,False,False,False
732,100721,100721_00001,2015-10-09 00:00:00,071Y,71.0,M,SIEMENS,non-PDAC,0,pathology,False,1,False,1,True,automatic,automatic_labels/100721_00001.nii.gz,e17473203aae7b6011f8e8fafb6f9a95ece40b02,822724,True,True,False,True,False,PANORAMA_LOCAL,PRIMARY_MODEL_DEVELOPMENT,False,True,TISSUE_CONFIRMED,SIEMENS,AUXILIARY_AUTOMATIC_MASK_ONLY,False,False,False,internal_test,-1,Y0_M0_SSIEMENS,internal_test,False,False,False,True,False
733,100722,100722_00001,,,,,,PDAC,1,MSD_dataset,True,1,False,1,True,manual,manual_labels/100722_00001.nii.gz,a028b7eb842612c2187284b010f94c716861d2b1,186917,True,True,True,False,True,MSD_EXTERNAL_MIXED,LOCKED_EXTERNAL_MIXED_TEST,True,False,MSD_DATASET_DERIVED,[MISSING],PRIMARY_MANUAL_PDAC_REFERENCE,True,True,False,,-1,,external_msd_test,False,False,False,True,True
734,100723,100723_00001,2018-11-19 00:00:00,070Y,70.0,M,TOSHIBA,non-PDAC,0,cytology,False,1,False,1,True,automatic,automatic_labels/100723_00001.nii.gz,dfdbb21226ed6a86ca69e2a807184fcc64ffacb9,593131,True,True,False,True,False,PANORAMA_LOCAL,PRIMARY_MODEL_DEVELOPMENT,False,True,CYTOLOGY_CONFIRMED,TOSHIBA,AUXILIARY_AUTOMATIC_MASK_ONLY,False,False,False,internal_test,-1,Y0_M0_STOSHIBA,internal_test,False,False,False,True,False
735,100724,100724_00001,2014-08-19 00:00:00,075Y,75.0,M,SIEMENS,non-PDAC,0,pathology,False,1,False,1,True,automatic,automatic_labels/100724_00001.nii.gz,2aad10399894d15e6aec7559d23d92cf71f50416,655241,True,True,False,True,False,PANORAMA_LOCAL,PRIMARY_MODEL_DEVELOPMENT,False,True,TISSUE_CONFIRMED,SIEMENS,AUXILIARY_AUTOMATIC_MASK_ONLY,False,False,False,train,0,Y0_M0_SSIEMENS,train,True,False,False,False,False
736,100725,100725_00001,2019-04-21 00:00:00,072Y,72.0,F,TOSHIBA,PDAC,1,radiology,False,1,False,1,True,manual,manual_labels/100725_00001.nii.gz,70be7288d56622a7c98e24da3744f5b2f4d58c3b,464528,True,True,True,False,True,PANORAMA_LOCAL,PRIMARY_MODEL_DEVELOPMENT,False,True,RADIOLOGY_NO_DOCUMENTED_FOLLOWUP,TOSHIBA,PRIMARY_MANUAL_PDAC_REFERENCE,False,False,False,train,1,Y1_M1_STOSHIBA,train,True,False,False,False,False
737,100726,100726_00001,2017-02-24 00:00:00,062Y,62.0,M,Philips,non-PDAC,0,pathology,False,1,False,1,True,automatic,automatic_labels/100726_00001.nii.gz,a1ef66215f34adb299ee982dfc20624f9f6f996b,439528,True,True,False,True,False,PANORAMA_LOCAL,PRIMARY_MODEL_DEVELOPMENT,False,True,TISSUE_CONFIRMED,Philips,AUXILIARY_AUTOMATIC_MASK_ONLY,False,False,False,train,1,Y0_M0_SPhilips,train,True,False,False,False,False
738,100727,100727_00001,,,,,,PDAC,1,MSD_dataset,True,1,False,1,True,manual,manual_labels/100727_00001.nii.gz,1b02775c1e86db60a5349f19949903a402668f19,198229,True,True,True,False,True,MSD_EXTERNAL_MIXED,LOCKED_EXTERNAL_MIXED_TEST,True,False,MSD_DATASET_DERIVED,[MISSING],PRIMARY_MANUAL_PDAC_REFERENCE,True,True,False,,-1,,external_msd_test,False,False,False,True,True
739,100728,100728_00001,2019-09-06 00:00:00,046Y,46.0,F,Philips,PDAC,1,histopathology,False,1,False,1,True,manual,manual_labels/100728_00001.nii.gz,60096f936594a044c396eb99418c93b3f9356cbc,131387,True,True,True,False,True,PANORAMA_LOCAL,PRIMARY_MODEL_DEVELOPMENT,False,True,TISSUE_CONFIRMED,Philips,PRIMARY_MANUAL_PDAC_REFERENCE,False,False,False,train,2,Y1_M1_SPhilips,train,True,False,False,False,False
740,100729,100729_00001,2016-05-16 00:00:00,067Y,67.0,F,TOSHIBA,non-PDAC,0,histopathology,False,1,False,1,True,automatic,automatic_labels/100729_00001.nii.gz,b1bf0685db519caa277b09ec209af6e2b691f248,369771,True,True,False,True,False,PANORAMA_LOCAL,PRIMARY_MODEL_DEVELOPMENT,False,True,TISSUE_CONFIRMED,TOSHIBA,AUXILIARY_AUTOMATIC_MASK_ONLY,False,False,False,train,2,Y0_M0_STOSHIBA,train,True,False,False,False,False
741,100730,100730_00001,2020-03-23 00:00:00,066Y,66.0,M,Philips,non-PDAC,0,pathology,False,1,False,1,True,automatic,automatic_labels/100730_00001.nii.gz,4f6f95348c86f297734e9b6dca5bea64be583676,1236003,True,True,False,True,False,PANORAMA_LOCAL,PRIMARY_MODEL_DEVELOPMENT,False,True,TISSUE_CONFIRMED,Philips,AUXILIARY_AUTOMATIC_MASK_ONLY,False,False,False,train,1,Y0_M0_SPhilips,train,True,False,False,False,False
742,100731,100731_00001,2016-02-24 00:00:00,064Y,64.0,M,TOSHIBA,non-PDAC,0,radiology,False,1,False,1,True,automatic,automatic_labels/100731_00001.nii.gz,20f32982f053398bc5136dc75b2ccfa17f3b3262,1692946,True,True,False,True,False,PANORAMA_LOCAL,PRIMARY_MODEL_DEVELOPMENT,False,True,RADIOLOGY_NO_DOCUMENTED_FOLLOWUP,TOSHIBA,AUXILIARY_AUTOMATIC_MASK_ONLY,False,False,False,validation,-1,Y0_M0_STOSHIBA,validation,False,True,True,False,False
743,100732,100732_00001,2019-07-13 00:00:00,072Y,72.0,F,Philips,PDAC,1,histopathology,False,1,False,1,True,manual,manual_labels/100732_00001.nii.gz,74d3a0bb51fb0418a96b30485f08b2faca2ffed8,80693,True,True,True,False,True,PANORAMA_LOCAL,PRIMARY_MODEL_DEVELOPMENT,False,True,TISSUE_CONFIRMED,Philips,PRIMARY_MANUAL_PDAC_REFERENCE,False,False,False,internal_test,-1,Y1_M1_SPhilips,internal_test,False,False,False,True,True
744,100733,100733_00001,2017-09-27 00:00:00,075Y,75.0,M,Philips,PDAC,1,histopathology,False,1,False,1,True,manual,manual_labels/100733_00001.nii.gz,c89b9ddc3762f09a9738251110d7cec6e13dc27a,60714,True,True,True,False,True,PANORAMA_LOCAL,PRIMARY_MODEL_DEVELOPMENT,False,True,TISSUE_CONFIRMED,Philips,PRIMARY_MANUAL_PDAC_REFERENCE,False,False,False,train,4,Y1_M1_SPhilips,train,True,False,False,False,False
745,100734,100734_00001,2014-02-10 00:00:00,071Y,71.0,M,Philips,PDAC,1,pathology,False,1,False,1,True,manual,manual_labels/100734_00001.nii.gz,f9d5a66a378d9521b003cbfe4e390bc09f205b5f,113133,True,True,True,False,True,PANORAMA_LOCAL,PRIMARY_MODEL_DEVELOPMENT,False,True,TISSUE_CONFIRMED,Philips,PRIMARY_MANUAL_PDAC_REFERENCE,False,False,False,train,4,Y1_M1_SPhilips,train,True,False,False,False,False
746,100735,100735_00001,2015-10-02 00:00:00,056Y,56.0,M,SIEMENS,non-PDAC,0,radiology,False,1,False,1,True,automatic,automatic_labels/100735_00001.nii.gz,572c2170e66cc48b6768a642a6b30483b10a6561,395064,True,True,False,True,False,PANORAMA_LOCAL,PRIMARY_MODEL_DEVELOPMENT,False,True,RADIOLOGY_NO_DOCUMENTED_FOLLOWUP,SIEMENS,AUXILIARY_AUTOMATIC_MASK_ONLY,False,False,False,train,1,Y0_M0_SSIEMENS,train,True,False,False,False,False
747,100736,100736_00001,2018-10-02 00:00:00,069Y,69.0,F,SIEMENS,non-PDAC,0,radiology,False,1,False,1,True,automatic,automatic_labels/100736_00001.nii.gz,884e3952a7c0641d8894c1e418592a354be26542,623220,True,True,False,True,False,PANORAMA_LOCAL,PRIMARY_MODEL_DEVELOPMENT,False,True,RADIOLOGY_NO_DOCUMENTED_FOLLOWUP,SIEMENS,AUXILIARY_AUTOMATIC_MASK_ONLY,False,False,False,train,0,Y0_M0_SSIEMENS,train,True,False,False,False,False
748,100737,100737_00001,2016-08-25 00:00:00,067Y,67.0,M,TOSHIBA,non-PDAC,0,radiology,False,1,False,1,True,automatic,automatic_labels/100737_00001.nii.gz,6648b63e111ebb6b4eccce8408c7104b6346257b,347242,True,True,False,True,False,PANORAMA_LOCAL,PRIMARY_MODEL_DEVELOPMENT,False,True,RADIOLOGY_NO_DOCUMENTED_FOLLOWUP,TOSHIBA,AUXILIARY_AUTOMATIC_MASK_ONLY,False,False,False,train,1,Y0_M0_STOSHIBA,train,True,False,False,False,False
749,100738,100738_00001,2016-05-17 00:00:00,073Y,73.0,F,Philips,non-PDAC,0,histopathology,False,1,False,1,True,automatic,automatic_labels/100738_00001.nii.gz,cf7fad06fa3ec5812033d0f57d198bdde7a523ae,310757,True,True,False,True,False,PANORAMA_LOCAL,PRIMARY_MODEL_DEVELOPMENT,False,True,TISSUE_CONFIRMED,Philips,AUXILIARY_AUTOMATIC_MASK_ONLY,False,False,False,validation,-1,Y0_M0_SPhilips,validation,False,True,True,False,False
750,100739,100739_00001,2018-08-05 00:00:00,031Y,31.0,M,SIEMENS,non-PDAC,0,radiology,False,1,False,1,True,automatic,automatic_labels/100739_00001.nii.gz,81c64a89093ff87329c3605a69d8a455a8c6b0c0,755049,True,True,False,True,False,PANORAMA_LOCAL,PRIMARY_MODEL_DEVELOPMENT,False,True,RADIOLOGY_NO_DOCUMENTED_FOLLOWUP,SIEMENS,AUXILIARY_AUTOMATIC_MASK_ONLY,False,False,False,train,1,Y0_M0_SSIEMENS,train,True,False,False,False,False
751,100740,100740_00001,2022-04-04 00:00:00,052Y,52.0,F,Canon Medical Systems,PDAC,1,histopathology,False,1,False,1,True,automatic,automatic_labels/100740_00001.nii.gz,832ec04dcb201a4ce3554431d1d2d5e5f3c7d140,442132,True,True,False,True,False,PANORAMA_LOCAL,PRIMARY_MODEL_DEVELOPMENT,False,True,TISSUE_CONFIRMED,Canon Medical Systems,AUXILIARY_AUTOMATIC_MASK_ONLY,False,False,False,validation,-1,Y1_M0,validation,False,True,True,False,False
752,100741,100741_00001,2018-06-30 00:00:00,053Y,53.0,M,SIEMENS,non-PDAC,0,radiology,False,1,False,1,True,automatic,automatic_labels/100741_00001.nii.gz,73ca525e16d47f0bb83d3fa227cb4beb54885a1a,654271,True,True,False,True,False,PANORAMA_LOCAL,PRIMARY_MODEL_DEVELOPMENT,False,True,RADIOLOGY_NO_DOCUMENTED_FOLLOWUP,SIEMENS,AUXILIARY_AUTOMATIC_MASK_ONLY,False,False,False,train,3,Y0_M0_SSIEMENS,train,True,False,False,False,False
753,100742,100742_00001,2014-10-26 00:00:00,067Y,67.0,F,SIEMENS,non-PDAC,0,radiology,False,1,False,1,True,automatic,automatic_labels/100742_00001.nii.gz,50c2e8cfdcfd5e19c3a93e43f9c093d3d20ad89b,459041,True,True,False,True,False,PANORAMA_LOCAL,PRIMARY_MODEL_DEVELOPMENT,False,True,RADIOLOGY_NO_DOCUMENTED_FOLLOWUP,SIEMENS,AUXILIARY_AUTOMATIC_MASK_ONLY,False,False,False,train,4,Y0_M0_SSIEMENS,train,True,False,False,False,False
754,100743,100743_00001,2016-07-27 00:00:00,067Y,67.0,F,TOSHIBA,PDAC,1,histopathology,False,1,False,1,True,manual,manual_labels/100743_00001.nii.gz,33ccfb85fac351832a972e469c1494e0381b6b05,95109,True,True,True,False,True,PANORAMA_LOCAL,PRIMARY_MODEL_DEVELOPMENT,False,True,TISSUE_CONFIRMED,TOSHIBA,PRIMARY_MANUAL_PDAC_REFERENCE,False,False,False,train,2,Y1_M1_STOSHIBA,train,True,False,False,False,False
755,100744,100744_00001,2017-01-20 00:00:00,075Y,75.0,F,SIEMENS,non-PDAC,0,radiology,False,1,False,1,True,automatic,automatic_labels/100744_00001.nii.gz,d241e44662589c2fe2717d59543bc2aff281961e,640635,True,True,False,True,False,PANORAMA_LOCAL,PRIMARY_MODEL_DEVELOPMENT,False,True,RADIOLOGY_NO_DOCUMENTED_FOLLOWUP,SIEMENS,AUXILIARY_AUTOMATIC_MASK_ONLY,False,False,False,train,3,Y0_M0_SSIEMENS,train,True,False,False,False,False
756,100745,100745_00001,2021-09-30 00:00:00,073Y,73.0,M,Philips,PDAC,1,cytology,False,1,False,1,True,automatic,automatic_labels/100745_00001.nii.gz,9ebc38a4eb537818ac331d559b891d8e1d1c935d,214826,True,True,False,True,False,PANORAMA_LOCAL,PRIMARY_MODEL_DEVELOPMENT,False,True,CYTOLOGY_CONFIRMED,Philips,AUXILIARY_AUTOMATIC_MASK_ONLY,False,False,False,train,2,Y1_M0_SPhilips,train,True,False,False,False,False
757,100746,100746_00001,2016-11-25 00:00:00,059Y,59.0,F,TOSHIBA,non-PDAC,0,radiology,False,1,False,1,True,automatic,automatic_labels/100746_00001.nii.gz,a5f9b7733968cb4a09706918cf6f7cac4fa372c6,243482,True,True,False,True,False,PANORAMA_LOCAL,PRIMARY_MODEL_DEVELOPMENT,False,True,RADIOLOGY_NO_DOCUMENTED_FOLLOWUP,TOSHIBA,AUXILIARY_AUTOMATIC_MASK_ONLY,False,False,False,train,1,Y0_M0_STOSHIBA,train,True,False,False,False,False
758,100747,100747_00001,2017-06-13 00:00:00,063Y,63.0,M,TOSHIBA,PDAC,1,radiology,False,1,False,1,True,automatic,automatic_labels/100747_00001.nii.gz,c1d379782e16760baff7209931c855ae1cfd37aa,605050,True,True,False,True,False,PANORAMA_LOCAL,PRIMARY_MODEL_DEVELOPMENT,False,True,RADIOLOGY_NO_DOCUMENTED_FOLLOWUP,TOSHIBA,AUXILIARY_AUTOMATIC_MASK_ONLY,False,False,False,internal_test,-1,Y1_M0_STOSHIBA,internal_test,False,False,False,True,False
759,100748,100748_00001,2017-03-26 00:00:00,075Y,75.0,F,TOSHIBA,non-PDAC,0,radiology,False,1,False,1,True,automatic,automatic_labels/100748_00001.nii.gz,ad2ed37a939a6c0e20d7941bae6c3fb713ebf945,342110,True,True,False,True,False,PANORAMA_LOCAL,PRIMARY_MODEL_DEVELOPMENT,False,True,RADIOLOGY_NO_DOCUMENTED_FOLLOWUP,TOSHIBA,AUXILIARY_AUTOMATIC_MASK_ONLY,False,False,False,train,3,Y0_M0_STOSHIBA,train,True,False,False,False,False
760,100749,100749_00001,2017-02-02 00:00:00,071Y,71.0,F,TOSHIBA,non-PDAC,0,radiology,False,1,False,1,True,automatic,automatic_labels/100749_00001.nii.gz,0e27d444c85ac1e72a788aeb076fe5154a12d3b9,592064,True,True,False,True,False,PANORAMA_LOCAL,PRIMARY_MODEL_DEVELOPMENT,False,True,RADIOLOGY_NO_DOCUMENTED_FOLLOWUP,TOSHIBA,AUXILIARY_AUTOMATIC_MASK_ONLY,False,False,False,train,3,Y0_M0_STOSHIBA,train,True,False,False,False,False
761,100750,100750_00001,2020-02-29 00:00:00,068Y,68.0,M,Philips,non-PDAC,0,histopathology,False,1,False,1,True,automatic,automatic_labels/100750_00001.nii.gz,47cfe754a87a4c197fde6e0306d647634a1425b5,569970,True,True,False,True,False,PANORAMA_LOCAL,PRIMARY_MODEL_DEVELOPMENT,False,True,TISSUE_CONFIRMED,Philips,AUXILIARY_AUTOMATIC_MASK_ONLY,False,False,False,internal_test,-1,Y0_M0_SPhilips,internal_test,False,False,False,True,False
762,100751,100751_00001,2015-11-21 00:00:00,,,,,non-PDAC,0,NIH_dataset,True,1,False,1,True,automatic,automatic_labels/100751_00001.nii.gz,fc09e62f0df7d9d20ca882ef3fde52136eac22b9,451024,True,True,False,True,False,NIH_NEGATIVE_STRESS,LOCKED_NEGATIVE_SPECIFICITY_STRESS_TEST,True,False,NIH_DATASET_DERIVED,[MISSING],AUXILIARY_AUTOMATIC_MASK_ONLY,False,False,True,,-1,,nih_negative_stress_test,False,False,False,True,False
763,100752,100752_00001,2019-02-27 00:00:00,066Y,66.0,F,Philips,non-PDAC,0,histopathology,False,1,False,1,True,automatic,automatic_labels/100752_00001.nii.gz,f11eac3ee46f8d9f801cbf56d9643c1e91ce7fb2,466211,True,True,False,True,False,PANORAMA_LOCAL,PRIMARY_MODEL_DEVELOPMENT,False,True,TISSUE_CONFIRMED,Philips,AUXILIARY_AUTOMATIC_MASK_ONLY,False,False,False,train,2,Y0_M0_SPhilips,train,True,False,False,False,False
764,100753,100753_00001,2015-10-17 00:00:00,067Y,67.0,F,SIEMENS,non-PDAC,0,radiology,False,1,False,1,True,automatic,automatic_labels/100753_00001.nii.gz,0c1f054fc40bdf7ae726c8939581ac6af2328185,268322,True,True,False,True,False,PANORAMA_LOCAL,PRIMARY_MODEL_DEVELOPMENT,False,True,RADIOLOGY_NO_DOCUMENTED_FOLLOWUP,SIEMENS,AUXILIARY_AUTOMATIC_MASK_ONLY,False,False,False,train,2,Y0_M0_SSIEMENS,train,True,False,False,False,False
765,100754,100754_00001,2017-12-09 00:00:00,035Y,35.0,F,SIEMENS,non-PDAC,0,radiology,False,1,False,1,True,automatic,automatic_labels/100754_00001.nii.gz,987525697d1ac34565cec334447c43fbe76dbc96,678472,True,True,False,True,False,PANORAMA_LOCAL,PRIMARY_MODEL_DEVELOPMENT,False,True,RADIOLOGY_NO_DOCUMENTED_FOLLOWUP,SIEMENS,AUXILIARY_AUTOMATIC_MASK_ONLY,False,False,False,train,1,Y0_M0_SSIEMENS,train,True,False,False,False,False
766,100755,100755_00001,2021-12-09 00:00:00,076Y,76.0,M,Philips,PDAC,1,histopathology,False,1,False,1,True,manual,manual_labels/100755_00001.nii.gz,dfdc964c556fd0a63e1c4829edde9e65e32f3184,1379259,True,True,True,False,True,PANORAMA_LOCAL,PRIMARY_MODEL_DEVELOPMENT,False,True,TISSUE_CONFIRMED,Philips,PRIMARY_MANUAL_PDAC_REFERENCE,False,False,False,internal_test,-1,Y1_M1_SPhilips,internal_test,False,False,False,True,True
767,100756,100756_00001,2015-08-08 00:00:00,087Y,87.0,M,SIEMENS,PDAC,1,pathology,False,1,False,1,True,manual,manual_labels/100756_00001.nii.gz,b79bec0d9b04ae2e96cafb4a22c338ee45f7658f,477555,True,True,True,False,True,PANORAMA_LOCAL,PRIMARY_MODEL_DEVELOPMENT,False,True,TISSUE_CONFIRMED,SIEMENS,PRIMARY_MANUAL_PDAC_REFERENCE,False,False,False,train,4,Y1_M1_SSIEMENS,train,True,False,False,False,False
768,100757,100757_00001,2014-12-30 00:00:00,036Y,36.0,F,SIEMENS,PDAC,1,histopathology,False,1,False,1,True,automatic,automatic_labels/100757_00001.nii.gz,3b2ffda73ad41ce663da4e813806a6f95ce2b207,302210,True,True,False,True,False,PANORAMA_LOCAL,PRIMARY_MODEL_DEVELOPMENT,False,True,TISSUE_CONFIRMED,SIEMENS,AUXILIARY_AUTOMATIC_MASK_ONLY,False,False,False,train,0,Y1_M0_SSIEMENS,train,True,False,False,False,False
769,100758,100758_00001,2015-10-08 00:00:00,072Y,72.0,M,SIEMENS,non-PDAC,0,radiology,False,1,False,1,True,automatic,automatic_labels/100758_00001.nii.gz,2b7af72e12a03d62d35800009d90dd7407aab920,266218,True,True,False,True,False,PANORAMA_LOCAL,PRIMARY_MODEL_DEVELOPMENT,False,True,RADIOLOGY_NO_DOCUMENTED_FOLLOWUP,SIEMENS,AUXILIARY_AUTOMATIC_MASK_ONLY,False,False,False,train,0,Y0_M0_SSIEMENS,train,True,False,False,False,False
770,100759,100759_00001,2019-06-22 00:00:00,040Y,40.0,M,SIEMENS,non-PDAC,0,radiology,False,1,False,1,True,automatic,automatic_labels/100759_00001.nii.gz,f0426cdd772f4929cc7b9f3dca2158999e732e19,347419,True,True,False,True,False,PANORAMA_LOCAL,PRIMARY_MODEL_DEVELOPMENT,False,True,RADIOLOGY_NO_DOCUMENTED_FOLLOWUP,SIEMENS,AUXILIARY_AUTOMATIC_MASK_ONLY,False,False,False,validation,-1,Y0_M0_SSIEMENS,validation,False,True,True,False,False
771,100760,100760_00001,2016-11-28 00:00:00,059Y,59.0,F,TOSHIBA,non-PDAC,0,radiology,False,1,False,1,True,automatic,automatic_labels/100760_00001.nii.gz,3ca0844034415e6bb0e995fefb6bf54a7e801bd8,592392,True,True,False,True,False,PANORAMA_LOCAL,PRIMARY_MODEL_DEVELOPMENT,False,True,RADIOLOGY_NO_DOCUMENTED_FOLLOWUP,TOSHIBA,AUXILIARY_AUTOMATIC_MASK_ONLY,False,False,False,train,4,Y0_M0_STOSHIBA,train,True,False,False,False,False
772,100761,100761_00001,2018-10-31 00:00:00,087Y,87.0,M,SIEMENS,non-PDAC,0,radiology,False,1,False,1,True,automatic,automatic_labels/100761_00001.nii.gz,dcb3072b562cefdcbca516787f27406e129250fd,637693,True,True,False,True,False,PANORAMA_LOCAL,PRIMARY_MODEL_DEVELOPMENT,False,True,RADIOLOGY_NO_DOCUMENTED_FOLLOWUP,SIEMENS,AUXILIARY_AUTOMATIC_MASK_ONLY,False,False,False,train,1,Y0_M0_SSIEMENS,train,True,False,False,False,False
773,100762,100762_00001,,,,,,non-PDAC,0,MSD_dataset,True,1,False,1,True,automatic,automatic_labels/100762_00001.nii.gz,e70b48c31124fec4ea490c9a0e2ee09efcaa4208,106950,True,True,False,True,False,MSD_EXTERNAL_MIXED,LOCKED_EXTERNAL_MIXED_TEST,True,False,MSD_DATASET_DERIVED,[MISSING],AUXILIARY_AUTOMATIC_MASK_ONLY,True,False,False,,-1,,external_msd_test,False,False,False,True,False
774,100763,100763_00001,2015-02-17 00:00:00,070Y,70.0,M,TOSHIBA,non-PDAC,0,radiology,False,1,False,1,True,automatic,automatic_labels/100763_00001.nii.gz,2c4500639da5a81734ce90aba7885ac9449fa41e,695747,True,True,False,True,False,PANORAMA_LOCAL,PRIMARY_MODEL_DEVELOPMENT,False,True,RADIOLOGY_NO_DOCUMENTED_FOLLOWUP,TOSHIBA,AUXILIARY_AUTOMATIC_MASK_ONLY,False,False,False,train,4,Y0_M0_STOSHIBA,train,True,False,False,False,False
775,100764,100764_00001,2016-11-22 00:00:00,064Y,64.0,F,SIEMENS,non-PDAC,0,radiology,False,1,False,1,True,automatic,automatic_labels/100764_00001.nii.gz,82dae3ef563dad05a6fc9dcb3baaf2b53731643e,650029,True,True,False,True,False,PANORAMA_LOCAL,PRIMARY_MODEL_DEVELOPMENT,False,True,RADIOLOGY_NO_DOCUMENTED_FOLLOWUP,SIEMENS,AUXILIARY_AUTOMATIC_MASK_ONLY,False,False,False,train,4,Y0_M0_SSIEMENS,train,True,False,False,False,False
776,100765,100765_00001,2017-11-21 00:00:00,056Y,56.0,F,SIEMENS,non-PDAC,0,radiology,False,1,False,1,True,automatic,automatic_labels/100765_00001.nii.gz,e6a57d933d2281132c60f683d6060320a6ba2580,597455,True,True,False,True,False,PANORAMA_LOCAL,PRIMARY_MODEL_DEVELOPMENT,False,True,RADIOLOGY_NO_DOCUMENTED_FOLLOWUP,SIEMENS,AUXILIARY_AUTOMATIC_MASK_ONLY,False,False,False,train,0,Y0_M0_SSIEMENS,train,True,False,False,False,False
777,100766,100766_00001,2018-09-13 00:00:00,045Y,45.0,F,TOSHIBA,non-PDAC,0,radiology,False,1,False,1,True,automatic,automatic_labels/100766_00001.nii.gz,f57dea6635947d09222a4e76386b9e349d03408a,575732,True,True,False,True,False,PANORAMA_LOCAL,PRIMARY_MODEL_DEVELOPMENT,False,True,RADIOLOGY_NO_DOCUMENTED_FOLLOWUP,TOSHIBA,AUXILIARY_AUTOMATIC_MASK_ONLY,False,False,False,train,0,Y0_M0_STOSHIBA,train,True,False,False,False,False
778,100767,100767_00001,2016-04-10 00:00:00,069Y,69.0,F,SIEMENS,non-PDAC,0,radiology,False,1,False,1,True,automatic,automatic_labels/100767_00001.nii.gz,608bceccb98b0c9c139459fd1d0badaa51db7fab,1861113,True,True,False,True,False,PANORAMA_LOCAL,PRIMARY_MODEL_DEVELOPMENT,False,True,RADIOLOGY_NO_DOCUMENTED_FOLLOWUP,SIEMENS,AUXILIARY_AUTOMATIC_MASK_ONLY,False,False,False,train,2,Y0_M0_SSIEMENS,train,True,False,False,False,False
779,100768,100768_00001,,,,,,non-PDAC,0,MSD_dataset,True,1,False,1,True,automatic,automatic_labels/100768_00001.nii.gz,2ae1cd77f310ae15409b35cc5c82931fed3836ec,270403,True,True,False,True,False,MSD_EXTERNAL_MIXED,LOCKED_EXTERNAL_MIXED_TEST,True,False,MSD_DATASET_DERIVED,[MISSING],AUXILIARY_AUTOMATIC_MASK_ONLY,True,False,False,,-1,,external_msd_test,False,False,False,True,False
780,100769,100769_00001,2016-07-03 00:00:00,084Y,84.0,F,TOSHIBA,non-PDAC,0,radiology,False,1,False,1,True,automatic,automatic_labels/100769_00001.nii.gz,04b700e18b16547f58604f0fdb069e6f99c8032d,503606,True,True,False,True,False,PANORAMA_LOCAL,PRIMARY_MODEL_DEVELOPMENT,False,True,RADIOLOGY_NO_DOCUMENTED_FOLLOWUP,TOSHIBA,AUXILIARY_AUTOMATIC_MASK_ONLY,False,False,False,train,1,Y0_M0_STOSHIBA,train,True,False,False,False,False
781,100770,100770_00001,2020-05-10 00:00:00,070Y,70.0,F,SIEMENS,non-PDAC,0,cytology,False,1,False,1,True,automatic,automatic_labels/100770_00001.nii.gz,72a4b532a3446bfb8728954d23baec1ce8c714e4,1826362,True,True,False,True,False,PANORAMA_LOCAL,PRIMARY_MODEL_DEVELOPMENT,False,True,CYTOLOGY_CONFIRMED,SIEMENS,AUXILIARY_AUTOMATIC_MASK_ONLY,False,False,False,train,0,Y0_M0_SSIEMENS,train,True,False,False,False,False
782,100771,100771_00001,2016-06-29 00:00:00,068Y,68.0,F,SIEMENS,non-PDAC,0,radiology,False,1,False,1,True,automatic,automatic_labels/100771_00001.nii.gz,86b43d5b825b68eb4b069f3ca98eb1e4f096e91a,889991,True,True,False,True,False,PANORAMA_LOCAL,PRIMARY_MODEL_DEVELOPMENT,False,True,RADIOLOGY_NO_DOCUMENTED_FOLLOWUP,SIEMENS,AUXILIARY_AUTOMATIC_MASK_ONLY,False,False,False,train,0,Y0_M0_SSIEMENS,train,True,False,False,False,False
783,100772,100772_00001,2015-12-07 00:00:00,062Y,62.0,M,SIEMENS,non-PDAC,0,radiology,False,1,False,1,True,automatic,automatic_labels/100772_00001.nii.gz,094409a78a4571b1740a5f1a03e29f016072b78e,1569276,True,True,False,True,False,PANORAMA_LOCAL,PRIMARY_MODEL_DEVELOPMENT,False,True,RADIOLOGY_NO_DOCUMENTED_FOLLOWUP,SIEMENS,AUXILIARY_AUTOMATIC_MASK_ONLY,False,False,False,train,3,Y0_M0_SSIEMENS,train,True,False,False,False,False
784,100773,100773_00001,2018-08-27 00:00:00,069Y,69.0,M,SIEMENS,non-PDAC,0,radiology,False,1,False,1,True,automatic,automatic_labels/100773_00001.nii.gz,dcf3d24ac55ff06e38b192d487509d1d1527b986,695922,True,True,False,True,False,PANORAMA_LOCAL,PRIMARY_MODEL_DEVELOPMENT,False,True,RADIOLOGY_NO_DOCUMENTED_FOLLOWUP,SIEMENS,AUXILIARY_AUTOMATIC_MASK_ONLY,False,False,False,internal_test,-1,Y0_M0_SSIEMENS,internal_test,False,False,False,True,False
785,100774,100774_00001,2017-08-24 00:00:00,071Y,71.0,M,TOSHIBA,non-PDAC,0,radiology,False,1,False,1,True,automatic,automatic_labels/100774_00001.nii.gz,163e23e83cf1a8d5daefebd0d844ce42cfe70109,215048,True,True,False,True,False,PANORAMA_LOCAL,PRIMARY_MODEL_DEVELOPMENT,False,True,RADIOLOGY_NO_DOCUMENTED_FOLLOWUP,TOSHIBA,AUXILIARY_AUTOMATIC_MASK_ONLY,False,False,False,train,4,Y0_M0_STOSHIBA,train,True,False,False,False,False
786,100775,100775_00001,2021-10-16 00:00:00,074Y,74.0,M,SIEMENS,PDAC,1,histopathology,False,1,False,1,True,manual,manual_labels/100775_00001.nii.gz,c179b77aefcacb0f0137e45543bb7f8892d87f9e,89098,True,True,True,False,True,PANORAMA_LOCAL,PRIMARY_MODEL_DEVELOPMENT,False,True,TISSUE_CONFIRMED,SIEMENS,PRIMARY_MANUAL_PDAC_REFERENCE,False,False,False,train,0,Y1_M1_SSIEMENS,train,True,False,False,False,False
787,100776,100776_00001,2022-01-22 00:00:00,063Y,63.0,F,GE MEDICAL SYSTEMS,PDAC,1,pathology,False,1,False,1,True,manual,manual_labels/100776_00001.nii.gz,b645bba5082feaf7f18f07a362ca85e3f1a52f3b,2189465,True,True,True,False,True,PANORAMA_LOCAL,PRIMARY_MODEL_DEVELOPMENT,False,True,TISSUE_CONFIRMED,GE MEDICAL SYSTEMS,PRIMARY_MANUAL_PDAC_REFERENCE,False,False,False,train,0,Y1_M1_SGE MEDICAL SYSTEMS,train,True,False,False,False,False
788,100777,100777_00001,2016-01-25 00:00:00,038Y,38.0,M,SIEMENS,non-PDAC,0,radiology,False,1,False,1,True,automatic,automatic_labels/100777_00001.nii.gz,702be6591636f0e9bf877c42ebc16c1153c9c4d8,630891,True,True,False,True,False,PANORAMA_LOCAL,PRIMARY_MODEL_DEVELOPMENT,False,True,RADIOLOGY_NO_DOCUMENTED_FOLLOWUP,SIEMENS,AUXILIARY_AUTOMATIC_MASK_ONLY,False,False,False,train,4,Y0_M0_SSIEMENS,train,True,False,False,False,False
789,100778,100778_00001,2014-07-26 00:00:00,043Y,43.0,M,SIEMENS,non-PDAC,0,radiology,False,1,False,1,True,automatic,automatic_labels/100778_00001.nii.gz,50f220170ef577c8789821191102568bdb838307,1666497,True,True,False,True,False,PANORAMA_LOCAL,PRIMARY_MODEL_DEVELOPMENT,False,True,RADIOLOGY_NO_DOCUMENTED_FOLLOWUP,SIEMENS,AUXILIARY_AUTOMATIC_MASK_ONLY,False,False,False,train,0,Y0_M0_SSIEMENS,train,True,False,False,False,False
790,100779,100779_00001,2015-03-22 00:00:00,067Y,67.0,M,TOSHIBA,non-PDAC,0,radiology,False,1,False,1,True,automatic,automatic_labels/100779_00001.nii.gz,f05be0eda9f765e850ee667f705b41fe467a0b85,353495,True,True,False,True,False,PANORAMA_LOCAL,PRIMARY_MODEL_DEVELOPMENT,False,True,RADIOLOGY_NO_DOCUMENTED_FOLLOWUP,TOSHIBA,AUXILIARY_AUTOMATIC_MASK_ONLY,False,False,False,train,3,Y0_M0_STOSHIBA,train,True,False,False,False,False
791,100780,100780_00001,2023-03-31 00:00:00,062Y,62.0,M,Philips,PDAC,1,pathology,False,1,False,1,True,manual,manual_labels/100780_00001.nii.gz,b6cbbbfceb5924520e50ee8adc582d47a7ad7d00,915569,True,True,True,False,True,PANORAMA_LOCAL,PRIMARY_MODEL_DEVELOPMENT,False,True,TISSUE_CONFIRMED,Philips,PRIMARY_MANUAL_PDAC_REFERENCE,False,False,False,train,0,Y1_M1_SPhilips,train,True,False,False,False,False
792,100781,100781_00001,2015-02-23 00:00:00,075Y,75.0,F,TOSHIBA,non-PDAC,0,cytology,False,1,False,1,True,automatic,automatic_labels/100781_00001.nii.gz,6f1fa44a76cae641cacc53eecebb630163b373b7,231681,True,True,False,True,False,PANORAMA_LOCAL,PRIMARY_MODEL_DEVELOPMENT,False,True,CYTOLOGY_CONFIRMED,TOSHIBA,AUXILIARY_AUTOMATIC_MASK_ONLY,False,False,False,train,4,Y0_M0_STOSHIBA,train,True,False,False,False,False
793,100782,100782_00001,2017-06-27 00:00:00,069Y,69.0,F,SIEMENS,non-PDAC,0,radiology,False,1,False,1,True,automatic,automatic_labels/100782_00001.nii.gz,a8016ec3d08d3ea81c0715ce1f091cc4d54f4917,697198,True,True,False,True,False,PANORAMA_LOCAL,PRIMARY_MODEL_DEVELOPMENT,False,True,RADIOLOGY_NO_DOCUMENTED_FOLLOWUP,SIEMENS,AUXILIARY_AUTOMATIC_MASK_ONLY,False,False,False,internal_test,-1,Y0_M0_SSIEMENS,internal_test,False,False,False,True,False
794,100783,100783_00001,2018-09-19 00:00:00,076Y,76.0,F,TOSHIBA,non-PDAC,0,radiology,False,1,False,1,True,automatic,automatic_labels/100783_00001.nii.gz,2083728951c56576cffdbbbb6f14473e3a664f44,233372,True,True,False,True,False,PANORAMA_LOCAL,PRIMARY_MODEL_DEVELOPMENT,False,True,RADIOLOGY_NO_DOCUMENTED_FOLLOWUP,TOSHIBA,AUXILIARY_AUTOMATIC_MASK_ONLY,False,False,False,train,0,Y0_M0_STOSHIBA,train,True,False,False,False,False
795,100784,100784_00001,2013-05-10 00:00:00,078Y,78.0,F,Philips,non-PDAC,0,radiology,False,1,False,1,True,automatic,automatic_labels/100784_00001.nii.gz,026df6e989e7342d2145748115bf1814d8f73b78,264507,True,True,False,True,False,PANORAMA_LOCAL,PRIMARY_MODEL_DEVELOPMENT,False,True,RADIOLOGY_NO_DOCUMENTED_FOLLOWUP,Philips,AUXILIARY_AUTOMATIC_MASK_ONLY,False,False,False,train,2,Y0_M0_SPhilips,train,True,False,False,False,False
796,100785,100785_00001,2014-12-11 00:00:00,070Y,70.0,M,SIEMENS,non-PDAC,0,radiology,False,1,False,1,True,automatic,automatic_labels/100785_00001.nii.gz,990662a80ea8d084b299aa72ac0f3f7d6e48155a,473517,True,True,False,True,False,PANORAMA_LOCAL,PRIMARY_MODEL_DEVELOPMENT,False,True,RADIOLOGY_NO_DOCUMENTED_FOLLOWUP,SIEMENS,AUXILIARY_AUTOMATIC_MASK_ONLY,False,False,False,train,3,Y0_M0_SSIEMENS,train,True,False,False,False,False
797,100786,100786_00001,2015-12-10 00:00:00,,,,,non-PDAC,0,NIH_dataset,True,1,False,1,True,automatic,automatic_labels/100786_00001.nii.gz,950bd2d83786d0971ab736a32792331f6e0db926,496031,True,True,False,True,False,NIH_NEGATIVE_STRESS,LOCKED_NEGATIVE_SPECIFICITY_STRESS_TEST,True,False,NIH_DATASET_DERIVED,[MISSING],AUXILIARY_AUTOMATIC_MASK_ONLY,False,False,True,,-1,,nih_negative_stress_test,False,False,False,True,False
798,100787,100787_00001,2015-02-28 00:00:00,069Y,69.0,F,TOSHIBA,non-PDAC,0,radiology,False,1,False,1,True,automatic,automatic_labels/100787_00001.nii.gz,ad9db0e1b25e54eaedd18388ad28813e0e70ccfb,348667,True,True,False,True,False,PANORAMA_LOCAL,PRIMARY_MODEL_DEVELOPMENT,False,True,RADIOLOGY_NO_DOCUMENTED_FOLLOWUP,TOSHIBA,AUXILIARY_AUTOMATIC_MASK_ONLY,False,False,False,train,0,Y0_M0_STOSHIBA,train,True,False,False,False,False
799,100788,100788_00001,2018-03-09 00:00:00,089Y,89.0,M,TOSHIBA,non-PDAC,0,radiology,False,1,False,1,True,automatic,automatic_labels/100788_00001.nii.gz,c0311ffa936b14b56e2ec4f106ed2f9a77cd8d98,546369,True,True,False,True,False,PANORAMA_LOCAL,PRIMARY_MODEL_DEVELOPMENT,False,True,RADIOLOGY_NO_DOCUMENTED_FOLLOWUP,TOSHIBA,AUXILIARY_AUTOMATIC_MASK_ONLY,False,False,False,validation,-1,Y0_M0_STOSHIBA,validation,False,True,True,False,False
800,100789,100789_00001,2011-12-13 00:00:00,063Y,63.0,F,SIEMENS,PDAC,1,cytology,False,1,False,1,True,manual,manual_labels/100789_00001.nii.gz,16cd1534369e241c34fb476b33acd5534ca1f9c0,171571,True,True,True,False,True,PANORAMA_LOCAL,PRIMARY_MODEL_DEVELOPMENT,False,True,CYTOLOGY_CONFIRMED,SIEMENS,PRIMARY_MANUAL_PDAC_REFERENCE,False,False,False,train,4,Y1_M1_SSIEMENS,train,True,False,False,False,False
801,100790,100790_00001,2019-10-25 00:00:00,047Y,47.0,F,Philips,PDAC,1,histopathology,False,1,False,1,True,manual,manual_labels/100790_00001.nii.gz,88cbedecf3d16812c8c0722953be18a87255ca7a,128484,True,True,True,False,True,PANORAMA_LOCAL,PRIMARY_MODEL_DEVELOPMENT,False,True,TISSUE_CONFIRMED,Philips,PRIMARY_MANUAL_PDAC_REFERENCE,False,False,False,validation,-1,Y1_M1_SPhilips,validation,False,True,True,False,False
802,100791,100791_00001,2016-02-02 00:00:00,089Y,89.0,M,SIEMENS,non-PDAC,0,radiology,False,1,False,1,True,automatic,automatic_labels/100791_00001.nii.gz,77eaa339305e6d903f6663f5ffa9a6df2b5e2626,952987,True,True,False,True,False,PANORAMA_LOCAL,PRIMARY_MODEL_DEVELOPMENT,False,True,RADIOLOGY_NO_DOCUMENTED_FOLLOWUP,SIEMENS,AUXILIARY_AUTOMATIC_MASK_ONLY,False,False,False,validation,-1,Y0_M0_SSIEMENS,validation,False,True,True,False,False
803,100792,100792_00001,2017-09-28 00:00:00,052Y,52.0,M,SIEMENS,non-PDAC,0,radiology,False,1,False,1,True,automatic,automatic_labels/100792_00001.nii.gz,f14058bc15d5e70c6a43985a654d0f07d1bfde8e,382826,True,True,False,True,False,PANORAMA_LOCAL,PRIMARY_MODEL_DEVELOPMENT,False,True,RADIOLOGY_NO_DOCUMENTED_FOLLOWUP,SIEMENS,AUXILIARY_AUTOMATIC_MASK_ONLY,False,False,False,train,3,Y0_M0_SSIEMENS,train,True,False,False,False,False
804,100793,100793_00001,,,,,,non-PDAC,0,MSD_dataset,True,1,False,1,True,automatic,automatic_labels/100793_00001.nii.gz,6aa92c6c517f6511abb15884964f51503855149c,110285,True,True,False,True,False,MSD_EXTERNAL_MIXED,LOCKED_EXTERNAL_MIXED_TEST,True,False,MSD_DATASET_DERIVED,[MISSING],AUXILIARY_AUTOMATIC_MASK_ONLY,True,False,False,,-1,,external_msd_test,False,False,False,True,False
805,100794,100794_00001,2014-12-17 00:00:00,052Y,52.0,M,SIEMENS,non-PDAC,0,radiology,False,1,False,1,True,automatic,automatic_labels/100794_00001.nii.gz,2c63461719ae9d6646399eb73c94db45d4530ecb,331548,True,True,False,True,False,PANORAMA_LOCAL,PRIMARY_MODEL_DEVELOPMENT,False,True,RADIOLOGY_NO_DOCUMENTED_FOLLOWUP,SIEMENS,AUXILIARY_AUTOMATIC_MASK_ONLY,False,False,False,validation,-1,Y0_M0_SSIEMENS,validation,False,True,True,False,False
806,100795,100795_00001,2018-08-25 00:00:00,069Y,69.0,M,Philips,PDAC,1,cytology,False,1,False,1,True,manual,manual_labels/100795_00001.nii.gz,cddcea8a5c2738a9ce50e8bda586fe38c56094c7,953482,True,True,True,False,True,PANORAMA_LOCAL,PRIMARY_MODEL_DEVELOPMENT,False,True,CYTOLOGY_CONFIRMED,Philips,PRIMARY_MANUAL_PDAC_REFERENCE,False,False,False,train,0,Y1_M1_SPhilips,train,True,False,False,False,False
807,100796,100796_00001,,,,,,PDAC,1,MSD_dataset,True,1,False,1,True,manual,manual_labels/100796_00001.nii.gz,77e8ea1dde1c2ee7b442935b89ad1adb953bb5ef,237614,True,True,True,False,True,MSD_EXTERNAL_MIXED,LOCKED_EXTERNAL_MIXED_TEST,True,False,MSD_DATASET_DERIVED,[MISSING],PRIMARY_MANUAL_PDAC_REFERENCE,True,True,False,,-1,,external_msd_test,False,False,False,True,True
808,100797,100797_00001,2015-12-09 00:00:00,,,,,non-PDAC,0,NIH_dataset,True,1,False,1,True,automatic,automatic_labels/100797_00001.nii.gz,2c3255909d9f0fc0779438c74c9c4c3be7d66bd3,437189,True,True,False,True,False,NIH_NEGATIVE_STRESS,LOCKED_NEGATIVE_SPECIFICITY_STRESS_TEST,True,False,NIH_DATASET_DERIVED,[MISSING],AUXILIARY_AUTOMATIC_MASK_ONLY,False,False,True,,-1,,nih_negative_stress_test,False,False,False,True,False
809,100798,100798_00001,2016-09-30 00:00:00,065Y,65.0,M,SIEMENS,non-PDAC,0,radiology,False,1,False,1,True,automatic,automatic_labels/100798_00001.nii.gz,dbbb28a40f011e50cb39e323d4b8408fae19590c,758943,True,True,False,True,False,PANORAMA_LOCAL,PRIMARY_MODEL_DEVELOPMENT,False,True,RADIOLOGY_NO_DOCUMENTED_FOLLOWUP,SIEMENS,AUXILIARY_AUTOMATIC_MASK_ONLY,False,False,False,train,2,Y0_M0_SSIEMENS,train,True,False,False,False,False
810,100799,100799_00001,2020-12-05 00:00:00,061Y,61.0,F,SIEMENS,PDAC,1,cytology,False,1,False,1,True,manual,manual_labels/100799_00001.nii.gz,d53e31c32c66aef67f2d0adc5a7166b495889650,81347,True,True,True,False,True,PANORAMA_LOCAL,PRIMARY_MODEL_DEVELOPMENT,False,True,CYTOLOGY_CONFIRMED,SIEMENS,PRIMARY_MANUAL_PDAC_REFERENCE,False,False,False,internal_test,-1,Y1_M1_SSIEMENS,internal_test,False,False,False,True,True
811,100800,100800_00001,2016-12-23 00:00:00,060Y,60.0,F,SIEMENS,non-PDAC,0,radiology,False,1,False,1,True,automatic,automatic_labels/100800_00001.nii.gz,bb7481b3dbaf75e6d7ab95ddfefc9deca30df44b,565079,True,True,False,True,False,PANORAMA_LOCAL,PRIMARY_MODEL_DEVELOPMENT,False,True,RADIOLOGY_NO_DOCUMENTED_FOLLOWUP,SIEMENS,AUXILIARY_AUTOMATIC_MASK_ONLY,False,False,False,internal_test,-1,Y0_M0_SSIEMENS,internal_test,False,False,False,True,False
812,100801,100801_00001,2019-08-10 00:00:00,037Y,37.0,M,SIEMENS,non-PDAC,0,radiology,False,1,False,1,True,automatic,automatic_labels/100801_00001.nii.gz,7500b2172c2879a77cabee85ff70ce65940638c8,350133,True,True,False,True,False,PANORAMA_LOCAL,PRIMARY_MODEL_DEVELOPMENT,False,True,RADIOLOGY_NO_DOCUMENTED_FOLLOWUP,SIEMENS,AUXILIARY_AUTOMATIC_MASK_ONLY,False,False,False,train,0,Y0_M0_SSIEMENS,train,True,False,False,False,False
813,100802,100802_00001,2013-11-11 00:00:00,086Y,86.0,M,Philips,non-PDAC,0,pathology,False,1,False,1,True,automatic,automatic_labels/100802_00001.nii.gz,7817fdbda3a428c59fab5382ad776af438b0c4d5,96424,True,True,False,True,False,PANORAMA_LOCAL,PRIMARY_MODEL_DEVELOPMENT,False,True,TISSUE_CONFIRMED,Philips,AUXILIARY_AUTOMATIC_MASK_ONLY,False,False,False,validation,-1,Y0_M0_SPhilips,validation,False,True,True,False,False
814,100803,100803_00001,2020-12-02 00:00:00,058Y,58.0,M,TOSHIBA,PDAC,1,cytology,False,1,False,1,True,manual,manual_labels/100803_00001.nii.gz,190b89fdb749e8dd0c1b67ebc1abab749f0fdd2e,88494,True,True,True,False,True,PANORAMA_LOCAL,PRIMARY_MODEL_DEVELOPMENT,False,True,CYTOLOGY_CONFIRMED,TOSHIBA,PRIMARY_MANUAL_PDAC_REFERENCE,False,False,False,train,0,Y1_M1_STOSHIBA,train,True,False,False,False,False
815,100804,100804_00001,2014-05-06 00:00:00,058Y,58.0,M,SIEMENS,non-PDAC,0,pathology,False,1,False,1,True,automatic,automatic_labels/100804_00001.nii.gz,f512e166aecba12f46e1bae30e12250423aeb82f,449339,True,True,False,True,False,PANORAMA_LOCAL,PRIMARY_MODEL_DEVELOPMENT,False,True,TISSUE_CONFIRMED,SIEMENS,AUXILIARY_AUTOMATIC_MASK_ONLY,False,False,False,validation,-1,Y0_M0_SSIEMENS,validation,False,True,True,False,False
816,100805,100805_00001,2017-06-19 00:00:00,079Y,79.0,M,TOSHIBA,non-PDAC,0,radiology,False,1,False,1,True,automatic,automatic_labels/100805_00001.nii.gz,2b405c09dda2f08f8a44aebe6a92a144f98c5db3,276901,True,True,False,True,False,PANORAMA_LOCAL,PRIMARY_MODEL_DEVELOPMENT,False,True,RADIOLOGY_NO_DOCUMENTED_FOLLOWUP,TOSHIBA,AUXILIARY_AUTOMATIC_MASK_ONLY,False,False,False,train,1,Y0_M0_STOSHIBA,train,True,False,False,False,False
817,100806,100806_00001,2015-12-11 00:00:00,,,,,non-PDAC,0,NIH_dataset,True,1,False,1,True,automatic,automatic_labels/100806_00001.nii.gz,0bdb194eb3d0ff03fd11e5531bd8544ece720eba,678793,True,True,False,True,False,NIH_NEGATIVE_STRESS,LOCKED_NEGATIVE_SPECIFICITY_STRESS_TEST,True,False,NIH_DATASET_DERIVED,[MISSING],AUXILIARY_AUTOMATIC_MASK_ONLY,False,False,True,,-1,,nih_negative_stress_test,False,False,False,True,False
818,100807,100807_00001,2016-09-09 00:00:00,064Y,64.0,M,SIEMENS,non-PDAC,0,radiology,False,1,False,1,True,automatic,automatic_labels/100807_00001.nii.gz,990ae903fa93e5e8b3aa009b249a2c53e102846c,707972,True,True,False,True,False,PANORAMA_LOCAL,PRIMARY_MODEL_DEVELOPMENT,False,True,RADIOLOGY_NO_DOCUMENTED_FOLLOWUP,SIEMENS,AUXILIARY_AUTOMATIC_MASK_ONLY,False,False,False,train,0,Y0_M0_SSIEMENS,train,True,False,False,False,False
819,100808,100808_00001,2015-03-28 00:00:00,067Y,67.0,M,TOSHIBA,non-PDAC,0,radiology,False,1,False,1,True,automatic,automatic_labels/100808_00001.nii.gz,6fc4202710d68e3a75085c71a76ccd2c4b5402f4,360767,True,True,False,True,False,PANORAMA_LOCAL,PRIMARY_MODEL_DEVELOPMENT,False,True,RADIOLOGY_NO_DOCUMENTED_FOLLOWUP,TOSHIBA,AUXILIARY_AUTOMATIC_MASK_ONLY,False,False,False,train,3,Y0_M0_STOSHIBA,train,True,False,False,False,False
820,100809,100809_00001,2020-05-28 00:00:00,062Y,62.0,F,SIEMENS,PDAC,1,cytology,False,1,False,1,True,manual,manual_labels/100809_00001.nii.gz,51f0941d3834cf244f276577db58fb57d4eb2b73,1576235,True,True,True,False,True,PANORAMA_LOCAL,PRIMARY_MODEL_DEVELOPMENT,False,True,CYTOLOGY_CONFIRMED,SIEMENS,PRIMARY_MANUAL_PDAC_REFERENCE,False,False,False,train,0,Y1_M1_SSIEMENS,train,True,False,False,False,False
821,100810,100810_00001,2015-01-14 00:00:00,067Y,67.0,F,TOSHIBA,non-PDAC,0,radiology,False,1,False,1,True,automatic,automatic_labels/100810_00001.nii.gz,15e3e86764467fa951c6c973a284620191222b89,351466,True,True,False,True,False,PANORAMA_LOCAL,PRIMARY_MODEL_DEVELOPMENT,False,True,RADIOLOGY_NO_DOCUMENTED_FOLLOWUP,TOSHIBA,AUXILIARY_AUTOMATIC_MASK_ONLY,False,False,False,train,0,Y0_M0_STOSHIBA,train,True,False,False,False,False
822,100811,100811_00001,2020-01-02 00:00:00,051Y,51.0,M,SIEMENS,non-PDAC,0,radiology,False,1,False,1,True,automatic,automatic_labels/100811_00001.nii.gz,dff827c5aecebb6dc55ed993a885898429e611c9,759820,True,True,False,True,False,PANORAMA_LOCAL,PRIMARY_MODEL_DEVELOPMENT,False,True,RADIOLOGY_NO_DOCUMENTED_FOLLOWUP,SIEMENS,AUXILIARY_AUTOMATIC_MASK_ONLY,False,False,False,train,3,Y0_M0_SSIEMENS,train,True,False,False,False,False
823,100812,100812_00001,2018-08-02 00:00:00,045Y,45.0,F,TOSHIBA,non-PDAC,0,radiology,False,1,False,1,True,automatic,automatic_labels/100812_00001.nii.gz,aa4999319e64937899670807c4a33f1fa579dfaf,881072,True,True,False,True,False,PANORAMA_LOCAL,PRIMARY_MODEL_DEVELOPMENT,False,True,RADIOLOGY_NO_DOCUMENTED_FOLLOWUP,TOSHIBA,AUXILIARY_AUTOMATIC_MASK_ONLY,False,False,False,validation,-1,Y0_M0_STOSHIBA,validation,False,True,True,False,False
824,100813,100813_00001,2017-05-04 00:00:00,084Y,84.0,M,TOSHIBA,non-PDAC,0,pathology,False,1,False,1,True,automatic,automatic_labels/100813_00001.nii.gz,7042b3c9930066a22e08d69e3ba1efd38ca879c0,1423781,True,True,False,True,False,PANORAMA_LOCAL,PRIMARY_MODEL_DEVELOPMENT,False,True,TISSUE_CONFIRMED,TOSHIBA,AUXILIARY_AUTOMATIC_MASK_ONLY,False,False,False,train,4,Y0_M0_STOSHIBA,train,True,False,False,False,False
825,100814,100814_00001,2016-01-21 00:00:00,079Y,79.0,M,SIEMENS,non-PDAC,0,radiology,False,1,False,1,True,automatic,automatic_labels/100814_00001.nii.gz,bf70a921463b608cf4bb71cb9ed353f795b77ca2,252981,True,True,False,True,False,PANORAMA_LOCAL,PRIMARY_MODEL_DEVELOPMENT,False,True,RADIOLOGY_NO_DOCUMENTED_FOLLOWUP,SIEMENS,AUXILIARY_AUTOMATIC_MASK_ONLY,False,False,False,train,4,Y0_M0_SSIEMENS,train,True,False,False,False,False
826,100815,100815_00001,2017-07-10 00:00:00,078Y,78.0,M,TOSHIBA,PDAC,1,histopathology,False,1,False,1,True,manual,manual_labels/100815_00001.nii.gz,d0f9282fc72a8d316004c0337b550e433481d83a,347999,True,True,True,False,True,PANORAMA_LOCAL,PRIMARY_MODEL_DEVELOPMENT,False,True,TISSUE_CONFIRMED,TOSHIBA,PRIMARY_MANUAL_PDAC_REFERENCE,False,False,False,train,3,Y1_M1_STOSHIBA,train,True,False,False,False,False
827,100816,100816_00001,2015-03-11 00:00:00,069Y,69.0,F,SIEMENS,non-PDAC,0,radiology,False,1,False,1,True,automatic,automatic_labels/100816_00001.nii.gz,37e3a977f4ee5bbfb568ba72b3a1f8dce8b59d4e,705593,True,True,False,True,False,PANORAMA_LOCAL,PRIMARY_MODEL_DEVELOPMENT,False,True,RADIOLOGY_NO_DOCUMENTED_FOLLOWUP,SIEMENS,AUXILIARY_AUTOMATIC_MASK_ONLY,False,False,False,validation,-1,Y0_M0_SSIEMENS,validation,False,True,True,False,False
828,100817,100817_00001,2017-03-22 00:00:00,062Y,62.0,M,TOSHIBA,non-PDAC,0,radiology,False,1,False,1,True,automatic,automatic_labels/100817_00001.nii.gz,a3284b01405ba81d96eb048d0b0b7ddb22bda58d,393558,True,True,False,True,False,PANORAMA_LOCAL,PRIMARY_MODEL_DEVELOPMENT,False,True,RADIOLOGY_NO_DOCUMENTED_FOLLOWUP,TOSHIBA,AUXILIARY_AUTOMATIC_MASK_ONLY,False,False,False,train,2,Y0_M0_STOSHIBA,train,True,False,False,False,False
829,100818,100818_00001,2015-01-08 00:00:00,055Y,55.0,M,SIEMENS,non-PDAC,0,radiology,False,1,False,1,True,automatic,automatic_labels/100818_00001.nii.gz,bee0f7cf55612a5696f863eb169fd651789bb4b4,683110,True,True,False,True,False,PANORAMA_LOCAL,PRIMARY_MODEL_DEVELOPMENT,False,True,RADIOLOGY_NO_DOCUMENTED_FOLLOWUP,SIEMENS,AUXILIARY_AUTOMATIC_MASK_ONLY,False,False,False,train,2,Y0_M0_SSIEMENS,train,True,False,False,False,False
830,100819,100819_00001,2016-04-12 00:00:00,068Y,68.0,M,SIEMENS,non-PDAC,0,radiology,False,1,False,1,True,automatic,automatic_labels/100819_00001.nii.gz,a377ed2ca6869995eac36b41a08a7c5dd3a28898,689215,True,True,False,True,False,PANORAMA_LOCAL,PRIMARY_MODEL_DEVELOPMENT,False,True,RADIOLOGY_NO_DOCUMENTED_FOLLOWUP,SIEMENS,AUXILIARY_AUTOMATIC_MASK_ONLY,False,False,False,train,0,Y0_M0_SSIEMENS,train,True,False,False,False,False
831,100820,100820_00001,2019-01-31 00:00:00,068Y,68.0,M,SIEMENS,PDAC,1,cytology,False,1,False,1,True,manual,manual_labels/100820_00001.nii.gz,381f9bab37634ce04f5d3392032fa1595078ceed,326950,True,True,True,False,True,PANORAMA_LOCAL,PRIMARY_MODEL_DEVELOPMENT,False,True,CYTOLOGY_CONFIRMED,SIEMENS,PRIMARY_MANUAL_PDAC_REFERENCE,False,False,False,train,2,Y1_M1_SSIEMENS,train,True,False,False,False,False
832,100821,100821_00001,2013-04-08 00:00:00,071Y,71.0,F,SIEMENS,non-PDAC,0,cytology,False,1,False,1,True,automatic,automatic_labels/100821_00001.nii.gz,46449a9bc33ab152272e32634529235a082e3be0,864359,True,True,False,True,False,PANORAMA_LOCAL,PRIMARY_MODEL_DEVELOPMENT,False,True,CYTOLOGY_CONFIRMED,SIEMENS,AUXILIARY_AUTOMATIC_MASK_ONLY,False,False,False,validation,-1,Y0_M0_SSIEMENS,validation,False,True,True,False,False
833,100822,100822_00001,2018-09-18 00:00:00,047Y,47.0,M,TOSHIBA,PDAC,1,histopathology,False,1,False,1,True,automatic,automatic_labels/100822_00001.nii.gz,85b1d031eb78d773fe7c8edcc4517b9c394e9b62,1879326,True,True,False,True,False,PANORAMA_LOCAL,PRIMARY_MODEL_DEVELOPMENT,False,True,TISSUE_CONFIRMED,TOSHIBA,AUXILIARY_AUTOMATIC_MASK_ONLY,False,False,False,validation,-1,Y1_M0_STOSHIBA,validation,False,True,True,False,False
834,100823,100823_00001,2016-08-09 00:00:00,076Y,76.0,M,SIEMENS,non-PDAC,0,radiology,False,1,False,1,True,automatic,automatic_labels/100823_00001.nii.gz,6123b47bc06910afe4f9477fb56f94df0c06f745,631573,True,True,False,True,False,PANORAMA_LOCAL,PRIMARY_MODEL_DEVELOPMENT,False,True,RADIOLOGY_NO_DOCUMENTED_FOLLOWUP,SIEMENS,AUXILIARY_AUTOMATIC_MASK_ONLY,False,False,False,train,3,Y0_M0_SSIEMENS,train,True,False,False,False,False
835,100824,100824_00001,2009-09-10 00:00:00,043Y,43.0,M,SIEMENS,PDAC,1,histopathology,False,1,False,1,True,manual,manual_labels/100824_00001.nii.gz,852a6b9a0f8be47d32c6ce14f8c63f1b4ca20400,57710,True,True,True,False,True,PANORAMA_LOCAL,PRIMARY_MODEL_DEVELOPMENT,False,True,TISSUE_CONFIRMED,SIEMENS,PRIMARY_MANUAL_PDAC_REFERENCE,False,False,False,train,3,Y1_M1_SSIEMENS,train,True,False,False,False,False
836,100825,100825_00001,2018-09-22 00:00:00,061Y,61.0,M,TOSHIBA,PDAC,1,histopathology,False,1,False,1,True,manual,manual_labels/100825_00001.nii.gz,35fe734b25b72054f2db27b433fcd34d67dfc349,480174,True,True,True,False,True,PANORAMA_LOCAL,PRIMARY_MODEL_DEVELOPMENT,False,True,TISSUE_CONFIRMED,TOSHIBA,PRIMARY_MANUAL_PDAC_REFERENCE,False,False,False,train,0,Y1_M1_STOSHIBA,train,True,False,False,False,False
837,100826,100826_00001,2017-01-06 00:00:00,068Y,68.0,M,GE MEDICAL SYSTEMS,PDAC,1,histopathology,False,1,False,1,True,automatic,automatic_labels/100826_00001.nii.gz,3c73c8a7d61f311e5ee86870c52e368c78a09d0b,60973,True,True,False,True,False,PANORAMA_LOCAL,PRIMARY_MODEL_DEVELOPMENT,False,True,TISSUE_CONFIRMED,GE MEDICAL SYSTEMS,AUXILIARY_AUTOMATIC_MASK_ONLY,False,False,False,train,4,Y1_M0,train,True,False,False,False,False
838,100827,100827_00001,2015-08-28 00:00:00,034Y,34.0,M,TOSHIBA,non-PDAC,0,radiology,False,1,False,1,True,automatic,automatic_labels/100827_00001.nii.gz,26597e6182668122b2114f968d615e22a3236a3a,698649,True,True,False,True,False,PANORAMA_LOCAL,PRIMARY_MODEL_DEVELOPMENT,False,True,RADIOLOGY_NO_DOCUMENTED_FOLLOWUP,TOSHIBA,AUXILIARY_AUTOMATIC_MASK_ONLY,False,False,False,train,0,Y0_M0_STOSHIBA,train,True,False,False,False,False
839,100828,100828_00001,2014-10-27 00:00:00,065Y,65.0,M,SIEMENS,non-PDAC,0,radiology,False,1,False,1,True,automatic,automatic_labels/100828_00001.nii.gz,943d855da0a10b84113670f84287a9c7a869ee72,361595,True,True,False,True,False,PANORAMA_LOCAL,PRIMARY_MODEL_DEVELOPMENT,False,True,RADIOLOGY_NO_DOCUMENTED_FOLLOWUP,SIEMENS,AUXILIARY_AUTOMATIC_MASK_ONLY,False,False,False,train,4,Y0_M0_SSIEMENS,train,True,False,False,False,False
840,100829,100829_00001,,,,,,non-PDAC,0,MSD_dataset,True,1,False,1,True,automatic,automatic_labels/100829_00001.nii.gz,47835d2cab2497b0a042fb2fbb2fdc1bba6096eb,190245,True,True,False,True,False,MSD_EXTERNAL_MIXED,LOCKED_EXTERNAL_MIXED_TEST,True,False,MSD_DATASET_DERIVED,[MISSING],AUXILIARY_AUTOMATIC_MASK_ONLY,True,False,False,,-1,,external_msd_test,False,False,False,True,False
841,100830,100830_00001,2017-06-01 00:00:00,063Y,63.0,M,TOSHIBA,non-PDAC,0,radiology,False,1,False,1,True,automatic,automatic_labels/100830_00001.nii.gz,ee97ec6321c8e085f921d97ca368a58879c7ef1e,254960,True,True,False,True,False,PANORAMA_LOCAL,PRIMARY_MODEL_DEVELOPMENT,False,True,RADIOLOGY_NO_DOCUMENTED_FOLLOWUP,TOSHIBA,AUXILIARY_AUTOMATIC_MASK_ONLY,False,False,False,internal_test,-1,Y0_M0_STOSHIBA,internal_test,False,False,False,True,False
842,100831,100831_00001,2017-11-25 00:00:00,077Y,77.0,M,SIEMENS,PDAC,1,pathology,False,1,False,1,True,manual,manual_labels/100831_00001.nii.gz,c9ac345bcae4d068f6c5dbbb7e7c5c6407443363,482009,True,True,True,False,True,PANORAMA_LOCAL,PRIMARY_MODEL_DEVELOPMENT,False,True,TISSUE_CONFIRMED,SIEMENS,PRIMARY_MANUAL_PDAC_REFERENCE,False,False,False,train,2,Y1_M1_SSIEMENS,train,True,False,False,False,False
843,100832,100832_00001,2015-05-24 00:00:00,071Y,71.0,M,SIEMENS,non-PDAC,0,radiology,False,1,False,1,True,automatic,automatic_labels/100832_00001.nii.gz,c45ba5373cc99c48018dd1d04921311fa8042e70,484151,True,True,False,True,False,PANORAMA_LOCAL,PRIMARY_MODEL_DEVELOPMENT,False,True,RADIOLOGY_NO_DOCUMENTED_FOLLOWUP,SIEMENS,AUXILIARY_AUTOMATIC_MASK_ONLY,False,False,False,validation,-1,Y0_M0_SSIEMENS,validation,False,True,True,False,False
844,100833,100833_00001,2014-07-22 00:00:00,087Y,87.0,F,SIEMENS,non-PDAC,0,radiology,False,1,False,1,True,automatic,automatic_labels/100833_00001.nii.gz,55a2394037e29b155c23bbed00802ef46bf7ee3b,265618,True,True,False,True,False,PANORAMA_LOCAL,PRIMARY_MODEL_DEVELOPMENT,False,True,RADIOLOGY_NO_DOCUMENTED_FOLLOWUP,SIEMENS,AUXILIARY_AUTOMATIC_MASK_ONLY,False,False,False,train,2,Y0_M0_SSIEMENS,train,True,False,False,False,False
845,100834,100834_00001,2016-01-12 00:00:00,069Y,69.0,F,TOSHIBA,non-PDAC,0,radiology,False,1,False,1,True,automatic,automatic_labels/100834_00001.nii.gz,99bdfb4a4f6f8bb6ff993873bbaba822e29b5ca6,349509,True,True,False,True,False,PANORAMA_LOCAL,PRIMARY_MODEL_DEVELOPMENT,False,True,RADIOLOGY_NO_DOCUMENTED_FOLLOWUP,TOSHIBA,AUXILIARY_AUTOMATIC_MASK_ONLY,False,False,False,validation,-1,Y0_M0_STOSHIBA,validation,False,True,True,False,False
846,100835,100835_00001,2017-12-25 00:00:00,081Y,81.0,M,TOSHIBA,non-PDAC,0,radiology,False,1,False,1,True,automatic,automatic_labels/100835_00001.nii.gz,cb49ed046de20705a147408a1db3be54cb59b155,162045,True,True,False,True,False,PANORAMA_LOCAL,PRIMARY_MODEL_DEVELOPMENT,False,True,RADIOLOGY_NO_DOCUMENTED_FOLLOWUP,TOSHIBA,AUXILIARY_AUTOMATIC_MASK_ONLY,False,False,False,train,2,Y0_M0_STOSHIBA,train,True,False,False,False,False
847,100836,100836_00001,2018-11-17 00:00:00,063Y,63.0,M,TOSHIBA,non-PDAC,0,radiology,False,1,False,1,True,automatic,automatic_labels/100836_00001.nii.gz,7af94764b2781f7954d41bad43e50938465a3494,349836,True,True,False,True,False,PANORAMA_LOCAL,PRIMARY_MODEL_DEVELOPMENT,False,True,RADIOLOGY_NO_DOCUMENTED_FOLLOWUP,TOSHIBA,AUXILIARY_AUTOMATIC_MASK_ONLY,False,False,False,validation,-1,Y0_M0_STOSHIBA,validation,False,True,True,False,False
848,100837,100837_00001,2016-08-13 00:00:00,064Y,64.0,M,Philips,PDAC,1,histopathology,False,1,False,1,True,manual,manual_labels/100837_00001.nii.gz,9e7529c972d06987316d0c3851266262da05efcd,386888,True,True,True,False,True,PANORAMA_LOCAL,PRIMARY_MODEL_DEVELOPMENT,False,True,TISSUE_CONFIRMED,Philips,PRIMARY_MANUAL_PDAC_REFERENCE,False,False,False,train,3,Y1_M1_SPhilips,train,True,False,False,False,False
849,100838,100838_00001,2017-02-08 00:00:00,070Y,70.0,M,TOSHIBA,non-PDAC,0,radiology,False,1,False,1,True,automatic,automatic_labels/100838_00001.nii.gz,daa15b8126584be635f132f275f2242bbbe0da9f,269215,True,True,False,True,False,PANORAMA_LOCAL,PRIMARY_MODEL_DEVELOPMENT,False,True,RADIOLOGY_NO_DOCUMENTED_FOLLOWUP,TOSHIBA,AUXILIARY_AUTOMATIC_MASK_ONLY,False,False,False,train,2,Y0_M0_STOSHIBA,train,True,False,False,False,False
850,100839,100839_00001,2015-01-29 00:00:00,051Y,51.0,M,SIEMENS,non-PDAC,0,radiology,False,1,False,1,True,automatic,automatic_labels/100839_00001.nii.gz,7c05f6c9e07f228b673ae9761f2b38924c41ec86,684749,True,True,False,True,False,PANORAMA_LOCAL,PRIMARY_MODEL_DEVELOPMENT,False,True,RADIOLOGY_NO_DOCUMENTED_FOLLOWUP,SIEMENS,AUXILIARY_AUTOMATIC_MASK_ONLY,False,False,False,train,0,Y0_M0_SSIEMENS,train,True,False,False,False,False
851,100840,100840_00001,2015-10-26 00:00:00,,,,,non-PDAC,0,NIH_dataset,True,1,False,1,True,automatic,automatic_labels/100840_00001.nii.gz,17600301291b7e87bfcf518507f8810d62d5fb57,480290,True,True,False,True,False,NIH_NEGATIVE_STRESS,LOCKED_NEGATIVE_SPECIFICITY_STRESS_TEST,True,False,NIH_DATASET_DERIVED,[MISSING],AUXILIARY_AUTOMATIC_MASK_ONLY,False,False,True,,-1,,nih_negative_stress_test,False,False,False,True,False
852,100841,100841_00001,2015-08-08 00:00:00,074Y,74.0,M,Philips,non-PDAC,0,cytology,False,1,False,1,True,automatic,automatic_labels/100841_00001.nii.gz,72cfd8847b157cb5a73ba264498739b405f0aecf,548546,True,True,False,True,False,PANORAMA_LOCAL,PRIMARY_MODEL_DEVELOPMENT,False,True,CYTOLOGY_CONFIRMED,Philips,AUXILIARY_AUTOMATIC_MASK_ONLY,False,False,False,train,4,Y0_M0_SPhilips,train,True,False,False,False,False
853,100842,100842_00001,2019-03-03 00:00:00,068Y,68.0,M,Philips,PDAC,1,histopathology,False,1,False,1,True,automatic,automatic_labels/100842_00001.nii.gz,89e5c1827c8c1862a176fb6e0fd64d2dde53606a,951625,True,True,False,True,False,PANORAMA_LOCAL,PRIMARY_MODEL_DEVELOPMENT,False,True,TISSUE_CONFIRMED,Philips,AUXILIARY_AUTOMATIC_MASK_ONLY,False,False,False,internal_test,-1,Y1_M0_SPhilips,internal_test,False,False,False,True,False
854,100843,100843_00001,2015-12-05 00:00:00,,,,,non-PDAC,0,NIH_dataset,True,1,False,1,True,automatic,automatic_labels/100843_00001.nii.gz,6fac20ee3960287767ef280defb7c04473dacc08,675198,True,True,False,True,False,NIH_NEGATIVE_STRESS,LOCKED_NEGATIVE_SPECIFICITY_STRESS_TEST,True,False,NIH_DATASET_DERIVED,[MISSING],AUXILIARY_AUTOMATIC_MASK_ONLY,False,False,True,,-1,,nih_negative_stress_test,False,False,False,True,False
855,100844,100844_00001,2017-08-29 00:00:00,059Y,59.0,M,SIEMENS,non-PDAC,0,radiology,False,1,False,1,True,automatic,automatic_labels/100844_00001.nii.gz,7c330dd14f5d8f7b8ac2586807b090a568f3371b,372075,True,True,False,True,False,PANORAMA_LOCAL,PRIMARY_MODEL_DEVELOPMENT,False,True,RADIOLOGY_NO_DOCUMENTED_FOLLOWUP,SIEMENS,AUXILIARY_AUTOMATIC_MASK_ONLY,False,False,False,validation,-1,Y0_M0_SSIEMENS,validation,False,True,True,False,False
856,100845,100845_00001,2016-02-19 00:00:00,027Y,27.0,F,SIEMENS,non-PDAC,0,radiology,False,1,False,1,True,automatic,automatic_labels/100845_00001.nii.gz,ba32bef67c7d1523e255b7e230c7ae9d319dc059,316323,True,True,False,True,False,PANORAMA_LOCAL,PRIMARY_MODEL_DEVELOPMENT,False,True,RADIOLOGY_NO_DOCUMENTED_FOLLOWUP,SIEMENS,AUXILIARY_AUTOMATIC_MASK_ONLY,False,False,False,validation,-1,Y0_M0_SSIEMENS,validation,False,True,True,False,False
857,100846,100846_00001,2019-05-05 00:00:00,071Y,71.0,F,TOSHIBA,non-PDAC,0,pathology,False,1,False,1,True,automatic,automatic_labels/100846_00001.nii.gz,c1b4d6ff8dcecd6cec9dbc905f84ea3d2d074a00,1325753,True,True,False,True,False,PANORAMA_LOCAL,PRIMARY_MODEL_DEVELOPMENT,False,True,TISSUE_CONFIRMED,TOSHIBA,AUXILIARY_AUTOMATIC_MASK_ONLY,False,False,False,internal_test,-1,Y0_M0_STOSHIBA,internal_test,False,False,False,True,False
858,100847,100847_00001,2017-10-22 00:00:00,030Y,30.0,M,GE MEDICAL SYSTEMS,non-PDAC,0,pathology,False,1,False,1,True,automatic,automatic_labels/100847_00001.nii.gz,09559e0b51614510987c1dffb88f0dab18037aa8,1955430,True,True,False,True,False,PANORAMA_LOCAL,PRIMARY_MODEL_DEVELOPMENT,False,True,TISSUE_CONFIRMED,GE MEDICAL SYSTEMS,AUXILIARY_AUTOMATIC_MASK_ONLY,False,False,False,train,4,Y0_M0_SGE MEDICAL SYSTEMS,train,True,False,False,False,False
859,100848,100848_00001,2016-04-28 00:00:00,060Y,60.0,M,TOSHIBA,non-PDAC,0,radiology,False,1,False,1,True,automatic,automatic_labels/100848_00001.nii.gz,3b1a3c79a7129395a75155f15039113ad52423a8,629251,True,True,False,True,False,PANORAMA_LOCAL,PRIMARY_MODEL_DEVELOPMENT,False,True,RADIOLOGY_NO_DOCUMENTED_FOLLOWUP,TOSHIBA,AUXILIARY_AUTOMATIC_MASK_ONLY,False,False,False,train,2,Y0_M0_STOSHIBA,train,True,False,False,False,False
860,100849,100849_00001,2018-12-12 00:00:00,058Y,58.0,F,SIEMENS,non-PDAC,0,radiology,False,1,False,1,True,automatic,automatic_labels/100849_00001.nii.gz,74a1e435d94086dcbfd66ada551885eb69de39b6,606292,True,True,False,True,False,PANORAMA_LOCAL,PRIMARY_MODEL_DEVELOPMENT,False,True,RADIOLOGY_NO_DOCUMENTED_FOLLOWUP,SIEMENS,AUXILIARY_AUTOMATIC_MASK_ONLY,False,False,False,validation,-1,Y0_M0_SSIEMENS,validation,False,True,True,False,False
861,100850,100850_00001,2019-06-18 00:00:00,053Y,53.0,M,Philips,PDAC,1,radiology,False,1,False,1,True,automatic,automatic_labels/100850_00001.nii.gz,89a256cc6ba741cdb793297c1b9ea4b8ca6d6632,1076143,True,True,False,True,False,PANORAMA_LOCAL,PRIMARY_MODEL_DEVELOPMENT,False,True,RADIOLOGY_NO_DOCUMENTED_FOLLOWUP,Philips,AUXILIARY_AUTOMATIC_MASK_ONLY,False,False,False,train,4,Y1_M0_SPhilips,train,True,False,False,False,False
862,100851,100851_00001,2018-11-13 00:00:00,025Y,25.0,F,SIEMENS,non-PDAC,0,radiology,False,1,False,1,True,automatic,automatic_labels/100851_00001.nii.gz,b8874645ab2358affc44222447b834d86cc469e9,697340,True,True,False,True,False,PANORAMA_LOCAL,PRIMARY_MODEL_DEVELOPMENT,False,True,RADIOLOGY_NO_DOCUMENTED_FOLLOWUP,SIEMENS,AUXILIARY_AUTOMATIC_MASK_ONLY,False,False,False,train,3,Y0_M0_SSIEMENS,train,True,False,False,False,False
863,100852,100852_00001,2019-11-25 00:00:00,062Y,62.0,F,Philips,PDAC,1,cytology,False,1,False,1,True,automatic,automatic_labels/100852_00001.nii.gz,001720614a13fbc3a4e8be87d35c844c712d8b26,1349298,True,True,False,True,False,PANORAMA_LOCAL,PRIMARY_MODEL_DEVELOPMENT,False,True,CYTOLOGY_CONFIRMED,Philips,AUXILIARY_AUTOMATIC_MASK_ONLY,False,False,False,train,0,Y1_M0_SPhilips,train,True,False,False,False,False
864,100853,100853_00001,2009-04-06 00:00:00,067Y,67.0,F,SIEMENS,non-PDAC,0,histopathology,False,1,False,1,True,automatic,automatic_labels/100853_00001.nii.gz,1f6a19ef241a84fba69adc979bc4fef6751c0c0f,227590,True,True,False,True,False,PANORAMA_LOCAL,PRIMARY_MODEL_DEVELOPMENT,False,True,TISSUE_CONFIRMED,SIEMENS,AUXILIARY_AUTOMATIC_MASK_ONLY,False,False,False,validation,-1,Y0_M0_SSIEMENS,validation,False,True,True,False,False
865,100854,100854_00001,2016-10-04 00:00:00,059Y,59.0,F,TOSHIBA,non-PDAC,0,radiology,False,1,False,1,True,automatic,automatic_labels/100854_00001.nii.gz,63ff6f537a8a96f602fe0d24f2ff0b4c39cd1a8f,577186,True,True,False,True,False,PANORAMA_LOCAL,PRIMARY_MODEL_DEVELOPMENT,False,True,RADIOLOGY_NO_DOCUMENTED_FOLLOWUP,TOSHIBA,AUXILIARY_AUTOMATIC_MASK_ONLY,False,False,False,train,0,Y0_M0_STOSHIBA,train,True,False,False,False,False
866,100855,100855_00001,,,,,,non-PDAC,0,MSD_dataset,True,1,False,1,True,automatic,automatic_labels/100855_00001.nii.gz,cc01f5c85adbb13ed04954b311773a1db7ab12ad,188997,True,True,False,True,False,MSD_EXTERNAL_MIXED,LOCKED_EXTERNAL_MIXED_TEST,True,False,MSD_DATASET_DERIVED,[MISSING],AUXILIARY_AUTOMATIC_MASK_ONLY,True,False,False,,-1,,external_msd_test,False,False,False,True,False
867,100856,100856_00001,2015-11-04 00:00:00,,,,,non-PDAC,0,NIH_dataset,True,1,False,1,True,automatic,automatic_labels/100856_00001.nii.gz,8414e99239f5f943b4236d6a845785e8de0a11a5,549367,True,True,False,True,False,NIH_NEGATIVE_STRESS,LOCKED_NEGATIVE_SPECIFICITY_STRESS_TEST,True,False,NIH_DATASET_DERIVED,[MISSING],AUXILIARY_AUTOMATIC_MASK_ONLY,False,False,True,,-1,,nih_negative_stress_test,False,False,False,True,False
868,100857,100857_00001,2015-05-29 00:00:00,035Y,35.0,F,TOSHIBA,non-PDAC,0,radiology,False,1,False,1,True,automatic,automatic_labels/100857_00001.nii.gz,b565a91a88c81cd3df8306d4c477796eb36b4934,352874,True,True,False,True,False,PANORAMA_LOCAL,PRIMARY_MODEL_DEVELOPMENT,False,True,RADIOLOGY_NO_DOCUMENTED_FOLLOWUP,TOSHIBA,AUXILIARY_AUTOMATIC_MASK_ONLY,False,False,False,train,3,Y0_M0_STOSHIBA,train,True,False,False,False,False
869,100858,100858_00001,,,,,,non-PDAC,0,MSD_dataset,True,1,False,1,True,automatic,automatic_labels/100858_00001.nii.gz,1be694d8f8e0edee0e1616ec7cce8c8a350568e2,219691,True,True,False,True,False,MSD_EXTERNAL_MIXED,LOCKED_EXTERNAL_MIXED_TEST,True,False,MSD_DATASET_DERIVED,[MISSING],AUXILIARY_AUTOMATIC_MASK_ONLY,True,False,False,,-1,,external_msd_test,False,False,False,True,False
870,100859,100859_00001,2017-01-18 00:00:00,064Y,64.0,M,TOSHIBA,non-PDAC,0,radiology,False,1,False,1,True,automatic,automatic_labels/100859_00001.nii.gz,29463571deb104c483978113fd1076619637917c,222042,True,True,False,True,False,PANORAMA_LOCAL,PRIMARY_MODEL_DEVELOPMENT,False,True,RADIOLOGY_NO_DOCUMENTED_FOLLOWUP,TOSHIBA,AUXILIARY_AUTOMATIC_MASK_ONLY,False,False,False,internal_test,-1,Y0_M0_STOSHIBA,internal_test,False,False,False,True,False
871,100860,100860_00001,,,,,,PDAC,1,MSD_dataset,True,1,False,1,True,manual,manual_labels/100860_00001.nii.gz,76f2807668e3898b88a772f13a80878cf8bdd56c,59468,True,True,True,False,True,MSD_EXTERNAL_MIXED,LOCKED_EXTERNAL_MIXED_TEST,True,False,MSD_DATASET_DERIVED,[MISSING],PRIMARY_MANUAL_PDAC_REFERENCE,True,True,False,,-1,,external_msd_test,False,False,False,True,True
872,100861,100861_00001,2020-01-20 00:00:00,076Y,76.0,M,TOSHIBA,non-PDAC,0,pathology,False,1,False,1,True,automatic,automatic_labels/100861_00001.nii.gz,fdfbe51a37633d1dc37b02826d287fc0e9ba9c7b,1047191,True,True,False,True,False,PANORAMA_LOCAL,PRIMARY_MODEL_DEVELOPMENT,False,True,TISSUE_CONFIRMED,TOSHIBA,AUXILIARY_AUTOMATIC_MASK_ONLY,False,False,False,validation,-1,Y0_M0_STOSHIBA,validation,False,True,True,False,False
873,100862,100862_00001,2015-06-16 00:00:00,067Y,67.0,M,SIEMENS,non-PDAC,0,radiology,False,1,False,1,True,automatic,automatic_labels/100862_00001.nii.gz,0c550c7cb86df0417c721b41ced8547d8d993c03,2057562,True,True,False,True,False,PANORAMA_LOCAL,PRIMARY_MODEL_DEVELOPMENT,False,True,RADIOLOGY_NO_DOCUMENTED_FOLLOWUP,SIEMENS,AUXILIARY_AUTOMATIC_MASK_ONLY,False,False,False,internal_test,-1,Y0_M0_SSIEMENS,internal_test,False,False,False,True,False
874,100863,100863_00001,2015-09-15 00:00:00,030Y,30.0,F,SIEMENS,non-PDAC,0,radiology,False,1,False,1,True,automatic,automatic_labels/100863_00001.nii.gz,2b46c47d00fbe40c02f6b0f3e3e068f8bc4cdaae,306304,True,True,False,True,False,PANORAMA_LOCAL,PRIMARY_MODEL_DEVELOPMENT,False,True,RADIOLOGY_NO_DOCUMENTED_FOLLOWUP,SIEMENS,AUXILIARY_AUTOMATIC_MASK_ONLY,False,False,False,train,0,Y0_M0_SSIEMENS,train,True,False,False,False,False
875,100864,100864_00001,2016-12-17 00:00:00,076Y,76.0,M,TOSHIBA,non-PDAC,0,cytology,False,1,False,1,True,automatic,automatic_labels/100864_00001.nii.gz,0e9b9a38b6d5d33a7f4ebcd0ed74659df51c36ad,179211,True,True,False,True,False,PANORAMA_LOCAL,PRIMARY_MODEL_DEVELOPMENT,False,True,CYTOLOGY_CONFIRMED,TOSHIBA,AUXILIARY_AUTOMATIC_MASK_ONLY,False,False,False,train,4,Y0_M0_STOSHIBA,train,True,False,False,False,False
876,100865,100865_00001,2016-10-05 00:00:00,071Y,71.0,F,TOSHIBA,non-PDAC,0,radiology,False,1,False,1,True,automatic,automatic_labels/100865_00001.nii.gz,295a6f9bd5b5e8fd1b98b2659d81d1c0cfe0d8a5,1742447,True,True,False,True,False,PANORAMA_LOCAL,PRIMARY_MODEL_DEVELOPMENT,False,True,RADIOLOGY_NO_DOCUMENTED_FOLLOWUP,TOSHIBA,AUXILIARY_AUTOMATIC_MASK_ONLY,False,False,False,validation,-1,Y0_M0_STOSHIBA,validation,False,True,True,False,False
877,100866,100866_00001,2015-12-17 00:00:00,,,,,non-PDAC,0,NIH_dataset,True,1,False,1,True,automatic,automatic_labels/100866_00001.nii.gz,07569cc182a448d458d3d2d46cf8f49094aa1fc0,476262,True,True,False,True,False,NIH_NEGATIVE_STRESS,LOCKED_NEGATIVE_SPECIFICITY_STRESS_TEST,True,False,NIH_DATASET_DERIVED,[MISSING],AUXILIARY_AUTOMATIC_MASK_ONLY,False,False,True,,-1,,nih_negative_stress_test,False,False,False,True,False
878,100867,100867_00001,2014-07-29 00:00:00,066Y,66.0,M,SIEMENS,non-PDAC,0,radiology,False,1,False,1,True,automatic,automatic_labels/100867_00001.nii.gz,d943ace9d36d1cd91eb8797feec6482280fc6079,669442,True,True,False,True,False,PANORAMA_LOCAL,PRIMARY_MODEL_DEVELOPMENT,False,True,RADIOLOGY_NO_DOCUMENTED_FOLLOWUP,SIEMENS,AUXILIARY_AUTOMATIC_MASK_ONLY,False,False,False,train,1,Y0_M0_SSIEMENS,train,True,False,False,False,False
879,100868,100868_00001,,,,,,non-PDAC,0,MSD_dataset,True,1,False,1,True,automatic,automatic_labels/100868_00001.nii.gz,e3e6ab27f9705109f6561b536915110c155c5348,348653,True,True,False,True,False,MSD_EXTERNAL_MIXED,LOCKED_EXTERNAL_MIXED_TEST,True,False,MSD_DATASET_DERIVED,[MISSING],AUXILIARY_AUTOMATIC_MASK_ONLY,True,False,False,,-1,,external_msd_test,False,False,False,True,False
880,100869,100869_00001,2015-05-10 00:00:00,041Y,41.0,F,TOSHIBA,non-PDAC,0,radiology,False,1,False,1,True,automatic,automatic_labels/100869_00001.nii.gz,17ae0cbea8dd362cc63db391f0a5545427ac23da,1225883,True,True,False,True,False,PANORAMA_LOCAL,PRIMARY_MODEL_DEVELOPMENT,False,True,RADIOLOGY_NO_DOCUMENTED_FOLLOWUP,TOSHIBA,AUXILIARY_AUTOMATIC_MASK_ONLY,False,False,False,train,3,Y0_M0_STOSHIBA,train,True,False,False,False,False
881,100870,100870_00001,2014-01-28 00:00:00,078Y,78.0,F,TOSHIBA,non-PDAC,0,radiology,False,1,False,1,True,automatic,automatic_labels/100870_00001.nii.gz,19decab833b9dff0208cafa43a616b1fa564b832,343533,True,True,False,True,False,PANORAMA_LOCAL,PRIMARY_MODEL_DEVELOPMENT,False,True,RADIOLOGY_NO_DOCUMENTED_FOLLOWUP,TOSHIBA,AUXILIARY_AUTOMATIC_MASK_ONLY,False,False,False,train,0,Y0_M0_STOSHIBA,train,True,False,False,False,False
882,100871,100871_00001,2021-06-16 00:00:00,060Y,60.0,F,Philips,PDAC,1,histopathology,False,1,False,1,True,automatic,automatic_labels/100871_00001.nii.gz,9c45299aeaf8fdbbdf7ad9306ac10399d14728e3,902610,True,True,False,True,False,PANORAMA_LOCAL,PRIMARY_MODEL_DEVELOPMENT,False,True,TISSUE_CONFIRMED,Philips,AUXILIARY_AUTOMATIC_MASK_ONLY,False,False,False,validation,-1,Y1_M0_SPhilips,validation,False,True,True,False,False
883,100872,100872_00001,2015-06-25 00:00:00,068Y,68.0,M,SIEMENS,non-PDAC,0,radiology,False,1,False,1,True,automatic,automatic_labels/100872_00001.nii.gz,765635e89579f8053d6fb44995ae8fba74ca5bdd,363710,True,True,False,True,False,PANORAMA_LOCAL,PRIMARY_MODEL_DEVELOPMENT,False,True,RADIOLOGY_NO_DOCUMENTED_FOLLOWUP,SIEMENS,AUXILIARY_AUTOMATIC_MASK_ONLY,False,False,False,train,1,Y0_M0_SSIEMENS,train,True,False,False,False,False
884,100873,100873_00001,2014-11-26 00:00:00,053Y,53.0,M,SIEMENS,non-PDAC,0,radiology,False,1,False,1,True,automatic,automatic_labels/100873_00001.nii.gz,04064d6e9ca1d9ec67121fd2e338fba771aed3b8,266387,True,True,False,True,False,PANORAMA_LOCAL,PRIMARY_MODEL_DEVELOPMENT,False,True,RADIOLOGY_NO_DOCUMENTED_FOLLOWUP,SIEMENS,AUXILIARY_AUTOMATIC_MASK_ONLY,False,False,False,train,4,Y0_M0_SSIEMENS,train,True,False,False,False,False
885,100874,100874_00001,2017-05-26 00:00:00,044Y,44.0,M,SIEMENS,non-PDAC,0,radiology,False,1,False,1,True,automatic,automatic_labels/100874_00001.nii.gz,79a2b7e3ca76fa8a692884b14ef3c3f090210f09,741455,True,True,False,True,False,PANORAMA_LOCAL,PRIMARY_MODEL_DEVELOPMENT,False,True,RADIOLOGY_NO_DOCUMENTED_FOLLOWUP,SIEMENS,AUXILIARY_AUTOMATIC_MASK_ONLY,False,False,False,train,2,Y0_M0_SSIEMENS,train,True,False,False,False,False
886,100875,100875_00001,,,,,,PDAC,1,MSD_dataset,True,1,False,1,True,manual,manual_labels/100875_00001.nii.gz,a6b8ac923576fc24834707534a5e0c2c1c3a12c0,61306,True,True,True,False,True,MSD_EXTERNAL_MIXED,LOCKED_EXTERNAL_MIXED_TEST,True,False,MSD_DATASET_DERIVED,[MISSING],PRIMARY_MANUAL_PDAC_REFERENCE,True,True,False,,-1,,external_msd_test,False,False,False,True,True
887,100876,100876_00001,2017-06-17 00:00:00,070Y,70.0,M,SIEMENS,PDAC,1,pathology,False,1,False,1,True,manual,manual_labels/100876_00001.nii.gz,b9d2ca5601ed8a4fdef3862d7c242b50913c51ee,278004,True,True,True,False,True,PANORAMA_LOCAL,PRIMARY_MODEL_DEVELOPMENT,False,True,TISSUE_CONFIRMED,SIEMENS,PRIMARY_MANUAL_PDAC_REFERENCE,False,False,False,validation,-1,Y1_M1_SSIEMENS,validation,False,True,True,False,False
888,100877,100877_00001,2013-12-05 00:00:00,086Y,86.0,F,Philips,non-PDAC,0,pathology,False,1,False,1,True,automatic,automatic_labels/100877_00001.nii.gz,c86784ce8d1256a9f78af96fab843c5f7de7db91,256167,True,True,False,True,False,PANORAMA_LOCAL,PRIMARY_MODEL_DEVELOPMENT,False,True,TISSUE_CONFIRMED,Philips,AUXILIARY_AUTOMATIC_MASK_ONLY,False,False,False,train,3,Y0_M0_SPhilips,train,True,False,False,False,False
889,100878,100878_00001,2015-09-06 00:00:00,045Y,45.0,F,SIEMENS,non-PDAC,0,radiology,False,1,False,1,True,automatic,automatic_labels/100878_00001.nii.gz,3b0304ede76609334de312a7083196a361e11e24,647357,True,True,False,True,False,PANORAMA_LOCAL,PRIMARY_MODEL_DEVELOPMENT,False,True,RADIOLOGY_NO_DOCUMENTED_FOLLOWUP,SIEMENS,AUXILIARY_AUTOMATIC_MASK_ONLY,False,False,False,train,2,Y0_M0_SSIEMENS,train,True,False,False,False,False
890,100879,100879_00001,2015-11-19 00:00:00,,,,,non-PDAC,0,NIH_dataset,True,1,False,1,True,automatic,automatic_labels/100879_00001.nii.gz,089cc46bd9b7898faebf6effc89eb3368b44f579,520418,True,True,False,True,False,NIH_NEGATIVE_STRESS,LOCKED_NEGATIVE_SPECIFICITY_STRESS_TEST,True,False,NIH_DATASET_DERIVED,[MISSING],AUXILIARY_AUTOMATIC_MASK_ONLY,False,False,True,,-1,,nih_negative_stress_test,False,False,False,True,False
891,100880,100880_00001,2014-11-14 00:00:00,087Y,87.0,F,SIEMENS,non-PDAC,0,radiology,False,1,False,1,True,automatic,automatic_labels/100880_00001.nii.gz,e14a87c4a462b6939301caa2ae7b120489b74883,615943,True,True,False,True,False,PANORAMA_LOCAL,PRIMARY_MODEL_DEVELOPMENT,False,True,RADIOLOGY_NO_DOCUMENTED_FOLLOWUP,SIEMENS,AUXILIARY_AUTOMATIC_MASK_ONLY,False,False,False,train,3,Y0_M0_SSIEMENS,train,True,False,False,False,False
892,100881,100881_00001,2014-11-18 00:00:00,072Y,72.0,F,TOSHIBA,non-PDAC,0,radiology,False,1,False,1,True,automatic,automatic_labels/100881_00001.nii.gz,2383868f676b79db9ba2690d1fdaf13acc66b03b,543375,True,True,False,True,False,PANORAMA_LOCAL,PRIMARY_MODEL_DEVELOPMENT,False,True,RADIOLOGY_NO_DOCUMENTED_FOLLOWUP,TOSHIBA,AUXILIARY_AUTOMATIC_MASK_ONLY,False,False,False,internal_test,-1,Y0_M0_STOSHIBA,internal_test,False,False,False,True,False
893,100882,100882_00001,2016-07-27 00:00:00,092Y,92.0,M,TOSHIBA,PDAC,1,cytology,False,1,False,1,True,manual,manual_labels/100882_00001.nii.gz,d753c676271862859f30fa7eaf94b629bb6d231e,210653,True,True,True,False,True,PANORAMA_LOCAL,PRIMARY_MODEL_DEVELOPMENT,False,True,CYTOLOGY_CONFIRMED,TOSHIBA,PRIMARY_MANUAL_PDAC_REFERENCE,False,False,False,train,4,Y1_M1_STOSHIBA,train,True,False,False,False,False
894,100883,100883_00001,2017-05-25 00:00:00,075Y,75.0,M,TOSHIBA,non-PDAC,0,radiology,False,1,False,1,True,automatic,automatic_labels/100883_00001.nii.gz,bd5911cfd4d29aaaf49a91a63e157349d037b6b5,577519,True,True,False,True,False,PANORAMA_LOCAL,PRIMARY_MODEL_DEVELOPMENT,False,True,RADIOLOGY_NO_DOCUMENTED_FOLLOWUP,TOSHIBA,AUXILIARY_AUTOMATIC_MASK_ONLY,False,False,False,validation,-1,Y0_M0_STOSHIBA,validation,False,True,True,False,False
895,100884,100884_00001,2019-10-24 00:00:00,070Y,70.0,F,TOSHIBA,PDAC,1,cytology,False,1,False,1,True,manual,manual_labels/100884_00001.nii.gz,324a33ca02eb1fe63fd44b66cd00c6ee0738a00f,1345132,True,True,True,False,True,PANORAMA_LOCAL,PRIMARY_MODEL_DEVELOPMENT,False,True,CYTOLOGY_CONFIRMED,TOSHIBA,PRIMARY_MANUAL_PDAC_REFERENCE,False,False,False,train,2,Y1_M1_STOSHIBA,train,True,False,False,False,False
896,100885,100885_00001,2016-01-07 00:00:00,075Y,75.0,M,SIEMENS,non-PDAC,0,radiology,False,1,False,1,True,automatic,automatic_labels/100885_00001.nii.gz,9b8a93c8803cbd6388bc11dc208a5c2f4ee1341c,328030,True,True,False,True,False,PANORAMA_LOCAL,PRIMARY_MODEL_DEVELOPMENT,False,True,RADIOLOGY_NO_DOCUMENTED_FOLLOWUP,SIEMENS,AUXILIARY_AUTOMATIC_MASK_ONLY,False,False,False,validation,-1,Y0_M0_SSIEMENS,validation,False,True,True,False,False
897,100886,100886_00001,2015-12-13 00:00:00,056Y,56.0,M,TOSHIBA,non-PDAC,0,radiology,False,1,False,1,True,automatic,automatic_labels/100886_00001.nii.gz,ffde966ece9f65258efaf92547081ed95b4f139f,258170,True,True,False,True,False,PANORAMA_LOCAL,PRIMARY_MODEL_DEVELOPMENT,False,True,RADIOLOGY_NO_DOCUMENTED_FOLLOWUP,TOSHIBA,AUXILIARY_AUTOMATIC_MASK_ONLY,False,False,False,train,3,Y0_M0_STOSHIBA,train,True,False,False,False,False
898,100887,100887_00001,2016-09-18 00:00:00,068Y,68.0,F,TOSHIBA,non-PDAC,0,radiology,False,1,False,1,True,automatic,automatic_labels/100887_00001.nii.gz,4db6ed54a81d0471ad2e1e86e029fef160acf7f1,316499,True,True,False,True,False,PANORAMA_LOCAL,PRIMARY_MODEL_DEVELOPMENT,False,True,RADIOLOGY_NO_DOCUMENTED_FOLLOWUP,TOSHIBA,AUXILIARY_AUTOMATIC_MASK_ONLY,False,False,False,train,1,Y0_M0_STOSHIBA,train,True,False,False,False,False
899,100888,100888_00001,2016-01-11 00:00:00,076Y,76.0,M,SIEMENS,non-PDAC,0,radiology,False,1,False,1,True,automatic,automatic_labels/100888_00001.nii.gz,aa185414684eeb8b13bbb0968191efbe0cc7b216,691495,True,True,False,True,False,PANORAMA_LOCAL,PRIMARY_MODEL_DEVELOPMENT,False,True,RADIOLOGY_NO_DOCUMENTED_FOLLOWUP,SIEMENS,AUXILIARY_AUTOMATIC_MASK_ONLY,False,False,False,validation,-1,Y0_M0_SSIEMENS,validation,False,True,True,False,False
900,100889,100889_00001,2018-05-11 00:00:00,048Y,48.0,F,TOSHIBA,non-PDAC,0,radiology,False,1,False,1,True,automatic,automatic_labels/100889_00001.nii.gz,257b0c12c974171da3f00684063a45bd991e838d,575651,True,True,False,True,False,PANORAMA_LOCAL,PRIMARY_MODEL_DEVELOPMENT,False,True,RADIOLOGY_NO_DOCUMENTED_FOLLOWUP,TOSHIBA,AUXILIARY_AUTOMATIC_MASK_ONLY,False,False,False,train,2,Y0_M0_STOSHIBA,train,True,False,False,False,False
901,100890,100890_00001,2018-02-24 00:00:00,048Y,48.0,M,TOSHIBA,non-PDAC,0,radiology,False,1,False,1,True,automatic,automatic_labels/100890_00001.nii.gz,84caf906b46f5923e7f739db9ce0fa80968bd05a,239068,True,True,False,True,False,PANORAMA_LOCAL,PRIMARY_MODEL_DEVELOPMENT,False,True,RADIOLOGY_NO_DOCUMENTED_FOLLOWUP,TOSHIBA,AUXILIARY_AUTOMATIC_MASK_ONLY,False,False,False,train,4,Y0_M0_STOSHIBA,train,True,False,False,False,False
902,100891,100891_00001,2014-12-03 00:00:00,075Y,75.0,M,TOSHIBA,non-PDAC,0,radiology,False,1,False,1,True,automatic,automatic_labels/100891_00001.nii.gz,8162fea41632f10c148e762e0c48186cc193a5c2,1775425,True,True,False,True,False,PANORAMA_LOCAL,PRIMARY_MODEL_DEVELOPMENT,False,True,RADIOLOGY_NO_DOCUMENTED_FOLLOWUP,TOSHIBA,AUXILIARY_AUTOMATIC_MASK_ONLY,False,False,False,internal_test,-1,Y0_M0_STOSHIBA,internal_test,False,False,False,True,False
903,100892,100892_00001,2017-08-28 00:00:00,062Y,62.0,F,SIEMENS,non-PDAC,0,radiology,False,1,False,1,True,automatic,automatic_labels/100892_00001.nii.gz,63240cf9a6320be5f87e0dd1e573ce7729631607,660862,True,True,False,True,False,PANORAMA_LOCAL,PRIMARY_MODEL_DEVELOPMENT,False,True,RADIOLOGY_NO_DOCUMENTED_FOLLOWUP,SIEMENS,AUXILIARY_AUTOMATIC_MASK_ONLY,False,False,False,train,3,Y0_M0_SSIEMENS,train,True,False,False,False,False
904,100893,100893_00001,2014-01-19 00:00:00,076Y,76.0,M,SIEMENS,non-PDAC,0,radiology,False,1,False,1,True,automatic,automatic_labels/100893_00001.nii.gz,f7e0b96020300c24df7dcd9fa46f911cc558557c,632503,True,True,False,True,False,PANORAMA_LOCAL,PRIMARY_MODEL_DEVELOPMENT,False,True,RADIOLOGY_NO_DOCUMENTED_FOLLOWUP,SIEMENS,AUXILIARY_AUTOMATIC_MASK_ONLY,False,False,False,validation,-1,Y0_M0_SSIEMENS,validation,False,True,True,False,False
905,100894,100894_00001,2017-03-21 00:00:00,074Y,74.0,F,SIEMENS,non-PDAC,0,radiology,False,1,False,1,True,automatic,automatic_labels/100894_00001.nii.gz,72f0a3ca432f25e6c9cf1543073dcf94b054f8f4,838659,True,True,False,True,False,PANORAMA_LOCAL,PRIMARY_MODEL_DEVELOPMENT,False,True,RADIOLOGY_NO_DOCUMENTED_FOLLOWUP,SIEMENS,AUXILIARY_AUTOMATIC_MASK_ONLY,False,False,False,train,4,Y0_M0_SSIEMENS,train,True,False,False,False,False
906,100895,100895_00001,2017-05-05 00:00:00,067Y,67.0,M,SIEMENS,non-PDAC,0,radiology,False,1,False,1,True,automatic,automatic_labels/100895_00001.nii.gz,e3de40a97106a35fecb571552533bcc57d285c2e,605049,True,True,False,True,False,PANORAMA_LOCAL,PRIMARY_MODEL_DEVELOPMENT,False,True,RADIOLOGY_NO_DOCUMENTED_FOLLOWUP,SIEMENS,AUXILIARY_AUTOMATIC_MASK_ONLY,False,False,False,internal_test,-1,Y0_M0_SSIEMENS,internal_test,False,False,False,True,False
907,100896,100896_00001,2016-10-07 00:00:00,081Y,81.0,F,SIEMENS,non-PDAC,0,radiology,False,1,False,1,True,automatic,automatic_labels/100896_00001.nii.gz,7177bbf69455810fc5a5ca7f01df055e97a7a93e,573330,True,True,False,True,False,PANORAMA_LOCAL,PRIMARY_MODEL_DEVELOPMENT,False,True,RADIOLOGY_NO_DOCUMENTED_FOLLOWUP,SIEMENS,AUXILIARY_AUTOMATIC_MASK_ONLY,False,False,False,train,0,Y0_M0_SSIEMENS,train,True,False,False,False,False
908,100897,100897_00001,2016-03-28 00:00:00,076Y,76.0,F,SIEMENS,non-PDAC,0,radiology,False,1,False,1,True,automatic,automatic_labels/100897_00001.nii.gz,b739eed4df255b4e6f3f5d6598e2af8ba0de8a1a,615571,True,True,False,True,False,PANORAMA_LOCAL,PRIMARY_MODEL_DEVELOPMENT,False,True,RADIOLOGY_NO_DOCUMENTED_FOLLOWUP,SIEMENS,AUXILIARY_AUTOMATIC_MASK_ONLY,False,False,False,internal_test,-1,Y0_M0_SSIEMENS,internal_test,False,False,False,True,False
909,100898,100898_00001,2016-11-07 00:00:00,081Y,81.0,M,SIEMENS,non-PDAC,0,radiology,False,1,False,1,True,automatic,automatic_labels/100898_00001.nii.gz,9b8470345e3e1018eee77b7ccd573895fd503c3f,581419,True,True,False,True,False,PANORAMA_LOCAL,PRIMARY_MODEL_DEVELOPMENT,False,True,RADIOLOGY_NO_DOCUMENTED_FOLLOWUP,SIEMENS,AUXILIARY_AUTOMATIC_MASK_ONLY,False,False,False,train,1,Y0_M0_SSIEMENS,train,True,False,False,False,False
910,100899,100899_00001,2016-05-26 00:00:00,065Y,65.0,F,SIEMENS,non-PDAC,0,radiology,False,1,False,1,True,automatic,automatic_labels/100899_00001.nii.gz,1dfc10e3f548e3d857013db337a720f661424996,632514,True,True,False,True,False,PANORAMA_LOCAL,PRIMARY_MODEL_DEVELOPMENT,False,True,RADIOLOGY_NO_DOCUMENTED_FOLLOWUP,SIEMENS,AUXILIARY_AUTOMATIC_MASK_ONLY,False,False,False,train,2,Y0_M0_SSIEMENS,train,True,False,False,False,False
911,100900,100900_00001,2015-10-04 00:00:00,080Y,80.0,M,SIEMENS,non-PDAC,0,radiology,False,1,False,1,True,automatic,automatic_labels/100900_00001.nii.gz,5f9c5011a2300dc2744143f1b1d862a31288fbc2,801506,True,True,False,True,False,PANORAMA_LOCAL,PRIMARY_MODEL_DEVELOPMENT,False,True,RADIOLOGY_NO_DOCUMENTED_FOLLOWUP,SIEMENS,AUXILIARY_AUTOMATIC_MASK_ONLY,False,False,False,internal_test,-1,Y0_M0_SSIEMENS,internal_test,False,False,False,True,False
912,100901,100901_00001,2015-03-04 00:00:00,078Y,78.0,F,SIEMENS,non-PDAC,0,radiology,False,1,False,1,True,automatic,automatic_labels/100901_00001.nii.gz,b0fcb5100465badbc5a02c8b92020a75bcee6bc8,661955,True,True,False,True,False,PANORAMA_LOCAL,PRIMARY_MODEL_DEVELOPMENT,False,True,RADIOLOGY_NO_DOCUMENTED_FOLLOWUP,SIEMENS,AUXILIARY_AUTOMATIC_MASK_ONLY,False,False,False,internal_test,-1,Y0_M0_SSIEMENS,internal_test,False,False,False,True,False
913,100902,100902_00001,2015-11-18 00:00:00,028Y,28.0,M,SIEMENS,non-PDAC,0,radiology,False,1,False,1,True,automatic,automatic_labels/100902_00001.nii.gz,7aab1e6b97fed27faf3d72fc959566f99c33bdbd,341759,True,True,False,True,False,PANORAMA_LOCAL,PRIMARY_MODEL_DEVELOPMENT,False,True,RADIOLOGY_NO_DOCUMENTED_FOLLOWUP,SIEMENS,AUXILIARY_AUTOMATIC_MASK_ONLY,False,False,False,train,0,Y0_M0_SSIEMENS,train,True,False,False,False,False
914,100903,100903_00001,2014-02-09 00:00:00,080Y,80.0,F,SIEMENS,PDAC,1,cytology,False,1,False,1,True,automatic,automatic_labels/100903_00001.nii.gz,ef78464b6df3be26dce65c86989fa8f15ae7c76f,588781,True,True,False,True,False,PANORAMA_LOCAL,PRIMARY_MODEL_DEVELOPMENT,False,True,CYTOLOGY_CONFIRMED,SIEMENS,AUXILIARY_AUTOMATIC_MASK_ONLY,False,False,False,train,4,Y1_M0_SSIEMENS,train,True,False,False,False,False
915,100904,100904_00001,2021-08-12 00:00:00,068Y,68.0,F,SIEMENS,PDAC,1,histopathology,False,1,False,1,True,automatic,automatic_labels/100904_00001.nii.gz,8b5cb458724e2e9a4f85a14ad29c42b6256c75cd,451646,True,True,False,True,False,PANORAMA_LOCAL,PRIMARY_MODEL_DEVELOPMENT,False,True,TISSUE_CONFIRMED,SIEMENS,AUXILIARY_AUTOMATIC_MASK_ONLY,False,False,False,validation,-1,Y1_M0_SSIEMENS,validation,False,True,True,False,False
916,100905,100905_00001,2022-03-24 00:00:00,074Y,74.0,F,GE MEDICAL SYSTEMS,PDAC,1,cytology,False,1,False,1,True,automatic,automatic_labels/100905_00001.nii.gz,3e1aabcfd477624ee88900cb4b62bbcdfaee92ec,173131,True,True,False,True,False,PANORAMA_LOCAL,PRIMARY_MODEL_DEVELOPMENT,False,True,CYTOLOGY_CONFIRMED,GE MEDICAL SYSTEMS,AUXILIARY_AUTOMATIC_MASK_ONLY,False,False,False,train,2,Y1_M0,train,True,False,False,False,False
917,100906,100906_00001,2015-11-12 00:00:00,061Y,61.0,F,SIEMENS,non-PDAC,0,radiology,False,1,False,1,True,automatic,automatic_labels/100906_00001.nii.gz,3469246b9f192763b1554375049af856254428ad,301365,True,True,False,True,False,PANORAMA_LOCAL,PRIMARY_MODEL_DEVELOPMENT,False,True,RADIOLOGY_NO_DOCUMENTED_FOLLOWUP,SIEMENS,AUXILIARY_AUTOMATIC_MASK_ONLY,False,False,False,internal_test,-1,Y0_M0_SSIEMENS,internal_test,False,False,False,True,False
918,100907,100907_00001,2016-10-30 00:00:00,074Y,74.0,M,SIEMENS,non-PDAC,0,radiology,False,1,False,1,True,automatic,automatic_labels/100907_00001.nii.gz,6a1b6d51271e8ca01d3bff9dd5039c8ea18031eb,1294566,True,True,False,True,False,PANORAMA_LOCAL,PRIMARY_MODEL_DEVELOPMENT,False,True,RADIOLOGY_NO_DOCUMENTED_FOLLOWUP,SIEMENS,AUXILIARY_AUTOMATIC_MASK_ONLY,False,False,False,train,1,Y0_M0_SSIEMENS,train,True,False,False,False,False
919,100908,100908_00001,2018-11-29 00:00:00,051Y,51.0,F,Philips,PDAC,1,cytology,False,1,False,1,True,automatic,automatic_labels/100908_00001.nii.gz,f906eee0752fc6e1aaf917b6c3ce6202bb7a2d8b,304429,True,True,False,True,False,PANORAMA_LOCAL,PRIMARY_MODEL_DEVELOPMENT,False,True,CYTOLOGY_CONFIRMED,Philips,AUXILIARY_AUTOMATIC_MASK_ONLY,False,False,False,validation,-1,Y1_M0_SPhilips,validation,False,True,True,False,False
920,100909,100909_00001,2016-01-11 00:00:00,079Y,79.0,F,TOSHIBA,non-PDAC,0,radiology,False,1,False,1,True,automatic,automatic_labels/100909_00001.nii.gz,61f1b2691a12ba23793283d9612e2b0bfcb6e542,349475,True,True,False,True,False,PANORAMA_LOCAL,PRIMARY_MODEL_DEVELOPMENT,False,True,RADIOLOGY_NO_DOCUMENTED_FOLLOWUP,TOSHIBA,AUXILIARY_AUTOMATIC_MASK_ONLY,False,False,False,train,0,Y0_M0_STOSHIBA,train,True,False,False,False,False
921,100910,100910_00001,2014-11-13 00:00:00,042Y,42.0,M,TOSHIBA,non-PDAC,0,radiology,False,1,False,1,True,automatic,automatic_labels/100910_00001.nii.gz,f3ff6a2ffa799e40227c6aae36a1dcdf8860fe27,233551,True,True,False,True,False,PANORAMA_LOCAL,PRIMARY_MODEL_DEVELOPMENT,False,True,RADIOLOGY_NO_DOCUMENTED_FOLLOWUP,TOSHIBA,AUXILIARY_AUTOMATIC_MASK_ONLY,False,False,False,train,3,Y0_M0_STOSHIBA,train,True,False,False,False,False
922,100911,100911_00001,2019-07-10 00:00:00,076Y,76.0,F,GE MEDICAL SYSTEMS,non-PDAC,0,pathology,False,1,False,1,True,automatic,automatic_labels/100911_00001.nii.gz,138735d90e63e86e11b1a3bf679c5c433a5c6da3,2110317,True,True,False,True,False,PANORAMA_LOCAL,PRIMARY_MODEL_DEVELOPMENT,False,True,TISSUE_CONFIRMED,GE MEDICAL SYSTEMS,AUXILIARY_AUTOMATIC_MASK_ONLY,False,False,False,train,3,Y0_M0_SGE MEDICAL SYSTEMS,train,True,False,False,False,False
923,100912,100912_00001,2014-03-18 00:00:00,085Y,85.0,F,SIEMENS,PDAC,1,pathology,False,1,False,1,True,manual,manual_labels/100912_00001.nii.gz,f648f7476e6895aa4a77195c391c26ee32b6431a,198603,True,True,True,False,True,PANORAMA_LOCAL,PRIMARY_MODEL_DEVELOPMENT,False,True,TISSUE_CONFIRMED,SIEMENS,PRIMARY_MANUAL_PDAC_REFERENCE,False,False,False,train,2,Y1_M1_SSIEMENS,train,True,False,False,False,False
924,100913,100913_00001,,,,,,PDAC,1,MSD_dataset,True,1,False,1,True,manual,manual_labels/100913_00001.nii.gz,95893b1ed379f6e8c112bfed05d3d50ce41d7655,115506,True,True,True,False,True,MSD_EXTERNAL_MIXED,LOCKED_EXTERNAL_MIXED_TEST,True,False,MSD_DATASET_DERIVED,[MISSING],PRIMARY_MANUAL_PDAC_REFERENCE,True,True,False,,-1,,external_msd_test,False,False,False,True,True
925,100914,100914_00001,2015-10-24 00:00:00,053Y,53.0,M,Philips,non-PDAC,0,histopathology,False,1,False,1,True,automatic,automatic_labels/100914_00001.nii.gz,aed96ab824b03b0fae0be283465deb904aa7519f,290492,True,True,False,True,False,PANORAMA_LOCAL,PRIMARY_MODEL_DEVELOPMENT,False,True,TISSUE_CONFIRMED,Philips,AUXILIARY_AUTOMATIC_MASK_ONLY,False,False,False,train,3,Y0_M0_SPhilips,train,True,False,False,False,False
926,100915,100915_00001,2022-07-18 00:00:00,053Y,53.0,F,SIEMENS,PDAC,1,pathology,False,1,False,1,True,manual,manual_labels/100915_00001.nii.gz,5f73a3c15430ae2fe19f62ce9f870c28b1abc0dd,1741003,True,True,True,False,True,PANORAMA_LOCAL,PRIMARY_MODEL_DEVELOPMENT,False,True,TISSUE_CONFIRMED,SIEMENS,PRIMARY_MANUAL_PDAC_REFERENCE,False,False,False,train,3,Y1_M1_SSIEMENS,train,True,False,False,False,False
927,100916,100916_00001,2014-08-24 00:00:00,071Y,71.0,M,SIEMENS,non-PDAC,0,radiology,False,1,False,1,True,automatic,automatic_labels/100916_00001.nii.gz,31c9db2d41e19160f59c41d4c9dc6cdc168968a5,360003,True,True,False,True,False,PANORAMA_LOCAL,PRIMARY_MODEL_DEVELOPMENT,False,True,RADIOLOGY_NO_DOCUMENTED_FOLLOWUP,SIEMENS,AUXILIARY_AUTOMATIC_MASK_ONLY,False,False,False,validation,-1,Y0_M0_SSIEMENS,validation,False,True,True,False,False
928,100917,100917_00001,2014-09-26 00:00:00,063Y,63.0,F,TOSHIBA,non-PDAC,0,radiology,False,1,False,1,True,automatic,automatic_labels/100917_00001.nii.gz,16db49e2a28b6709ddfaa600600359d79b3c9595,1132848,True,True,False,True,False,PANORAMA_LOCAL,PRIMARY_MODEL_DEVELOPMENT,False,True,RADIOLOGY_NO_DOCUMENTED_FOLLOWUP,TOSHIBA,AUXILIARY_AUTOMATIC_MASK_ONLY,False,False,False,internal_test,-1,Y0_M0_STOSHIBA,internal_test,False,False,False,True,False
929,100918,100918_00001,2012-10-09 00:00:00,081Y,81.0,F,SIEMENS,non-PDAC,0,pathology,False,1,False,1,True,automatic,automatic_labels/100918_00001.nii.gz,3baf4f828d986f7ede1a596f7a21833734ee37d6,693672,True,True,False,True,False,PANORAMA_LOCAL,PRIMARY_MODEL_DEVELOPMENT,False,True,TISSUE_CONFIRMED,SIEMENS,AUXILIARY_AUTOMATIC_MASK_ONLY,False,False,False,train,1,Y0_M0_SSIEMENS,train,True,False,False,False,False
930,100919,100919_00001,2022-03-11 00:00:00,082Y,82.0,M,SIEMENS,PDAC,1,cytology,False,1,False,1,True,manual,manual_labels/100919_00001.nii.gz,4e06bef92c76a5079684f19db0d913392b6a2131,487437,True,True,True,False,True,PANORAMA_LOCAL,PRIMARY_MODEL_DEVELOPMENT,False,True,CYTOLOGY_CONFIRMED,SIEMENS,PRIMARY_MANUAL_PDAC_REFERENCE,False,False,False,train,3,Y1_M1_SSIEMENS,train,True,False,False,False,False
931,100920,100920_00001,2016-12-26 00:00:00,061Y,61.0,F,TOSHIBA,non-PDAC,0,radiology,False,1,False,1,True,automatic,automatic_labels/100920_00001.nii.gz,a754fa767a32be199f8a62c4d26b3080b467ac4f,588791,True,True,False,True,False,PANORAMA_LOCAL,PRIMARY_MODEL_DEVELOPMENT,False,True,RADIOLOGY_NO_DOCUMENTED_FOLLOWUP,TOSHIBA,AUXILIARY_AUTOMATIC_MASK_ONLY,False,False,False,train,3,Y0_M0_STOSHIBA,train,True,False,False,False,False
932,100921,100921_00001,2016-08-30 00:00:00,069Y,69.0,F,TOSHIBA,non-PDAC,0,radiology,False,1,False,1,True,automatic,automatic_labels/100921_00001.nii.gz,e9cc5be21632b51e414ab62415cef445cf6e686d,341211,True,True,False,True,False,PANORAMA_LOCAL,PRIMARY_MODEL_DEVELOPMENT,False,True,RADIOLOGY_NO_DOCUMENTED_FOLLOWUP,TOSHIBA,AUXILIARY_AUTOMATIC_MASK_ONLY,False,False,False,train,1,Y0_M0_STOSHIBA,train,True,False,False,False,False
933,100922,100922_00001,2016-08-18 00:00:00,056Y,56.0,M,SIEMENS,non-PDAC,0,radiology,False,1,False,1,True,automatic,automatic_labels/100922_00001.nii.gz,65b9da7d9c31ea907ccc6ac43ef6986b5b7da53a,485685,True,True,False,True,False,PANORAMA_LOCAL,PRIMARY_MODEL_DEVELOPMENT,False,True,RADIOLOGY_NO_DOCUMENTED_FOLLOWUP,SIEMENS,AUXILIARY_AUTOMATIC_MASK_ONLY,False,False,False,train,0,Y0_M0_SSIEMENS,train,True,False,False,False,False
934,100923,100923_00001,2016-08-30 00:00:00,067Y,67.0,M,SIEMENS,non-PDAC,0,radiology,False,1,False,1,True,automatic,automatic_labels/100923_00001.nii.gz,884b4229511dd67e22011ab7d0168ec48fcc6915,728877,True,True,False,True,False,PANORAMA_LOCAL,PRIMARY_MODEL_DEVELOPMENT,False,True,RADIOLOGY_NO_DOCUMENTED_FOLLOWUP,SIEMENS,AUXILIARY_AUTOMATIC_MASK_ONLY,False,False,False,train,3,Y0_M0_SSIEMENS,train,True,False,False,False,False
935,100924,100924_00001,,,,,,non-PDAC,0,MSD_dataset,True,1,False,1,True,automatic,automatic_labels/100924_00001.nii.gz,f1d34319eb1c4630a3f466472a61f487a2b55ded,180569,True,True,False,True,False,MSD_EXTERNAL_MIXED,LOCKED_EXTERNAL_MIXED_TEST,True,False,MSD_DATASET_DERIVED,[MISSING],AUXILIARY_AUTOMATIC_MASK_ONLY,True,False,False,,-1,,external_msd_test,False,False,False,True,False
936,100925,100925_00001,2016-06-02 00:00:00,039Y,39.0,M,TOSHIBA,non-PDAC,0,radiology,False,1,False,1,True,automatic,automatic_labels/100925_00001.nii.gz,d59e57d292fdb22a184146d6103724e83ae20f00,218008,True,True,False,True,False,PANORAMA_LOCAL,PRIMARY_MODEL_DEVELOPMENT,False,True,RADIOLOGY_NO_DOCUMENTED_FOLLOWUP,TOSHIBA,AUXILIARY_AUTOMATIC_MASK_ONLY,False,False,False,train,1,Y0_M0_STOSHIBA,train,True,False,False,False,False
937,100926,100926_00001,2018-03-20 00:00:00,063Y,63.0,M,Philips,PDAC,1,radiology,False,1,False,1,True,automatic,automatic_labels/100926_00001.nii.gz,ce1936834b69411c6ef56746755cab92ef085535,468146,True,True,False,True,False,PANORAMA_LOCAL,PRIMARY_MODEL_DEVELOPMENT,False,True,RADIOLOGY_NO_DOCUMENTED_FOLLOWUP,Philips,AUXILIARY_AUTOMATIC_MASK_ONLY,False,False,False,train,1,Y1_M0_SPhilips,train,True,False,False,False,False
938,100927,100927_00001,,,,,,non-PDAC,0,MSD_dataset,True,1,False,1,True,automatic,automatic_labels/100927_00001.nii.gz,b0dbd6b7b67aedc480b4dd48a433feb6d2ba89cf,225277,True,True,False,True,False,MSD_EXTERNAL_MIXED,LOCKED_EXTERNAL_MIXED_TEST,True,False,MSD_DATASET_DERIVED,[MISSING],AUXILIARY_AUTOMATIC_MASK_ONLY,True,False,False,,-1,,external_msd_test,False,False,False,True,False
939,100928,100928_00001,2022-02-26 00:00:00,074Y,74.0,F,TOSHIBA,PDAC,1,cytology,False,1,False,1,True,manual,manual_labels/100928_00001.nii.gz,b05d42be50da47e1109cfadf1bdfe5bd1f47aba4,137016,True,True,True,False,True,PANORAMA_LOCAL,PRIMARY_MODEL_DEVELOPMENT,False,True,CYTOLOGY_CONFIRMED,TOSHIBA,PRIMARY_MANUAL_PDAC_REFERENCE,False,False,False,train,4,Y1_M1_STOSHIBA,train,True,False,False,False,False
940,100929,100929_00001,2017-02-27 00:00:00,052Y,52.0,M,TOSHIBA,non-PDAC,0,radiology,False,1,False,1,True,automatic,automatic_labels/100929_00001.nii.gz,758581211628c759820f2a898f7420742e5da5ed,232763,True,True,False,True,False,PANORAMA_LOCAL,PRIMARY_MODEL_DEVELOPMENT,False,True,RADIOLOGY_NO_DOCUMENTED_FOLLOWUP,TOSHIBA,AUXILIARY_AUTOMATIC_MASK_ONLY,False,False,False,train,2,Y0_M0_STOSHIBA,train,True,False,False,False,False
941,100930,100930_00001,,,,,,non-PDAC,0,MSD_dataset,True,1,False,1,True,automatic,automatic_labels/100930_00001.nii.gz,4ad29b786c146aac07d8d5b8acb293b984a52c90,237883,True,True,False,True,False,MSD_EXTERNAL_MIXED,LOCKED_EXTERNAL_MIXED_TEST,True,False,MSD_DATASET_DERIVED,[MISSING],AUXILIARY_AUTOMATIC_MASK_ONLY,True,False,False,,-1,,external_msd_test,False,False,False,True,False
942,100931,100931_00001,2021-08-24 00:00:00,061Y,61.0,F,Philips,PDAC,1,pathology,False,1,False,1,True,manual,manual_labels/100931_00001.nii.gz,3f002368659ec6c32a3fc065a6632ddf2e1d3812,269036,True,True,True,False,True,PANORAMA_LOCAL,PRIMARY_MODEL_DEVELOPMENT,False,True,TISSUE_CONFIRMED,Philips,PRIMARY_MANUAL_PDAC_REFERENCE,False,False,False,train,2,Y1_M1_SPhilips,train,True,False,False,False,False
943,100932,100932_00001,2014-09-20 00:00:00,081Y,81.0,M,Philips,PDAC,1,cytology,False,1,False,1,True,manual,manual_labels/100932_00001.nii.gz,8e090c63a7bcaa4e8a715a6b6798525b9fab3efb,317202,True,True,True,False,True,PANORAMA_LOCAL,PRIMARY_MODEL_DEVELOPMENT,False,True,CYTOLOGY_CONFIRMED,Philips,PRIMARY_MANUAL_PDAC_REFERENCE,False,False,False,validation,-1,Y1_M1_SPhilips,validation,False,True,True,False,False
944,100933,100933_00001,2018-08-24 00:00:00,063Y,63.0,F,Philips,PDAC,1,histopathology,False,1,False,1,True,automatic,automatic_labels/100933_00001.nii.gz,b13b653f06213f0c2c22b7eeb59279ffb627857f,428897,True,True,False,True,False,PANORAMA_LOCAL,PRIMARY_MODEL_DEVELOPMENT,False,True,TISSUE_CONFIRMED,Philips,AUXILIARY_AUTOMATIC_MASK_ONLY,False,False,False,train,1,Y1_M0_SPhilips,train,True,False,False,False,False
945,100934,100934_00001,2012-09-13 00:00:00,064Y,64.0,F,Philips,PDAC,1,cytology,False,1,False,1,True,automatic,automatic_labels/100934_00001.nii.gz,1dacca67617ef6d7203418ce731b01d23e8e0e65,1226590,True,True,False,True,False,PANORAMA_LOCAL,PRIMARY_MODEL_DEVELOPMENT,False,True,CYTOLOGY_CONFIRMED,Philips,AUXILIARY_AUTOMATIC_MASK_ONLY,False,False,False,internal_test,-1,Y1_M0_SPhilips,internal_test,False,False,False,True,False
946,100935,100935_00001,2015-11-17 00:00:00,,,,,non-PDAC,0,NIH_dataset,True,1,False,1,True,automatic,automatic_labels/100935_00001.nii.gz,693543a0fcbb998460a1258f28c414257b11ad1d,677360,True,True,False,True,False,NIH_NEGATIVE_STRESS,LOCKED_NEGATIVE_SPECIFICITY_STRESS_TEST,True,False,NIH_DATASET_DERIVED,[MISSING],AUXILIARY_AUTOMATIC_MASK_ONLY,False,False,True,,-1,,nih_negative_stress_test,False,False,False,True,False
947,100936,100936_00001,2021-12-05 00:00:00,059Y,59.0,M,TOSHIBA,PDAC,1,histopathology,False,1,False,1,True,manual,manual_labels/100936_00001.nii.gz,97f86378140d1de9fd6b49d5400758ae035856ac,926782,True,True,True,False,True,PANORAMA_LOCAL,PRIMARY_MODEL_DEVELOPMENT,False,True,TISSUE_CONFIRMED,TOSHIBA,PRIMARY_MANUAL_PDAC_REFERENCE,False,False,False,train,4,Y1_M1_STOSHIBA,train,True,False,False,False,False
948,100937,100937_00001,2015-05-01 00:00:00,084Y,84.0,M,TOSHIBA,non-PDAC,0,pathology,False,1,False,1,True,automatic,automatic_labels/100937_00001.nii.gz,d8c92491c145f4ac51c26ae400a462285fe051be,1332180,True,True,False,True,False,PANORAMA_LOCAL,PRIMARY_MODEL_DEVELOPMENT,False,True,TISSUE_CONFIRMED,TOSHIBA,AUXILIARY_AUTOMATIC_MASK_ONLY,False,False,False,train,2,Y0_M0_STOSHIBA,train,True,False,False,False,False
949,100938,100938_00001,2016-12-01 00:00:00,047Y,47.0,F,TOSHIBA,non-PDAC,0,radiology,False,1,False,1,True,automatic,automatic_labels/100938_00001.nii.gz,596c7cd82d58e67fb888f849c2e38272503a30d9,243204,True,True,False,True,False,PANORAMA_LOCAL,PRIMARY_MODEL_DEVELOPMENT,False,True,RADIOLOGY_NO_DOCUMENTED_FOLLOWUP,TOSHIBA,AUXILIARY_AUTOMATIC_MASK_ONLY,False,False,False,validation,-1,Y0_M0_STOSHIBA,validation,False,True,True,False,False
950,100939,100939_00001,2020-08-31 00:00:00,077Y,77.0,M,SIEMENS,non-PDAC,0,pathology,False,1,False,1,True,automatic,automatic_labels/100939_00001.nii.gz,2545b4dc1e7cb1d6d13a51e87b6ff6e2a637bd65,1734384,True,True,False,True,False,PANORAMA_LOCAL,PRIMARY_MODEL_DEVELOPMENT,False,True,TISSUE_CONFIRMED,SIEMENS,AUXILIARY_AUTOMATIC_MASK_ONLY,False,False,False,train,1,Y0_M0_SSIEMENS,train,True,False,False,False,False
951,100940,100940_00001,2015-12-28 00:00:00,089Y,89.0,F,SIEMENS,non-PDAC,0,radiology,False,1,False,1,True,automatic,automatic_labels/100940_00001.nii.gz,ec09c98efbca7b01a75a2ea6fe0388e869292579,572534,True,True,False,True,False,PANORAMA_LOCAL,PRIMARY_MODEL_DEVELOPMENT,False,True,RADIOLOGY_NO_DOCUMENTED_FOLLOWUP,SIEMENS,AUXILIARY_AUTOMATIC_MASK_ONLY,False,False,False,train,2,Y0_M0_SSIEMENS,train,True,False,False,False,False
952,100941,100941_00001,2010-02-05 00:00:00,072Y,72.0,M,GE MEDICAL SYSTEMS,PDAC,1,pathology,False,1,False,1,True,manual,manual_labels/100941_00001.nii.gz,d6f4ba76ff0ea29f2d70eb6929474f30aab0919a,104502,True,True,True,False,True,PANORAMA_LOCAL,PRIMARY_MODEL_DEVELOPMENT,False,True,TISSUE_CONFIRMED,GE MEDICAL SYSTEMS,PRIMARY_MANUAL_PDAC_REFERENCE,False,False,False,internal_test,-1,Y1_M1_SGE MEDICAL SYSTEMS,internal_test,False,False,False,True,True
953,100942,100942_00001,2021-08-18 00:00:00,076Y,76.0,F,SIEMENS,PDAC,1,pathology,False,1,False,1,True,manual,manual_labels/100942_00001.nii.gz,03f2ff858057d8e2278f94f678bd0415ffb5e5a7,699890,True,True,True,False,True,PANORAMA_LOCAL,PRIMARY_MODEL_DEVELOPMENT,False,True,TISSUE_CONFIRMED,SIEMENS,PRIMARY_MANUAL_PDAC_REFERENCE,False,False,False,train,2,Y1_M1_SSIEMENS,train,True,False,False,False,False
954,100943,100943_00001,,,,,,PDAC,1,MSD_dataset,True,1,False,1,True,automatic,automatic_labels/100943_00001.nii.gz,2f0134a0400f508fb4d246c18597cb2a47c66b30,176083,True,True,False,True,False,MSD_EXTERNAL_MIXED,LOCKED_EXTERNAL_MIXED_TEST,True,False,MSD_DATASET_DERIVED,[MISSING],AUXILIARY_AUTOMATIC_MASK_ONLY,True,False,False,,-1,,external_msd_test,False,False,False,True,False
955,100944,100944_00001,2018-04-26 00:00:00,056Y,56.0,F,TOSHIBA,non-PDAC,0,radiology,False,1,False,1,True,automatic,automatic_labels/100944_00001.nii.gz,d59d136dfdb41ae16a3b98fd42163dd01c315b3f,530815,True,True,False,True,False,PANORAMA_LOCAL,PRIMARY_MODEL_DEVELOPMENT,False,True,RADIOLOGY_NO_DOCUMENTED_FOLLOWUP,TOSHIBA,AUXILIARY_AUTOMATIC_MASK_ONLY,False,False,False,internal_test,-1,Y0_M0_STOSHIBA,internal_test,False,False,False,True,False
956,100945,100945_00001,2016-09-23 00:00:00,042Y,42.0,M,SIEMENS,non-PDAC,0,radiology,False,1,False,1,True,automatic,automatic_labels/100945_00001.nii.gz,69359f268263edc9c6d53ca393cda0365ac64b74,714463,True,True,False,True,False,PANORAMA_LOCAL,PRIMARY_MODEL_DEVELOPMENT,False,True,RADIOLOGY_NO_DOCUMENTED_FOLLOWUP,SIEMENS,AUXILIARY_AUTOMATIC_MASK_ONLY,False,False,False,train,4,Y0_M0_SSIEMENS,train,True,False,False,False,False
957,100946,100946_00001,2015-12-20 00:00:00,083Y,83.0,F,SIEMENS,non-PDAC,0,radiology,False,1,False,1,True,automatic,automatic_labels/100946_00001.nii.gz,3dc4c1ef1fee3934ec6bc872a3ae1f17d1b68239,617987,True,True,False,True,False,PANORAMA_LOCAL,PRIMARY_MODEL_DEVELOPMENT,False,True,RADIOLOGY_NO_DOCUMENTED_FOLLOWUP,SIEMENS,AUXILIARY_AUTOMATIC_MASK_ONLY,False,False,False,train,1,Y0_M0_SSIEMENS,train,True,False,False,False,False
958,100947,100947_00001,2017-03-05 00:00:00,069Y,69.0,M,SIEMENS,non-PDAC,0,radiology,False,1,False,1,True,automatic,automatic_labels/100947_00001.nii.gz,129d82a597d72a162597bdc80877171e78a3d9cf,657075,True,True,False,True,False,PANORAMA_LOCAL,PRIMARY_MODEL_DEVELOPMENT,False,True,RADIOLOGY_NO_DOCUMENTED_FOLLOWUP,SIEMENS,AUXILIARY_AUTOMATIC_MASK_ONLY,False,False,False,train,2,Y0_M0_SSIEMENS,train,True,False,False,False,False
959,100948,100948_00001,2015-05-23 00:00:00,067Y,67.0,M,SIEMENS,PDAC,1,cytology,False,1,False,1,True,automatic,automatic_labels/100948_00001.nii.gz,04f68331445be6c4c688564b2350882a18f10fe1,514486,True,True,False,True,False,PANORAMA_LOCAL,PRIMARY_MODEL_DEVELOPMENT,False,True,CYTOLOGY_CONFIRMED,SIEMENS,AUXILIARY_AUTOMATIC_MASK_ONLY,False,False,False,internal_test,-1,Y1_M0_SSIEMENS,internal_test,False,False,False,True,False
960,100949,100949_00001,2017-03-14 00:00:00,077Y,77.0,M,TOSHIBA,non-PDAC,0,radiology,False,1,False,1,True,automatic,automatic_labels/100949_00001.nii.gz,871156e629887447986b53a17ea0498d0957c4b1,226685,True,True,False,True,False,PANORAMA_LOCAL,PRIMARY_MODEL_DEVELOPMENT,False,True,RADIOLOGY_NO_DOCUMENTED_FOLLOWUP,TOSHIBA,AUXILIARY_AUTOMATIC_MASK_ONLY,False,False,False,internal_test,-1,Y0_M0_STOSHIBA,internal_test,False,False,False,True,False
961,100950,100950_00001,2011-04-09 00:00:00,068Y,68.0,M,SIEMENS,PDAC,1,radiology,False,1,False,1,True,automatic,automatic_labels/100950_00001.nii.gz,102840c93e16d7203a1fbfdd6608efa8b6ad683d,452061,True,True,False,True,False,PANORAMA_LOCAL,PRIMARY_MODEL_DEVELOPMENT,False,True,RADIOLOGY_NO_DOCUMENTED_FOLLOWUP,SIEMENS,AUXILIARY_AUTOMATIC_MASK_ONLY,False,False,False,train,1,Y1_M0_SSIEMENS,train,True,False,False,False,False
962,100951,100951_00001,2016-02-10 00:00:00,070Y,70.0,F,SIEMENS,non-PDAC,0,radiology,False,1,False,1,True,automatic,automatic_labels/100951_00001.nii.gz,1a4b412b3abfa8681d5e42183769157262f6dbf3,534939,True,True,False,True,False,PANORAMA_LOCAL,PRIMARY_MODEL_DEVELOPMENT,False,True,RADIOLOGY_NO_DOCUMENTED_FOLLOWUP,SIEMENS,AUXILIARY_AUTOMATIC_MASK_ONLY,False,False,False,internal_test,-1,Y0_M0_SSIEMENS,internal_test,False,False,False,True,False
963,100952,100952_00001,2016-09-19 00:00:00,051Y,51.0,F,SIEMENS,non-PDAC,0,radiology,False,1,False,1,True,automatic,automatic_labels/100952_00001.nii.gz,d1979e805743860378c43e3be48b9349cd67ec59,648001,True,True,False,True,False,PANORAMA_LOCAL,PRIMARY_MODEL_DEVELOPMENT,False,True,RADIOLOGY_NO_DOCUMENTED_FOLLOWUP,SIEMENS,AUXILIARY_AUTOMATIC_MASK_ONLY,False,False,False,train,1,Y0_M0_SSIEMENS,train,True,False,False,False,False
964,100953,100953_00001,2016-04-17 00:00:00,062Y,62.0,F,TOSHIBA,non-PDAC,0,radiology,False,1,False,1,True,automatic,automatic_labels/100953_00001.nii.gz,5a5bbbf07fc68a8c3d3f9c65b74edf4ed9488952,229992,True,True,False,True,False,PANORAMA_LOCAL,PRIMARY_MODEL_DEVELOPMENT,False,True,RADIOLOGY_NO_DOCUMENTED_FOLLOWUP,TOSHIBA,AUXILIARY_AUTOMATIC_MASK_ONLY,False,False,False,train,1,Y0_M0_STOSHIBA,train,True,False,False,False,False
965,100954,100954_00001,2016-10-23 00:00:00,047Y,47.0,M,TOSHIBA,non-PDAC,0,radiology,False,1,False,1,True,automatic,automatic_labels/100954_00001.nii.gz,6271515f6203da1524fcf758b1c55062486ce899,597442,True,True,False,True,False,PANORAMA_LOCAL,PRIMARY_MODEL_DEVELOPMENT,False,True,RADIOLOGY_NO_DOCUMENTED_FOLLOWUP,TOSHIBA,AUXILIARY_AUTOMATIC_MASK_ONLY,False,False,False,validation,-1,Y0_M0_STOSHIBA,validation,False,True,True,False,False
966,100955,100955_00001,2017-11-30 00:00:00,073Y,73.0,M,TOSHIBA,non-PDAC,0,radiology,False,1,False,1,True,automatic,automatic_labels/100955_00001.nii.gz,edab1b6498dd87f35b0a38fe9be2a6d74b6a4615,368256,True,True,False,True,False,PANORAMA_LOCAL,PRIMARY_MODEL_DEVELOPMENT,False,True,RADIOLOGY_NO_DOCUMENTED_FOLLOWUP,TOSHIBA,AUXILIARY_AUTOMATIC_MASK_ONLY,False,False,False,train,1,Y0_M0_STOSHIBA,train,True,False,False,False,False
967,100956,100956_00001,2014-05-20 00:00:00,066Y,66.0,M,TOSHIBA,PDAC,1,histopathology,False,1,False,1,True,automatic,automatic_labels/100956_00001.nii.gz,21b174faac75d339df1f2545853071def8c0e776,1682628,True,True,False,True,False,PANORAMA_LOCAL,PRIMARY_MODEL_DEVELOPMENT,False,True,TISSUE_CONFIRMED,TOSHIBA,AUXILIARY_AUTOMATIC_MASK_ONLY,False,False,False,train,0,Y1_M0_STOSHIBA,train,True,False,False,False,False
968,100957,100957_00001,2015-11-20 00:00:00,,,,,non-PDAC,0,NIH_dataset,True,1,False,1,True,automatic,automatic_labels/100957_00001.nii.gz,ea9d6325a43c2ca0b71d041df4d6fbc910dc5354,422725,True,True,False,True,False,NIH_NEGATIVE_STRESS,LOCKED_NEGATIVE_SPECIFICITY_STRESS_TEST,True,False,NIH_DATASET_DERIVED,[MISSING],AUXILIARY_AUTOMATIC_MASK_ONLY,False,False,True,,-1,,nih_negative_stress_test,False,False,False,True,False
969,100958,100958_00001,2020-04-05 00:00:00,053Y,53.0,M,Philips,PDAC,1,cytology,False,1,False,1,True,manual,manual_labels/100958_00001.nii.gz,fd8786c7fa95f01a6a6e86b739d73eb0176cab92,125271,True,True,True,False,True,PANORAMA_LOCAL,PRIMARY_MODEL_DEVELOPMENT,False,True,CYTOLOGY_CONFIRMED,Philips,PRIMARY_MANUAL_PDAC_REFERENCE,False,False,False,train,4,Y1_M1_SPhilips,train,True,False,False,False,False
970,100959,100959_00001,2015-08-02 00:00:00,055Y,55.0,M,TOSHIBA,PDAC,1,radiology,False,1,False,1,True,automatic,automatic_labels/100959_00001.nii.gz,bad187827c3e79f655f9fc8157ff90bd7595aaed,883750,True,True,False,True,False,PANORAMA_LOCAL,PRIMARY_MODEL_DEVELOPMENT,False,True,RADIOLOGY_NO_DOCUMENTED_FOLLOWUP,TOSHIBA,AUXILIARY_AUTOMATIC_MASK_ONLY,False,False,False,internal_test,-1,Y1_M0_STOSHIBA,internal_test,False,False,False,True,False
971,100960,100960_00001,2017-05-18 00:00:00,073Y,73.0,M,SIEMENS,non-PDAC,0,radiology,False,1,False,1,True,automatic,automatic_labels/100960_00001.nii.gz,2c18c55027f193cc686512bd2ed19589e6bb0b01,835023,True,True,False,True,False,PANORAMA_LOCAL,PRIMARY_MODEL_DEVELOPMENT,False,True,RADIOLOGY_NO_DOCUMENTED_FOLLOWUP,SIEMENS,AUXILIARY_AUTOMATIC_MASK_ONLY,False,False,False,train,4,Y0_M0_SSIEMENS,train,True,False,False,False,False
972,100961,100961_00001,2016-03-24 00:00:00,056Y,56.0,M,TOSHIBA,non-PDAC,0,radiology,False,1,False,1,True,automatic,automatic_labels/100961_00001.nii.gz,bc657894a1ca7faddd55c2ba1fb10f742488f8c5,297209,True,True,False,True,False,PANORAMA_LOCAL,PRIMARY_MODEL_DEVELOPMENT,False,True,RADIOLOGY_NO_DOCUMENTED_FOLLOWUP,TOSHIBA,AUXILIARY_AUTOMATIC_MASK_ONLY,False,False,False,train,3,Y0_M0_STOSHIBA,train,True,False,False,False,False
973,100962,100962_00001,2016-01-13 00:00:00,059Y,59.0,F,SIEMENS,non-PDAC,0,radiology,False,1,False,1,True,automatic,automatic_labels/100962_00001.nii.gz,bfc3cf83bc08a5785baa2fdc5996816127f313c3,586247,True,True,False,True,False,PANORAMA_LOCAL,PRIMARY_MODEL_DEVELOPMENT,False,True,RADIOLOGY_NO_DOCUMENTED_FOLLOWUP,SIEMENS,AUXILIARY_AUTOMATIC_MASK_ONLY,False,False,False,validation,-1,Y0_M0_SSIEMENS,validation,False,True,True,False,False
974,100963,100963_00001,2014-01-21 00:00:00,080Y,80.0,M,SIEMENS,non-PDAC,0,radiology,False,1,False,1,True,automatic,automatic_labels/100963_00001.nii.gz,c64eaa9c15bd166ee69507c17ea27b0eabb985f2,349938,True,True,False,True,False,PANORAMA_LOCAL,PRIMARY_MODEL_DEVELOPMENT,False,True,RADIOLOGY_NO_DOCUMENTED_FOLLOWUP,SIEMENS,AUXILIARY_AUTOMATIC_MASK_ONLY,False,False,False,train,1,Y0_M0_SSIEMENS,train,True,False,False,False,False
975,100964,100964_00001,,,,,,non-PDAC,0,MSD_dataset,True,1,False,1,True,automatic,automatic_labels/100964_00001.nii.gz,d36380ed48a4a3a48f339ea8af91677b9df1ee48,134281,True,True,False,True,False,MSD_EXTERNAL_MIXED,LOCKED_EXTERNAL_MIXED_TEST,True,False,MSD_DATASET_DERIVED,[MISSING],AUXILIARY_AUTOMATIC_MASK_ONLY,True,False,False,,-1,,external_msd_test,False,False,False,True,False
976,100965,100965_00001,2017-05-04 00:00:00,060Y,60.0,F,SIEMENS,PDAC,1,pathology,False,1,False,1,True,manual,manual_labels/100965_00001.nii.gz,0e5c23d313cbf4d5c58d487bf85bac0f99b26c13,635430,True,True,True,False,True,PANORAMA_LOCAL,PRIMARY_MODEL_DEVELOPMENT,False,True,TISSUE_CONFIRMED,SIEMENS,PRIMARY_MANUAL_PDAC_REFERENCE,False,False,False,train,4,Y1_M1_SSIEMENS,train,True,False,False,False,False
977,100966,100966_00001,2015-01-22 00:00:00,049Y,49.0,M,SIEMENS,non-PDAC,0,radiology,False,1,False,1,True,automatic,automatic_labels/100966_00001.nii.gz,dd500a9758c30d00dca40a32abad1d316762d46d,347713,True,True,False,True,False,PANORAMA_LOCAL,PRIMARY_MODEL_DEVELOPMENT,False,True,RADIOLOGY_NO_DOCUMENTED_FOLLOWUP,SIEMENS,AUXILIARY_AUTOMATIC_MASK_ONLY,False,False,False,train,3,Y0_M0_SSIEMENS,train,True,False,False,False,False
978,100967,100967_00001,2021-03-21 00:00:00,062Y,62.0,F,Philips,PDAC,1,pathology,False,1,False,1,True,manual,manual_labels/100967_00001.nii.gz,1ed4b1d1b533764f96a7fa2bd11939a46841fc39,517009,True,True,True,False,True,PANORAMA_LOCAL,PRIMARY_MODEL_DEVELOPMENT,False,True,TISSUE_CONFIRMED,Philips,PRIMARY_MANUAL_PDAC_REFERENCE,False,False,False,train,0,Y1_M1_SPhilips,train,True,False,False,False,False
979,100968,100968_00001,2014-04-20 00:00:00,052Y,52.0,M,SIEMENS,non-PDAC,0,radiology,False,1,False,1,True,automatic,automatic_labels/100968_00001.nii.gz,f7a7de0145a7fcc75dcf99669ea160976eb4ed10,914164,True,True,False,True,False,PANORAMA_LOCAL,PRIMARY_MODEL_DEVELOPMENT,False,True,RADIOLOGY_NO_DOCUMENTED_FOLLOWUP,SIEMENS,AUXILIARY_AUTOMATIC_MASK_ONLY,False,False,False,train,0,Y0_M0_SSIEMENS,train,True,False,False,False,False
980,100969,100969_00001,2018-08-06 00:00:00,074Y,74.0,M,Philips,non-PDAC,0,histopathology,False,1,False,1,True,automatic,automatic_labels/100969_00001.nii.gz,d613a923cb84dfb4a37077dd7634497408534839,1043965,True,True,False,True,False,PANORAMA_LOCAL,PRIMARY_MODEL_DEVELOPMENT,False,True,TISSUE_CONFIRMED,Philips,AUXILIARY_AUTOMATIC_MASK_ONLY,False,False,False,validation,-1,Y0_M0_SPhilips,validation,False,True,True,False,False
981,100970,100970_00001,2017-06-19 00:00:00,078Y,78.0,F,SIEMENS,non-PDAC,0,radiology,False,1,False,1,True,automatic,automatic_labels/100970_00001.nii.gz,aa64ac72fc852c45b436d685f3166757e7e06a6f,479608,True,True,False,True,False,PANORAMA_LOCAL,PRIMARY_MODEL_DEVELOPMENT,False,True,RADIOLOGY_NO_DOCUMENTED_FOLLOWUP,SIEMENS,AUXILIARY_AUTOMATIC_MASK_ONLY,False,False,False,internal_test,-1,Y0_M0_SSIEMENS,internal_test,False,False,False,True,False
982,100971,100971_00001,2015-10-22 00:00:00,075Y,75.0,M,SIEMENS,non-PDAC,0,radiology,False,1,False,1,True,automatic,automatic_labels/100971_00001.nii.gz,31ad6e9de3118019c3d207b32909490e1c258c7d,373325,True,True,False,True,False,PANORAMA_LOCAL,PRIMARY_MODEL_DEVELOPMENT,False,True,RADIOLOGY_NO_DOCUMENTED_FOLLOWUP,SIEMENS,AUXILIARY_AUTOMATIC_MASK_ONLY,False,False,False,validation,-1,Y0_M0_SSIEMENS,validation,False,True,True,False,False
983,100972,100972_00001,2020-09-24 00:00:00,034Y,34.0,M,TOSHIBA,non-PDAC,0,histopathology,False,1,False,1,True,automatic,automatic_labels/100972_00001.nii.gz,5ca7b8609b1e10bfc1db1c8660e476858ab5e5c8,622226,True,True,False,True,False,PANORAMA_LOCAL,PRIMARY_MODEL_DEVELOPMENT,False,True,TISSUE_CONFIRMED,TOSHIBA,AUXILIARY_AUTOMATIC_MASK_ONLY,False,False,False,train,1,Y0_M0_STOSHIBA,train,True,False,False,False,False
984,100973,100973_00001,2018-10-18 00:00:00,079Y,79.0,F,SIEMENS,non-PDAC,0,cytology,False,1,False,1,True,automatic,automatic_labels/100973_00001.nii.gz,5533745599e0851168b57bb23bd8145e90b878d1,1058574,True,True,False,True,False,PANORAMA_LOCAL,PRIMARY_MODEL_DEVELOPMENT,False,True,CYTOLOGY_CONFIRMED,SIEMENS,AUXILIARY_AUTOMATIC_MASK_ONLY,False,False,False,train,4,Y0_M0_SSIEMENS,train,True,False,False,False,False
985,100974,100974_00001,2017-06-14 00:00:00,061Y,61.0,M,SIEMENS,PDAC,1,histopathology,False,1,False,1,True,manual,manual_labels/100974_00001.nii.gz,018be30801418c6ad7c62f67fb40acec347ad1e9,90588,True,True,True,False,True,PANORAMA_LOCAL,PRIMARY_MODEL_DEVELOPMENT,False,True,TISSUE_CONFIRMED,SIEMENS,PRIMARY_MANUAL_PDAC_REFERENCE,False,False,False,internal_test,-1,Y1_M1_SSIEMENS,internal_test,False,False,False,True,True
986,100975,100975_00001,2018-01-22 00:00:00,067Y,67.0,F,Philips,PDAC,1,histopathology,False,1,False,1,True,manual,manual_labels/100975_00001.nii.gz,0385a089242e1f850d771fb541bb225496343a80,352825,True,True,True,False,True,PANORAMA_LOCAL,PRIMARY_MODEL_DEVELOPMENT,False,True,TISSUE_CONFIRMED,Philips,PRIMARY_MANUAL_PDAC_REFERENCE,False,False,False,validation,-1,Y1_M1_SPhilips,validation,False,True,True,False,False
987,100976,100976_00001,,,,,,PDAC,1,MSD_dataset,True,1,False,1,True,manual,manual_labels/100976_00001.nii.gz,4590e197ff9e26274299799e4c42c059a0fa4afd,58509,True,True,True,False,True,MSD_EXTERNAL_MIXED,LOCKED_EXTERNAL_MIXED_TEST,True,False,MSD_DATASET_DERIVED,[MISSING],PRIMARY_MANUAL_PDAC_REFERENCE,True,True,False,,-1,,external_msd_test,False,False,False,True,True
988,100977,100977_00001,2016-09-02 00:00:00,068Y,68.0,F,SIEMENS,non-PDAC,0,radiology,False,1,False,1,True,automatic,automatic_labels/100977_00001.nii.gz,9899c3be9109af4f218c81a0416db03e12924abb,619677,True,True,False,True,False,PANORAMA_LOCAL,PRIMARY_MODEL_DEVELOPMENT,False,True,RADIOLOGY_NO_DOCUMENTED_FOLLOWUP,SIEMENS,AUXILIARY_AUTOMATIC_MASK_ONLY,False,False,False,train,4,Y0_M0_SSIEMENS,train,True,False,False,False,False
989,100978,100978_00001,2018-11-24 00:00:00,073Y,73.0,M,TOSHIBA,PDAC,1,histopathology,False,1,False,1,True,manual,manual_labels/100978_00001.nii.gz,9c30de12cb326e3eaae7163fde537f8f5b2d57fc,162910,True,True,True,False,True,PANORAMA_LOCAL,PRIMARY_MODEL_DEVELOPMENT,False,True,TISSUE_CONFIRMED,TOSHIBA,PRIMARY_MANUAL_PDAC_REFERENCE,False,False,False,internal_test,-1,Y1_M1_STOSHIBA,internal_test,False,False,False,True,True
990,100979,100979_00001,2018-06-24 00:00:00,083Y,83.0,M,TOSHIBA,non-PDAC,0,radiology,False,1,False,1,True,automatic,automatic_labels/100979_00001.nii.gz,4920c2c50b83bd6fba1f6c6f1627f5762dd30443,347704,True,True,False,True,False,PANORAMA_LOCAL,PRIMARY_MODEL_DEVELOPMENT,False,True,RADIOLOGY_NO_DOCUMENTED_FOLLOWUP,TOSHIBA,AUXILIARY_AUTOMATIC_MASK_ONLY,False,False,False,train,3,Y0_M0_STOSHIBA,train,True,False,False,False,False
991,100980,100980_00001,2015-11-24 00:00:00,,,,,non-PDAC,0,NIH_dataset,True,1,False,1,True,automatic,automatic_labels/100980_00001.nii.gz,84a88b25fcff49f486b28426c7d9cb488145d68c,471708,True,True,False,True,False,NIH_NEGATIVE_STRESS,LOCKED_NEGATIVE_SPECIFICITY_STRESS_TEST,True,False,NIH_DATASET_DERIVED,[MISSING],AUXILIARY_AUTOMATIC_MASK_ONLY,False,False,True,,-1,,nih_negative_stress_test,False,False,False,True,False
992,100981,100981_00001,2013-07-15 00:00:00,071Y,71.0,M,SIEMENS,PDAC,1,pathology,False,1,False,1,True,manual,manual_labels/100981_00001.nii.gz,aed77150cabc645ce31cb29dab057fd120308fb9,175513,True,True,True,False,True,PANORAMA_LOCAL,PRIMARY_MODEL_DEVELOPMENT,False,True,TISSUE_CONFIRMED,SIEMENS,PRIMARY_MANUAL_PDAC_REFERENCE,False,False,False,train,1,Y1_M1_SSIEMENS,train,True,False,False,False,False
993,100982,100982_00001,2017-12-23 00:00:00,067Y,67.0,F,SIEMENS,non-PDAC,0,pathology,False,1,False,1,True,automatic,automatic_labels/100982_00001.nii.gz,cf2a2740af61b5e904b6d9c6da45179c781ef905,685421,True,True,False,True,False,PANORAMA_LOCAL,PRIMARY_MODEL_DEVELOPMENT,False,True,TISSUE_CONFIRMED,SIEMENS,AUXILIARY_AUTOMATIC_MASK_ONLY,False,False,False,train,1,Y0_M0_SSIEMENS,train,True,False,False,False,False
994,100983,100983_00001,2015-05-08 00:00:00,076Y,76.0,M,SIEMENS,PDAC,1,pathology,False,1,False,1,True,automatic,automatic_labels/100983_00001.nii.gz,520c99f4e5651a61822f9c4ee152ac9147e58b87,868148,True,True,False,True,False,PANORAMA_LOCAL,PRIMARY_MODEL_DEVELOPMENT,False,True,TISSUE_CONFIRMED,SIEMENS,AUXILIARY_AUTOMATIC_MASK_ONLY,False,False,False,train,1,Y1_M0_SSIEMENS,train,True,False,False,False,False
995,100984,100984_00001,2015-11-23 00:00:00,,,,,non-PDAC,0,NIH_dataset,True,1,False,1,True,automatic,automatic_labels/100984_00001.nii.gz,f73ec2842785d2579ecd0093594793d434e367ba,1043169,True,True,False,True,False,NIH_NEGATIVE_STRESS,LOCKED_NEGATIVE_SPECIFICITY_STRESS_TEST,True,False,NIH_DATASET_DERIVED,[MISSING],AUXILIARY_AUTOMATIC_MASK_ONLY,False,False,True,,-1,,nih_negative_stress_test,False,False,False,True,False
996,100985,100985_00001,2017-07-13 00:00:00,048Y,48.0,F,SIEMENS,non-PDAC,0,radiology,False,1,False,1,True,automatic,automatic_labels/100985_00001.nii.gz,3f2338d037f951416b058ab02ebba811b617d120,642930,True,True,False,True,False,PANORAMA_LOCAL,PRIMARY_MODEL_DEVELOPMENT,False,True,RADIOLOGY_NO_DOCUMENTED_FOLLOWUP,SIEMENS,AUXILIARY_AUTOMATIC_MASK_ONLY,False,False,False,train,2,Y0_M0_SSIEMENS,train,True,False,False,False,False
997,100986,100986_00001,2016-04-05 00:00:00,074Y,74.0,M,Philips,non-PDAC,0,histopathology,False,1,False,1,True,automatic,automatic_labels/100986_00001.nii.gz,a6929d78b5da1932ae768697e6859d07b7f462a8,309185,True,True,False,True,False,PANORAMA_LOCAL,PRIMARY_MODEL_DEVELOPMENT,False,True,TISSUE_CONFIRMED,Philips,AUXILIARY_AUTOMATIC_MASK_ONLY,False,False,False,internal_test,-1,Y0_M0_SPhilips,internal_test,False,False,False,True,False
998,100987,100987_00001,2015-12-10 00:00:00,056Y,56.0,M,Philips,non-PDAC,0,radiology,False,1,False,1,True,automatic,automatic_labels/100987_00001.nii.gz,4faf08dc01fe8a469e51e3d0b4ea0e8d64579601,342834,True,True,False,True,False,PANORAMA_LOCAL,PRIMARY_MODEL_DEVELOPMENT,False,True,RADIOLOGY_NO_DOCUMENTED_FOLLOWUP,Philips,AUXILIARY_AUTOMATIC_MASK_ONLY,False,False,False,internal_test,-1,Y0_M0_SPhilips,internal_test,False,False,False,True,False
999,100988,100988_00001,2022-05-20 00:00:00,067Y,67.0,F,GE MEDICAL SYSTEMS,PDAC,1,cytology,False,1,False,1,True,automatic,automatic_labels/100988_00001.nii.gz,b25abf3d68e7033677b51151de5f4e786df83fd5,330524,True,True,False,True,False,PANORAMA_LOCAL,PRIMARY_MODEL_DEVELOPMENT,False,True,CYTOLOGY_CONFIRMED,GE MEDICAL SYSTEMS,AUXILIARY_AUTOMATIC_MASK_ONLY,False,False,False,train,1,Y1_M0,train,True,False,False,False,False
1000,100989,100989_00001,2017-11-06 00:00:00,078Y,78.0,F,SIEMENS,non-PDAC,0,radiology,False,1,False,1,True,automatic,automatic_labels/100989_00001.nii.gz,bf972db79ac7526a29c4b1a107a56d38cad72592,838730,True,True,False,True,False,PANORAMA_LOCAL,PRIMARY_MODEL_DEVELOPMENT,False,True,RADIOLOGY_NO_DOCUMENTED_FOLLOWUP,SIEMENS,AUXILIARY_AUTOMATIC_MASK_ONLY,False,False,False,internal_test,-1,Y0_M0_SSIEMENS,internal_test,False,False,False,True,False
1001,100990,100990_00001,2017-06-11 00:00:00,057Y,57.0,F,Philips,non-PDAC,0,histopathology,False,1,False,1,True,automatic,automatic_labels/100990_00001.nii.gz,30187ca513eaf7f7e2721a4d0d59cddaa8cb1edc,1761843,True,True,False,True,False,PANORAMA_LOCAL,PRIMARY_MODEL_DEVELOPMENT,False,True,TISSUE_CONFIRMED,Philips,AUXILIARY_AUTOMATIC_MASK_ONLY,False,False,False,train,2,Y0_M0_SPhilips,train,True,False,False,False,False
1002,100991,100991_00001,2014-08-05 00:00:00,055Y,55.0,M,SIEMENS,non-PDAC,0,radiology,False,1,False,1,True,automatic,automatic_labels/100991_00001.nii.gz,5454187b0ae8b3888797f491043becaf25530cd6,401491,True,True,False,True,False,PANORAMA_LOCAL,PRIMARY_MODEL_DEVELOPMENT,False,True,RADIOLOGY_NO_DOCUMENTED_FOLLOWUP,SIEMENS,AUXILIARY_AUTOMATIC_MASK_ONLY,False,False,False,train,2,Y0_M0_SSIEMENS,train,True,False,False,False,False
1003,100992,100992_00001,2017-05-31 00:00:00,053Y,53.0,M,TOSHIBA,non-PDAC,0,radiology,False,1,False,1,True,automatic,automatic_labels/100992_00001.nii.gz,4324c1caf4544f87bf4dc3af7cf81609fd49e530,628213,True,True,False,True,False,PANORAMA_LOCAL,PRIMARY_MODEL_DEVELOPMENT,False,True,RADIOLOGY_NO_DOCUMENTED_FOLLOWUP,TOSHIBA,AUXILIARY_AUTOMATIC_MASK_ONLY,False,False,False,internal_test,-1,Y0_M0_STOSHIBA,internal_test,False,False,False,True,False
1004,100993,100993_00001,2016-04-19 00:00:00,071Y,71.0,F,TOSHIBA,non-PDAC,0,radiology,False,1,False,1,True,automatic,automatic_labels/100993_00001.nii.gz,50dc406cf415fae18cad743fc59a98b836e1947d,524313,True,True,False,True,False,PANORAMA_LOCAL,PRIMARY_MODEL_DEVELOPMENT,False,True,RADIOLOGY_NO_DOCUMENTED_FOLLOWUP,TOSHIBA,AUXILIARY_AUTOMATIC_MASK_ONLY,False,False,False,train,4,Y0_M0_STOSHIBA,train,True,False,False,False,False
1005,100994,100994_00001,2011-05-09 00:00:00,077Y,77.0,M,Philips,PDAC,1,histopathology,False,1,False,1,True,automatic,automatic_labels/100994_00001.nii.gz,410b8227b6f3a3e8a87f5b057f7dec2429ad645d,238469,True,True,False,True,False,PANORAMA_LOCAL,PRIMARY_MODEL_DEVELOPMENT,False,True,TISSUE_CONFIRMED,Philips,AUXILIARY_AUTOMATIC_MASK_ONLY,False,False,False,train,3,Y1_M0_SPhilips,train,True,False,False,False,False
1006,100995,100995_00001,,,,,,PDAC,1,MSD_dataset,True,1,False,1,True,manual,manual_labels/100995_00001.nii.gz,08d9efbf07f96c2d5e35d8b151f8db6c48ac9919,66150,True,True,True,False,True,MSD_EXTERNAL_MIXED,LOCKED_EXTERNAL_MIXED_TEST,True,False,MSD_DATASET_DERIVED,[MISSING],PRIMARY_MANUAL_PDAC_REFERENCE,True,True,False,,-1,,external_msd_test,False,False,False,True,True
1007,100996,100996_00001,2015-12-06 00:00:00,,,,,non-PDAC,0,NIH_dataset,True,1,False,1,True,automatic,automatic_labels/100996_00001.nii.gz,f6c0d38f15839ab5e6acfa00ae45a2a6ad629c56,685566,True,True,False,True,False,NIH_NEGATIVE_STRESS,LOCKED_NEGATIVE_SPECIFICITY_STRESS_TEST,True,False,NIH_DATASET_DERIVED,[MISSING],AUXILIARY_AUTOMATIC_MASK_ONLY,False,False,True,,-1,,nih_negative_stress_test,False,False,False,True,False
1008,100997,100997_00001,2016-04-08 00:00:00,048Y,48.0,M,TOSHIBA,non-PDAC,0,histopathology,False,1,False,1,True,automatic,automatic_labels/100997_00001.nii.gz,12963f431937cddf3c489970c49c37d2952dffe8,293346,True,True,False,True,False,PANORAMA_LOCAL,PRIMARY_MODEL_DEVELOPMENT,False,True,TISSUE_CONFIRMED,TOSHIBA,AUXILIARY_AUTOMATIC_MASK_ONLY,False,False,False,train,2,Y0_M0_STOSHIBA,train,True,False,False,False,False
1009,100998,100998_00001,2014-12-12 00:00:00,066Y,66.0,F,SIEMENS,non-PDAC,0,cytology,False,1,False,1,True,automatic,automatic_labels/100998_00001.nii.gz,976cc5aabfa5c3168750b9ab56308c6fde2b0c8f,461043,True,True,False,True,False,PANORAMA_LOCAL,PRIMARY_MODEL_DEVELOPMENT,False,True,CYTOLOGY_CONFIRMED,SIEMENS,AUXILIARY_AUTOMATIC_MASK_ONLY,False,False,False,train,3,Y0_M0_SSIEMENS,train,True,False,False,False,False
1010,100999,100999_00001,,,,,,non-PDAC,0,MSD_dataset,True,1,False,1,True,automatic,automatic_labels/100999_00001.nii.gz,a2f73d71bd41562112af4384eb3106bb2ba3c3a7,125794,True,True,False,True,False,MSD_EXTERNAL_MIXED,LOCKED_EXTERNAL_MIXED_TEST,True,False,MSD_DATASET_DERIVED,[MISSING],AUXILIARY_AUTOMATIC_MASK_ONLY,True,False,False,,-1,,external_msd_test,False,False,False,True,False
1011,101000,101000_00001,,,,,,PDAC,1,MSD_dataset,True,1,False,1,True,manual,manual_labels/101000_00001.nii.gz,faa5b66cf52cfb11538eda003068c48613a1d61c,54846,True,True,True,False,True,MSD_EXTERNAL_MIXED,LOCKED_EXTERNAL_MIXED_TEST,True,False,MSD_DATASET_DERIVED,[MISSING],PRIMARY_MANUAL_PDAC_REFERENCE,True,True,False,,-1,,external_msd_test,False,False,False,True,True
1012,101001,101001_00001,2017-01-26 00:00:00,041Y,41.0,F,SIEMENS,non-PDAC,0,radiology,False,1,False,1,True,automatic,automatic_labels/101001_00001.nii.gz,144cad57cc67e7ac24a840720dcc092764c854e8,373310,True,True,False,True,False,PANORAMA_LOCAL,PRIMARY_MODEL_DEVELOPMENT,False,True,RADIOLOGY_NO_DOCUMENTED_FOLLOWUP,SIEMENS,AUXILIARY_AUTOMATIC_MASK_ONLY,False,False,False,train,4,Y0_M0_SSIEMENS,train,True,False,False,False,False
1013,101002,101002_00001,2019-10-23 00:00:00,065Y,65.0,F,SIEMENS,non-PDAC,0,radiology,False,1,False,1,True,automatic,automatic_labels/101002_00001.nii.gz,e8531cc9f32ff18d4115e5a7b3d46fd0672331db,1740988,True,True,False,True,False,PANORAMA_LOCAL,PRIMARY_MODEL_DEVELOPMENT,False,True,RADIOLOGY_NO_DOCUMENTED_FOLLOWUP,SIEMENS,AUXILIARY_AUTOMATIC_MASK_ONLY,False,False,False,train,2,Y0_M0_SSIEMENS,train,True,False,False,False,False
1014,101003,101003_00001,2015-12-17 00:00:00,080Y,80.0,F,SIEMENS,PDAC,1,cytology,False,1,False,1,True,manual,manual_labels/101003_00001.nii.gz,3129198ce8edf824f077bbe29d6a17620683df59,701760,True,True,True,False,True,PANORAMA_LOCAL,PRIMARY_MODEL_DEVELOPMENT,False,True,CYTOLOGY_CONFIRMED,SIEMENS,PRIMARY_MANUAL_PDAC_REFERENCE,False,False,False,train,4,Y1_M1_SSIEMENS,train,True,False,False,False,False
1015,101004,101004_00001,2016-01-17 00:00:00,071Y,71.0,M,SIEMENS,non-PDAC,0,radiology,False,1,False,1,True,automatic,automatic_labels/101004_00001.nii.gz,d0fb5df4b29100ba42c4a8b5aadf3ea745ebf625,385294,True,True,False,True,False,PANORAMA_LOCAL,PRIMARY_MODEL_DEVELOPMENT,False,True,RADIOLOGY_NO_DOCUMENTED_FOLLOWUP,SIEMENS,AUXILIARY_AUTOMATIC_MASK_ONLY,False,False,False,internal_test,-1,Y0_M0_SSIEMENS,internal_test,False,False,False,True,False
1016,101005,101005_00001,2018-08-09 00:00:00,064Y,64.0,M,SIEMENS,non-PDAC,0,radiology,False,1,False,1,True,automatic,automatic_labels/101005_00001.nii.gz,9e73ea9422e9323ca9473eb0f380a7b1b4c25df8,2128221,True,True,False,True,False,PANORAMA_LOCAL,PRIMARY_MODEL_DEVELOPMENT,False,True,RADIOLOGY_NO_DOCUMENTED_FOLLOWUP,SIEMENS,AUXILIARY_AUTOMATIC_MASK_ONLY,False,False,False,train,1,Y0_M0_SSIEMENS,train,True,False,False,False,False
1017,101006,101006_00001,2014-02-05 00:00:00,085Y,85.0,M,SIEMENS,non-PDAC,0,radiology,False,1,False,1,True,automatic,automatic_labels/101006_00001.nii.gz,14f76808f96b4b4d7920247d45fad750ca0fc086,678257,True,True,False,True,False,PANORAMA_LOCAL,PRIMARY_MODEL_DEVELOPMENT,False,True,RADIOLOGY_NO_DOCUMENTED_FOLLOWUP,SIEMENS,AUXILIARY_AUTOMATIC_MASK_ONLY,False,False,False,train,3,Y0_M0_SSIEMENS,train,True,False,False,False,False
1018,101007,101007_00001,2021-07-10 00:00:00,079Y,79.0,M,TOSHIBA,PDAC,1,cytology,False,1,False,1,True,manual,manual_labels/101007_00001.nii.gz,7b19a2a706611b31367f52760161bcd131b75ffd,494112,True,True,True,False,True,PANORAMA_LOCAL,PRIMARY_MODEL_DEVELOPMENT,False,True,CYTOLOGY_CONFIRMED,TOSHIBA,PRIMARY_MANUAL_PDAC_REFERENCE,False,False,False,validation,-1,Y1_M1_STOSHIBA,validation,False,True,True,False,False
1019,101008,101008_00001,2017-10-27 00:00:00,024Y,24.0,M,SIEMENS,non-PDAC,0,radiology,False,1,False,1,True,automatic,automatic_labels/101008_00001.nii.gz,4133e3a04b910a8ed42b5d47d6a70d8853d8b39e,315672,True,True,False,True,False,PANORAMA_LOCAL,PRIMARY_MODEL_DEVELOPMENT,False,True,RADIOLOGY_NO_DOCUMENTED_FOLLOWUP,SIEMENS,AUXILIARY_AUTOMATIC_MASK_ONLY,False,False,False,train,4,Y0_M0_SSIEMENS,train,True,False,False,False,False
1020,101009,101009_00001,2018-07-10 00:00:00,049Y,49.0,M,TOSHIBA,non-PDAC,0,radiology,False,1,False,1,True,automatic,automatic_labels/101009_00001.nii.gz,634b27b0c694e55fbe57a63c75247da4cad0d925,233715,True,True,False,True,False,PANORAMA_LOCAL,PRIMARY_MODEL_DEVELOPMENT,False,True,RADIOLOGY_NO_DOCUMENTED_FOLLOWUP,TOSHIBA,AUXILIARY_AUTOMATIC_MASK_ONLY,False,False,False,train,1,Y0_M0_STOSHIBA,train,True,False,False,False,False
1021,101010,101010_00001,2016-08-07 00:00:00,077Y,77.0,F,SIEMENS,non-PDAC,0,radiology,False,1,False,1,True,automatic,automatic_labels/101010_00001.nii.gz,4c2a49ee28f520bb2a19bd8d2f6a6df2bbe22db3,378312,True,True,False,True,False,PANORAMA_LOCAL,PRIMARY_MODEL_DEVELOPMENT,False,True,RADIOLOGY_NO_DOCUMENTED_FOLLOWUP,SIEMENS,AUXILIARY_AUTOMATIC_MASK_ONLY,False,False,False,validation,-1,Y0_M0_SSIEMENS,validation,False,True,True,False,False
1022,101011,101011_00001,2016-03-03 00:00:00,071Y,71.0,F,TOSHIBA,non-PDAC,0,radiology,False,1,False,1,True,automatic,automatic_labels/101011_00001.nii.gz,1db9aec85b97f1b46ebc900eda912575b863e812,345276,True,True,False,True,False,PANORAMA_LOCAL,PRIMARY_MODEL_DEVELOPMENT,False,True,RADIOLOGY_NO_DOCUMENTED_FOLLOWUP,TOSHIBA,AUXILIARY_AUTOMATIC_MASK_ONLY,False,False,False,train,3,Y0_M0_STOSHIBA,train,True,False,False,False,False
1023,101012,101012_00001,2016-08-31 00:00:00,075Y,75.0,M,TOSHIBA,non-PDAC,0,radiology,False,1,False,1,True,automatic,automatic_labels/101012_00001.nii.gz,bbb0e77c726b94d12b70128d9ec89a5bf7d7032a,590237,True,True,False,True,False,PANORAMA_LOCAL,PRIMARY_MODEL_DEVELOPMENT,False,True,RADIOLOGY_NO_DOCUMENTED_FOLLOWUP,TOSHIBA,AUXILIARY_AUTOMATIC_MASK_ONLY,False,False,False,train,4,Y0_M0_STOSHIBA,train,True,False,False,False,False
1024,101013,101013_00001,2015-10-01 00:00:00,075Y,75.0,M,Philips,PDAC,1,histopathology,False,1,False,1,True,automatic,automatic_labels/101013_00001.nii.gz,9fb9131a7e45f29054a62d5ebc0deb583946a4c2,287598,True,True,False,True,False,PANORAMA_LOCAL,PRIMARY_MODEL_DEVELOPMENT,False,True,TISSUE_CONFIRMED,Philips,AUXILIARY_AUTOMATIC_MASK_ONLY,False,False,False,train,1,Y1_M0_SPhilips,train,True,False,False,False,False
1025,101014,101014_00001,2019-03-17 00:00:00,069Y,69.0,F,Philips,PDAC,1,cytology,False,1,False,1,True,automatic,automatic_labels/101014_00001.nii.gz,87dfe20cb89a9abc82452e38634b6e73cf32c7ca,328435,True,True,False,True,False,PANORAMA_LOCAL,PRIMARY_MODEL_DEVELOPMENT,False,True,CYTOLOGY_CONFIRMED,Philips,AUXILIARY_AUTOMATIC_MASK_ONLY,False,False,False,internal_test,-1,Y1_M0_SPhilips,internal_test,False,False,False,True,False
1026,101015,101015_00001,2018-02-25 00:00:00,066Y,66.0,F,SIEMENS,PDAC,1,histopathology,False,1,False,1,True,manual,manual_labels/101015_00001.nii.gz,7a39459250322bbb04721cd2b3f90dbd02cc6a01,121084,True,True,True,False,True,PANORAMA_LOCAL,PRIMARY_MODEL_DEVELOPMENT,False,True,TISSUE_CONFIRMED,SIEMENS,PRIMARY_MANUAL_PDAC_REFERENCE,False,False,False,internal_test,-1,Y1_M1_SSIEMENS,internal_test,False,False,False,True,True
1027,101016,101016_00001,2018-09-27 00:00:00,077Y,77.0,M,TOSHIBA,non-PDAC,0,radiology,False,1,False,1,True,automatic,automatic_labels/101016_00001.nii.gz,292a132ef0ee4da2723b05aae41b356f622f97c6,2317432,True,True,False,True,False,PANORAMA_LOCAL,PRIMARY_MODEL_DEVELOPMENT,False,True,RADIOLOGY_NO_DOCUMENTED_FOLLOWUP,TOSHIBA,AUXILIARY_AUTOMATIC_MASK_ONLY,False,False,False,train,2,Y0_M0_STOSHIBA,train,True,False,False,False,False
1028,101017,101017_00001,2014-08-18 00:00:00,066Y,66.0,M,SIEMENS,non-PDAC,0,radiology,False,1,False,1,True,automatic,automatic_labels/101017_00001.nii.gz,6fefbef648da5a3691ad19cf4745ba51e7249b7d,364812,True,True,False,True,False,PANORAMA_LOCAL,PRIMARY_MODEL_DEVELOPMENT,False,True,RADIOLOGY_NO_DOCUMENTED_FOLLOWUP,SIEMENS,AUXILIARY_AUTOMATIC_MASK_ONLY,False,False,False,validation,-1,Y0_M0_SSIEMENS,validation,False,True,True,False,False
1029,101018,101018_00001,2016-05-27 00:00:00,075Y,75.0,M,SIEMENS,non-PDAC,0,radiology,False,1,False,1,True,automatic,automatic_labels/101018_00001.nii.gz,d99cc9a4137bd3fd43e637ce88536e60b96461e9,403820,True,True,False,True,False,PANORAMA_LOCAL,PRIMARY_MODEL_DEVELOPMENT,False,True,RADIOLOGY_NO_DOCUMENTED_FOLLOWUP,SIEMENS,AUXILIARY_AUTOMATIC_MASK_ONLY,False,False,False,internal_test,-1,Y0_M0_SSIEMENS,internal_test,False,False,False,True,False
1030,101019,101019_00001,2019-07-20 00:00:00,067Y,67.0,F,Philips,PDAC,1,cytology,False,1,False,1,True,manual,manual_labels/101019_00001.nii.gz,8ef6a4e3e8e376c4c57b6c9d758da2bc74a6e64c,167704,True,True,True,False,True,PANORAMA_LOCAL,PRIMARY_MODEL_DEVELOPMENT,False,True,CYTOLOGY_CONFIRMED,Philips,PRIMARY_MANUAL_PDAC_REFERENCE,False,False,False,train,1,Y1_M1_SPhilips,train,True,False,False,False,False
1031,101020,101020_00001,2016-02-24 00:00:00,069Y,69.0,M,SIEMENS,non-PDAC,0,radiology,False,1,False,1,True,automatic,automatic_labels/101020_00001.nii.gz,2754e8afdb80b2fb7c093b97936564194bb30a97,379715,True,True,False,True,False,PANORAMA_LOCAL,PRIMARY_MODEL_DEVELOPMENT,False,True,RADIOLOGY_NO_DOCUMENTED_FOLLOWUP,SIEMENS,AUXILIARY_AUTOMATIC_MASK_ONLY,False,False,False,train,0,Y0_M0_SSIEMENS,train,True,False,False,False,False
1032,101021,101021_00001,,,,,,PDAC,1,MSD_dataset,True,1,False,1,True,manual,manual_labels/101021_00001.nii.gz,050ee2061dc958f97fd75f27fe219eca2f8ce97f,54497,True,True,True,False,True,MSD_EXTERNAL_MIXED,LOCKED_EXTERNAL_MIXED_TEST,True,False,MSD_DATASET_DERIVED,[MISSING],PRIMARY_MANUAL_PDAC_REFERENCE,True,True,False,,-1,,external_msd_test,False,False,False,True,True
1033,101022,101022_00001,2017-06-10 00:00:00,059Y,59.0,F,SIEMENS,non-PDAC,0,radiology,False,1,False,1,True,automatic,automatic_labels/101022_00001.nii.gz,9e3ec1d6866ea85271ff89333ebba5cf78465111,717078,True,True,False,True,False,PANORAMA_LOCAL,PRIMARY_MODEL_DEVELOPMENT,False,True,RADIOLOGY_NO_DOCUMENTED_FOLLOWUP,SIEMENS,AUXILIARY_AUTOMATIC_MASK_ONLY,False,False,False,train,4,Y0_M0_SSIEMENS,train,True,False,False,False,False
1034,101023,101023_00001,2020-07-22 00:00:00,074Y,74.0,M,Philips,PDAC,1,histopathology,False,1,False,1,True,manual,manual_labels/101023_00001.nii.gz,b27d83de44558ef496772ad0dacbefe54f5c8295,386759,True,True,True,False,True,PANORAMA_LOCAL,PRIMARY_MODEL_DEVELOPMENT,False,True,TISSUE_CONFIRMED,Philips,PRIMARY_MANUAL_PDAC_REFERENCE,False,False,False,validation,-1,Y1_M1_SPhilips,validation,False,True,True,False,False
1035,101024,101024_00001,2020-02-06 00:00:00,083Y,83.0,F,GE MEDICAL SYSTEMS,PDAC,1,pathology,False,1,False,1,True,manual,manual_labels/101024_00001.nii.gz,0933c039ca99f9e9e80581c1d83579b93b51e4c6,101478,True,True,True,False,True,PANORAMA_LOCAL,PRIMARY_MODEL_DEVELOPMENT,False,True,TISSUE_CONFIRMED,GE MEDICAL SYSTEMS,PRIMARY_MANUAL_PDAC_REFERENCE,False,False,False,train,0,Y1_M1_SGE MEDICAL SYSTEMS,train,True,False,False,False,False
1036,101025,101025_00001,2014-01-08 00:00:00,053Y,53.0,M,SIEMENS,non-PDAC,0,radiology,False,1,False,1,True,automatic,automatic_labels/101025_00001.nii.gz,16a40c65be39bc433e0186d75ce4385b64acd2a6,501109,True,True,False,True,False,PANORAMA_LOCAL,PRIMARY_MODEL_DEVELOPMENT,False,True,RADIOLOGY_NO_DOCUMENTED_FOLLOWUP,SIEMENS,AUXILIARY_AUTOMATIC_MASK_ONLY,False,False,False,train,1,Y0_M0_SSIEMENS,train,True,False,False,False,False
1037,101026,101026_00001,2022-04-25 00:00:00,077Y,77.0,M,Philips,PDAC,1,histopathology,False,1,False,1,True,automatic,automatic_labels/101026_00001.nii.gz,f390a744b2f1b1a52ec9fbd776dd15a45f2bf3b9,491636,True,True,False,True,False,PANORAMA_LOCAL,PRIMARY_MODEL_DEVELOPMENT,False,True,TISSUE_CONFIRMED,Philips,AUXILIARY_AUTOMATIC_MASK_ONLY,False,False,False,train,3,Y1_M0_SPhilips,train,True,False,False,False,False
1038,101027,101027_00001,2015-02-25 00:00:00,085Y,85.0,M,SIEMENS,non-PDAC,0,pathology,False,1,False,1,True,automatic,automatic_labels/101027_00001.nii.gz,fd0358de9471e673e4380695bf76d2ed8a29f2b8,626673,True,True,False,True,False,PANORAMA_LOCAL,PRIMARY_MODEL_DEVELOPMENT,False,True,TISSUE_CONFIRMED,SIEMENS,AUXILIARY_AUTOMATIC_MASK_ONLY,False,False,False,internal_test,-1,Y0_M0_SSIEMENS,internal_test,False,False,False,True,False
1039,101028,101028_00001,2015-06-02 00:00:00,077Y,77.0,F,SIEMENS,non-PDAC,0,radiology,False,1,False,1,True,automatic,automatic_labels/101028_00001.nii.gz,ab0039beca41d400717ef10da491ccb9f43b5cb2,627642,True,True,False,True,False,PANORAMA_LOCAL,PRIMARY_MODEL_DEVELOPMENT,False,True,RADIOLOGY_NO_DOCUMENTED_FOLLOWUP,SIEMENS,AUXILIARY_AUTOMATIC_MASK_ONLY,False,False,False,train,2,Y0_M0_SSIEMENS,train,True,False,False,False,False
1040,101029,101029_00001,2022-11-04 00:00:00,064Y,64.0,M,SIEMENS,PDAC,1,pathology,False,1,False,1,True,manual,manual_labels/101029_00001.nii.gz,52d4755dd39364dc265c3d5d636a3d317e983403,473599,True,True,True,False,True,PANORAMA_LOCAL,PRIMARY_MODEL_DEVELOPMENT,False,True,TISSUE_CONFIRMED,SIEMENS,PRIMARY_MANUAL_PDAC_REFERENCE,False,False,False,train,1,Y1_M1_SSIEMENS,train,True,False,False,False,False
1041,101030,101030_00001,2017-08-02 00:00:00,075Y,75.0,F,SIEMENS,non-PDAC,0,radiology,False,1,False,1,True,automatic,automatic_labels/101030_00001.nii.gz,7e96375500447f19abcbec360e192a57e4d67ab6,576543,True,True,False,True,False,PANORAMA_LOCAL,PRIMARY_MODEL_DEVELOPMENT,False,True,RADIOLOGY_NO_DOCUMENTED_FOLLOWUP,SIEMENS,AUXILIARY_AUTOMATIC_MASK_ONLY,False,False,False,train,2,Y0_M0_SSIEMENS,train,True,False,False,False,False
1042,101031,101031_00001,2020-10-31 00:00:00,074Y,74.0,F,Philips,PDAC,1,cytology,False,1,False,1,True,manual,manual_labels/101031_00001.nii.gz,9490c63ea273a88bef37dea18f9010d51e072472,234601,True,True,True,False,True,PANORAMA_LOCAL,PRIMARY_MODEL_DEVELOPMENT,False,True,CYTOLOGY_CONFIRMED,Philips,PRIMARY_MANUAL_PDAC_REFERENCE,False,False,False,validation,-1,Y1_M1_SPhilips,validation,False,True,True,False,False
1043,101032,101032_00001,2016-01-14 00:00:00,063Y,63.0,M,SIEMENS,non-PDAC,0,radiology,False,1,False,1,True,automatic,automatic_labels/101032_00001.nii.gz,564f96ee8d76c72059c045837d94252130833822,349408,True,True,False,True,False,PANORAMA_LOCAL,PRIMARY_MODEL_DEVELOPMENT,False,True,RADIOLOGY_NO_DOCUMENTED_FOLLOWUP,SIEMENS,AUXILIARY_AUTOMATIC_MASK_ONLY,False,False,False,train,2,Y0_M0_SSIEMENS,train,True,False,False,False,False
1044,101033,101033_00001,2018-06-05 00:00:00,022Y,22.0,F,SIEMENS,non-PDAC,0,radiology,False,1,False,1,True,automatic,automatic_labels/101033_00001.nii.gz,2b3f75add7c1ec21d642625543a345d7afa3ade0,764152,True,True,False,True,False,PANORAMA_LOCAL,PRIMARY_MODEL_DEVELOPMENT,False,True,RADIOLOGY_NO_DOCUMENTED_FOLLOWUP,SIEMENS,AUXILIARY_AUTOMATIC_MASK_ONLY,False,False,False,internal_test,-1,Y0_M0_SSIEMENS,internal_test,False,False,False,True,False
1045,101034,101034_00001,2016-03-01 00:00:00,065Y,65.0,M,TOSHIBA,non-PDAC,0,radiology,False,1,False,1,True,automatic,automatic_labels/101034_00001.nii.gz,167cc425d6eaaacc6fd08ed355d9cb6d7bfee81a,250330,True,True,False,True,False,PANORAMA_LOCAL,PRIMARY_MODEL_DEVELOPMENT,False,True,RADIOLOGY_NO_DOCUMENTED_FOLLOWUP,TOSHIBA,AUXILIARY_AUTOMATIC_MASK_ONLY,False,False,False,train,0,Y0_M0_STOSHIBA,train,True,False,False,False,False
1046,101035,101035_00001,2015-06-25 00:00:00,069Y,69.0,M,SIEMENS,non-PDAC,0,radiology,False,1,False,1,True,automatic,automatic_labels/101035_00001.nii.gz,7c78cc8afe7535b0ce32ecd6932f3cd68322ed7b,602727,True,True,False,True,False,PANORAMA_LOCAL,PRIMARY_MODEL_DEVELOPMENT,False,True,RADIOLOGY_NO_DOCUMENTED_FOLLOWUP,SIEMENS,AUXILIARY_AUTOMATIC_MASK_ONLY,False,False,False,validation,-1,Y0_M0_SSIEMENS,validation,False,True,True,False,False
1047,101036,101036_00001,2019-09-04 00:00:00,086Y,86.0,M,SIEMENS,non-PDAC,0,radiology,False,1,False,1,True,automatic,automatic_labels/101036_00001.nii.gz,b9f83380ce497b9b637f81965b70012bc5896472,517692,True,True,False,True,False,PANORAMA_LOCAL,PRIMARY_MODEL_DEVELOPMENT,False,True,RADIOLOGY_NO_DOCUMENTED_FOLLOWUP,SIEMENS,AUXILIARY_AUTOMATIC_MASK_ONLY,False,False,False,train,3,Y0_M0_SSIEMENS,train,True,False,False,False,False
1048,101037,101037_00001,2016-10-29 00:00:00,072Y,72.0,F,SIEMENS,non-PDAC,0,radiology,False,1,False,1,True,automatic,automatic_labels/101037_00001.nii.gz,25f60117c28ffad5dacc8309450f8a2268005a03,573273,True,True,False,True,False,PANORAMA_LOCAL,PRIMARY_MODEL_DEVELOPMENT,False,True,RADIOLOGY_NO_DOCUMENTED_FOLLOWUP,SIEMENS,AUXILIARY_AUTOMATIC_MASK_ONLY,False,False,False,train,1,Y0_M0_SSIEMENS,train,True,False,False,False,False
1049,101038,101038_00001,2013-06-09 00:00:00,054Y,54.0,M,Philips,PDAC,1,histopathology,False,1,False,1,True,automatic,automatic_labels/101038_00001.nii.gz,1edd716efd3488ed7e05f9ced1daf280aaae7824,227275,True,True,False,True,False,PANORAMA_LOCAL,PRIMARY_MODEL_DEVELOPMENT,False,True,TISSUE_CONFIRMED,Philips,AUXILIARY_AUTOMATIC_MASK_ONLY,False,False,False,internal_test,-1,Y1_M0_SPhilips,internal_test,False,False,False,True,False
1050,101039,101039_00001,2018-03-19 00:00:00,029Y,29.0,M,TOSHIBA,non-PDAC,0,radiology,False,1,False,1,True,automatic,automatic_labels/101039_00001.nii.gz,57b127be35b7aca2930711a36913e3fc856882aa,544684,True,True,False,True,False,PANORAMA_LOCAL,PRIMARY_MODEL_DEVELOPMENT,False,True,RADIOLOGY_NO_DOCUMENTED_FOLLOWUP,TOSHIBA,AUXILIARY_AUTOMATIC_MASK_ONLY,False,False,False,train,2,Y0_M0_STOSHIBA,train,True,False,False,False,False
1051,101040,101040_00001,2019-02-06 00:00:00,083Y,83.0,M,SIEMENS,non-PDAC,0,radiology,False,1,False,1,True,automatic,automatic_labels/101040_00001.nii.gz,0cf3ccb2ace0da1b53503e891725829376d834f2,623574,True,True,False,True,False,PANORAMA_LOCAL,PRIMARY_MODEL_DEVELOPMENT,False,True,RADIOLOGY_NO_DOCUMENTED_FOLLOWUP,SIEMENS,AUXILIARY_AUTOMATIC_MASK_ONLY,False,False,False,validation,-1,Y0_M0_SSIEMENS,validation,False,True,True,False,False
1052,101041,101041_00001,2017-02-19 00:00:00,060Y,60.0,F,TOSHIBA,non-PDAC,0,radiology,False,1,False,1,True,automatic,automatic_labels/101041_00001.nii.gz,d0dc5ba2741aa9a5f4281ab27da9ddd7273b2b2d,239278,True,True,False,True,False,PANORAMA_LOCAL,PRIMARY_MODEL_DEVELOPMENT,False,True,RADIOLOGY_NO_DOCUMENTED_FOLLOWUP,TOSHIBA,AUXILIARY_AUTOMATIC_MASK_ONLY,False,False,False,train,3,Y0_M0_STOSHIBA,train,True,False,False,False,False
1053,101042,101042_00001,2014-05-05 00:00:00,052Y,52.0,M,TOSHIBA,non-PDAC,0,radiology,False,1,False,1,True,automatic,automatic_labels/101042_00001.nii.gz,8b93b41e3f27d0a4d81479e50aaadd55c5d16e73,349112,True,True,False,True,False,PANORAMA_LOCAL,PRIMARY_MODEL_DEVELOPMENT,False,True,RADIOLOGY_NO_DOCUMENTED_FOLLOWUP,TOSHIBA,AUXILIARY_AUTOMATIC_MASK_ONLY,False,False,False,train,4,Y0_M0_STOSHIBA,train,True,False,False,False,False
1054,101043,101043_00001,2018-06-28 00:00:00,079Y,79.0,M,Philips,PDAC,1,histopathology,False,1,False,1,True,automatic,automatic_labels/101043_00001.nii.gz,c73e5ae427ae14a733ee55e5c998ecd544f1f326,282619,True,True,False,True,False,PANORAMA_LOCAL,PRIMARY_MODEL_DEVELOPMENT,False,True,TISSUE_CONFIRMED,Philips,AUXILIARY_AUTOMATIC_MASK_ONLY,False,False,False,train,4,Y1_M0_SPhilips,train,True,False,False,False,False
1055,101044,101044_00001,2020-02-17 00:00:00,071Y,71.0,M,Philips,PDAC,1,histopathology,False,1,False,1,True,manual,manual_labels/101044_00001.nii.gz,d78314898c54a6cb286c6f476ccd869bf9f0b54b,201550,True,True,True,False,True,PANORAMA_LOCAL,PRIMARY_MODEL_DEVELOPMENT,False,True,TISSUE_CONFIRMED,Philips,PRIMARY_MANUAL_PDAC_REFERENCE,False,False,False,train,4,Y1_M1_SPhilips,train,True,False,False,False,False
1056,101045,101045_00001,2017-04-23 00:00:00,082Y,82.0,M,GE MEDICAL SYSTEMS,PDAC,1,pathology,False,1,False,1,True,manual,manual_labels/101045_00001.nii.gz,1b5b318a1e61859277b99469b3185336daf0500b,423779,True,True,True,False,True,PANORAMA_LOCAL,PRIMARY_MODEL_DEVELOPMENT,False,True,TISSUE_CONFIRMED,GE MEDICAL SYSTEMS,PRIMARY_MANUAL_PDAC_REFERENCE,False,False,False,validation,-1,Y1_M1_SGE MEDICAL SYSTEMS,validation,False,True,True,False,False
1057,101046,101046_00001,2020-10-26 00:00:00,068Y,68.0,M,SIEMENS,PDAC,1,pathology,False,1,False,1,True,manual,manual_labels/101046_00001.nii.gz,0621e8d1a1d89ecf1efb54fc968bd2e83fb58ff3,569347,True,True,True,False,True,PANORAMA_LOCAL,PRIMARY_MODEL_DEVELOPMENT,False,True,TISSUE_CONFIRMED,SIEMENS,PRIMARY_MANUAL_PDAC_REFERENCE,False,False,False,train,2,Y1_M1_SSIEMENS,train,True,False,False,False,False
1058,101047,101047_00001,2016-04-07 00:00:00,075Y,75.0,M,TOSHIBA,non-PDAC,0,radiology,False,1,False,1,True,automatic,automatic_labels/101047_00001.nii.gz,292c17644193b3ae26c2c7ce706b960c545abb6e,589917,True,True,False,True,False,PANORAMA_LOCAL,PRIMARY_MODEL_DEVELOPMENT,False,True,RADIOLOGY_NO_DOCUMENTED_FOLLOWUP,TOSHIBA,AUXILIARY_AUTOMATIC_MASK_ONLY,False,False,False,train,2,Y0_M0_STOSHIBA,train,True,False,False,False,False
1059,101048,101048_00001,2018-05-27 00:00:00,058Y,58.0,F,SIEMENS,PDAC,1,histopathology,False,1,False,1,True,automatic,automatic_labels/101048_00001.nii.gz,f1439cc5f0590b501f060e18de3c86a579de1aa1,294314,True,True,False,True,False,PANORAMA_LOCAL,PRIMARY_MODEL_DEVELOPMENT,False,True,TISSUE_CONFIRMED,SIEMENS,AUXILIARY_AUTOMATIC_MASK_ONLY,False,False,False,validation,-1,Y1_M0_SSIEMENS,validation,False,True,True,False,False
1060,101049,101049_00001,,,,,,PDAC,1,MSD_dataset,True,1,False,1,True,manual,manual_labels/101049_00001.nii.gz,b34fd5fadb17345f898e2b24f560af5a772febf5,251318,True,True,True,False,True,MSD_EXTERNAL_MIXED,LOCKED_EXTERNAL_MIXED_TEST,True,False,MSD_DATASET_DERIVED,[MISSING],PRIMARY_MANUAL_PDAC_REFERENCE,True,True,False,,-1,,external_msd_test,False,False,False,True,True
1061,101050,101050_00001,2020-02-25 00:00:00,071Y,71.0,F,TOSHIBA,PDAC,1,radiology,False,1,False,1,True,manual,manual_labels/101050_00001.nii.gz,dcdb6df78c3f3db094cb091c40e99807e3b19e80,357508,True,True,True,False,True,PANORAMA_LOCAL,PRIMARY_MODEL_DEVELOPMENT,False,True,RADIOLOGY_NO_DOCUMENTED_FOLLOWUP,TOSHIBA,PRIMARY_MANUAL_PDAC_REFERENCE,False,False,False,train,3,Y1_M1_STOSHIBA,train,True,False,False,False,False
1062,101051,101051_00001,2017-12-21 00:00:00,059Y,59.0,F,TOSHIBA,non-PDAC,0,radiology,False,1,False,1,True,automatic,automatic_labels/101051_00001.nii.gz,02ef0e4afbdeaaf41ef69ca71850170bf239d64c,542322,True,True,False,True,False,PANORAMA_LOCAL,PRIMARY_MODEL_DEVELOPMENT,False,True,RADIOLOGY_NO_DOCUMENTED_FOLLOWUP,TOSHIBA,AUXILIARY_AUTOMATIC_MASK_ONLY,False,False,False,validation,-1,Y0_M0_STOSHIBA,validation,False,True,True,False,False
1063,101052,101052_00001,2019-10-05 00:00:00,065Y,65.0,M,Philips,non-PDAC,0,histopathology,False,1,False,1,True,automatic,automatic_labels/101052_00001.nii.gz,dfe28616d65645ccf0fb0a86af1d749c9fed08ec,476677,True,True,False,True,False,PANORAMA_LOCAL,PRIMARY_MODEL_DEVELOPMENT,False,True,TISSUE_CONFIRMED,Philips,AUXILIARY_AUTOMATIC_MASK_ONLY,False,False,False,train,4,Y0_M0_SPhilips,train,True,False,False,False,False
1064,101053,101053_00001,2016-10-17 00:00:00,037Y,37.0,M,SIEMENS,non-PDAC,0,radiology,False,1,False,1,True,automatic,automatic_labels/101053_00001.nii.gz,0460fddad42267d7e00a21699404a77992848c79,322055,True,True,False,True,False,PANORAMA_LOCAL,PRIMARY_MODEL_DEVELOPMENT,False,True,RADIOLOGY_NO_DOCUMENTED_FOLLOWUP,SIEMENS,AUXILIARY_AUTOMATIC_MASK_ONLY,False,False,False,train,1,Y0_M0_SSIEMENS,train,True,False,False,False,False
1065,101054,101054_00001,2016-12-19 00:00:00,067Y,67.0,F,TOSHIBA,PDAC,1,histopathology,False,1,False,1,True,manual,manual_labels/101054_00001.nii.gz,7977cd50fde89509672c549c996565b75a0c405d,95683,True,True,True,False,True,PANORAMA_LOCAL,PRIMARY_MODEL_DEVELOPMENT,False,True,TISSUE_CONFIRMED,TOSHIBA,PRIMARY_MANUAL_PDAC_REFERENCE,False,False,False,train,2,Y1_M1_STOSHIBA,train,True,False,False,False,False
1066,101055,101055_00001,2018-01-06 00:00:00,068Y,68.0,M,TOSHIBA,non-PDAC,0,radiology,False,1,False,1,True,automatic,automatic_labels/101055_00001.nii.gz,b115228ce09bf77e8c6692885003501d59d0459e,346183,True,True,False,True,False,PANORAMA_LOCAL,PRIMARY_MODEL_DEVELOPMENT,False,True,RADIOLOGY_NO_DOCUMENTED_FOLLOWUP,TOSHIBA,AUXILIARY_AUTOMATIC_MASK_ONLY,False,False,False,train,1,Y0_M0_STOSHIBA,train,True,False,False,False,False
1067,101056,101056_00001,,,,,,non-PDAC,0,MSD_dataset,True,1,False,1,True,automatic,automatic_labels/101056_00001.nii.gz,e87fc1aec1cb6ae38062a1bc2b8cd01db27a1f7e,126065,True,True,False,True,False,MSD_EXTERNAL_MIXED,LOCKED_EXTERNAL_MIXED_TEST,True,False,MSD_DATASET_DERIVED,[MISSING],AUXILIARY_AUTOMATIC_MASK_ONLY,True,False,False,,-1,,external_msd_test,False,False,False,True,False
1068,101057,101057_00001,2015-10-19 00:00:00,070Y,70.0,F,SIEMENS,non-PDAC,0,radiology,False,1,False,1,True,automatic,automatic_labels/101057_00001.nii.gz,bf96c35f30e860ac02ba3c11bedc33a06bb7e0d2,1025535,True,True,False,True,False,PANORAMA_LOCAL,PRIMARY_MODEL_DEVELOPMENT,False,True,RADIOLOGY_NO_DOCUMENTED_FOLLOWUP,SIEMENS,AUXILIARY_AUTOMATIC_MASK_ONLY,False,False,False,train,4,Y0_M0_SSIEMENS,train,True,False,False,False,False
1069,101058,101058_00001,2016-09-02 00:00:00,084Y,84.0,M,SIEMENS,non-PDAC,0,radiology,False,1,False,1,True,automatic,automatic_labels/101058_00001.nii.gz,697b535c55be4ec7369545163bccf54a5ba6d4ec,197628,True,True,False,True,False,PANORAMA_LOCAL,PRIMARY_MODEL_DEVELOPMENT,False,True,RADIOLOGY_NO_DOCUMENTED_FOLLOWUP,SIEMENS,AUXILIARY_AUTOMATIC_MASK_ONLY,False,False,False,train,4,Y0_M0_SSIEMENS,train,True,False,False,False,False
1070,101059,101059_00001,2017-12-01 00:00:00,049Y,49.0,M,TOSHIBA,non-PDAC,0,radiology,False,1,False,1,True,automatic,automatic_labels/101059_00001.nii.gz,92e2db5e67b648118a24b70016458f6c84da002b,410979,True,True,False,True,False,PANORAMA_LOCAL,PRIMARY_MODEL_DEVELOPMENT,False,True,RADIOLOGY_NO_DOCUMENTED_FOLLOWUP,TOSHIBA,AUXILIARY_AUTOMATIC_MASK_ONLY,False,False,False,train,2,Y0_M0_STOSHIBA,train,True,False,False,False,False
1071,101060,101060_00001,2018-09-17 00:00:00,083Y,83.0,M,SIEMENS,non-PDAC,0,radiology,False,1,False,1,True,automatic,automatic_labels/101060_00001.nii.gz,c6c4bc8130822ca226bc1f44bef1fb267591b66c,645972,True,True,False,True,False,PANORAMA_LOCAL,PRIMARY_MODEL_DEVELOPMENT,False,True,RADIOLOGY_NO_DOCUMENTED_FOLLOWUP,SIEMENS,AUXILIARY_AUTOMATIC_MASK_ONLY,False,False,False,validation,-1,Y0_M0_SSIEMENS,validation,False,True,True,False,False
1072,101061,101061_00001,2015-12-12 00:00:00,,,,,non-PDAC,0,NIH_dataset,True,1,False,1,True,automatic,automatic_labels/101061_00001.nii.gz,7c071238b4a055129af82094e8683a608db9912f,471118,True,True,False,True,False,NIH_NEGATIVE_STRESS,LOCKED_NEGATIVE_SPECIFICITY_STRESS_TEST,True,False,NIH_DATASET_DERIVED,[MISSING],AUXILIARY_AUTOMATIC_MASK_ONLY,False,False,True,,-1,,nih_negative_stress_test,False,False,False,True,False
1073,101062,101062_00001,2014-04-21 00:00:00,062Y,62.0,M,Philips,PDAC,1,histopathology,False,1,False,1,True,manual,manual_labels/101062_00001.nii.gz,369ae2f6d9a1c5a6f46c04d5ccbc093afbf97dc9,76427,True,True,True,False,True,PANORAMA_LOCAL,PRIMARY_MODEL_DEVELOPMENT,False,True,TISSUE_CONFIRMED,Philips,PRIMARY_MANUAL_PDAC_REFERENCE,False,False,False,train,3,Y1_M1_SPhilips,train,True,False,False,False,False
1074,101063,101063_00001,2020-09-04 00:00:00,085Y,85.0,F,SIEMENS,PDAC,1,pathology,False,1,False,1,True,automatic,automatic_labels/101063_00001.nii.gz,a8e5251f7d896efaf70e42d35996e24436c6c7bb,1595254,True,True,False,True,False,PANORAMA_LOCAL,PRIMARY_MODEL_DEVELOPMENT,False,True,TISSUE_CONFIRMED,SIEMENS,AUXILIARY_AUTOMATIC_MASK_ONLY,False,False,False,train,0,Y1_M0_SSIEMENS,train,True,False,False,False,False
1075,101064,101064_00001,,,,,,PDAC,1,MSD_dataset,True,1,False,1,True,manual,manual_labels/101064_00001.nii.gz,cf3a8a083e44eca8fa4b3dadd40da9faa5187777,192274,True,True,True,False,True,MSD_EXTERNAL_MIXED,LOCKED_EXTERNAL_MIXED_TEST,True,False,MSD_DATASET_DERIVED,[MISSING],PRIMARY_MANUAL_PDAC_REFERENCE,True,True,False,,-1,,external_msd_test,False,False,False,True,True
1076,101065,101065_00001,2014-01-30 00:00:00,051Y,51.0,F,TOSHIBA,non-PDAC,0,radiology,False,1,False,1,True,automatic,automatic_labels/101065_00001.nii.gz,d551f10819f9953f1a8600244a5ff4d22652ff2f,1155779,True,True,False,True,False,PANORAMA_LOCAL,PRIMARY_MODEL_DEVELOPMENT,False,True,RADIOLOGY_NO_DOCUMENTED_FOLLOWUP,TOSHIBA,AUXILIARY_AUTOMATIC_MASK_ONLY,False,False,False,train,0,Y0_M0_STOSHIBA,train,True,False,False,False,False
1077,101066,101066_00001,2017-08-03 00:00:00,065Y,65.0,F,SIEMENS,non-PDAC,0,radiology,False,1,False,1,True,automatic,automatic_labels/101066_00001.nii.gz,0b829b651f58fe6f5b47c88c3d9c7eafc4de09f3,612154,True,True,False,True,False,PANORAMA_LOCAL,PRIMARY_MODEL_DEVELOPMENT,False,True,RADIOLOGY_NO_DOCUMENTED_FOLLOWUP,SIEMENS,AUXILIARY_AUTOMATIC_MASK_ONLY,False,False,False,train,1,Y0_M0_SSIEMENS,train,True,False,False,False,False
1078,101067,101067_00001,2015-12-20 00:00:00,,,,,non-PDAC,0,NIH_dataset,True,1,False,1,True,automatic,automatic_labels/101067_00001.nii.gz,6958770c6f14377af37c72549ecb98cb58c67bb3,687869,True,True,False,True,False,NIH_NEGATIVE_STRESS,LOCKED_NEGATIVE_SPECIFICITY_STRESS_TEST,True,False,NIH_DATASET_DERIVED,[MISSING],AUXILIARY_AUTOMATIC_MASK_ONLY,False,False,True,,-1,,nih_negative_stress_test,False,False,False,True,False
1079,101068,101068_00001,2021-12-04 00:00:00,058Y,58.0,F,SIEMENS,PDAC,1,histopathology,False,1,False,1,True,automatic,automatic_labels/101068_00001.nii.gz,b5c50ab6abca64ddf7802ce90aa0006e05e8f828,442703,True,True,False,True,False,PANORAMA_LOCAL,PRIMARY_MODEL_DEVELOPMENT,False,True,TISSUE_CONFIRMED,SIEMENS,AUXILIARY_AUTOMATIC_MASK_ONLY,False,False,False,train,3,Y1_M0_SSIEMENS,train,True,False,False,False,False
1080,101069,101069_00001,2016-06-26 00:00:00,070Y,70.0,M,TOSHIBA,non-PDAC,0,histopathology,False,1,False,1,True,automatic,automatic_labels/101069_00001.nii.gz,f7d0f93f970d0502968cb6043dd00ef268fa6592,427693,True,True,False,True,False,PANORAMA_LOCAL,PRIMARY_MODEL_DEVELOPMENT,False,True,TISSUE_CONFIRMED,TOSHIBA,AUXILIARY_AUTOMATIC_MASK_ONLY,False,False,False,train,3,Y0_M0_STOSHIBA,train,True,False,False,False,False
1081,101070,101070_00001,2016-11-01 00:00:00,031Y,31.0,M,SIEMENS,non-PDAC,0,radiology,False,1,False,1,True,automatic,automatic_labels/101070_00001.nii.gz,28b144a4f75bebce9ece8fc781b9d2c25c46b39b,742466,True,True,False,True,False,PANORAMA_LOCAL,PRIMARY_MODEL_DEVELOPMENT,False,True,RADIOLOGY_NO_DOCUMENTED_FOLLOWUP,SIEMENS,AUXILIARY_AUTOMATIC_MASK_ONLY,False,False,False,internal_test,-1,Y0_M0_SSIEMENS,internal_test,False,False,False,True,False
1082,101071,101071_00001,2016-04-02 00:00:00,066Y,66.0,M,SIEMENS,non-PDAC,0,radiology,False,1,False,1,True,automatic,automatic_labels/101071_00001.nii.gz,fcbefc84b52cdbe2a328b704a9ae60c98055082f,352521,True,True,False,True,False,PANORAMA_LOCAL,PRIMARY_MODEL_DEVELOPMENT,False,True,RADIOLOGY_NO_DOCUMENTED_FOLLOWUP,SIEMENS,AUXILIARY_AUTOMATIC_MASK_ONLY,False,False,False,train,3,Y0_M0_SSIEMENS,train,True,False,False,False,False
1083,101072,101072_00001,2019-01-24 00:00:00,034Y,34.0,F,TOSHIBA,non-PDAC,0,radiology,False,1,False,1,True,automatic,automatic_labels/101072_00001.nii.gz,2e45dcd9faab2b00cd6a7885ffaf18e6094c0fc3,2894446,True,True,False,True,False,PANORAMA_LOCAL,PRIMARY_MODEL_DEVELOPMENT,False,True,RADIOLOGY_NO_DOCUMENTED_FOLLOWUP,TOSHIBA,AUXILIARY_AUTOMATIC_MASK_ONLY,False,False,False,train,0,Y0_M0_STOSHIBA,train,True,False,False,False,False
1084,101073,101073_00001,2014-10-14 00:00:00,082Y,82.0,M,SIEMENS,non-PDAC,0,radiology,False,1,False,1,True,automatic,automatic_labels/101073_00001.nii.gz,234b013c8821f2d38bdb70832566f0ddd302bec3,607125,True,True,False,True,False,PANORAMA_LOCAL,PRIMARY_MODEL_DEVELOPMENT,False,True,RADIOLOGY_NO_DOCUMENTED_FOLLOWUP,SIEMENS,AUXILIARY_AUTOMATIC_MASK_ONLY,False,False,False,train,1,Y0_M0_SSIEMENS,train,True,False,False,False,False
1085,101074,101074_00001,2014-04-16 00:00:00,021Y,21.0,M,SIEMENS,non-PDAC,0,radiology,False,1,False,1,True,automatic,automatic_labels/101074_00001.nii.gz,b303b99e037ba07fb079cfd8adcd6efbd11f8ec2,1651722,True,True,False,True,False,PANORAMA_LOCAL,PRIMARY_MODEL_DEVELOPMENT,False,True,RADIOLOGY_NO_DOCUMENTED_FOLLOWUP,SIEMENS,AUXILIARY_AUTOMATIC_MASK_ONLY,False,False,False,validation,-1,Y0_M0_SSIEMENS,validation,False,True,True,False,False
1086,101075,101075_00001,2016-05-05 00:00:00,056Y,56.0,M,TOSHIBA,non-PDAC,0,radiology,False,1,False,1,True,automatic,automatic_labels/101075_00001.nii.gz,7e796b5c796e7cb46c5b55e4d41cebc84ee9ff87,454615,True,True,False,True,False,PANORAMA_LOCAL,PRIMARY_MODEL_DEVELOPMENT,False,True,RADIOLOGY_NO_DOCUMENTED_FOLLOWUP,TOSHIBA,AUXILIARY_AUTOMATIC_MASK_ONLY,False,False,False,train,0,Y0_M0_STOSHIBA,train,True,False,False,False,False
1087,101076,101076_00001,2019-10-19 00:00:00,040Y,40.0,M,SIEMENS,non-PDAC,0,radiology,False,1,False,1,True,automatic,automatic_labels/101076_00001.nii.gz,ac983491fb52c7f86bbb3f59f46f3d9622e7b416,342514,True,True,False,True,False,PANORAMA_LOCAL,PRIMARY_MODEL_DEVELOPMENT,False,True,RADIOLOGY_NO_DOCUMENTED_FOLLOWUP,SIEMENS,AUXILIARY_AUTOMATIC_MASK_ONLY,False,False,False,internal_test,-1,Y0_M0_SSIEMENS,internal_test,False,False,False,True,False
1088,101077,101077_00001,2017-07-30 00:00:00,054Y,54.0,M,TOSHIBA,non-PDAC,0,radiology,False,1,False,1,True,automatic,automatic_labels/101077_00001.nii.gz,9c282c34469fc1d4983299d90c0663fe297c047d,214735,True,True,False,True,False,PANORAMA_LOCAL,PRIMARY_MODEL_DEVELOPMENT,False,True,RADIOLOGY_NO_DOCUMENTED_FOLLOWUP,TOSHIBA,AUXILIARY_AUTOMATIC_MASK_ONLY,False,False,False,train,0,Y0_M0_STOSHIBA,train,True,False,False,False,False
1089,101078,101078_00001,,,,,,PDAC,1,MSD_dataset,True,1,False,1,True,manual,manual_labels/101078_00001.nii.gz,bb1624f8054d4aa6a13bcfcf2638efe08ea71ca8,72195,True,True,True,False,True,MSD_EXTERNAL_MIXED,LOCKED_EXTERNAL_MIXED_TEST,True,False,MSD_DATASET_DERIVED,[MISSING],PRIMARY_MANUAL_PDAC_REFERENCE,True,True,False,,-1,,external_msd_test,False,False,False,True,True
1090,101079,101079_00001,2016-01-15 00:00:00,075Y,75.0,F,SIEMENS,non-PDAC,0,radiology,False,1,False,1,True,automatic,automatic_labels/101079_00001.nii.gz,c4f1d6af6c09e8ebd6b34a91e6d5f19b61fcd9a3,556231,True,True,False,True,False,PANORAMA_LOCAL,PRIMARY_MODEL_DEVELOPMENT,False,True,RADIOLOGY_NO_DOCUMENTED_FOLLOWUP,SIEMENS,AUXILIARY_AUTOMATIC_MASK_ONLY,False,False,False,internal_test,-1,Y0_M0_SSIEMENS,internal_test,False,False,False,True,False
1091,101080,101080_00001,2020-02-09 00:00:00,063Y,63.0,M,Philips,PDAC,1,histopathology,False,1,False,1,True,manual,manual_labels/101080_00001.nii.gz,e6d0b693731c90ec15f6295dcdcb46d78690799a,454665,True,True,True,False,True,PANORAMA_LOCAL,PRIMARY_MODEL_DEVELOPMENT,False,True,TISSUE_CONFIRMED,Philips,PRIMARY_MANUAL_PDAC_REFERENCE,False,False,False,train,0,Y1_M1_SPhilips,train,True,False,False,False,False
1092,101081,101081_00001,2014-06-04 00:00:00,050Y,50.0,F,SIEMENS,non-PDAC,0,radiology,False,1,False,1,True,automatic,automatic_labels/101081_00001.nii.gz,20f3eb68d42590fdfb42e324b37ab4e88eb0f288,1615486,True,True,False,True,False,PANORAMA_LOCAL,PRIMARY_MODEL_DEVELOPMENT,False,True,RADIOLOGY_NO_DOCUMENTED_FOLLOWUP,SIEMENS,AUXILIARY_AUTOMATIC_MASK_ONLY,False,False,False,train,4,Y0_M0_SSIEMENS,train,True,False,False,False,False
1093,101082,101082_00001,2015-06-15 00:00:00,077Y,77.0,M,SIEMENS,non-PDAC,0,radiology,False,1,False,1,True,automatic,automatic_labels/101082_00001.nii.gz,b29582a754a5c3afd2c73b01a57391f207243abc,349170,True,True,False,True,False,PANORAMA_LOCAL,PRIMARY_MODEL_DEVELOPMENT,False,True,RADIOLOGY_NO_DOCUMENTED_FOLLOWUP,SIEMENS,AUXILIARY_AUTOMATIC_MASK_ONLY,False,False,False,internal_test,-1,Y0_M0_SSIEMENS,internal_test,False,False,False,True,False
1094,101083,101083_00001,2020-10-01 00:00:00,065Y,65.0,M,Philips,PDAC,1,histopathology,False,1,False,1,True,manual,manual_labels/101083_00001.nii.gz,110a40412c59e82b9b87537e1fac216bb8818066,512452,True,True,True,False,True,PANORAMA_LOCAL,PRIMARY_MODEL_DEVELOPMENT,False,True,TISSUE_CONFIRMED,Philips,PRIMARY_MANUAL_PDAC_REFERENCE,False,False,False,train,1,Y1_M1_SPhilips,train,True,False,False,False,False
1095,101084,101084_00001,2018-02-09 00:00:00,078Y,78.0,M,SIEMENS,non-PDAC,0,radiology,False,1,False,1,True,automatic,automatic_labels/101084_00001.nii.gz,3aaec2b62f6de1b24ae4429a9832ba4131cc995f,609626,True,True,False,True,False,PANORAMA_LOCAL,PRIMARY_MODEL_DEVELOPMENT,False,True,RADIOLOGY_NO_DOCUMENTED_FOLLOWUP,SIEMENS,AUXILIARY_AUTOMATIC_MASK_ONLY,False,False,False,train,2,Y0_M0_SSIEMENS,train,True,False,False,False,False
1096,101085,101085_00001,2014-08-25 00:00:00,041Y,41.0,M,Philips,PDAC,1,pathology,False,1,False,1,True,manual,manual_labels/101085_00001.nii.gz,dfd96fb1277c92f8d816df34c828963a9e2c6d3b,336142,True,True,True,False,True,PANORAMA_LOCAL,PRIMARY_MODEL_DEVELOPMENT,False,True,TISSUE_CONFIRMED,Philips,PRIMARY_MANUAL_PDAC_REFERENCE,False,False,False,validation,-1,Y1_M1_SPhilips,validation,False,True,True,False,False
1097,101086,101086_00001,,,,,,non-PDAC,0,MSD_dataset,True,1,False,1,True,automatic,automatic_labels/101086_00001.nii.gz,d981afbe4de08b1cbf61fa2fcaaad3a115723a18,227897,True,True,False,True,False,MSD_EXTERNAL_MIXED,LOCKED_EXTERNAL_MIXED_TEST,True,False,MSD_DATASET_DERIVED,[MISSING],AUXILIARY_AUTOMATIC_MASK_ONLY,True,False,False,,-1,,external_msd_test,False,False,False,True,False
1098,101087,101087_00001,2016-01-05 00:00:00,057Y,57.0,M,SIEMENS,non-PDAC,0,radiology,False,1,False,1,True,automatic,automatic_labels/101087_00001.nii.gz,6badb35953df32dcec43281816d77cfecc7a7d31,744218,True,True,False,True,False,PANORAMA_LOCAL,PRIMARY_MODEL_DEVELOPMENT,False,True,RADIOLOGY_NO_DOCUMENTED_FOLLOWUP,SIEMENS,AUXILIARY_AUTOMATIC_MASK_ONLY,False,False,False,train,2,Y0_M0_SSIEMENS,train,True,False,False,False,False
1099,101088,101088_00001,2018-05-21 00:00:00,068Y,68.0,M,SIEMENS,non-PDAC,0,radiology,False,1,False,1,True,automatic,automatic_labels/101088_00001.nii.gz,14a04f043df95d3f2e5d773ee1c26fb2799481a7,510475,True,True,False,True,False,PANORAMA_LOCAL,PRIMARY_MODEL_DEVELOPMENT,False,True,RADIOLOGY_NO_DOCUMENTED_FOLLOWUP,SIEMENS,AUXILIARY_AUTOMATIC_MASK_ONLY,False,False,False,train,4,Y0_M0_SSIEMENS,train,True,False,False,False,False
1100,101089,101089_00001,2016-02-18 00:00:00,059Y,59.0,M,TOSHIBA,non-PDAC,0,radiology,False,1,False,1,True,automatic,automatic_labels/101089_00001.nii.gz,2eb698d4d382d64a21069d83d0532c85cc2d5707,436383,True,True,False,True,False,PANORAMA_LOCAL,PRIMARY_MODEL_DEVELOPMENT,False,True,RADIOLOGY_NO_DOCUMENTED_FOLLOWUP,TOSHIBA,AUXILIARY_AUTOMATIC_MASK_ONLY,False,False,False,validation,-1,Y0_M0_STOSHIBA,validation,False,True,True,False,False
1101,101090,101090_00001,2018-04-13 00:00:00,065Y,65.0,F,TOSHIBA,non-PDAC,0,radiology,False,1,False,1,True,automatic,automatic_labels/101090_00001.nii.gz,b76c8f23f2d4d22592b30b65fcf76520b2c01e15,203356,True,True,False,True,False,PANORAMA_LOCAL,PRIMARY_MODEL_DEVELOPMENT,False,True,RADIOLOGY_NO_DOCUMENTED_FOLLOWUP,TOSHIBA,AUXILIARY_AUTOMATIC_MASK_ONLY,False,False,False,validation,-1,Y0_M0_STOSHIBA,validation,False,True,True,False,False
1102,101091,101091_00001,2019-01-07 00:00:00,066Y,66.0,M,SIEMENS,PDAC,1,histopathology,False,1,False,1,True,manual,manual_labels/101091_00001.nii.gz,afed9acd09127b0535669dcad89c33b631ad7c39,139585,True,True,True,False,True,PANORAMA_LOCAL,PRIMARY_MODEL_DEVELOPMENT,False,True,TISSUE_CONFIRMED,SIEMENS,PRIMARY_MANUAL_PDAC_REFERENCE,False,False,False,internal_test,-1,Y1_M1_SSIEMENS,internal_test,False,False,False,True,True
1103,101092,101092_00001,2020-08-24 00:00:00,059Y,59.0,M,Philips,PDAC,1,histopathology,False,1,False,1,True,manual,manual_labels/101092_00001.nii.gz,361b4562eaf9f0e02da0dee9cccb57d3f07598f0,201965,True,True,True,False,True,PANORAMA_LOCAL,PRIMARY_MODEL_DEVELOPMENT,False,True,TISSUE_CONFIRMED,Philips,PRIMARY_MANUAL_PDAC_REFERENCE,False,False,False,validation,-1,Y1_M1_SPhilips,validation,False,True,True,False,False
1104,101093,101093_00001,2016-05-19 00:00:00,052Y,52.0,F,TOSHIBA,PDAC,1,radiology,False,1,False,1,True,manual,manual_labels/101093_00001.nii.gz,9945f51aad8ca0f6b64c9565f60ab7ffab867d87,223035,True,True,True,False,True,PANORAMA_LOCAL,PRIMARY_MODEL_DEVELOPMENT,False,True,RADIOLOGY_NO_DOCUMENTED_FOLLOWUP,TOSHIBA,PRIMARY_MANUAL_PDAC_REFERENCE,False,False,False,train,1,Y1_M1_STOSHIBA,train,True,False,False,False,False
1105,101094,101094_00001,,,,,,non-PDAC,0,MSD_dataset,True,1,False,1,True,automatic,automatic_labels/101094_00001.nii.gz,059965abd22e3e70d3458e0916486ec01be72ccb,209480,True,True,False,True,False,MSD_EXTERNAL_MIXED,LOCKED_EXTERNAL_MIXED_TEST,True,False,MSD_DATASET_DERIVED,[MISSING],AUXILIARY_AUTOMATIC_MASK_ONLY,True,False,False,,-1,,external_msd_test,False,False,False,True,False
1106,101095,101095_00001,2019-07-01 00:00:00,078Y,78.0,F,SIEMENS,non-PDAC,0,pathology,False,1,False,1,True,automatic,automatic_labels/101095_00001.nii.gz,ae8b5321f3fa921fbf976859636020aac0edba5f,669363,True,True,False,True,False,PANORAMA_LOCAL,PRIMARY_MODEL_DEVELOPMENT,False,True,TISSUE_CONFIRMED,SIEMENS,AUXILIARY_AUTOMATIC_MASK_ONLY,False,False,False,train,3,Y0_M0_SSIEMENS,train,True,False,False,False,False
1107,101096,101096_00001,2019-01-11 00:00:00,067Y,67.0,F,SIEMENS,non-PDAC,0,radiology,False,1,False,1,True,automatic,automatic_labels/101096_00001.nii.gz,462b89d64e81bb7c6e51b351810e5fc539a483a3,680258,True,True,False,True,False,PANORAMA_LOCAL,PRIMARY_MODEL_DEVELOPMENT,False,True,RADIOLOGY_NO_DOCUMENTED_FOLLOWUP,SIEMENS,AUXILIARY_AUTOMATIC_MASK_ONLY,False,False,False,validation,-1,Y0_M0_SSIEMENS,validation,False,True,True,False,False
1108,101097,101097_00001,2019-02-19 00:00:00,076Y,76.0,M,Philips,PDAC,1,histopathology,False,1,False,1,True,manual,manual_labels/101097_00001.nii.gz,d47c290395858fad1795fccda60e5cbeec783de4,122236,True,True,True,False,True,PANORAMA_LOCAL,PRIMARY_MODEL_DEVELOPMENT,False,True,TISSUE_CONFIRMED,Philips,PRIMARY_MANUAL_PDAC_REFERENCE,False,False,False,train,4,Y1_M1_SPhilips,train,True,False,False,False,False
1109,101098,101098_00001,2015-06-11 00:00:00,079Y,79.0,M,TOSHIBA,non-PDAC,0,radiology,False,1,False,1,True,automatic,automatic_labels/101098_00001.nii.gz,15f09429f09ffa243ec9bc8dd2964e4c244b1ce0,351488,True,True,False,True,False,PANORAMA_LOCAL,PRIMARY_MODEL_DEVELOPMENT,False,True,RADIOLOGY_NO_DOCUMENTED_FOLLOWUP,TOSHIBA,AUXILIARY_AUTOMATIC_MASK_ONLY,False,False,False,train,2,Y0_M0_STOSHIBA,train,True,False,False,False,False
1110,101099,101099_00001,2015-10-28 00:00:00,080Y,80.0,M,SIEMENS,non-PDAC,0,radiology,False,1,False,1,True,automatic,automatic_labels/101099_00001.nii.gz,e93166173f1465431d41f5606cb2eec60f396ba8,349038,True,True,False,True,False,PANORAMA_LOCAL,PRIMARY_MODEL_DEVELOPMENT,False,True,RADIOLOGY_NO_DOCUMENTED_FOLLOWUP,SIEMENS,AUXILIARY_AUTOMATIC_MASK_ONLY,False,False,False,internal_test,-1,Y0_M0_SSIEMENS,internal_test,False,False,False,True,False
1111,101100,101100_00001,2014-04-11 00:00:00,081Y,81.0,F,TOSHIBA,non-PDAC,0,radiology,False,1,False,1,True,automatic,automatic_labels/101100_00001.nii.gz,4e597b27ccaa41812c3e308d66d060abe4b02eb3,767979,True,True,False,True,False,PANORAMA_LOCAL,PRIMARY_MODEL_DEVELOPMENT,False,True,RADIOLOGY_NO_DOCUMENTED_FOLLOWUP,TOSHIBA,AUXILIARY_AUTOMATIC_MASK_ONLY,False,False,False,train,1,Y0_M0_STOSHIBA,train,True,False,False,False,False
1112,101101,101101_00001,2018-03-28 00:00:00,076Y,76.0,F,TOSHIBA,PDAC,1,cytology,False,1,False,1,True,manual,manual_labels/101101_00001.nii.gz,4de5f6fdf70a4242350f9ae82c45ca130b151794,2180026,True,True,True,False,True,PANORAMA_LOCAL,PRIMARY_MODEL_DEVELOPMENT,False,True,CYTOLOGY_CONFIRMED,TOSHIBA,PRIMARY_MANUAL_PDAC_REFERENCE,False,False,False,train,4,Y1_M1_STOSHIBA,train,True,False,False,False,False
1113,101102,101102_00001,2017-03-10 00:00:00,063Y,63.0,M,TOSHIBA,PDAC,1,cytology,False,1,False,1,True,automatic,automatic_labels/101102_00001.nii.gz,078ff935938f86e76798a5171eed1cf75d379fe9,262426,True,True,False,True,False,PANORAMA_LOCAL,PRIMARY_MODEL_DEVELOPMENT,False,True,CYTOLOGY_CONFIRMED,TOSHIBA,AUXILIARY_AUTOMATIC_MASK_ONLY,False,False,False,validation,-1,Y1_M0_STOSHIBA,validation,False,True,True,False,False
1114,101103,101103_00001,2020-07-28 00:00:00,042Y,42.0,F,Philips,PDAC,1,histopathology,False,1,False,1,True,manual,manual_labels/101103_00001.nii.gz,dcc32ff2d434511a75924137d992bad0053700c0,188778,True,True,True,False,True,PANORAMA_LOCAL,PRIMARY_MODEL_DEVELOPMENT,False,True,TISSUE_CONFIRMED,Philips,PRIMARY_MANUAL_PDAC_REFERENCE,False,False,False,train,0,Y1_M1_SPhilips,train,True,False,False,False,False
1115,101104,101104_00001,2013-08-20 00:00:00,061Y,61.0,F,GE MEDICAL SYSTEMS,non-PDAC,0,cytology,False,1,False,1,True,automatic,automatic_labels/101104_00001.nii.gz,4a6c19bf59ddb74fba1ad309de4fce1e92391133,461684,True,True,False,True,False,PANORAMA_LOCAL,PRIMARY_MODEL_DEVELOPMENT,False,True,CYTOLOGY_CONFIRMED,GE MEDICAL SYSTEMS,AUXILIARY_AUTOMATIC_MASK_ONLY,False,False,False,train,0,Y0_M0_SGE MEDICAL SYSTEMS,train,True,False,False,False,False
1116,101105,101105_00001,2015-07-07 00:00:00,042Y,42.0,F,SIEMENS,non-PDAC,0,radiology,False,1,False,1,True,automatic,automatic_labels/101105_00001.nii.gz,e891fcb7a4b2315cf7a7ee4ce45200f9d05bf87a,1195255,True,True,False,True,False,PANORAMA_LOCAL,PRIMARY_MODEL_DEVELOPMENT,False,True,RADIOLOGY_NO_DOCUMENTED_FOLLOWUP,SIEMENS,AUXILIARY_AUTOMATIC_MASK_ONLY,False,False,False,train,4,Y0_M0_SSIEMENS,train,True,False,False,False,False
1117,101106,101106_00001,2016-06-06 00:00:00,074Y,74.0,F,TOSHIBA,PDAC,1,cytology,False,1,False,1,True,manual,manual_labels/101106_00001.nii.gz,8aa49f2430be29f55e3abbf2b5929bdeb8cc74a2,280850,True,True,True,False,True,PANORAMA_LOCAL,PRIMARY_MODEL_DEVELOPMENT,False,True,CYTOLOGY_CONFIRMED,TOSHIBA,PRIMARY_MANUAL_PDAC_REFERENCE,False,False,False,validation,-1,Y1_M1_STOSHIBA,validation,False,True,True,False,False
1118,101107,101107_00001,2015-09-20 00:00:00,066Y,66.0,F,SIEMENS,non-PDAC,0,radiology,False,1,False,1,True,automatic,automatic_labels/101107_00001.nii.gz,5134f0c403dc218a63fa02eb07160a6e0184b087,236789,True,True,False,True,False,PANORAMA_LOCAL,PRIMARY_MODEL_DEVELOPMENT,False,True,RADIOLOGY_NO_DOCUMENTED_FOLLOWUP,SIEMENS,AUXILIARY_AUTOMATIC_MASK_ONLY,False,False,False,validation,-1,Y0_M0_SSIEMENS,validation,False,True,True,False,False
1119,101108,101108_00001,2018-03-28 00:00:00,067Y,67.0,F,TOSHIBA,non-PDAC,0,pathology,False,1,False,1,True,automatic,automatic_labels/101108_00001.nii.gz,1a71b11adb71b562155e3b403a4e9124a7a12b78,476035,True,True,False,True,False,PANORAMA_LOCAL,PRIMARY_MODEL_DEVELOPMENT,False,True,TISSUE_CONFIRMED,TOSHIBA,AUXILIARY_AUTOMATIC_MASK_ONLY,False,False,False,validation,-1,Y0_M0_STOSHIBA,validation,False,True,True,False,False
1120,101109,101109_00001,2019-08-29 00:00:00,077Y,77.0,F,TOSHIBA,non-PDAC,0,pathology,False,1,False,1,True,automatic,automatic_labels/101109_00001.nii.gz,709388c9cad20c971d068558785bd69f40e30027,1321708,True,True,False,True,False,PANORAMA_LOCAL,PRIMARY_MODEL_DEVELOPMENT,False,True,TISSUE_CONFIRMED,TOSHIBA,AUXILIARY_AUTOMATIC_MASK_ONLY,False,False,False,train,0,Y0_M0_STOSHIBA,train,True,False,False,False,False
1121,101110,101110_00001,2016-01-02 00:00:00,078Y,78.0,F,TOSHIBA,non-PDAC,0,radiology,False,1,False,1,True,automatic,automatic_labels/101110_00001.nii.gz,e50a0996a45f5df2579d689591bbb5b9fed61977,1732419,True,True,False,True,False,PANORAMA_LOCAL,PRIMARY_MODEL_DEVELOPMENT,False,True,RADIOLOGY_NO_DOCUMENTED_FOLLOWUP,TOSHIBA,AUXILIARY_AUTOMATIC_MASK_ONLY,False,False,False,train,4,Y0_M0_STOSHIBA,train,True,False,False,False,False
1122,101111,101111_00001,,,,,,PDAC,1,MSD_dataset,True,1,False,1,True,manual,manual_labels/101111_00001.nii.gz,ab473e423a251d296649192d1608acb83f7c6a31,189432,True,True,True,False,True,MSD_EXTERNAL_MIXED,LOCKED_EXTERNAL_MIXED_TEST,True,False,MSD_DATASET_DERIVED,[MISSING],PRIMARY_MANUAL_PDAC_REFERENCE,True,True,False,,-1,,external_msd_test,False,False,False,True,True
1123,101112,101112_00001,2016-11-26 00:00:00,062Y,62.0,F,TOSHIBA,PDAC,1,histopathology,False,1,False,1,True,automatic,automatic_labels/101112_00001.nii.gz,ce40da23c85932e7f0a1d662e1a78fd82cae1f5b,527218,True,True,False,True,False,PANORAMA_LOCAL,PRIMARY_MODEL_DEVELOPMENT,False,True,TISSUE_CONFIRMED,TOSHIBA,AUXILIARY_AUTOMATIC_MASK_ONLY,False,False,False,internal_test,-1,Y1_M0_STOSHIBA,internal_test,False,False,False,True,False
1124,101113,101113_00001,2015-12-16 00:00:00,077Y,77.0,F,TOSHIBA,non-PDAC,0,radiology,False,1,False,1,True,automatic,automatic_labels/101113_00001.nii.gz,4b9ba2b713b6fd39ba8844ab0345229b69aaa63b,333849,True,True,False,True,False,PANORAMA_LOCAL,PRIMARY_MODEL_DEVELOPMENT,False,True,RADIOLOGY_NO_DOCUMENTED_FOLLOWUP,TOSHIBA,AUXILIARY_AUTOMATIC_MASK_ONLY,False,False,False,train,1,Y0_M0_STOSHIBA,train,True,False,False,False,False
1125,101114,101114_00001,2017-08-10 00:00:00,059Y,59.0,F,TOSHIBA,non-PDAC,0,radiology,False,1,False,1,True,automatic,automatic_labels/101114_00001.nii.gz,cf7e234ba9e673c10aefab627f2285e727f36494,552770,True,True,False,True,False,PANORAMA_LOCAL,PRIMARY_MODEL_DEVELOPMENT,False,True,RADIOLOGY_NO_DOCUMENTED_FOLLOWUP,TOSHIBA,AUXILIARY_AUTOMATIC_MASK_ONLY,False,False,False,train,4,Y0_M0_STOSHIBA,train,True,False,False,False,False
1126,101115,101115_00001,2016-02-21 00:00:00,044Y,44.0,M,SIEMENS,non-PDAC,0,radiology,False,1,False,1,True,automatic,automatic_labels/101115_00001.nii.gz,a58f1214e9be2a5a7fdb61ed67629f84a976ba85,451674,True,True,False,True,False,PANORAMA_LOCAL,PRIMARY_MODEL_DEVELOPMENT,False,True,RADIOLOGY_NO_DOCUMENTED_FOLLOWUP,SIEMENS,AUXILIARY_AUTOMATIC_MASK_ONLY,False,False,False,internal_test,-1,Y0_M0_SSIEMENS,internal_test,False,False,False,True,False
1127,101116,101116_00001,,,,,,non-PDAC,0,MSD_dataset,True,1,False,1,True,automatic,automatic_labels/101116_00001.nii.gz,9ca5caff80919a4b7e55ae1633cd9671770a652c,168924,True,True,False,True,False,MSD_EXTERNAL_MIXED,LOCKED_EXTERNAL_MIXED_TEST,True,False,MSD_DATASET_DERIVED,[MISSING],AUXILIARY_AUTOMATIC_MASK_ONLY,True,False,False,,-1,,external_msd_test,False,False,False,True,False
1128,101117,101117_00001,2016-02-17 00:00:00,075Y,75.0,F,Philips,non-PDAC,0,histopathology,False,1,False,1,True,automatic,automatic_labels/101117_00001.nii.gz,1ba81d3f860d315440397ba2ca8b88f9061527d8,1183568,True,True,False,True,False,PANORAMA_LOCAL,PRIMARY_MODEL_DEVELOPMENT,False,True,TISSUE_CONFIRMED,Philips,AUXILIARY_AUTOMATIC_MASK_ONLY,False,False,False,train,1,Y0_M0_SPhilips,train,True,False,False,False,False
1129,101118,101118_00001,2019-06-01 00:00:00,066Y,66.0,M,Philips,PDAC,1,histopathology,False,1,False,1,True,automatic,automatic_labels/101118_00001.nii.gz,55e36dba8d703f94e863097deacfaf634981fc52,1085413,True,True,False,True,False,PANORAMA_LOCAL,PRIMARY_MODEL_DEVELOPMENT,False,True,TISSUE_CONFIRMED,Philips,AUXILIARY_AUTOMATIC_MASK_ONLY,False,False,False,internal_test,-1,Y1_M0_SPhilips,internal_test,False,False,False,True,False
1130,101119,101119_00001,2016-08-30 00:00:00,051Y,51.0,F,TOSHIBA,non-PDAC,0,radiology,False,1,False,1,True,automatic,automatic_labels/101119_00001.nii.gz,3b961ad718aaf08d22cd88d98dc7db63e1ab7875,194993,True,True,False,True,False,PANORAMA_LOCAL,PRIMARY_MODEL_DEVELOPMENT,False,True,RADIOLOGY_NO_DOCUMENTED_FOLLOWUP,TOSHIBA,AUXILIARY_AUTOMATIC_MASK_ONLY,False,False,False,train,1,Y0_M0_STOSHIBA,train,True,False,False,False,False
1131,101120,101120_00001,2018-10-14 00:00:00,068Y,68.0,M,Philips,PDAC,1,cytology,False,1,False,1,True,automatic,automatic_labels/101120_00001.nii.gz,8ea92f90cbf96cd052c4dc0c0029cff2f218569d,309928,True,True,False,True,False,PANORAMA_LOCAL,PRIMARY_MODEL_DEVELOPMENT,False,True,CYTOLOGY_CONFIRMED,Philips,AUXILIARY_AUTOMATIC_MASK_ONLY,False,False,False,train,0,Y1_M0_SPhilips,train,True,False,False,False,False
1132,101121,101121_00001,2015-12-01 00:00:00,,,,,non-PDAC,0,NIH_dataset,True,1,False,1,True,automatic,automatic_labels/101121_00001.nii.gz,baa456d1af9363437c97a310b526b1cd0f408251,679402,True,True,False,True,False,NIH_NEGATIVE_STRESS,LOCKED_NEGATIVE_SPECIFICITY_STRESS_TEST,True,False,NIH_DATASET_DERIVED,[MISSING],AUXILIARY_AUTOMATIC_MASK_ONLY,False,False,True,,-1,,nih_negative_stress_test,False,False,False,True,False
1133,101122,101122_00001,2021-11-11 00:00:00,071Y,71.0,F,TOSHIBA,PDAC,1,cytology,False,1,False,1,True,manual,manual_labels/101122_00001.nii.gz,fb4c67e97e3e12aebc85e4dc4f3e7517c23c6957,998908,True,True,True,False,True,PANORAMA_LOCAL,PRIMARY_MODEL_DEVELOPMENT,False,True,CYTOLOGY_CONFIRMED,TOSHIBA,PRIMARY_MANUAL_PDAC_REFERENCE,False,False,False,train,4,Y1_M1_STOSHIBA,train,True,False,False,False,False
1134,101123,101123_00001,,,,,,PDAC,1,MSD_dataset,True,1,False,1,True,manual,manual_labels/101123_00001.nii.gz,2e12f494e3eae318b6e578d6393b8a8554c9e88f,75009,True,True,True,False,True,MSD_EXTERNAL_MIXED,LOCKED_EXTERNAL_MIXED_TEST,True,False,MSD_DATASET_DERIVED,[MISSING],PRIMARY_MANUAL_PDAC_REFERENCE,True,True,False,,-1,,external_msd_test,False,False,False,True,True
1135,101124,101124_00001,2015-11-09 00:00:00,067Y,67.0,F,Philips,non-PDAC,0,cytology,False,1,False,1,True,automatic,automatic_labels/101124_00001.nii.gz,5bccb5984f7d7b0ed8421ff4c8a8aef01d55d822,298923,True,True,False,True,False,PANORAMA_LOCAL,PRIMARY_MODEL_DEVELOPMENT,False,True,CYTOLOGY_CONFIRMED,Philips,AUXILIARY_AUTOMATIC_MASK_ONLY,False,False,False,validation,-1,Y0_M0_SPhilips,validation,False,True,True,False,False
1136,101125,101125_00001,2015-04-05 00:00:00,074Y,74.0,F,SIEMENS,non-PDAC,0,radiology,False,1,False,1,True,automatic,automatic_labels/101125_00001.nii.gz,f1b44877aef0c5c08c3e50bb8fc1ed383c00a36d,692490,True,True,False,True,False,PANORAMA_LOCAL,PRIMARY_MODEL_DEVELOPMENT,False,True,RADIOLOGY_NO_DOCUMENTED_FOLLOWUP,SIEMENS,AUXILIARY_AUTOMATIC_MASK_ONLY,False,False,False,train,3,Y0_M0_SSIEMENS,train,True,False,False,False,False
1137,101126,101126_00001,2015-12-08 00:00:00,,,,,non-PDAC,0,NIH_dataset,True,1,False,1,True,automatic,automatic_labels/101126_00001.nii.gz,5ae20147a1433b7b09940ec55a93073652dc9cde,424855,True,True,False,True,False,NIH_NEGATIVE_STRESS,LOCKED_NEGATIVE_SPECIFICITY_STRESS_TEST,True,False,NIH_DATASET_DERIVED,[MISSING],AUXILIARY_AUTOMATIC_MASK_ONLY,False,False,True,,-1,,nih_negative_stress_test,False,False,False,True,False
1138,101127,101127_00001,,,,,,PDAC,1,MSD_dataset,True,1,False,1,True,manual,manual_labels/101127_00001.nii.gz,53f90dfad7e033e4b23bc4625845412289763069,216538,True,True,True,False,True,MSD_EXTERNAL_MIXED,LOCKED_EXTERNAL_MIXED_TEST,True,False,MSD_DATASET_DERIVED,[MISSING],PRIMARY_MANUAL_PDAC_REFERENCE,True,True,False,,-1,,external_msd_test,False,False,False,True,True
1139,101128,101128_00001,2020-05-19 00:00:00,049Y,49.0,F,Philips,PDAC,1,histopathology,False,1,False,1,True,manual,manual_labels/101128_00001.nii.gz,e1b5247572a4773698f2fb9978c556d289debb87,491955,True,True,True,False,True,PANORAMA_LOCAL,PRIMARY_MODEL_DEVELOPMENT,False,True,TISSUE_CONFIRMED,Philips,PRIMARY_MANUAL_PDAC_REFERENCE,False,False,False,internal_test,-1,Y1_M1_SPhilips,internal_test,False,False,False,True,True
1140,101129,101129_00001,,,,,,PDAC,1,MSD_dataset,True,1,False,1,True,manual,manual_labels/101129_00001.nii.gz,3d942658b4f327cae415343bf2734c8f18c9741c,28649,True,True,True,False,True,MSD_EXTERNAL_MIXED,LOCKED_EXTERNAL_MIXED_TEST,True,False,MSD_DATASET_DERIVED,[MISSING],PRIMARY_MANUAL_PDAC_REFERENCE,True,True,False,,-1,,external_msd_test,False,False,False,True,True
1141,101130,101130_00001,2017-10-12 00:00:00,079Y,79.0,M,SIEMENS,non-PDAC,0,radiology,False,1,False,1,True,automatic,automatic_labels/101130_00001.nii.gz,a9bf96b896b3e3407d1818f73494e971cbf3e415,711086,True,True,False,True,False,PANORAMA_LOCAL,PRIMARY_MODEL_DEVELOPMENT,False,True,RADIOLOGY_NO_DOCUMENTED_FOLLOWUP,SIEMENS,AUXILIARY_AUTOMATIC_MASK_ONLY,False,False,False,train,4,Y0_M0_SSIEMENS,train,True,False,False,False,False
1142,101131,101131_00001,2016-10-30 00:00:00,079Y,79.0,M,SIEMENS,non-PDAC,0,radiology,False,1,False,1,True,automatic,automatic_labels/101131_00001.nii.gz,72b9de093b6c1f738ca8eab35de9818896afdc40,414464,True,True,False,True,False,PANORAMA_LOCAL,PRIMARY_MODEL_DEVELOPMENT,False,True,RADIOLOGY_NO_DOCUMENTED_FOLLOWUP,SIEMENS,AUXILIARY_AUTOMATIC_MASK_ONLY,False,False,False,train,0,Y0_M0_SSIEMENS,train,True,False,False,False,False
1143,101132,101132_00001,2019-12-25 00:00:00,070Y,70.0,F,Philips,PDAC,1,histopathology,False,1,False,1,True,manual,manual_labels/101132_00001.nii.gz,7378c599d4f8461ea2373439be82d387b53962bf,274014,True,True,True,False,True,PANORAMA_LOCAL,PRIMARY_MODEL_DEVELOPMENT,False,True,TISSUE_CONFIRMED,Philips,PRIMARY_MANUAL_PDAC_REFERENCE,False,False,False,internal_test,-1,Y1_M1_SPhilips,internal_test,False,False,False,True,True
1144,101133,101133_00001,,,,,,PDAC,1,MSD_dataset,True,1,False,1,True,manual,manual_labels/101133_00001.nii.gz,85d29607d0150fbab3092128a04e16715d08409f,171359,True,True,True,False,True,MSD_EXTERNAL_MIXED,LOCKED_EXTERNAL_MIXED_TEST,True,False,MSD_DATASET_DERIVED,[MISSING],PRIMARY_MANUAL_PDAC_REFERENCE,True,True,False,,-1,,external_msd_test,False,False,False,True,True
1145,101134,101134_00001,2018-08-16 00:00:00,069Y,69.0,F,SIEMENS,non-PDAC,0,histopathology,False,1,False,1,True,automatic,automatic_labels/101134_00001.nii.gz,125ab4cf9efb5cb7821747cc9ca73c8a38a8f6b9,296872,True,True,False,True,False,PANORAMA_LOCAL,PRIMARY_MODEL_DEVELOPMENT,False,True,TISSUE_CONFIRMED,SIEMENS,AUXILIARY_AUTOMATIC_MASK_ONLY,False,False,False,train,4,Y0_M0_SSIEMENS,train,True,False,False,False,False
1146,101135,101135_00001,2020-05-23 00:00:00,080Y,80.0,F,GE MEDICAL SYSTEMS,PDAC,1,pathology,False,1,False,1,True,manual,manual_labels/101135_00001.nii.gz,fc3d571dbcf16ab209a1469a8077477acd690d5b,321753,True,True,True,False,True,PANORAMA_LOCAL,PRIMARY_MODEL_DEVELOPMENT,False,True,TISSUE_CONFIRMED,GE MEDICAL SYSTEMS,PRIMARY_MANUAL_PDAC_REFERENCE,False,False,False,train,1,Y1_M1_SGE MEDICAL SYSTEMS,train,True,False,False,False,False
1147,101136,101136_00001,2016-11-07 00:00:00,072Y,72.0,M,TOSHIBA,non-PDAC,0,radiology,False,1,False,1,True,automatic,automatic_labels/101136_00001.nii.gz,e818bb8124f6f5ea205fbbcfbc694f76c3302c82,640037,True,True,False,True,False,PANORAMA_LOCAL,PRIMARY_MODEL_DEVELOPMENT,False,True,RADIOLOGY_NO_DOCUMENTED_FOLLOWUP,TOSHIBA,AUXILIARY_AUTOMATIC_MASK_ONLY,False,False,False,train,4,Y0_M0_STOSHIBA,train,True,False,False,False,False
1148,101137,101137_00001,2017-04-29 00:00:00,081Y,81.0,F,TOSHIBA,PDAC,1,radiology,False,1,False,1,True,automatic,automatic_labels/101137_00001.nii.gz,f5cc3d60b3abb9f8ebe494fda1d0b0697067d580,370738,True,True,False,True,False,PANORAMA_LOCAL,PRIMARY_MODEL_DEVELOPMENT,False,True,RADIOLOGY_NO_DOCUMENTED_FOLLOWUP,TOSHIBA,AUXILIARY_AUTOMATIC_MASK_ONLY,False,False,False,train,2,Y1_M0_STOSHIBA,train,True,False,False,False,False
1149,101138,101138_00001,,,,,,non-PDAC,0,MSD_dataset,True,1,False,1,True,automatic,automatic_labels/101138_00001.nii.gz,badd9169ddbe0d0ee0ad420810183f83ab21702c,302346,True,True,False,True,False,MSD_EXTERNAL_MIXED,LOCKED_EXTERNAL_MIXED_TEST,True,False,MSD_DATASET_DERIVED,[MISSING],AUXILIARY_AUTOMATIC_MASK_ONLY,True,False,False,,-1,,external_msd_test,False,False,False,True,False
1150,101139,101139_00001,,,,,,PDAC,1,MSD_dataset,True,1,False,1,True,manual,manual_labels/101139_00001.nii.gz,6b54101a62d485a02901c124738743c05f5feebe,47305,True,True,True,False,True,MSD_EXTERNAL_MIXED,LOCKED_EXTERNAL_MIXED_TEST,True,False,MSD_DATASET_DERIVED,[MISSING],PRIMARY_MANUAL_PDAC_REFERENCE,True,True,False,,-1,,external_msd_test,False,False,False,True,True
1151,101140,101140_00001,2015-04-23 00:00:00,046Y,46.0,F,SIEMENS,non-PDAC,0,radiology,False,1,False,1,True,automatic,automatic_labels/101140_00001.nii.gz,f896a0228120c8ba63c6bbd714404fcd06b75069,1172602,True,True,False,True,False,PANORAMA_LOCAL,PRIMARY_MODEL_DEVELOPMENT,False,True,RADIOLOGY_NO_DOCUMENTED_FOLLOWUP,SIEMENS,AUXILIARY_AUTOMATIC_MASK_ONLY,False,False,False,train,2,Y0_M0_SSIEMENS,train,True,False,False,False,False
1152,101141,101141_00001,2015-01-05 00:00:00,037Y,37.0,M,SIEMENS,non-PDAC,0,radiology,False,1,False,1,True,automatic,automatic_labels/101141_00001.nii.gz,536c7aa402bf1f2d7109cc53f081620cbed50265,678952,True,True,False,True,False,PANORAMA_LOCAL,PRIMARY_MODEL_DEVELOPMENT,False,True,RADIOLOGY_NO_DOCUMENTED_FOLLOWUP,SIEMENS,AUXILIARY_AUTOMATIC_MASK_ONLY,False,False,False,train,4,Y0_M0_SSIEMENS,train,True,False,False,False,False
1153,101142,101142_00001,2018-05-10 00:00:00,059Y,59.0,F,Philips,PDAC,1,histopathology,False,1,False,1,True,automatic,automatic_labels/101142_00001.nii.gz,4df482e6da361220f31dae1ba8c88881441998b6,963272,True,True,False,True,False,PANORAMA_LOCAL,PRIMARY_MODEL_DEVELOPMENT,False,True,TISSUE_CONFIRMED,Philips,AUXILIARY_AUTOMATIC_MASK_ONLY,False,False,False,train,0,Y1_M0_SPhilips,train,True,False,False,False,False
1154,101143,101143_00001,2015-10-31 00:00:00,068Y,68.0,F,SIEMENS,non-PDAC,0,radiology,False,1,False,1,True,automatic,automatic_labels/101143_00001.nii.gz,30cdd9ec3c4955be82966670823743f8cf6ef053,637080,True,True,False,True,False,PANORAMA_LOCAL,PRIMARY_MODEL_DEVELOPMENT,False,True,RADIOLOGY_NO_DOCUMENTED_FOLLOWUP,SIEMENS,AUXILIARY_AUTOMATIC_MASK_ONLY,False,False,False,train,3,Y0_M0_SSIEMENS,train,True,False,False,False,False
1155,101144,101144_00001,2019-03-09 00:00:00,066Y,66.0,F,Philips,PDAC,1,cytology,False,1,False,1,True,automatic,automatic_labels/101144_00001.nii.gz,a5cfa0d4d23d240968d15afe13c65a0b1564cc8f,268571,True,True,False,True,False,PANORAMA_LOCAL,PRIMARY_MODEL_DEVELOPMENT,False,True,CYTOLOGY_CONFIRMED,Philips,AUXILIARY_AUTOMATIC_MASK_ONLY,False,False,False,train,3,Y1_M0_SPhilips,train,True,False,False,False,False
1156,101145,101145_00001,2016-04-27 00:00:00,047Y,47.0,F,GE MEDICAL SYSTEMS,non-PDAC,0,radiology,False,1,False,1,True,automatic,automatic_labels/101145_00001.nii.gz,5aa3db991e526c8da931867dd1cd085c44fdd718,184367,True,True,False,True,False,PANORAMA_LOCAL,PRIMARY_MODEL_DEVELOPMENT,False,True,RADIOLOGY_NO_DOCUMENTED_FOLLOWUP,GE MEDICAL SYSTEMS,AUXILIARY_AUTOMATIC_MASK_ONLY,False,False,False,validation,-1,Y0_M0_SGE MEDICAL SYSTEMS,validation,False,True,True,False,False
1157,101146,101146_00001,2017-05-11 00:00:00,039Y,39.0,M,TOSHIBA,non-PDAC,0,radiology,False,1,False,1,True,automatic,automatic_labels/101146_00001.nii.gz,67982bd409334a63934ad8405956e14196857134,261075,True,True,False,True,False,PANORAMA_LOCAL,PRIMARY_MODEL_DEVELOPMENT,False,True,RADIOLOGY_NO_DOCUMENTED_FOLLOWUP,TOSHIBA,AUXILIARY_AUTOMATIC_MASK_ONLY,False,False,False,train,3,Y0_M0_STOSHIBA,train,True,False,False,False,False
1158,101147,101147_00001,,,,,,PDAC,1,MSD_dataset,True,1,False,1,True,manual,manual_labels/101147_00001.nii.gz,1ea576d9b6d15c39b705047851b8c1608e3498a2,185848,True,True,True,False,True,MSD_EXTERNAL_MIXED,LOCKED_EXTERNAL_MIXED_TEST,True,False,MSD_DATASET_DERIVED,[MISSING],PRIMARY_MANUAL_PDAC_REFERENCE,True,True,False,,-1,,external_msd_test,False,False,False,True,True
1159,101148,101148_00001,2015-04-14 00:00:00,077Y,77.0,F,SIEMENS,non-PDAC,0,radiology,False,1,False,1,True,automatic,automatic_labels/101148_00001.nii.gz,fb3d3738cb82fddf90aef492b64031cb5c18303f,1637086,True,True,False,True,False,PANORAMA_LOCAL,PRIMARY_MODEL_DEVELOPMENT,False,True,RADIOLOGY_NO_DOCUMENTED_FOLLOWUP,SIEMENS,AUXILIARY_AUTOMATIC_MASK_ONLY,False,False,False,train,2,Y0_M0_SSIEMENS,train,True,False,False,False,False
1160,101149,101149_00001,2020-12-14 00:00:00,069Y,69.0,M,SIEMENS,PDAC,1,pathology,False,1,False,1,True,manual,manual_labels/101149_00001.nii.gz,6449f3cd9dd540e703122c9e4a5a1305f582e25d,645106,True,True,True,False,True,PANORAMA_LOCAL,PRIMARY_MODEL_DEVELOPMENT,False,True,TISSUE_CONFIRMED,SIEMENS,PRIMARY_MANUAL_PDAC_REFERENCE,False,False,False,validation,-1,Y1_M1_SSIEMENS,validation,False,True,True,False,False
1161,101150,101150_00001,2018-08-30 00:00:00,071Y,71.0,F,TOSHIBA,non-PDAC,0,radiology,False,1,False,1,True,automatic,automatic_labels/101150_00001.nii.gz,8b0aefbff6184c7dcae13877588a4a7648035bd3,965619,True,True,False,True,False,PANORAMA_LOCAL,PRIMARY_MODEL_DEVELOPMENT,False,True,RADIOLOGY_NO_DOCUMENTED_FOLLOWUP,TOSHIBA,AUXILIARY_AUTOMATIC_MASK_ONLY,False,False,False,train,2,Y0_M0_STOSHIBA,train,True,False,False,False,False
1162,101151,101151_00001,2021-12-15 00:00:00,070Y,70.0,M,Philips,PDAC,1,histopathology,False,1,False,1,True,manual,manual_labels/101151_00001.nii.gz,e85768c9fbe5559b66734f8c7c8f686ba7188fe0,304016,True,True,True,False,True,PANORAMA_LOCAL,PRIMARY_MODEL_DEVELOPMENT,False,True,TISSUE_CONFIRMED,Philips,PRIMARY_MANUAL_PDAC_REFERENCE,False,False,False,train,1,Y1_M1_SPhilips,train,True,False,False,False,False
1163,101152,101152_00001,2016-11-17 00:00:00,057Y,57.0,F,TOSHIBA,non-PDAC,0,radiology,False,1,False,1,True,automatic,automatic_labels/101152_00001.nii.gz,f45d5502f0edc7570ba0e693a7861ed8291006c1,883460,True,True,False,True,False,PANORAMA_LOCAL,PRIMARY_MODEL_DEVELOPMENT,False,True,RADIOLOGY_NO_DOCUMENTED_FOLLOWUP,TOSHIBA,AUXILIARY_AUTOMATIC_MASK_ONLY,False,False,False,train,1,Y0_M0_STOSHIBA,train,True,False,False,False,False
1164,101153,101153_00001,2014-11-09 00:00:00,056Y,56.0,M,SIEMENS,non-PDAC,0,radiology,False,1,False,1,True,automatic,automatic_labels/101153_00001.nii.gz,fdc50734d9fd18402216fafc758c5065285f58f5,349759,True,True,False,True,False,PANORAMA_LOCAL,PRIMARY_MODEL_DEVELOPMENT,False,True,RADIOLOGY_NO_DOCUMENTED_FOLLOWUP,SIEMENS,AUXILIARY_AUTOMATIC_MASK_ONLY,False,False,False,validation,-1,Y0_M0_SSIEMENS,validation,False,True,True,False,False
1165,101154,101154_00001,2015-02-18 00:00:00,061Y,61.0,F,SIEMENS,non-PDAC,0,radiology,False,1,False,1,True,automatic,automatic_labels/101154_00001.nii.gz,d3c5b4e6a04bc70ae15bcdf2303b8c399ed9e720,328727,True,True,False,True,False,PANORAMA_LOCAL,PRIMARY_MODEL_DEVELOPMENT,False,True,RADIOLOGY_NO_DOCUMENTED_FOLLOWUP,SIEMENS,AUXILIARY_AUTOMATIC_MASK_ONLY,False,False,False,train,0,Y0_M0_SSIEMENS,train,True,False,False,False,False
1166,101155,101155_00001,2016-07-12 00:00:00,050Y,50.0,F,SIEMENS,non-PDAC,0,radiology,False,1,False,1,True,automatic,automatic_labels/101155_00001.nii.gz,893ed22df6667641bfd03c39cbc675a32dedad30,625938,True,True,False,True,False,PANORAMA_LOCAL,PRIMARY_MODEL_DEVELOPMENT,False,True,RADIOLOGY_NO_DOCUMENTED_FOLLOWUP,SIEMENS,AUXILIARY_AUTOMATIC_MASK_ONLY,False,False,False,train,1,Y0_M0_SSIEMENS,train,True,False,False,False,False
1167,101156,101156_00001,2014-09-20 00:00:00,023Y,23.0,F,SIEMENS,non-PDAC,0,radiology,False,1,False,1,True,automatic,automatic_labels/101156_00001.nii.gz,42e74d43da3201480be6442a1d157857eb8119c3,281656,True,True,False,True,False,PANORAMA_LOCAL,PRIMARY_MODEL_DEVELOPMENT,False,True,RADIOLOGY_NO_DOCUMENTED_FOLLOWUP,SIEMENS,AUXILIARY_AUTOMATIC_MASK_ONLY,False,False,False,train,1,Y0_M0_SSIEMENS,train,True,False,False,False,False
1168,101157,101157_00001,2016-09-29 00:00:00,078Y,78.0,M,TOSHIBA,non-PDAC,0,radiology,False,1,False,1,True,automatic,automatic_labels/101157_00001.nii.gz,dd2194c3045296552af087bde9a04ba970d06940,610609,True,True,False,True,False,PANORAMA_LOCAL,PRIMARY_MODEL_DEVELOPMENT,False,True,RADIOLOGY_NO_DOCUMENTED_FOLLOWUP,TOSHIBA,AUXILIARY_AUTOMATIC_MASK_ONLY,False,False,False,train,4,Y0_M0_STOSHIBA,train,True,False,False,False,False
1169,101158,101158_00001,2017-09-18 00:00:00,068Y,68.0,M,TOSHIBA,non-PDAC,0,radiology,False,1,False,1,True,automatic,automatic_labels/101158_00001.nii.gz,1ccbe121daa3b870a6fe969972f4c6a61e38959e,283319,True,True,False,True,False,PANORAMA_LOCAL,PRIMARY_MODEL_DEVELOPMENT,False,True,RADIOLOGY_NO_DOCUMENTED_FOLLOWUP,TOSHIBA,AUXILIARY_AUTOMATIC_MASK_ONLY,False,False,False,train,4,Y0_M0_STOSHIBA,train,True,False,False,False,False
1170,101159,101159_00001,2020-12-05 00:00:00,069Y,69.0,M,0,PDAC,1,histopathology,False,1,False,1,True,manual,manual_labels/101159_00001.nii.gz,0e5b0c0df4a49321140d646ebbf6ac9de79639d3,357399,True,True,True,False,True,PANORAMA_LOCAL,PRIMARY_MODEL_DEVELOPMENT,False,True,TISSUE_CONFIRMED,[INVALID_OR_MISSING],PRIMARY_MANUAL_PDAC_REFERENCE,False,False,False,validation,-1,Y1_M1,validation,False,True,True,False,False
1171,101160,101160_00001,2010-02-03 00:00:00,087Y,87.0,M,Philips,PDAC,1,pathology,False,1,False,1,True,automatic,automatic_labels/101160_00001.nii.gz,9c791f1823525770fb4fcfabd52ef0fbe1324288,154726,True,True,False,True,False,PANORAMA_LOCAL,PRIMARY_MODEL_DEVELOPMENT,False,True,TISSUE_CONFIRMED,Philips,AUXILIARY_AUTOMATIC_MASK_ONLY,False,False,False,train,3,Y1_M0_SPhilips,train,True,False,False,False,False
1172,101161,101161_00001,2016-07-31 00:00:00,072Y,72.0,M,TOSHIBA,PDAC,1,cytology,False,1,False,1,True,automatic,automatic_labels/101161_00001.nii.gz,8be8ce1ea9f762d14795e43b25b08a37ba1cd0d1,303788,True,True,False,True,False,PANORAMA_LOCAL,PRIMARY_MODEL_DEVELOPMENT,False,True,CYTOLOGY_CONFIRMED,TOSHIBA,AUXILIARY_AUTOMATIC_MASK_ONLY,False,False,False,validation,-1,Y1_M0_STOSHIBA,validation,False,True,True,False,False
1173,101162,101162_00001,2014-09-05 00:00:00,070Y,70.0,F,SIEMENS,non-PDAC,0,radiology,False,1,False,1,True,automatic,automatic_labels/101162_00001.nii.gz,60c31385a909639482a1b682859380470b249880,1062569,True,True,False,True,False,PANORAMA_LOCAL,PRIMARY_MODEL_DEVELOPMENT,False,True,RADIOLOGY_NO_DOCUMENTED_FOLLOWUP,SIEMENS,AUXILIARY_AUTOMATIC_MASK_ONLY,False,False,False,train,4,Y0_M0_SSIEMENS,train,True,False,False,False,False
1174,101163,101163_00001,,,,,,PDAC,1,MSD_dataset,True,1,False,1,True,manual,manual_labels/101163_00001.nii.gz,d39116fd2f8ae5f93aea232b91ef14391c1dcee5,61749,True,True,True,False,True,MSD_EXTERNAL_MIXED,LOCKED_EXTERNAL_MIXED_TEST,True,False,MSD_DATASET_DERIVED,[MISSING],PRIMARY_MANUAL_PDAC_REFERENCE,True,True,False,,-1,,external_msd_test,False,False,False,True,True
1175,101164,101164_00001,2014-10-31 00:00:00,058Y,58.0,F,SIEMENS,non-PDAC,0,radiology,False,1,False,1,True,automatic,automatic_labels/101164_00001.nii.gz,165afa0b4b051b787cb52d3cc397b76113cd9c38,1342170,True,True,False,True,False,PANORAMA_LOCAL,PRIMARY_MODEL_DEVELOPMENT,False,True,RADIOLOGY_NO_DOCUMENTED_FOLLOWUP,SIEMENS,AUXILIARY_AUTOMATIC_MASK_ONLY,False,False,False,internal_test,-1,Y0_M0_SSIEMENS,internal_test,False,False,False,True,False
1176,101165,101165_00001,2019-01-30 00:00:00,085Y,85.0,M,TOSHIBA,non-PDAC,0,cytology,False,1,False,1,True,automatic,automatic_labels/101165_00001.nii.gz,1e4519af4b2bfaf9ea4c8ae49c7c656d210e8452,1365431,True,True,False,True,False,PANORAMA_LOCAL,PRIMARY_MODEL_DEVELOPMENT,False,True,CYTOLOGY_CONFIRMED,TOSHIBA,AUXILIARY_AUTOMATIC_MASK_ONLY,False,False,False,train,3,Y0_M0_STOSHIBA,train,True,False,False,False,False
1177,101166,101166_00001,2018-05-20 00:00:00,065Y,65.0,M,TOSHIBA,non-PDAC,0,radiology,False,1,False,1,True,automatic,automatic_labels/101166_00001.nii.gz,50608e2c03a6366e3d82cf35734e2e45cd4f3233,234246,True,True,False,True,False,PANORAMA_LOCAL,PRIMARY_MODEL_DEVELOPMENT,False,True,RADIOLOGY_NO_DOCUMENTED_FOLLOWUP,TOSHIBA,AUXILIARY_AUTOMATIC_MASK_ONLY,False,False,False,train,1,Y0_M0_STOSHIBA,train,True,False,False,False,False
1178,101167,101167_00001,2015-07-30 00:00:00,053Y,53.0,M,TOSHIBA,non-PDAC,0,radiology,False,1,False,1,True,automatic,automatic_labels/101167_00001.nii.gz,d9d87330ef2e85d7b5456a6616b50ae5e3c30afd,721720,True,True,False,True,False,PANORAMA_LOCAL,PRIMARY_MODEL_DEVELOPMENT,False,True,RADIOLOGY_NO_DOCUMENTED_FOLLOWUP,TOSHIBA,AUXILIARY_AUTOMATIC_MASK_ONLY,False,False,False,train,2,Y0_M0_STOSHIBA,train,True,False,False,False,False
1179,101168,101168_00001,,,,,,PDAC,1,MSD_dataset,True,1,False,1,True,manual,manual_labels/101168_00001.nii.gz,0fe4d8701919eb157bd0fdc6cfeee03a5c420d76,62830,True,True,True,False,True,MSD_EXTERNAL_MIXED,LOCKED_EXTERNAL_MIXED_TEST,True,False,MSD_DATASET_DERIVED,[MISSING],PRIMARY_MANUAL_PDAC_REFERENCE,True,True,False,,-1,,external_msd_test,False,False,False,True,True
1180,101169,101169_00001,2020-08-26 00:00:00,074Y,74.0,F,Philips,PDAC,1,histopathology,False,1,False,1,True,automatic,automatic_labels/101169_00001.nii.gz,a0f600bed3ac0fbb38b2ec593d592ff92fe51874,1236711,True,True,False,True,False,PANORAMA_LOCAL,PRIMARY_MODEL_DEVELOPMENT,False,True,TISSUE_CONFIRMED,Philips,AUXILIARY_AUTOMATIC_MASK_ONLY,False,False,False,train,3,Y1_M0_SPhilips,train,True,False,False,False,False
1181,101170,101170_00001,2017-11-19 00:00:00,065Y,65.0,M,TOSHIBA,non-PDAC,0,radiology,False,1,False,1,True,automatic,automatic_labels/101170_00001.nii.gz,9756d4c4555f6358b43d2f84b560376162e86cf0,475275,True,True,False,True,False,PANORAMA_LOCAL,PRIMARY_MODEL_DEVELOPMENT,False,True,RADIOLOGY_NO_DOCUMENTED_FOLLOWUP,TOSHIBA,AUXILIARY_AUTOMATIC_MASK_ONLY,False,False,False,train,4,Y0_M0_STOSHIBA,train,True,False,False,False,False
1182,101171,101171_00001,2017-02-22 00:00:00,077Y,77.0,M,Philips,non-PDAC,0,histopathology,False,1,False,1,True,automatic,automatic_labels/101171_00001.nii.gz,45cbb2062599e390a435d8004605259504b7cf31,304932,True,True,False,True,False,PANORAMA_LOCAL,PRIMARY_MODEL_DEVELOPMENT,False,True,TISSUE_CONFIRMED,Philips,AUXILIARY_AUTOMATIC_MASK_ONLY,False,False,False,internal_test,-1,Y0_M0_SPhilips,internal_test,False,False,False,True,False
1183,101172,101172_00001,2020-07-21 00:00:00,050Y,50.0,M,SIEMENS,non-PDAC,0,cytology,False,1,False,1,True,automatic,automatic_labels/101172_00001.nii.gz,ab0fa0e8c2e62f855e9c0229bebbd87104ff8cbb,1550147,True,True,False,True,False,PANORAMA_LOCAL,PRIMARY_MODEL_DEVELOPMENT,False,True,CYTOLOGY_CONFIRMED,SIEMENS,AUXILIARY_AUTOMATIC_MASK_ONLY,False,False,False,train,2,Y0_M0_SSIEMENS,train,True,False,False,False,False
1184,101173,101173_00001,2019-03-02 00:00:00,064Y,64.0,F,TOSHIBA,PDAC,1,radiology,False,1,False,1,True,manual,manual_labels/101173_00001.nii.gz,e36747008b62c9cd2e929e87567e1c339efeda3a,63345,True,True,True,False,True,PANORAMA_LOCAL,PRIMARY_MODEL_DEVELOPMENT,False,True,RADIOLOGY_NO_DOCUMENTED_FOLLOWUP,TOSHIBA,PRIMARY_MANUAL_PDAC_REFERENCE,False,False,False,train,3,Y1_M1_STOSHIBA,train,True,False,False,False,False
1185,101174,101174_00001,2018-09-01 00:00:00,075Y,75.0,M,SIEMENS,non-PDAC,0,radiology,False,1,False,1,True,automatic,automatic_labels/101174_00001.nii.gz,03714709a4a3a2b1fbebadbb7ea4eb5cc8680b94,607416,True,True,False,True,False,PANORAMA_LOCAL,PRIMARY_MODEL_DEVELOPMENT,False,True,RADIOLOGY_NO_DOCUMENTED_FOLLOWUP,SIEMENS,AUXILIARY_AUTOMATIC_MASK_ONLY,False,False,False,train,0,Y0_M0_SSIEMENS,train,True,False,False,False,False
1186,101175,101175_00001,2021-12-03 00:00:00,067Y,67.0,F,Philips,PDAC,1,histopathology,False,1,False,1,True,automatic,automatic_labels/101175_00001.nii.gz,5ba368f5e08fcf00710b894d1d937e91f4548534,638823,True,True,False,True,False,PANORAMA_LOCAL,PRIMARY_MODEL_DEVELOPMENT,False,True,TISSUE_CONFIRMED,Philips,AUXILIARY_AUTOMATIC_MASK_ONLY,False,False,False,train,4,Y1_M0_SPhilips,train,True,False,False,False,False
1187,101176,101176_00001,2016-08-17 00:00:00,073Y,73.0,F,SIEMENS,non-PDAC,0,radiology,False,1,False,1,True,automatic,automatic_labels/101176_00001.nii.gz,02d22f666881c8906a2edf3b2680517fcda859f0,655006,True,True,False,True,False,PANORAMA_LOCAL,PRIMARY_MODEL_DEVELOPMENT,False,True,RADIOLOGY_NO_DOCUMENTED_FOLLOWUP,SIEMENS,AUXILIARY_AUTOMATIC_MASK_ONLY,False,False,False,internal_test,-1,Y0_M0_SSIEMENS,internal_test,False,False,False,True,False
1188,101177,101177_00001,2018-07-21 00:00:00,067Y,67.0,M,TOSHIBA,non-PDAC,0,radiology,False,1,False,1,True,automatic,automatic_labels/101177_00001.nii.gz,09041a9b213ac741aa36b9bd038612162b5335ea,409548,True,True,False,True,False,PANORAMA_LOCAL,PRIMARY_MODEL_DEVELOPMENT,False,True,RADIOLOGY_NO_DOCUMENTED_FOLLOWUP,TOSHIBA,AUXILIARY_AUTOMATIC_MASK_ONLY,False,False,False,internal_test,-1,Y0_M0_STOSHIBA,internal_test,False,False,False,True,False
1189,101178,101178_00001,2014-06-26 00:00:00,070Y,70.0,M,Philips,PDAC,1,histopathology,False,1,False,1,True,manual,manual_labels/101178_00001.nii.gz,bff502e75e63fec6e897ec9ed0543a7af5cb4874,60318,True,True,True,False,True,PANORAMA_LOCAL,PRIMARY_MODEL_DEVELOPMENT,False,True,TISSUE_CONFIRMED,Philips,PRIMARY_MANUAL_PDAC_REFERENCE,False,False,False,train,0,Y1_M1_SPhilips,train,True,False,False,False,False
1190,101179,101179_00001,2017-03-14 00:00:00,078Y,78.0,M,SIEMENS,non-PDAC,0,radiology,False,1,False,1,True,automatic,automatic_labels/101179_00001.nii.gz,2cb20a624bbe7b91f4e9f73eb56ffbcf399f9c32,348493,True,True,False,True,False,PANORAMA_LOCAL,PRIMARY_MODEL_DEVELOPMENT,False,True,RADIOLOGY_NO_DOCUMENTED_FOLLOWUP,SIEMENS,AUXILIARY_AUTOMATIC_MASK_ONLY,False,False,False,validation,-1,Y0_M0_SSIEMENS,validation,False,True,True,False,False
1191,101180,101180_00001,2018-01-26 00:00:00,076Y,76.0,F,SIEMENS,PDAC,1,histopathology,False,1,False,1,True,manual,manual_labels/101180_00001.nii.gz,ba722c09568a6fa11ad1afcd42ff2d6edfd6072c,79001,True,True,True,False,True,PANORAMA_LOCAL,PRIMARY_MODEL_DEVELOPMENT,False,True,TISSUE_CONFIRMED,SIEMENS,PRIMARY_MANUAL_PDAC_REFERENCE,False,False,False,internal_test,-1,Y1_M1_SSIEMENS,internal_test,False,False,False,True,True
1192,101181,101181_00001,2017-01-15 00:00:00,075Y,75.0,F,SIEMENS,non-PDAC,0,radiology,False,1,False,1,True,automatic,automatic_labels/101181_00001.nii.gz,8de0c07211da503419936c32d503d31d7afd459d,604253,True,True,False,True,False,PANORAMA_LOCAL,PRIMARY_MODEL_DEVELOPMENT,False,True,RADIOLOGY_NO_DOCUMENTED_FOLLOWUP,SIEMENS,AUXILIARY_AUTOMATIC_MASK_ONLY,False,False,False,train,3,Y0_M0_SSIEMENS,train,True,False,False,False,False
1193,101182,101182_00001,2018-01-23 00:00:00,071Y,71.0,M,SIEMENS,non-PDAC,0,radiology,False,1,False,1,True,automatic,automatic_labels/101182_00001.nii.gz,c691f4ccdcde2658cb137ea336e5f3e2a4e962fd,359892,True,True,False,True,False,PANORAMA_LOCAL,PRIMARY_MODEL_DEVELOPMENT,False,True,RADIOLOGY_NO_DOCUMENTED_FOLLOWUP,SIEMENS,AUXILIARY_AUTOMATIC_MASK_ONLY,False,False,False,train,1,Y0_M0_SSIEMENS,train,True,False,False,False,False
1194,101183,101183_00001,2015-04-02 00:00:00,040Y,40.0,M,SIEMENS,non-PDAC,0,radiology,False,1,False,1,True,automatic,automatic_labels/101183_00001.nii.gz,b84f5904d6a22a758f02495cab535539d9d156ad,336401,True,True,False,True,False,PANORAMA_LOCAL,PRIMARY_MODEL_DEVELOPMENT,False,True,RADIOLOGY_NO_DOCUMENTED_FOLLOWUP,SIEMENS,AUXILIARY_AUTOMATIC_MASK_ONLY,False,False,False,train,3,Y0_M0_SSIEMENS,train,True,False,False,False,False
1195,101184,101184_00001,2015-09-30 00:00:00,066Y,66.0,F,SIEMENS,non-PDAC,0,radiology,False,1,False,1,True,automatic,automatic_labels/101184_00001.nii.gz,ac1a247c5fc9649846ae8e66ce49c50b18f013c8,1774636,True,True,False,True,False,PANORAMA_LOCAL,PRIMARY_MODEL_DEVELOPMENT,False,True,RADIOLOGY_NO_DOCUMENTED_FOLLOWUP,SIEMENS,AUXILIARY_AUTOMATIC_MASK_ONLY,False,False,False,train,3,Y0_M0_SSIEMENS,train,True,False,False,False,False
1196,101185,101185_00001,2017-11-01 00:00:00,019Y,19.0,F,SIEMENS,non-PDAC,0,radiology,False,1,False,1,True,automatic,automatic_labels/101185_00001.nii.gz,4c9d57ce4670bea42d4ffbc12f43b861b82ad378,557602,True,True,False,True,False,PANORAMA_LOCAL,PRIMARY_MODEL_DEVELOPMENT,False,True,RADIOLOGY_NO_DOCUMENTED_FOLLOWUP,SIEMENS,AUXILIARY_AUTOMATIC_MASK_ONLY,False,False,False,train,3,Y0_M0_SSIEMENS,train,True,False,False,False,False
1197,101186,101186_00001,2018-11-28 00:00:00,027Y,27.0,F,TOSHIBA,non-PDAC,0,radiology,False,1,False,1,True,automatic,automatic_labels/101186_00001.nii.gz,63b8df69cff5e364070a4de1d9de8744ad8d71ab,207758,True,True,False,True,False,PANORAMA_LOCAL,PRIMARY_MODEL_DEVELOPMENT,False,True,RADIOLOGY_NO_DOCUMENTED_FOLLOWUP,TOSHIBA,AUXILIARY_AUTOMATIC_MASK_ONLY,False,False,False,train,4,Y0_M0_STOSHIBA,train,True,False,False,False,False
1198,101187,101187_00001,2009-07-08 00:00:00,055Y,55.0,F,SIEMENS,non-PDAC,0,histopathology,False,1,False,1,True,automatic,automatic_labels/101187_00001.nii.gz,c9fe705e5b8ae6ff39292dec82d51000077d4413,484023,True,True,False,True,False,PANORAMA_LOCAL,PRIMARY_MODEL_DEVELOPMENT,False,True,TISSUE_CONFIRMED,SIEMENS,AUXILIARY_AUTOMATIC_MASK_ONLY,False,False,False,train,0,Y0_M0_SSIEMENS,train,True,False,False,False,False
1199,101188,101188_00001,2017-01-17 00:00:00,078Y,78.0,M,TOSHIBA,PDAC,1,radiology,False,1,False,1,True,manual,manual_labels/101188_00001.nii.gz,911447c5c4abf751c45e522a0cb5101ea750e42d,570264,True,True,True,False,True,PANORAMA_LOCAL,PRIMARY_MODEL_DEVELOPMENT,False,True,RADIOLOGY_NO_DOCUMENTED_FOLLOWUP,TOSHIBA,PRIMARY_MANUAL_PDAC_REFERENCE,False,False,False,train,3,Y1_M1_STOSHIBA,train,True,False,False,False,False
1200,101189,101189_00001,2016-02-22 00:00:00,066Y,66.0,F,SIEMENS,non-PDAC,0,radiology,False,1,False,1,True,automatic,automatic_labels/101189_00001.nii.gz,fdbbe6f6f45067c26b66d99ff7ab0dda7410dc44,743306,True,True,False,True,False,PANORAMA_LOCAL,PRIMARY_MODEL_DEVELOPMENT,False,True,RADIOLOGY_NO_DOCUMENTED_FOLLOWUP,SIEMENS,AUXILIARY_AUTOMATIC_MASK_ONLY,False,False,False,internal_test,-1,Y0_M0_SSIEMENS,internal_test,False,False,False,True,False
1201,101190,101190_00001,2014-04-01 00:00:00,057Y,57.0,F,TOSHIBA,non-PDAC,0,radiology,False,1,False,1,True,automatic,automatic_labels/101190_00001.nii.gz,bf03315f77f4fb569d28575ffc60f0be5f4bc6dc,349442,True,True,False,True,False,PANORAMA_LOCAL,PRIMARY_MODEL_DEVELOPMENT,False,True,RADIOLOGY_NO_DOCUMENTED_FOLLOWUP,TOSHIBA,AUXILIARY_AUTOMATIC_MASK_ONLY,False,False,False,train,4,Y0_M0_STOSHIBA,train,True,False,False,False,False
1202,101191,101191_00001,2020-11-11 00:00:00,043Y,43.0,M,TOSHIBA,non-PDAC,0,radiology,False,1,False,1,True,automatic,automatic_labels/101191_00001.nii.gz,56936287c12729bd1722dbf215ce65708ab37fcd,198549,True,True,False,True,False,PANORAMA_LOCAL,PRIMARY_MODEL_DEVELOPMENT,False,True,RADIOLOGY_NO_DOCUMENTED_FOLLOWUP,TOSHIBA,AUXILIARY_AUTOMATIC_MASK_ONLY,False,False,False,internal_test,-1,Y0_M0_STOSHIBA,internal_test,False,False,False,True,False
1203,101192,101192_00001,2015-11-19 00:00:00,,,,,non-PDAC,0,NIH_dataset,True,1,False,1,True,automatic,automatic_labels/101192_00001.nii.gz,a2c6f009cfd44330dad3389ac14d40994feba032,468071,True,True,False,True,False,NIH_NEGATIVE_STRESS,LOCKED_NEGATIVE_SPECIFICITY_STRESS_TEST,True,False,NIH_DATASET_DERIVED,[MISSING],AUXILIARY_AUTOMATIC_MASK_ONLY,False,False,True,,-1,,nih_negative_stress_test,False,False,False,True,False
1204,101193,101193_00001,2017-08-09 00:00:00,074Y,74.0,M,TOSHIBA,non-PDAC,0,radiology,False,1,False,1,True,automatic,automatic_labels/101193_00001.nii.gz,845adf881dc5c29ce413fa5801f78064f3abbdbd,210108,True,True,False,True,False,PANORAMA_LOCAL,PRIMARY_MODEL_DEVELOPMENT,False,True,RADIOLOGY_NO_DOCUMENTED_FOLLOWUP,TOSHIBA,AUXILIARY_AUTOMATIC_MASK_ONLY,False,False,False,train,0,Y0_M0_STOSHIBA,train,True,False,False,False,False
1205,101194,101194_00001,2016-12-28 00:00:00,097Y,97.0,M,SIEMENS,non-PDAC,0,radiology,False,1,False,1,True,automatic,automatic_labels/101194_00001.nii.gz,a6e3ce1d5c3127615d8c0554d576a558593aeb05,1840566,True,True,False,True,False,PANORAMA_LOCAL,PRIMARY_MODEL_DEVELOPMENT,False,True,RADIOLOGY_NO_DOCUMENTED_FOLLOWUP,SIEMENS,AUXILIARY_AUTOMATIC_MASK_ONLY,False,False,False,train,1,Y0_M0_SSIEMENS,train,True,False,False,False,False
1206,101195,101195_00001,2017-01-22 00:00:00,079Y,79.0,M,SIEMENS,non-PDAC,0,radiology,False,1,False,1,True,automatic,automatic_labels/101195_00001.nii.gz,4075da2df9b53a0d4f20761623f86a602dbb1651,805250,True,True,False,True,False,PANORAMA_LOCAL,PRIMARY_MODEL_DEVELOPMENT,False,True,RADIOLOGY_NO_DOCUMENTED_FOLLOWUP,SIEMENS,AUXILIARY_AUTOMATIC_MASK_ONLY,False,False,False,train,0,Y0_M0_SSIEMENS,train,True,False,False,False,False
1207,101196,101196_00001,2021-12-10 00:00:00,063Y,63.0,M,Canon Medical Systems,PDAC,1,radiology,False,1,False,1,True,automatic,automatic_labels/101196_00001.nii.gz,8d16e03f1c8cd588f1fc393b4deb51acfb84e976,492703,True,True,False,True,False,PANORAMA_LOCAL,PRIMARY_MODEL_DEVELOPMENT,False,True,RADIOLOGY_NO_DOCUMENTED_FOLLOWUP,Canon Medical Systems,AUXILIARY_AUTOMATIC_MASK_ONLY,False,False,False,train,4,Y1_M0,train,True,False,False,False,False
1208,101197,101197_00001,2014-05-13 00:00:00,051Y,51.0,F,SIEMENS,non-PDAC,0,radiology,False,1,False,1,True,automatic,automatic_labels/101197_00001.nii.gz,5e93f96c4c598bebc6d52947d2d8cb3b833daf4d,262584,True,True,False,True,False,PANORAMA_LOCAL,PRIMARY_MODEL_DEVELOPMENT,False,True,RADIOLOGY_NO_DOCUMENTED_FOLLOWUP,SIEMENS,AUXILIARY_AUTOMATIC_MASK_ONLY,False,False,False,train,2,Y0_M0_SSIEMENS,train,True,False,False,False,False
1209,101198,101198_00001,,,,,,non-PDAC,0,MSD_dataset,True,1,False,1,True,automatic,automatic_labels/101198_00001.nii.gz,2ed3e6aaa13bd3b6490211ba514d00471af0b857,203994,True,True,False,True,False,MSD_EXTERNAL_MIXED,LOCKED_EXTERNAL_MIXED_TEST,True,False,MSD_DATASET_DERIVED,[MISSING],AUXILIARY_AUTOMATIC_MASK_ONLY,True,False,False,,-1,,external_msd_test,False,False,False,True,False
1210,101199,101199_00001,2016-07-18 00:00:00,075Y,75.0,M,SIEMENS,non-PDAC,0,radiology,False,1,False,1,True,automatic,automatic_labels/101199_00001.nii.gz,0661f05b272162fa917f50d18b0883d23f4d8265,1168928,True,True,False,True,False,PANORAMA_LOCAL,PRIMARY_MODEL_DEVELOPMENT,False,True,RADIOLOGY_NO_DOCUMENTED_FOLLOWUP,SIEMENS,AUXILIARY_AUTOMATIC_MASK_ONLY,False,False,False,train,1,Y0_M0_SSIEMENS,train,True,False,False,False,False
1211,101200,101200_00001,2016-04-04 00:00:00,062Y,62.0,F,SIEMENS,non-PDAC,0,radiology,False,1,False,1,True,automatic,automatic_labels/101200_00001.nii.gz,ce3ada140c2529e5881690650eb88f2c7e26e4ed,476772,True,True,False,True,False,PANORAMA_LOCAL,PRIMARY_MODEL_DEVELOPMENT,False,True,RADIOLOGY_NO_DOCUMENTED_FOLLOWUP,SIEMENS,AUXILIARY_AUTOMATIC_MASK_ONLY,False,False,False,validation,-1,Y0_M0_SSIEMENS,validation,False,True,True,False,False
1212,101201,101201_00001,2015-05-17 00:00:00,057Y,57.0,M,SIEMENS,non-PDAC,0,radiology,False,1,False,1,True,automatic,automatic_labels/101201_00001.nii.gz,c15b97d4f2afc99a67f0ebd6ed645a5e591cb25e,679191,True,True,False,True,False,PANORAMA_LOCAL,PRIMARY_MODEL_DEVELOPMENT,False,True,RADIOLOGY_NO_DOCUMENTED_FOLLOWUP,SIEMENS,AUXILIARY_AUTOMATIC_MASK_ONLY,False,False,False,train,3,Y0_M0_SSIEMENS,train,True,False,False,False,False
1213,101202,101202_00001,2015-01-22 00:00:00,073Y,73.0,M,TOSHIBA,non-PDAC,0,radiology,False,1,False,1,True,automatic,automatic_labels/101202_00001.nii.gz,17bcde7d8047001af5b9afacd7cd622c4e4c9d95,346160,True,True,False,True,False,PANORAMA_LOCAL,PRIMARY_MODEL_DEVELOPMENT,False,True,RADIOLOGY_NO_DOCUMENTED_FOLLOWUP,TOSHIBA,AUXILIARY_AUTOMATIC_MASK_ONLY,False,False,False,train,3,Y0_M0_STOSHIBA,train,True,False,False,False,False
1214,101203,101203_00001,2014-10-25 00:00:00,071Y,71.0,F,TOSHIBA,PDAC,1,pathology,False,1,False,1,True,manual,manual_labels/101203_00001.nii.gz,59c550a20e73a42ae6fe8cda9daf951d9e704a5e,900767,True,True,True,False,True,PANORAMA_LOCAL,PRIMARY_MODEL_DEVELOPMENT,False,True,TISSUE_CONFIRMED,TOSHIBA,PRIMARY_MANUAL_PDAC_REFERENCE,False,False,False,train,3,Y1_M1_STOSHIBA,train,True,False,False,False,False
1215,101204,101204_00001,2016-03-23 00:00:00,061Y,61.0,F,SIEMENS,non-PDAC,0,radiology,False,1,False,1,True,automatic,automatic_labels/101204_00001.nii.gz,2f15091832c831525e07a9dfc44595dbcab46edf,568870,True,True,False,True,False,PANORAMA_LOCAL,PRIMARY_MODEL_DEVELOPMENT,False,True,RADIOLOGY_NO_DOCUMENTED_FOLLOWUP,SIEMENS,AUXILIARY_AUTOMATIC_MASK_ONLY,False,False,False,validation,-1,Y0_M0_SSIEMENS,validation,False,True,True,False,False
1216,101205,101205_00001,2017-07-06 00:00:00,060Y,60.0,F,TOSHIBA,PDAC,1,histopathology,False,1,False,1,True,automatic,automatic_labels/101205_00001.nii.gz,70d66e48dcb6dff2afccfc5dfebaa10e8597f155,1782462,True,True,False,True,False,PANORAMA_LOCAL,PRIMARY_MODEL_DEVELOPMENT,False,True,TISSUE_CONFIRMED,TOSHIBA,AUXILIARY_AUTOMATIC_MASK_ONLY,False,False,False,train,0,Y1_M0_STOSHIBA,train,True,False,False,False,False
1217,101206,101206_00001,2016-09-21 00:00:00,078Y,78.0,F,TOSHIBA,non-PDAC,0,radiology,False,1,False,1,True,automatic,automatic_labels/101206_00001.nii.gz,24caa17cda5ccb74d3102e996dc28cf9c555030e,298711,True,True,False,True,False,PANORAMA_LOCAL,PRIMARY_MODEL_DEVELOPMENT,False,True,RADIOLOGY_NO_DOCUMENTED_FOLLOWUP,TOSHIBA,AUXILIARY_AUTOMATIC_MASK_ONLY,False,False,False,train,1,Y0_M0_STOSHIBA,train,True,False,False,False,False
1218,101207,101207_00001,2015-01-10 00:00:00,076Y,76.0,M,SIEMENS,non-PDAC,0,radiology,False,1,False,1,True,automatic,automatic_labels/101207_00001.nii.gz,d0157e5c7ae6b8f85e6b239c8bb096354cb53218,366481,True,True,False,True,False,PANORAMA_LOCAL,PRIMARY_MODEL_DEVELOPMENT,False,True,RADIOLOGY_NO_DOCUMENTED_FOLLOWUP,SIEMENS,AUXILIARY_AUTOMATIC_MASK_ONLY,False,False,False,train,0,Y0_M0_SSIEMENS,train,True,False,False,False,False
1219,101208,101208_00001,2017-11-27 00:00:00,067Y,67.0,F,SIEMENS,non-PDAC,0,radiology,False,1,False,1,True,automatic,automatic_labels/101208_00001.nii.gz,dce8d904db80ca23b881d11de9dda933165c6330,775869,True,True,False,True,False,PANORAMA_LOCAL,PRIMARY_MODEL_DEVELOPMENT,False,True,RADIOLOGY_NO_DOCUMENTED_FOLLOWUP,SIEMENS,AUXILIARY_AUTOMATIC_MASK_ONLY,False,False,False,train,0,Y0_M0_SSIEMENS,train,True,False,False,False,False
1220,101209,101209_00001,2017-12-25 00:00:00,059Y,59.0,M,Philips,PDAC,1,histopathology,False,1,False,1,True,manual,manual_labels/101209_00001.nii.gz,a7a0f6184e05fde365820c86fad68bd9c0d3e8ca,361382,True,True,True,False,True,PANORAMA_LOCAL,PRIMARY_MODEL_DEVELOPMENT,False,True,TISSUE_CONFIRMED,Philips,PRIMARY_MANUAL_PDAC_REFERENCE,False,False,False,train,0,Y1_M1_SPhilips,train,True,False,False,False,False
1221,101210,101210_00001,2015-11-08 00:00:00,,,,,non-PDAC,0,NIH_dataset,True,1,False,1,True,automatic,automatic_labels/101210_00001.nii.gz,bb099db6f6feed652d5bcd8c8d67cc7f430fb659,661649,True,True,False,True,False,NIH_NEGATIVE_STRESS,LOCKED_NEGATIVE_SPECIFICITY_STRESS_TEST,True,False,NIH_DATASET_DERIVED,[MISSING],AUXILIARY_AUTOMATIC_MASK_ONLY,False,False,True,,-1,,nih_negative_stress_test,False,False,False,True,False
1222,101211,101211_00001,2013-12-29 00:00:00,029Y,29.0,F,SIEMENS,non-PDAC,0,pathology,False,1,False,1,True,automatic,automatic_labels/101211_00001.nii.gz,969bc2ced4c56fc91e816cb9560fd13405ce0260,623566,True,True,False,True,False,PANORAMA_LOCAL,PRIMARY_MODEL_DEVELOPMENT,False,True,TISSUE_CONFIRMED,SIEMENS,AUXILIARY_AUTOMATIC_MASK_ONLY,False,False,False,train,1,Y0_M0_SSIEMENS,train,True,False,False,False,False
1223,101212,101212_00001,2013-08-18 00:00:00,079Y,79.0,M,SIEMENS,non-PDAC,0,cytology,False,1,False,1,True,automatic,automatic_labels/101212_00001.nii.gz,2f3658968921a0f00982c8f8cfa8b5c4e682a88f,756129,True,True,False,True,False,PANORAMA_LOCAL,PRIMARY_MODEL_DEVELOPMENT,False,True,CYTOLOGY_CONFIRMED,SIEMENS,AUXILIARY_AUTOMATIC_MASK_ONLY,False,False,False,train,4,Y0_M0_SSIEMENS,train,True,False,False,False,False
1224,101213,101213_00001,2009-12-06 00:00:00,070Y,70.0,M,SIEMENS,non-PDAC,0,pathology,False,1,False,1,True,automatic,automatic_labels/101213_00001.nii.gz,4385bcc822ebfc7aa0aaf86daa9aef6c3873f495,639465,True,True,False,True,False,PANORAMA_LOCAL,PRIMARY_MODEL_DEVELOPMENT,False,True,TISSUE_CONFIRMED,SIEMENS,AUXILIARY_AUTOMATIC_MASK_ONLY,False,False,False,internal_test,-1,Y0_M0_SSIEMENS,internal_test,False,False,False,True,False
1225,101214,101214_00001,2016-02-06 00:00:00,060Y,60.0,F,SIEMENS,non-PDAC,0,radiology,False,1,False,1,True,automatic,automatic_labels/101214_00001.nii.gz,7c92c8cf75b6a5edec17791fbd4a7a87b3c7197b,335891,True,True,False,True,False,PANORAMA_LOCAL,PRIMARY_MODEL_DEVELOPMENT,False,True,RADIOLOGY_NO_DOCUMENTED_FOLLOWUP,SIEMENS,AUXILIARY_AUTOMATIC_MASK_ONLY,False,False,False,train,3,Y0_M0_SSIEMENS,train,True,False,False,False,False
1226,101215,101215_00001,2016-06-03 00:00:00,077Y,77.0,F,SIEMENS,PDAC,1,pathology,False,1,False,1,True,manual,manual_labels/101215_00001.nii.gz,7a063c92af9190465516f61d2b6fb075b5986266,321640,True,True,True,False,True,PANORAMA_LOCAL,PRIMARY_MODEL_DEVELOPMENT,False,True,TISSUE_CONFIRMED,SIEMENS,PRIMARY_MANUAL_PDAC_REFERENCE,False,False,False,validation,-1,Y1_M1_SSIEMENS,validation,False,True,True,False,False
1227,101216,101216_00001,2016-02-26 00:00:00,061Y,61.0,M,SIEMENS,non-PDAC,0,radiology,False,1,False,1,True,automatic,automatic_labels/101216_00001.nii.gz,e51fd6320d8a71d94ed3b38e44e0c97fdd79f966,726706,True,True,False,True,False,PANORAMA_LOCAL,PRIMARY_MODEL_DEVELOPMENT,False,True,RADIOLOGY_NO_DOCUMENTED_FOLLOWUP,SIEMENS,AUXILIARY_AUTOMATIC_MASK_ONLY,False,False,False,train,2,Y0_M0_SSIEMENS,train,True,False,False,False,False
1228,101217,101217_00001,2010-06-11 00:00:00,075Y,75.0,M,SIEMENS,PDAC,1,pathology,False,1,False,1,True,manual,manual_labels/101217_00001.nii.gz,9b57693920f0a04753015343a950445eb74c1683,198179,True,True,True,False,True,PANORAMA_LOCAL,PRIMARY_MODEL_DEVELOPMENT,False,True,TISSUE_CONFIRMED,SIEMENS,PRIMARY_MANUAL_PDAC_REFERENCE,False,False,False,validation,-1,Y1_M1_SSIEMENS,validation,False,True,True,False,False
1229,101218,101218_00001,2017-08-23 00:00:00,068Y,68.0,F,SIEMENS,non-PDAC,0,radiology,False,1,False,1,True,automatic,automatic_labels/101218_00001.nii.gz,eaf662586fff7b929caa6e5c6f7b50d392a2b6c9,659289,True,True,False,True,False,PANORAMA_LOCAL,PRIMARY_MODEL_DEVELOPMENT,False,True,RADIOLOGY_NO_DOCUMENTED_FOLLOWUP,SIEMENS,AUXILIARY_AUTOMATIC_MASK_ONLY,False,False,False,train,2,Y0_M0_SSIEMENS,train,True,False,False,False,False
1230,101219,101219_00001,,,,,,PDAC,1,MSD_dataset,True,1,False,1,True,manual,manual_labels/101219_00001.nii.gz,88aac867b168769146c9accd7718d18d7db72f2c,53597,True,True,True,False,True,MSD_EXTERNAL_MIXED,LOCKED_EXTERNAL_MIXED_TEST,True,False,MSD_DATASET_DERIVED,[MISSING],PRIMARY_MANUAL_PDAC_REFERENCE,True,True,False,,-1,,external_msd_test,False,False,False,True,True
1231,101220,101220_00001,,,,,,PDAC,1,MSD_dataset,True,1,False,1,True,manual,manual_labels/101220_00001.nii.gz,77e5a93b8a7d1be270eb688b4602a8ea6996c5da,243982,True,True,True,False,True,MSD_EXTERNAL_MIXED,LOCKED_EXTERNAL_MIXED_TEST,True,False,MSD_DATASET_DERIVED,[MISSING],PRIMARY_MANUAL_PDAC_REFERENCE,True,True,False,,-1,,external_msd_test,False,False,False,True,True
1232,101221,101221_00001,2015-05-08 00:00:00,072Y,72.0,M,Philips,PDAC,1,histopathology,False,1,False,1,True,manual,manual_labels/101221_00001.nii.gz,662a7b093bc25954849c1876a79c2973a57198fb,84488,True,True,True,False,True,PANORAMA_LOCAL,PRIMARY_MODEL_DEVELOPMENT,False,True,TISSUE_CONFIRMED,Philips,PRIMARY_MANUAL_PDAC_REFERENCE,False,False,False,train,2,Y1_M1_SPhilips,train,True,False,False,False,False
1233,101222,101222_00001,2017-12-14 00:00:00,071Y,71.0,M,Philips,PDAC,1,histopathology,False,1,False,1,True,manual,manual_labels/101222_00001.nii.gz,7add2e8d460c7b97e40bad15b380dbafb9cd897d,286076,True,True,True,False,True,PANORAMA_LOCAL,PRIMARY_MODEL_DEVELOPMENT,False,True,TISSUE_CONFIRMED,Philips,PRIMARY_MANUAL_PDAC_REFERENCE,False,False,False,train,2,Y1_M1_SPhilips,train,True,False,False,False,False
1234,101223,101223_00001,2015-07-09 00:00:00,031Y,31.0,M,SIEMENS,non-PDAC,0,radiology,False,1,False,1,True,automatic,automatic_labels/101223_00001.nii.gz,6d909e8bf2c39a0a367db6c2db6e0ee7c9880de7,587790,True,True,False,True,False,PANORAMA_LOCAL,PRIMARY_MODEL_DEVELOPMENT,False,True,RADIOLOGY_NO_DOCUMENTED_FOLLOWUP,SIEMENS,AUXILIARY_AUTOMATIC_MASK_ONLY,False,False,False,internal_test,-1,Y0_M0_SSIEMENS,internal_test,False,False,False,True,False
1235,101224,101224_00001,2014-03-05 00:00:00,067Y,67.0,F,SIEMENS,non-PDAC,0,histopathology,False,1,False,1,True,automatic,automatic_labels/101224_00001.nii.gz,2a0883fee700fff05eeacddc4cb798843cfcf490,180971,True,True,False,True,False,PANORAMA_LOCAL,PRIMARY_MODEL_DEVELOPMENT,False,True,TISSUE_CONFIRMED,SIEMENS,AUXILIARY_AUTOMATIC_MASK_ONLY,False,False,False,train,2,Y0_M0_SSIEMENS,train,True,False,False,False,False
1236,101225,101225_00001,2017-08-25 00:00:00,071Y,71.0,F,SIEMENS,non-PDAC,0,radiology,False,1,False,1,True,automatic,automatic_labels/101225_00001.nii.gz,0eb18aa4e283fabe94f7c1272d2e430db8359135,644416,True,True,False,True,False,PANORAMA_LOCAL,PRIMARY_MODEL_DEVELOPMENT,False,True,RADIOLOGY_NO_DOCUMENTED_FOLLOWUP,SIEMENS,AUXILIARY_AUTOMATIC_MASK_ONLY,False,False,False,train,3,Y0_M0_SSIEMENS,train,True,False,False,False,False
1237,101226,101226_00001,2017-09-11 00:00:00,062Y,62.0,M,TOSHIBA,non-PDAC,0,radiology,False,1,False,1,True,automatic,automatic_labels/101226_00001.nii.gz,d0542a5440af47afd50ca8d4223849c76851aead,343875,True,True,False,True,False,PANORAMA_LOCAL,PRIMARY_MODEL_DEVELOPMENT,False,True,RADIOLOGY_NO_DOCUMENTED_FOLLOWUP,TOSHIBA,AUXILIARY_AUTOMATIC_MASK_ONLY,False,False,False,train,1,Y0_M0_STOSHIBA,train,True,False,False,False,False
1238,101227,101227_00001,2018-09-29 00:00:00,072Y,72.0,F,TOSHIBA,PDAC,1,radiology,False,1,False,1,True,automatic,automatic_labels/101227_00001.nii.gz,f86c1390ba8e023563e3100c057d757dcb33c6c6,661966,True,True,False,True,False,PANORAMA_LOCAL,PRIMARY_MODEL_DEVELOPMENT,False,True,RADIOLOGY_NO_DOCUMENTED_FOLLOWUP,TOSHIBA,AUXILIARY_AUTOMATIC_MASK_ONLY,False,False,False,internal_test,-1,Y1_M0_STOSHIBA,internal_test,False,False,False,True,False
1239,101228,101228_00001,2015-12-31 00:00:00,078Y,78.0,M,SIEMENS,non-PDAC,0,radiology,False,1,False,1,True,automatic,automatic_labels/101228_00001.nii.gz,8386adca3668d1dcf0ce985db16b0d363834aa37,567325,True,True,False,True,False,PANORAMA_LOCAL,PRIMARY_MODEL_DEVELOPMENT,False,True,RADIOLOGY_NO_DOCUMENTED_FOLLOWUP,SIEMENS,AUXILIARY_AUTOMATIC_MASK_ONLY,False,False,False,train,3,Y0_M0_SSIEMENS,train,True,False,False,False,False
1240,101229,101229_00001,2015-05-12 00:00:00,044Y,44.0,M,Philips,PDAC,1,histopathology,False,1,False,1,True,automatic,automatic_labels/101229_00001.nii.gz,9d23cb20a1dbf2aa806f5ff1ac39e9345ad86860,283981,True,True,False,True,False,PANORAMA_LOCAL,PRIMARY_MODEL_DEVELOPMENT,False,True,TISSUE_CONFIRMED,Philips,AUXILIARY_AUTOMATIC_MASK_ONLY,False,False,False,internal_test,-1,Y1_M0_SPhilips,internal_test,False,False,False,True,False
1241,101230,101230_00001,2018-07-31 00:00:00,062Y,62.0,M,TOSHIBA,non-PDAC,0,radiology,False,1,False,1,True,automatic,automatic_labels/101230_00001.nii.gz,68b4d2160210882400db9a5bdcd0ed0fe6cb51d6,355215,True,True,False,True,False,PANORAMA_LOCAL,PRIMARY_MODEL_DEVELOPMENT,False,True,RADIOLOGY_NO_DOCUMENTED_FOLLOWUP,TOSHIBA,AUXILIARY_AUTOMATIC_MASK_ONLY,False,False,False,internal_test,-1,Y0_M0_STOSHIBA,internal_test,False,False,False,True,False
1242,101231,101231_00001,2017-08-17 00:00:00,062Y,62.0,M,TOSHIBA,non-PDAC,0,radiology,False,1,False,1,True,automatic,automatic_labels/101231_00001.nii.gz,be2fa3bee613c2aac784e15ca5a117ac8ca70de5,374224,True,True,False,True,False,PANORAMA_LOCAL,PRIMARY_MODEL_DEVELOPMENT,False,True,RADIOLOGY_NO_DOCUMENTED_FOLLOWUP,TOSHIBA,AUXILIARY_AUTOMATIC_MASK_ONLY,False,False,False,train,4,Y0_M0_STOSHIBA,train,True,False,False,False,False
1243,101232,101232_00001,2017-10-05 00:00:00,072Y,72.0,F,TOSHIBA,PDAC,1,pathology,False,1,False,1,True,manual,manual_labels/101232_00001.nii.gz,7e3ae84ea0df9542381e88bea8a592609ba632ef,287153,True,True,True,False,True,PANORAMA_LOCAL,PRIMARY_MODEL_DEVELOPMENT,False,True,TISSUE_CONFIRMED,TOSHIBA,PRIMARY_MANUAL_PDAC_REFERENCE,False,False,False,train,1,Y1_M1_STOSHIBA,train,True,False,False,False,False
1244,101233,101233_00001,2016-05-11 00:00:00,060Y,60.0,F,TOSHIBA,non-PDAC,0,radiology,False,1,False,1,True,automatic,automatic_labels/101233_00001.nii.gz,b50f485027cf56f7b2395d7e067a3094110012e6,339351,True,True,False,True,False,PANORAMA_LOCAL,PRIMARY_MODEL_DEVELOPMENT,False,True,RADIOLOGY_NO_DOCUMENTED_FOLLOWUP,TOSHIBA,AUXILIARY_AUTOMATIC_MASK_ONLY,False,False,False,train,0,Y0_M0_STOSHIBA,train,True,False,False,False,False
1245,101234,101234_00001,,,,,,non-PDAC,0,MSD_dataset,True,1,False,1,True,automatic,automatic_labels/101234_00001.nii.gz,732653a3caaf78d54fd72a937e5b6011e3ee4414,293272,True,True,False,True,False,MSD_EXTERNAL_MIXED,LOCKED_EXTERNAL_MIXED_TEST,True,False,MSD_DATASET_DERIVED,[MISSING],AUXILIARY_AUTOMATIC_MASK_ONLY,True,False,False,,-1,,external_msd_test,False,False,False,True,False
1246,101235,101235_00001,,,,,,non-PDAC,0,MSD_dataset,True,1,False,1,True,automatic,automatic_labels/101235_00001.nii.gz,55740ca04f9299addfcdafe015e41c92c795a8c0,188027,True,True,False,True,False,MSD_EXTERNAL_MIXED,LOCKED_EXTERNAL_MIXED_TEST,True,False,MSD_DATASET_DERIVED,[MISSING],AUXILIARY_AUTOMATIC_MASK_ONLY,True,False,False,,-1,,external_msd_test,False,False,False,True,False
1247,101236,101236_00001,2020-09-08 00:00:00,074Y,74.0,F,Philips,PDAC,1,histopathology,False,1,False,1,True,manual,manual_labels/101236_00001.nii.gz,9de667510ffaf8db8c96da65d8b8063a3f3a13e4,171527,True,True,True,False,True,PANORAMA_LOCAL,PRIMARY_MODEL_DEVELOPMENT,False,True,TISSUE_CONFIRMED,Philips,PRIMARY_MANUAL_PDAC_REFERENCE,False,False,False,train,3,Y1_M1_SPhilips,train,True,False,False,False,False
1248,101237,101237_00001,2018-08-17 00:00:00,089Y,89.0,F,TOSHIBA,non-PDAC,0,radiology,False,1,False,1,True,automatic,automatic_labels/101237_00001.nii.gz,fe0a41cc72d2c7f7c843da4b07e13284b8600e57,1565261,True,True,False,True,False,PANORAMA_LOCAL,PRIMARY_MODEL_DEVELOPMENT,False,True,RADIOLOGY_NO_DOCUMENTED_FOLLOWUP,TOSHIBA,AUXILIARY_AUTOMATIC_MASK_ONLY,False,False,False,train,3,Y0_M0_STOSHIBA,train,True,False,False,False,False
1249,101238,101238_00001,2018-07-28 00:00:00,074Y,74.0,M,TOSHIBA,PDAC,1,pathology,False,1,False,1,True,manual,manual_labels/101238_00001.nii.gz,49441d4fc197b9e86a50b21dd14458948c5ce970,1119571,True,True,True,False,True,PANORAMA_LOCAL,PRIMARY_MODEL_DEVELOPMENT,False,True,TISSUE_CONFIRMED,TOSHIBA,PRIMARY_MANUAL_PDAC_REFERENCE,False,False,False,internal_test,-1,Y1_M1_STOSHIBA,internal_test,False,False,False,True,True
1250,101239,101239_00001,,,,,,non-PDAC,0,MSD_dataset,True,1,False,1,True,automatic,automatic_labels/101239_00001.nii.gz,03d8930818b4b1af9015e0152eda11d38ea8f262,233887,True,True,False,True,False,MSD_EXTERNAL_MIXED,LOCKED_EXTERNAL_MIXED_TEST,True,False,MSD_DATASET_DERIVED,[MISSING],AUXILIARY_AUTOMATIC_MASK_ONLY,True,False,False,,-1,,external_msd_test,False,False,False,True,False
1251,101240,101240_00001,2018-08-13 00:00:00,064Y,64.0,M,Philips,non-PDAC,0,histopathology,False,1,False,1,True,automatic,automatic_labels/101240_00001.nii.gz,4434bcd1eb5871a9d8b12d46816b87f05b7a6220,244184,True,True,False,True,False,PANORAMA_LOCAL,PRIMARY_MODEL_DEVELOPMENT,False,True,TISSUE_CONFIRMED,Philips,AUXILIARY_AUTOMATIC_MASK_ONLY,False,False,False,validation,-1,Y0_M0_SPhilips,validation,False,True,True,False,False
1252,101241,101241_00001,2016-07-18 00:00:00,061Y,61.0,F,SIEMENS,non-PDAC,0,radiology,False,1,False,1,True,automatic,automatic_labels/101241_00001.nii.gz,fbf9082c0b7965eb4c264689fe75096da0d51e56,196019,True,True,False,True,False,PANORAMA_LOCAL,PRIMARY_MODEL_DEVELOPMENT,False,True,RADIOLOGY_NO_DOCUMENTED_FOLLOWUP,SIEMENS,AUXILIARY_AUTOMATIC_MASK_ONLY,False,False,False,train,4,Y0_M0_SSIEMENS,train,True,False,False,False,False
1253,101242,101242_00001,2015-11-27 00:00:00,,,,,non-PDAC,0,NIH_dataset,True,1,False,1,True,automatic,automatic_labels/101242_00001.nii.gz,8c4c1faac62eaf9b0a25a89ee0555539746f6473,685911,True,True,False,True,False,NIH_NEGATIVE_STRESS,LOCKED_NEGATIVE_SPECIFICITY_STRESS_TEST,True,False,NIH_DATASET_DERIVED,[MISSING],AUXILIARY_AUTOMATIC_MASK_ONLY,False,False,True,,-1,,nih_negative_stress_test,False,False,False,True,False
1254,101243,101243_00001,2016-02-03 00:00:00,077Y,77.0,M,SIEMENS,non-PDAC,0,radiology,False,1,False,1,True,automatic,automatic_labels/101243_00001.nii.gz,f3392ce5071193854e27b7a856b9d977337c869b,651898,True,True,False,True,False,PANORAMA_LOCAL,PRIMARY_MODEL_DEVELOPMENT,False,True,RADIOLOGY_NO_DOCUMENTED_FOLLOWUP,SIEMENS,AUXILIARY_AUTOMATIC_MASK_ONLY,False,False,False,train,3,Y0_M0_SSIEMENS,train,True,False,False,False,False
1255,101244,101244_00001,2022-12-29 00:00:00,064Y,64.0,F,SIEMENS,PDAC,1,pathology,False,1,False,1,True,manual,manual_labels/101244_00001.nii.gz,24482bb544a61a93f6cc50828442ba7e7adbc3a6,189225,True,True,True,False,True,PANORAMA_LOCAL,PRIMARY_MODEL_DEVELOPMENT,False,True,TISSUE_CONFIRMED,SIEMENS,PRIMARY_MANUAL_PDAC_REFERENCE,False,False,False,validation,-1,Y1_M1_SSIEMENS,validation,False,True,True,False,False
1256,101245,101245_00001,2016-01-05 00:00:00,034Y,34.0,M,SIEMENS,non-PDAC,0,radiology,False,1,False,1,True,automatic,automatic_labels/101245_00001.nii.gz,8225f26a4af71483d8517b989c15459f6a5cc559,681784,True,True,False,True,False,PANORAMA_LOCAL,PRIMARY_MODEL_DEVELOPMENT,False,True,RADIOLOGY_NO_DOCUMENTED_FOLLOWUP,SIEMENS,AUXILIARY_AUTOMATIC_MASK_ONLY,False,False,False,train,0,Y0_M0_SSIEMENS,train,True,False,False,False,False
1257,101246,101246_00001,2016-08-24 00:00:00,075Y,75.0,F,SIEMENS,non-PDAC,0,radiology,False,1,False,1,True,automatic,automatic_labels/101246_00001.nii.gz,69f052af110c6787fda93a39c83b11cab1b2991e,609397,True,True,False,True,False,PANORAMA_LOCAL,PRIMARY_MODEL_DEVELOPMENT,False,True,RADIOLOGY_NO_DOCUMENTED_FOLLOWUP,SIEMENS,AUXILIARY_AUTOMATIC_MASK_ONLY,False,False,False,train,0,Y0_M0_SSIEMENS,train,True,False,False,False,False
1258,101247,101247_00001,2009-10-31 00:00:00,075Y,75.0,F,SIEMENS,PDAC,1,histopathology,False,1,False,1,True,manual,manual_labels/101247_00001.nii.gz,e193023bc4bfae23f371279b16e88c5b2b98d1bf,120440,True,True,True,False,True,PANORAMA_LOCAL,PRIMARY_MODEL_DEVELOPMENT,False,True,TISSUE_CONFIRMED,SIEMENS,PRIMARY_MANUAL_PDAC_REFERENCE,False,False,False,internal_test,-1,Y1_M1_SSIEMENS,internal_test,False,False,False,True,True
1259,101248,101248_00001,2017-08-17 00:00:00,061Y,61.0,F,TOSHIBA,non-PDAC,0,radiology,False,1,False,1,True,automatic,automatic_labels/101248_00001.nii.gz,8e8e33a4c3e7fc2b39dbfe2ce2fb012d1acffccc,240480,True,True,False,True,False,PANORAMA_LOCAL,PRIMARY_MODEL_DEVELOPMENT,False,True,RADIOLOGY_NO_DOCUMENTED_FOLLOWUP,TOSHIBA,AUXILIARY_AUTOMATIC_MASK_ONLY,False,False,False,train,2,Y0_M0_STOSHIBA,train,True,False,False,False,False
1260,101249,101249_00001,2019-05-26 00:00:00,080Y,80.0,M,SIEMENS,PDAC,1,cytology,False,1,False,1,True,automatic,automatic_labels/101249_00001.nii.gz,624d731802d21d05c084d143795e324f20863451,611102,True,True,False,True,False,PANORAMA_LOCAL,PRIMARY_MODEL_DEVELOPMENT,False,True,CYTOLOGY_CONFIRMED,SIEMENS,AUXILIARY_AUTOMATIC_MASK_ONLY,False,False,False,internal_test,-1,Y1_M0_SSIEMENS,internal_test,False,False,False,True,False
1261,101250,101250_00001,2016-02-29 00:00:00,089Y,89.0,M,SIEMENS,non-PDAC,0,radiology,False,1,False,1,True,automatic,automatic_labels/101250_00001.nii.gz,188e6a9d50513fed91e9d5c72b771b141d2ed03b,485639,True,True,False,True,False,PANORAMA_LOCAL,PRIMARY_MODEL_DEVELOPMENT,False,True,RADIOLOGY_NO_DOCUMENTED_FOLLOWUP,SIEMENS,AUXILIARY_AUTOMATIC_MASK_ONLY,False,False,False,train,1,Y0_M0_SSIEMENS,train,True,False,False,False,False
1262,101251,101251_00001,2020-02-17 00:00:00,057Y,57.0,M,SIEMENS,non-PDAC,0,pathology,False,1,False,1,True,automatic,automatic_labels/101251_00001.nii.gz,fb1070cc5ed6980001916001caae819c7377c744,509309,True,True,False,True,False,PANORAMA_LOCAL,PRIMARY_MODEL_DEVELOPMENT,False,True,TISSUE_CONFIRMED,SIEMENS,AUXILIARY_AUTOMATIC_MASK_ONLY,False,False,False,train,2,Y0_M0_SSIEMENS,train,True,False,False,False,False
1263,101252,101252_00001,2013-12-25 00:00:00,043Y,43.0,M,TOSHIBA,non-PDAC,0,radiology,False,1,False,1,True,automatic,automatic_labels/101252_00001.nii.gz,3e22dfd623da86c7339b29125a6edf17aaadc05b,249799,True,True,False,True,False,PANORAMA_LOCAL,PRIMARY_MODEL_DEVELOPMENT,False,True,RADIOLOGY_NO_DOCUMENTED_FOLLOWUP,TOSHIBA,AUXILIARY_AUTOMATIC_MASK_ONLY,False,False,False,validation,-1,Y0_M0_STOSHIBA,validation,False,True,True,False,False
1264,101253,101253_00001,2017-08-02 00:00:00,077Y,77.0,M,SIEMENS,PDAC,1,cytology,False,1,False,1,True,manual,manual_labels/101253_00001.nii.gz,71869ce85ec14487708b2ad41bfd9e4402b0ad39,203097,True,True,True,False,True,PANORAMA_LOCAL,PRIMARY_MODEL_DEVELOPMENT,False,True,CYTOLOGY_CONFIRMED,SIEMENS,PRIMARY_MANUAL_PDAC_REFERENCE,False,False,False,train,1,Y1_M1_SSIEMENS,train,True,False,False,False,False
1265,101254,101254_00001,2019-03-14 00:00:00,072Y,72.0,F,SIEMENS,PDAC,1,histopathology,False,1,False,1,True,automatic,automatic_labels/101254_00001.nii.gz,0f671305022e365ce9d6a5b3b3265d46aabcf261,285098,True,True,False,True,False,PANORAMA_LOCAL,PRIMARY_MODEL_DEVELOPMENT,False,True,TISSUE_CONFIRMED,SIEMENS,AUXILIARY_AUTOMATIC_MASK_ONLY,False,False,False,validation,-1,Y1_M0_SSIEMENS,validation,False,True,True,False,False
1266,101255,101255_00001,2019-02-04 00:00:00,066Y,66.0,F,SIEMENS,non-PDAC,0,radiology,False,1,False,1,True,automatic,automatic_labels/101255_00001.nii.gz,d915607a465bc6f606641b1d63abea0946ef990c,585493,True,True,False,True,False,PANORAMA_LOCAL,PRIMARY_MODEL_DEVELOPMENT,False,True,RADIOLOGY_NO_DOCUMENTED_FOLLOWUP,SIEMENS,AUXILIARY_AUTOMATIC_MASK_ONLY,False,False,False,internal_test,-1,Y0_M0_SSIEMENS,internal_test,False,False,False,True,False
1267,101256,101256_00001,2019-09-22 00:00:00,077Y,77.0,M,SIEMENS,non-PDAC,0,pathology,False,1,False,1,True,automatic,automatic_labels/101256_00001.nii.gz,0b65d61af26f8d25558e2a0af1e521cc5363b452,675696,True,True,False,True,False,PANORAMA_LOCAL,PRIMARY_MODEL_DEVELOPMENT,False,True,TISSUE_CONFIRMED,SIEMENS,AUXILIARY_AUTOMATIC_MASK_ONLY,False,False,False,internal_test,-1,Y0_M0_SSIEMENS,internal_test,False,False,False,True,False
1268,101257,101257_00001,2017-02-10 00:00:00,066Y,66.0,M,Philips,non-PDAC,0,pathology,False,1,False,1,True,automatic,automatic_labels/101257_00001.nii.gz,6e31e2547e5a73c2e3e63e1ed33b3fa0e927bd30,2311160,True,True,False,True,False,PANORAMA_LOCAL,PRIMARY_MODEL_DEVELOPMENT,False,True,TISSUE_CONFIRMED,Philips,AUXILIARY_AUTOMATIC_MASK_ONLY,False,False,False,train,3,Y0_M0_SPhilips,train,True,False,False,False,False
1269,101258,101258_00001,2010-07-30 00:00:00,085Y,85.0,M,SIEMENS,PDAC,1,pathology,False,1,False,1,True,manual,manual_labels/101258_00001.nii.gz,d82b91901587366eeb130cd14355e9c5a59f8265,929158,True,True,True,False,True,PANORAMA_LOCAL,PRIMARY_MODEL_DEVELOPMENT,False,True,TISSUE_CONFIRMED,SIEMENS,PRIMARY_MANUAL_PDAC_REFERENCE,False,False,False,validation,-1,Y1_M1_SSIEMENS,validation,False,True,True,False,False
1270,101259,101259_00001,2016-03-29 00:00:00,063Y,63.0,F,SIEMENS,non-PDAC,0,radiology,False,1,False,1,True,automatic,automatic_labels/101259_00001.nii.gz,f3d906a37162730078699da0e54e6c8cec353d1c,624860,True,True,False,True,False,PANORAMA_LOCAL,PRIMARY_MODEL_DEVELOPMENT,False,True,RADIOLOGY_NO_DOCUMENTED_FOLLOWUP,SIEMENS,AUXILIARY_AUTOMATIC_MASK_ONLY,False,False,False,train,1,Y0_M0_SSIEMENS,train,True,False,False,False,False
1271,101260,101260_00001,2015-07-07 00:00:00,053Y,53.0,M,SIEMENS,non-PDAC,0,radiology,False,1,False,1,True,automatic,automatic_labels/101260_00001.nii.gz,00bb728c7e6320059c22c70ebacd35f06fa06e5b,546262,True,True,False,True,False,PANORAMA_LOCAL,PRIMARY_MODEL_DEVELOPMENT,False,True,RADIOLOGY_NO_DOCUMENTED_FOLLOWUP,SIEMENS,AUXILIARY_AUTOMATIC_MASK_ONLY,False,False,False,train,0,Y0_M0_SSIEMENS,train,True,False,False,False,False
1272,101261,101261_00001,2021-05-17 00:00:00,080Y,80.0,F,TOSHIBA,PDAC,1,radiology,False,1,False,1,True,manual,manual_labels/101261_00001.nii.gz,a954adefe825e8606759d3f90f5b15e943ff8416,122430,True,True,True,False,True,PANORAMA_LOCAL,PRIMARY_MODEL_DEVELOPMENT,False,True,RADIOLOGY_NO_DOCUMENTED_FOLLOWUP,TOSHIBA,PRIMARY_MANUAL_PDAC_REFERENCE,False,False,False,train,0,Y1_M1_STOSHIBA,train,True,False,False,False,False
1273,101262,101262_00001,2015-11-30 00:00:00,,,,,non-PDAC,0,NIH_dataset,True,1,False,1,True,automatic,automatic_labels/101262_00001.nii.gz,1f35d1eb16048685f14b3ee887338babc831b067,490845,True,True,False,True,False,NIH_NEGATIVE_STRESS,LOCKED_NEGATIVE_SPECIFICITY_STRESS_TEST,True,False,NIH_DATASET_DERIVED,[MISSING],AUXILIARY_AUTOMATIC_MASK_ONLY,False,False,True,,-1,,nih_negative_stress_test,False,False,False,True,False
1274,101263,101263_00001,2016-12-02 00:00:00,074Y,74.0,M,TOSHIBA,non-PDAC,0,radiology,False,1,False,1,True,automatic,automatic_labels/101263_00001.nii.gz,07a46a2d4eee6356f7b6482c04bd0d4502222715,587126,True,True,False,True,False,PANORAMA_LOCAL,PRIMARY_MODEL_DEVELOPMENT,False,True,RADIOLOGY_NO_DOCUMENTED_FOLLOWUP,TOSHIBA,AUXILIARY_AUTOMATIC_MASK_ONLY,False,False,False,validation,-1,Y0_M0_STOSHIBA,validation,False,True,True,False,False
1275,101264,101264_00001,2020-04-20 00:00:00,073Y,73.0,M,Philips,PDAC,1,cytology,False,1,False,1,True,automatic,automatic_labels/101264_00001.nii.gz,7b450daaef0d0f5367a9795fa6e8ec25d6b49ddd,1020781,True,True,False,True,False,PANORAMA_LOCAL,PRIMARY_MODEL_DEVELOPMENT,False,True,CYTOLOGY_CONFIRMED,Philips,AUXILIARY_AUTOMATIC_MASK_ONLY,False,False,False,train,3,Y1_M0_SPhilips,train,True,False,False,False,False
1276,101265,101265_00001,2016-04-10 00:00:00,061Y,61.0,F,TOSHIBA,non-PDAC,0,radiology,False,1,False,1,True,automatic,automatic_labels/101265_00001.nii.gz,9971ae6b28009d2280c5d14df811e9d934a41a2b,392857,True,True,False,True,False,PANORAMA_LOCAL,PRIMARY_MODEL_DEVELOPMENT,False,True,RADIOLOGY_NO_DOCUMENTED_FOLLOWUP,TOSHIBA,AUXILIARY_AUTOMATIC_MASK_ONLY,False,False,False,validation,-1,Y0_M0_STOSHIBA,validation,False,True,True,False,False
1277,101266,101266_00001,,,,,,PDAC,1,MSD_dataset,True,1,False,1,True,manual,manual_labels/101266_00001.nii.gz,4d80bd9f72b4c43c641632d4dbefb75e16a322da,63218,True,True,True,False,True,MSD_EXTERNAL_MIXED,LOCKED_EXTERNAL_MIXED_TEST,True,False,MSD_DATASET_DERIVED,[MISSING],PRIMARY_MANUAL_PDAC_REFERENCE,True,True,False,,-1,,external_msd_test,False,False,False,True,True
1278,101267,101267_00001,2019-10-15 00:00:00,057Y,57.0,F,Philips,PDAC,1,histopathology,False,1,False,1,True,automatic,automatic_labels/101267_00001.nii.gz,acb1da93bb26747de7a6e34abe401c3c53491228,1631154,True,True,False,True,False,PANORAMA_LOCAL,PRIMARY_MODEL_DEVELOPMENT,False,True,TISSUE_CONFIRMED,Philips,AUXILIARY_AUTOMATIC_MASK_ONLY,False,False,False,validation,-1,Y1_M0_SPhilips,validation,False,True,True,False,False
1279,101268,101268_00001,2017-08-04 00:00:00,077Y,77.0,F,TOSHIBA,non-PDAC,0,radiology,False,1,False,1,True,automatic,automatic_labels/101268_00001.nii.gz,eb0ded24f02e67faf19b646f6f034fdbcbb966ec,214690,True,True,False,True,False,PANORAMA_LOCAL,PRIMARY_MODEL_DEVELOPMENT,False,True,RADIOLOGY_NO_DOCUMENTED_FOLLOWUP,TOSHIBA,AUXILIARY_AUTOMATIC_MASK_ONLY,False,False,False,validation,-1,Y0_M0_STOSHIBA,validation,False,True,True,False,False
1280,101269,101269_00001,2014-07-16 00:00:00,074Y,74.0,M,SIEMENS,non-PDAC,0,radiology,False,1,False,1,True,automatic,automatic_labels/101269_00001.nii.gz,f2029c335a105f68710e0bd75ab55b600b0b2a6a,698216,True,True,False,True,False,PANORAMA_LOCAL,PRIMARY_MODEL_DEVELOPMENT,False,True,RADIOLOGY_NO_DOCUMENTED_FOLLOWUP,SIEMENS,AUXILIARY_AUTOMATIC_MASK_ONLY,False,False,False,train,3,Y0_M0_SSIEMENS,train,True,False,False,False,False
1281,101270,101270_00001,2018-07-09 00:00:00,075Y,75.0,M,TOSHIBA,non-PDAC,0,radiology,False,1,False,1,True,automatic,automatic_labels/101270_00001.nii.gz,c3a2de5938df4d845303e1a44d72a81fa84a4b82,616251,True,True,False,True,False,PANORAMA_LOCAL,PRIMARY_MODEL_DEVELOPMENT,False,True,RADIOLOGY_NO_DOCUMENTED_FOLLOWUP,TOSHIBA,AUXILIARY_AUTOMATIC_MASK_ONLY,False,False,False,train,0,Y0_M0_STOSHIBA,train,True,False,False,False,False
1282,101271,101271_00001,2015-12-25 00:00:00,043Y,43.0,M,SIEMENS,PDAC,1,cytology,False,1,False,1,True,manual,manual_labels/101271_00001.nii.gz,bb98adb03780fdd512261540b2c47d27797a3cd5,202182,True,True,True,False,True,PANORAMA_LOCAL,PRIMARY_MODEL_DEVELOPMENT,False,True,CYTOLOGY_CONFIRMED,SIEMENS,PRIMARY_MANUAL_PDAC_REFERENCE,False,False,False,train,3,Y1_M1_SSIEMENS,train,True,False,False,False,False
1283,101272,101272_00001,2015-11-27 00:00:00,,,,,non-PDAC,0,NIH_dataset,True,1,False,1,True,automatic,automatic_labels/101272_00001.nii.gz,9cbe8616fa1301bd8bce04bd3d25fa00b6f4e962,672092,True,True,False,True,False,NIH_NEGATIVE_STRESS,LOCKED_NEGATIVE_SPECIFICITY_STRESS_TEST,True,False,NIH_DATASET_DERIVED,[MISSING],AUXILIARY_AUTOMATIC_MASK_ONLY,False,False,True,,-1,,nih_negative_stress_test,False,False,False,True,False
1284,101273,101273_00001,2016-04-11 00:00:00,084Y,84.0,F,SIEMENS,non-PDAC,0,radiology,False,1,False,1,True,automatic,automatic_labels/101273_00001.nii.gz,3c53f85f4c8752b439938822984ee49798fafc10,590672,True,True,False,True,False,PANORAMA_LOCAL,PRIMARY_MODEL_DEVELOPMENT,False,True,RADIOLOGY_NO_DOCUMENTED_FOLLOWUP,SIEMENS,AUXILIARY_AUTOMATIC_MASK_ONLY,False,False,False,internal_test,-1,Y0_M0_SSIEMENS,internal_test,False,False,False,True,False
1285,101274,101274_00001,,,,,,PDAC,1,MSD_dataset,True,1,False,1,True,manual,manual_labels/101274_00001.nii.gz,08d2d00fa0631674632ca2437568ed38b0f05dce,60985,True,True,True,False,True,MSD_EXTERNAL_MIXED,LOCKED_EXTERNAL_MIXED_TEST,True,False,MSD_DATASET_DERIVED,[MISSING],PRIMARY_MANUAL_PDAC_REFERENCE,True,True,False,,-1,,external_msd_test,False,False,False,True,True
1286,101275,101275_00001,2014-04-16 00:00:00,066Y,66.0,M,TOSHIBA,non-PDAC,0,radiology,False,1,False,1,True,automatic,automatic_labels/101275_00001.nii.gz,321b9a8d5e4d159b9c1a1efbed6ac8b001c2228e,350239,True,True,False,True,False,PANORAMA_LOCAL,PRIMARY_MODEL_DEVELOPMENT,False,True,RADIOLOGY_NO_DOCUMENTED_FOLLOWUP,TOSHIBA,AUXILIARY_AUTOMATIC_MASK_ONLY,False,False,False,train,1,Y0_M0_STOSHIBA,train,True,False,False,False,False
1287,101276,101276_00001,2015-12-17 00:00:00,,,,,non-PDAC,0,NIH_dataset,True,1,False,1,True,automatic,automatic_labels/101276_00001.nii.gz,b382f55a45ab6d4319f4249f0c190ff6be7491d9,475839,True,True,False,True,False,NIH_NEGATIVE_STRESS,LOCKED_NEGATIVE_SPECIFICITY_STRESS_TEST,True,False,NIH_DATASET_DERIVED,[MISSING],AUXILIARY_AUTOMATIC_MASK_ONLY,False,False,True,,-1,,nih_negative_stress_test,False,False,False,True,False
1288,101277,101277_00001,2017-07-28 00:00:00,063Y,63.0,M,TOSHIBA,non-PDAC,0,radiology,False,1,False,1,True,automatic,automatic_labels/101277_00001.nii.gz,f9b8ea7d87c93ab6393ebaf4a71a570e37eaa0f7,166836,True,True,False,True,False,PANORAMA_LOCAL,PRIMARY_MODEL_DEVELOPMENT,False,True,RADIOLOGY_NO_DOCUMENTED_FOLLOWUP,TOSHIBA,AUXILIARY_AUTOMATIC_MASK_ONLY,False,False,False,train,4,Y0_M0_STOSHIBA,train,True,False,False,False,False
1289,101278,101278_00001,2016-10-26 00:00:00,061Y,61.0,M,TOSHIBA,non-PDAC,0,radiology,False,1,False,1,True,automatic,automatic_labels/101278_00001.nii.gz,40c0fdd706125aaa6f47d911560e65638b7d5350,239995,True,True,False,True,False,PANORAMA_LOCAL,PRIMARY_MODEL_DEVELOPMENT,False,True,RADIOLOGY_NO_DOCUMENTED_FOLLOWUP,TOSHIBA,AUXILIARY_AUTOMATIC_MASK_ONLY,False,False,False,internal_test,-1,Y0_M0_STOSHIBA,internal_test,False,False,False,True,False
1290,101279,101279_00001,2013-06-07 00:00:00,077Y,77.0,M,Philips,non-PDAC,0,histopathology,False,1,False,1,True,automatic,automatic_labels/101279_00001.nii.gz,5393741a54a1d6928fb827a965770ce3a32452b1,183289,True,True,False,True,False,PANORAMA_LOCAL,PRIMARY_MODEL_DEVELOPMENT,False,True,TISSUE_CONFIRMED,Philips,AUXILIARY_AUTOMATIC_MASK_ONLY,False,False,False,train,4,Y0_M0_SPhilips,train,True,False,False,False,False
1291,101280,101280_00001,2017-02-21 00:00:00,059Y,59.0,F,SIEMENS,non-PDAC,0,radiology,False,1,False,1,True,automatic,automatic_labels/101280_00001.nii.gz,87d3a84da8be7c6eb39bebb600786ca107caad7d,693847,True,True,False,True,False,PANORAMA_LOCAL,PRIMARY_MODEL_DEVELOPMENT,False,True,RADIOLOGY_NO_DOCUMENTED_FOLLOWUP,SIEMENS,AUXILIARY_AUTOMATIC_MASK_ONLY,False,False,False,train,2,Y0_M0_SSIEMENS,train,True,False,False,False,False
1292,101281,101281_00001,2015-02-12 00:00:00,085Y,85.0,F,SIEMENS,non-PDAC,0,radiology,False,1,False,1,True,automatic,automatic_labels/101281_00001.nii.gz,0855adc7306440602f00909baf279bfd2e657aae,869136,True,True,False,True,False,PANORAMA_LOCAL,PRIMARY_MODEL_DEVELOPMENT,False,True,RADIOLOGY_NO_DOCUMENTED_FOLLOWUP,SIEMENS,AUXILIARY_AUTOMATIC_MASK_ONLY,False,False,False,train,1,Y0_M0_SSIEMENS,train,True,False,False,False,False
1293,101282,101282_00001,2016-05-27 00:00:00,069Y,69.0,M,TOSHIBA,non-PDAC,0,radiology,False,1,False,1,True,automatic,automatic_labels/101282_00001.nii.gz,3ecf150ac7a5251753a16e2a12d992937f356328,358296,True,True,False,True,False,PANORAMA_LOCAL,PRIMARY_MODEL_DEVELOPMENT,False,True,RADIOLOGY_NO_DOCUMENTED_FOLLOWUP,TOSHIBA,AUXILIARY_AUTOMATIC_MASK_ONLY,False,False,False,train,1,Y0_M0_STOSHIBA,train,True,False,False,False,False
1294,101283,101283_00001,2014-02-18 00:00:00,070Y,70.0,M,TOSHIBA,non-PDAC,0,radiology,False,1,False,1,True,automatic,automatic_labels/101283_00001.nii.gz,b2cc4d213ee39017ccadb1c09df0af80de27ec3a,695492,True,True,False,True,False,PANORAMA_LOCAL,PRIMARY_MODEL_DEVELOPMENT,False,True,RADIOLOGY_NO_DOCUMENTED_FOLLOWUP,TOSHIBA,AUXILIARY_AUTOMATIC_MASK_ONLY,False,False,False,train,2,Y0_M0_STOSHIBA,train,True,False,False,False,False
1295,101284,101284_00001,2013-07-11 00:00:00,072Y,72.0,M,Philips,PDAC,1,histopathology,False,1,False,1,True,manual,manual_labels/101284_00001.nii.gz,52962152c4de948afdde6266e6fbd9db6494fa95,99517,True,True,True,False,True,PANORAMA_LOCAL,PRIMARY_MODEL_DEVELOPMENT,False,True,TISSUE_CONFIRMED,Philips,PRIMARY_MANUAL_PDAC_REFERENCE,False,False,False,train,4,Y1_M1_SPhilips,train,True,False,False,False,False
1296,101285,101285_00001,2016-02-19 00:00:00,055Y,55.0,F,SIEMENS,non-PDAC,0,radiology,False,1,False,1,True,automatic,automatic_labels/101285_00001.nii.gz,6dcaf44da09af0921b7f53d48caa714b25bf6090,664842,True,True,False,True,False,PANORAMA_LOCAL,PRIMARY_MODEL_DEVELOPMENT,False,True,RADIOLOGY_NO_DOCUMENTED_FOLLOWUP,SIEMENS,AUXILIARY_AUTOMATIC_MASK_ONLY,False,False,False,internal_test,-1,Y0_M0_SSIEMENS,internal_test,False,False,False,True,False
1297,101286,101286_00001,2013-08-16 00:00:00,069Y,69.0,F,SIEMENS,PDAC,1,histopathology,False,1,False,1,True,manual,manual_labels/101286_00001.nii.gz,e09340472d4f43962d0b0a835acfa2274f8c295e,369453,True,True,True,False,True,PANORAMA_LOCAL,PRIMARY_MODEL_DEVELOPMENT,False,True,TISSUE_CONFIRMED,SIEMENS,PRIMARY_MANUAL_PDAC_REFERENCE,False,False,False,train,1,Y1_M1_SSIEMENS,train,True,False,False,False,False
1298,101287,101287_00001,2019-07-23 00:00:00,023Y,23.0,F,SIEMENS,non-PDAC,0,radiology,False,1,False,1,True,automatic,automatic_labels/101287_00001.nii.gz,5e7d47b042ae0e07ce57a639cb76db5728ab5aeb,765415,True,True,False,True,False,PANORAMA_LOCAL,PRIMARY_MODEL_DEVELOPMENT,False,True,RADIOLOGY_NO_DOCUMENTED_FOLLOWUP,SIEMENS,AUXILIARY_AUTOMATIC_MASK_ONLY,False,False,False,train,3,Y0_M0_SSIEMENS,train,True,False,False,False,False
1299,101288,101288_00001,,,,,,non-PDAC,0,MSD_dataset,True,1,False,1,True,automatic,automatic_labels/101288_00001.nii.gz,635d4cb50f891620e667804b736326aaa4134ecf,258582,True,True,False,True,False,MSD_EXTERNAL_MIXED,LOCKED_EXTERNAL_MIXED_TEST,True,False,MSD_DATASET_DERIVED,[MISSING],AUXILIARY_AUTOMATIC_MASK_ONLY,True,False,False,,-1,,external_msd_test,False,False,False,True,False
1300,101289,101289_00001,2015-11-04 00:00:00,,,,,non-PDAC,0,NIH_dataset,True,1,False,1,True,automatic,automatic_labels/101289_00001.nii.gz,0b2ff5d783d65a4fb514c89d343840c25b63fff0,680390,True,True,False,True,False,NIH_NEGATIVE_STRESS,LOCKED_NEGATIVE_SPECIFICITY_STRESS_TEST,True,False,NIH_DATASET_DERIVED,[MISSING],AUXILIARY_AUTOMATIC_MASK_ONLY,False,False,True,,-1,,nih_negative_stress_test,False,False,False,True,False
1301,101290,101290_00001,2010-10-10 00:00:00,057Y,57.0,F,SIEMENS,PDAC,1,histopathology,False,1,False,1,True,manual,manual_labels/101290_00001.nii.gz,2a3c09eb954083bff30fc78b24fac33c44a93b31,88448,True,True,True,False,True,PANORAMA_LOCAL,PRIMARY_MODEL_DEVELOPMENT,False,True,TISSUE_CONFIRMED,SIEMENS,PRIMARY_MANUAL_PDAC_REFERENCE,False,False,False,validation,-1,Y1_M1_SSIEMENS,validation,False,True,True,False,False
1302,101291,101291_00001,2015-07-29 00:00:00,062Y,62.0,M,Philips,non-PDAC,0,histopathology,False,1,False,1,True,automatic,automatic_labels/101291_00001.nii.gz,a70c70eede26bb7de9b059d82522e4d6864781dd,199173,True,True,False,True,False,PANORAMA_LOCAL,PRIMARY_MODEL_DEVELOPMENT,False,True,TISSUE_CONFIRMED,Philips,AUXILIARY_AUTOMATIC_MASK_ONLY,False,False,False,train,0,Y0_M0_SPhilips,train,True,False,False,False,False
1303,101292,101292_00001,2018-02-23 00:00:00,049Y,49.0,M,TOSHIBA,non-PDAC,0,histopathology,False,1,False,1,True,automatic,automatic_labels/101292_00001.nii.gz,27800d25b50df59a98696e951a1cf85ae693d471,438666,True,True,False,True,False,PANORAMA_LOCAL,PRIMARY_MODEL_DEVELOPMENT,False,True,TISSUE_CONFIRMED,TOSHIBA,AUXILIARY_AUTOMATIC_MASK_ONLY,False,False,False,train,0,Y0_M0_STOSHIBA,train,True,False,False,False,False
1304,101293,101293_00001,,,,,,non-PDAC,0,MSD_dataset,True,1,False,1,True,automatic,automatic_labels/101293_00001.nii.gz,49a63492689b456ba4902bca30dbc95dd38ee696,280971,True,True,False,True,False,MSD_EXTERNAL_MIXED,LOCKED_EXTERNAL_MIXED_TEST,True,False,MSD_DATASET_DERIVED,[MISSING],AUXILIARY_AUTOMATIC_MASK_ONLY,True,False,False,,-1,,external_msd_test,False,False,False,True,False
1305,101294,101294_00001,2015-12-16 00:00:00,,,,,non-PDAC,0,NIH_dataset,True,1,False,1,True,automatic,automatic_labels/101294_00001.nii.gz,3a5b10940aab2a3ed2428c9d5dd9b57a96122149,693421,True,True,False,True,False,NIH_NEGATIVE_STRESS,LOCKED_NEGATIVE_SPECIFICITY_STRESS_TEST,True,False,NIH_DATASET_DERIVED,[MISSING],AUXILIARY_AUTOMATIC_MASK_ONLY,False,False,True,,-1,,nih_negative_stress_test,False,False,False,True,False
1306,101295,101295_00001,2018-03-21 00:00:00,065Y,65.0,F,SIEMENS,PDAC,1,pathology,False,1,False,1,True,manual,manual_labels/101295_00001.nii.gz,3682f72072306395a31e16d8d5a5ad01cf379c6c,225832,True,True,True,False,True,PANORAMA_LOCAL,PRIMARY_MODEL_DEVELOPMENT,False,True,TISSUE_CONFIRMED,SIEMENS,PRIMARY_MANUAL_PDAC_REFERENCE,False,False,False,train,2,Y1_M1_SSIEMENS,train,True,False,False,False,False
1307,101296,101296_00001,2020-11-01 00:00:00,066Y,66.0,M,Philips,PDAC,1,histopathology,False,1,False,1,True,manual,manual_labels/101296_00001.nii.gz,ace00a06b624ee2ec4092c84d967edf226e3c7e0,1361135,True,True,True,False,True,PANORAMA_LOCAL,PRIMARY_MODEL_DEVELOPMENT,False,True,TISSUE_CONFIRMED,Philips,PRIMARY_MANUAL_PDAC_REFERENCE,False,False,False,train,2,Y1_M1_SPhilips,train,True,False,False,False,False
1308,101297,101297_00001,2015-10-09 00:00:00,080Y,80.0,M,SIEMENS,non-PDAC,0,radiology,False,1,False,1,True,automatic,automatic_labels/101297_00001.nii.gz,533fff3bcd66dc510f1c739614e0a29622e2d0c6,234092,True,True,False,True,False,PANORAMA_LOCAL,PRIMARY_MODEL_DEVELOPMENT,False,True,RADIOLOGY_NO_DOCUMENTED_FOLLOWUP,SIEMENS,AUXILIARY_AUTOMATIC_MASK_ONLY,False,False,False,train,4,Y0_M0_SSIEMENS,train,True,False,False,False,False
1309,101298,101298_00001,2014-07-04 00:00:00,062Y,62.0,F,SIEMENS,non-PDAC,0,radiology,False,1,False,1,True,automatic,automatic_labels/101298_00001.nii.gz,dbe30265b92efdd51969eabd314f0fce7dca1fff,648608,True,True,False,True,False,PANORAMA_LOCAL,PRIMARY_MODEL_DEVELOPMENT,False,True,RADIOLOGY_NO_DOCUMENTED_FOLLOWUP,SIEMENS,AUXILIARY_AUTOMATIC_MASK_ONLY,False,False,False,internal_test,-1,Y0_M0_SSIEMENS,internal_test,False,False,False,True,False
1310,101299,101299_00001,2017-12-25 00:00:00,097Y,97.0,F,TOSHIBA,non-PDAC,0,radiology,False,1,False,1,True,automatic,automatic_labels/101299_00001.nii.gz,8a233f01b2a99912ab7d89a4d6d28ebc19c78d3b,332327,True,True,False,True,False,PANORAMA_LOCAL,PRIMARY_MODEL_DEVELOPMENT,False,True,RADIOLOGY_NO_DOCUMENTED_FOLLOWUP,TOSHIBA,AUXILIARY_AUTOMATIC_MASK_ONLY,False,False,False,train,4,Y0_M0_STOSHIBA,train,True,False,False,False,False
1311,101300,101300_00001,2015-10-04 00:00:00,078Y,78.0,F,SIEMENS,non-PDAC,0,radiology,False,1,False,1,True,automatic,automatic_labels/101300_00001.nii.gz,79b76ed3c31326573b144588398f4addacec2513,652589,True,True,False,True,False,PANORAMA_LOCAL,PRIMARY_MODEL_DEVELOPMENT,False,True,RADIOLOGY_NO_DOCUMENTED_FOLLOWUP,SIEMENS,AUXILIARY_AUTOMATIC_MASK_ONLY,False,False,False,train,3,Y0_M0_SSIEMENS,train,True,False,False,False,False
1312,101301,101301_00001,2014-12-15 00:00:00,049Y,49.0,F,SIEMENS,non-PDAC,0,radiology,False,1,False,1,True,automatic,automatic_labels/101301_00001.nii.gz,f9d0f527e0c8457e3a676457f09e09c50da65889,258134,True,True,False,True,False,PANORAMA_LOCAL,PRIMARY_MODEL_DEVELOPMENT,False,True,RADIOLOGY_NO_DOCUMENTED_FOLLOWUP,SIEMENS,AUXILIARY_AUTOMATIC_MASK_ONLY,False,False,False,train,4,Y0_M0_SSIEMENS,train,True,False,False,False,False
1313,101302,101302_00001,2016-09-27 00:00:00,061Y,61.0,M,TOSHIBA,non-PDAC,0,radiology,False,1,False,1,True,automatic,automatic_labels/101302_00001.nii.gz,6361deae031f5c61142026e063ada626a6d490eb,584092,True,True,False,True,False,PANORAMA_LOCAL,PRIMARY_MODEL_DEVELOPMENT,False,True,RADIOLOGY_NO_DOCUMENTED_FOLLOWUP,TOSHIBA,AUXILIARY_AUTOMATIC_MASK_ONLY,False,False,False,internal_test,-1,Y0_M0_STOSHIBA,internal_test,False,False,False,True,False
1314,101303,101303_00001,2016-01-08 00:00:00,082Y,82.0,F,SIEMENS,non-PDAC,0,radiology,False,1,False,1,True,automatic,automatic_labels/101303_00001.nii.gz,d96ce406f5c6b2944973a06cce0c9f81afc1e8de,2181015,True,True,False,True,False,PANORAMA_LOCAL,PRIMARY_MODEL_DEVELOPMENT,False,True,RADIOLOGY_NO_DOCUMENTED_FOLLOWUP,SIEMENS,AUXILIARY_AUTOMATIC_MASK_ONLY,False,False,False,validation,-1,Y0_M0_SSIEMENS,validation,False,True,True,False,False
1315,101304,101304_00001,2016-03-14 00:00:00,043Y,43.0,M,SIEMENS,non-PDAC,0,radiology,False,1,False,1,True,automatic,automatic_labels/101304_00001.nii.gz,4311cec3c7b6f39270904bce1c7fb9884766a1b1,669308,True,True,False,True,False,PANORAMA_LOCAL,PRIMARY_MODEL_DEVELOPMENT,False,True,RADIOLOGY_NO_DOCUMENTED_FOLLOWUP,SIEMENS,AUXILIARY_AUTOMATIC_MASK_ONLY,False,False,False,train,4,Y0_M0_SSIEMENS,train,True,False,False,False,False
1316,101305,101305_00001,2014-09-27 00:00:00,064Y,64.0,F,SIEMENS,non-PDAC,0,radiology,False,1,False,1,True,automatic,automatic_labels/101305_00001.nii.gz,0dd10350f4a6f3b921af2ba03436876f7c126add,321474,True,True,False,True,False,PANORAMA_LOCAL,PRIMARY_MODEL_DEVELOPMENT,False,True,RADIOLOGY_NO_DOCUMENTED_FOLLOWUP,SIEMENS,AUXILIARY_AUTOMATIC_MASK_ONLY,False,False,False,validation,-1,Y0_M0_SSIEMENS,validation,False,True,True,False,False
1317,101306,101306_00001,2021-06-23 00:00:00,064Y,64.0,M,Philips,PDAC,1,histopathology,False,1,False,1,True,manual,manual_labels/101306_00001.nii.gz,88f66c12f7db1614a7fe6f9b8b9ecb5081fe3da3,183982,True,True,True,False,True,PANORAMA_LOCAL,PRIMARY_MODEL_DEVELOPMENT,False,True,TISSUE_CONFIRMED,Philips,PRIMARY_MANUAL_PDAC_REFERENCE,False,False,False,validation,-1,Y1_M1_SPhilips,validation,False,True,True,False,False
1318,101307,101307_00001,2019-11-21 00:00:00,057Y,57.0,M,SIEMENS,non-PDAC,0,cytology,False,1,False,1,True,automatic,automatic_labels/101307_00001.nii.gz,3374b27b1750cf5a3e6a8561133e7c98e1199637,721993,True,True,False,True,False,PANORAMA_LOCAL,PRIMARY_MODEL_DEVELOPMENT,False,True,CYTOLOGY_CONFIRMED,SIEMENS,AUXILIARY_AUTOMATIC_MASK_ONLY,False,False,False,internal_test,-1,Y0_M0_SSIEMENS,internal_test,False,False,False,True,False
1319,101308,101308_00001,2017-09-06 00:00:00,072Y,72.0,F,TOSHIBA,non-PDAC,0,radiology,False,1,False,1,True,automatic,automatic_labels/101308_00001.nii.gz,eb6d65d611e0a4df3bdadf091f236bdfd2eb8059,350135,True,True,False,True,False,PANORAMA_LOCAL,PRIMARY_MODEL_DEVELOPMENT,False,True,RADIOLOGY_NO_DOCUMENTED_FOLLOWUP,TOSHIBA,AUXILIARY_AUTOMATIC_MASK_ONLY,False,False,False,train,0,Y0_M0_STOSHIBA,train,True,False,False,False,False
1320,101309,101309_00001,2015-11-11 00:00:00,,,,,non-PDAC,0,NIH_dataset,True,1,False,1,True,automatic,automatic_labels/101309_00001.nii.gz,ca6cc0ed907101868dbb4c83e6a64ac3adbe83ce,501676,True,True,False,True,False,NIH_NEGATIVE_STRESS,LOCKED_NEGATIVE_SPECIFICITY_STRESS_TEST,True,False,NIH_DATASET_DERIVED,[MISSING],AUXILIARY_AUTOMATIC_MASK_ONLY,False,False,True,,-1,,nih_negative_stress_test,False,False,False,True,False
1321,101310,101310_00001,2017-11-29 00:00:00,081Y,81.0,M,SIEMENS,non-PDAC,0,radiology,False,1,False,1,True,automatic,automatic_labels/101310_00001.nii.gz,e177e4dafa44bac866f70cea72cdb2d5a1664d8d,629403,True,True,False,True,False,PANORAMA_LOCAL,PRIMARY_MODEL_DEVELOPMENT,False,True,RADIOLOGY_NO_DOCUMENTED_FOLLOWUP,SIEMENS,AUXILIARY_AUTOMATIC_MASK_ONLY,False,False,False,train,3,Y0_M0_SSIEMENS,train,True,False,False,False,False
1322,101311,101311_00001,2017-09-04 00:00:00,047Y,47.0,F,TOSHIBA,non-PDAC,0,radiology,False,1,False,1,True,automatic,automatic_labels/101311_00001.nii.gz,688f681b00e568baa96f587a3e87760dacb72cb4,697418,True,True,False,True,False,PANORAMA_LOCAL,PRIMARY_MODEL_DEVELOPMENT,False,True,RADIOLOGY_NO_DOCUMENTED_FOLLOWUP,TOSHIBA,AUXILIARY_AUTOMATIC_MASK_ONLY,False,False,False,train,3,Y0_M0_STOSHIBA,train,True,False,False,False,False
1323,101312,101312_00001,2015-11-10 00:00:00,077Y,77.0,F,SIEMENS,non-PDAC,0,radiology,False,1,False,1,True,automatic,automatic_labels/101312_00001.nii.gz,799855d99e0beaedda8c2ecf55f2853dbc1a3fec,596767,True,True,False,True,False,PANORAMA_LOCAL,PRIMARY_MODEL_DEVELOPMENT,False,True,RADIOLOGY_NO_DOCUMENTED_FOLLOWUP,SIEMENS,AUXILIARY_AUTOMATIC_MASK_ONLY,False,False,False,internal_test,-1,Y0_M0_SSIEMENS,internal_test,False,False,False,True,False
1324,101313,101313_00001,2020-11-19 00:00:00,074Y,74.0,F,Philips,PDAC,1,histopathology,False,1,False,1,True,manual,manual_labels/101313_00001.nii.gz,96a964d075cb6c89c9d0335ec2527588ecd1e8f0,179447,True,True,True,False,True,PANORAMA_LOCAL,PRIMARY_MODEL_DEVELOPMENT,False,True,TISSUE_CONFIRMED,Philips,PRIMARY_MANUAL_PDAC_REFERENCE,False,False,False,train,1,Y1_M1_SPhilips,train,True,False,False,False,False
1325,101314,101314_00001,2021-07-25 00:00:00,065Y,65.0,M,Philips,PDAC,1,cytology,False,1,False,1,True,manual,manual_labels/101314_00001.nii.gz,d43c8cd4d7b1044a251a281da29028a8c417d708,231997,True,True,True,False,True,PANORAMA_LOCAL,PRIMARY_MODEL_DEVELOPMENT,False,True,CYTOLOGY_CONFIRMED,Philips,PRIMARY_MANUAL_PDAC_REFERENCE,False,False,False,train,1,Y1_M1_SPhilips,train,True,False,False,False,False
1326,101315,101315_00001,2014-05-18 00:00:00,066Y,66.0,M,TOSHIBA,non-PDAC,0,radiology,False,1,False,1,True,automatic,automatic_labels/101315_00001.nii.gz,98a59ec2ac03d5bccf79f464cfd42cb77ac0a9aa,1015329,True,True,False,True,False,PANORAMA_LOCAL,PRIMARY_MODEL_DEVELOPMENT,False,True,RADIOLOGY_NO_DOCUMENTED_FOLLOWUP,TOSHIBA,AUXILIARY_AUTOMATIC_MASK_ONLY,False,False,False,train,1,Y0_M0_STOSHIBA,train,True,False,False,False,False
1327,101316,101316_00001,2011-08-11 00:00:00,068Y,68.0,F,Philips,PDAC,1,histopathology,False,1,False,1,True,manual,manual_labels/101316_00001.nii.gz,12dacf343617448bbec1f493fda4eb69580fa50b,222550,True,True,True,False,True,PANORAMA_LOCAL,PRIMARY_MODEL_DEVELOPMENT,False,True,TISSUE_CONFIRMED,Philips,PRIMARY_MANUAL_PDAC_REFERENCE,False,False,False,train,1,Y1_M1_SPhilips,train,True,False,False,False,False
1328,101317,101317_00001,2017-12-20 00:00:00,084Y,84.0,F,SIEMENS,non-PDAC,0,radiology,False,1,False,1,True,automatic,automatic_labels/101317_00001.nii.gz,22391888419b865aef6b4b6022f33f825f9609f9,928898,True,True,False,True,False,PANORAMA_LOCAL,PRIMARY_MODEL_DEVELOPMENT,False,True,RADIOLOGY_NO_DOCUMENTED_FOLLOWUP,SIEMENS,AUXILIARY_AUTOMATIC_MASK_ONLY,False,False,False,train,0,Y0_M0_SSIEMENS,train,True,False,False,False,False
1329,101318,101318_00001,2014-05-15 00:00:00,059Y,59.0,M,SIEMENS,non-PDAC,0,radiology,False,1,False,1,True,automatic,automatic_labels/101318_00001.nii.gz,008b2f8b302493a7051d99fd4222e0f12b6709cb,709966,True,True,False,True,False,PANORAMA_LOCAL,PRIMARY_MODEL_DEVELOPMENT,False,True,RADIOLOGY_NO_DOCUMENTED_FOLLOWUP,SIEMENS,AUXILIARY_AUTOMATIC_MASK_ONLY,False,False,False,validation,-1,Y0_M0_SSIEMENS,validation,False,True,True,False,False
1330,101319,101319_00001,,,,,,non-PDAC,0,MSD_dataset,True,1,False,1,True,automatic,automatic_labels/101319_00001.nii.gz,124c82dc8216a2f99c73331b7e24d2b65175d83b,210632,True,True,False,True,False,MSD_EXTERNAL_MIXED,LOCKED_EXTERNAL_MIXED_TEST,True,False,MSD_DATASET_DERIVED,[MISSING],AUXILIARY_AUTOMATIC_MASK_ONLY,True,False,False,,-1,,external_msd_test,False,False,False,True,False
1331,101320,101320_00001,2016-02-14 00:00:00,081Y,81.0,F,SIEMENS,non-PDAC,0,radiology,False,1,False,1,True,automatic,automatic_labels/101320_00001.nii.gz,d9c94892de7ff726281147a508f98af225912763,344832,True,True,False,True,False,PANORAMA_LOCAL,PRIMARY_MODEL_DEVELOPMENT,False,True,RADIOLOGY_NO_DOCUMENTED_FOLLOWUP,SIEMENS,AUXILIARY_AUTOMATIC_MASK_ONLY,False,False,False,train,3,Y0_M0_SSIEMENS,train,True,False,False,False,False
1332,101321,101321_00001,2020-02-22 00:00:00,067Y,67.0,M,Philips,PDAC,1,cytology,False,1,False,1,True,manual,manual_labels/101321_00001.nii.gz,7c842e11e8e4721ca74a70725edcca062f1f72fb,376126,True,True,True,False,True,PANORAMA_LOCAL,PRIMARY_MODEL_DEVELOPMENT,False,True,CYTOLOGY_CONFIRMED,Philips,PRIMARY_MANUAL_PDAC_REFERENCE,False,False,False,train,1,Y1_M1_SPhilips,train,True,False,False,False,False
1333,101322,101322_00001,2021-11-08 00:00:00,055Y,55.0,M,Philips,PDAC,1,cytology,False,1,False,1,True,automatic,automatic_labels/101322_00001.nii.gz,77e205cfd01de980cd0f9a14dd820cd5aed837b5,697299,True,True,False,True,False,PANORAMA_LOCAL,PRIMARY_MODEL_DEVELOPMENT,False,True,CYTOLOGY_CONFIRMED,Philips,AUXILIARY_AUTOMATIC_MASK_ONLY,False,False,False,train,1,Y1_M0_SPhilips,train,True,False,False,False,False
1334,101323,101323_00001,2014-05-19 00:00:00,024Y,24.0,M,SIEMENS,non-PDAC,0,radiology,False,1,False,1,True,automatic,automatic_labels/101323_00001.nii.gz,13fffe7de272494b913ab0e836fb8158e6ff7ec8,1223991,True,True,False,True,False,PANORAMA_LOCAL,PRIMARY_MODEL_DEVELOPMENT,False,True,RADIOLOGY_NO_DOCUMENTED_FOLLOWUP,SIEMENS,AUXILIARY_AUTOMATIC_MASK_ONLY,False,False,False,train,1,Y0_M0_SSIEMENS,train,True,False,False,False,False
1335,101324,101324_00001,2015-11-14 00:00:00,,,,,non-PDAC,0,NIH_dataset,True,1,False,1,True,automatic,automatic_labels/101324_00001.nii.gz,3de7f568471a4dc3efbacfe2e8439d907e2c9ee7,499734,True,True,False,True,False,NIH_NEGATIVE_STRESS,LOCKED_NEGATIVE_SPECIFICITY_STRESS_TEST,True,False,NIH_DATASET_DERIVED,[MISSING],AUXILIARY_AUTOMATIC_MASK_ONLY,False,False,True,,-1,,nih_negative_stress_test,False,False,False,True,False
1336,101325,101325_00001,2015-12-16 00:00:00,067Y,67.0,M,SIEMENS,non-PDAC,0,radiology,False,1,False,1,True,automatic,automatic_labels/101325_00001.nii.gz,32f70b98cadf90df7ec8fdaa4d60e3017e668a7d,720471,True,True,False,True,False,PANORAMA_LOCAL,PRIMARY_MODEL_DEVELOPMENT,False,True,RADIOLOGY_NO_DOCUMENTED_FOLLOWUP,SIEMENS,AUXILIARY_AUTOMATIC_MASK_ONLY,False,False,False,train,2,Y0_M0_SSIEMENS,train,True,False,False,False,False
1337,101326,101326_00001,2016-08-22 00:00:00,081Y,81.0,M,TOSHIBA,non-PDAC,0,radiology,False,1,False,1,True,automatic,automatic_labels/101326_00001.nii.gz,bbf1a72631161bb10e28763d033c9b92ee233a8e,582991,True,True,False,True,False,PANORAMA_LOCAL,PRIMARY_MODEL_DEVELOPMENT,False,True,RADIOLOGY_NO_DOCUMENTED_FOLLOWUP,TOSHIBA,AUXILIARY_AUTOMATIC_MASK_ONLY,False,False,False,internal_test,-1,Y0_M0_STOSHIBA,internal_test,False,False,False,True,False
1338,101327,101327_00001,2019-01-11 00:00:00,074Y,74.0,F,Philips,non-PDAC,0,histopathology,False,1,False,1,True,automatic,automatic_labels/101327_00001.nii.gz,a576d2dba2e1fdd6ce0ceb11a6a1c81a88fd7dbc,887006,True,True,False,True,False,PANORAMA_LOCAL,PRIMARY_MODEL_DEVELOPMENT,False,True,TISSUE_CONFIRMED,Philips,AUXILIARY_AUTOMATIC_MASK_ONLY,False,False,False,train,3,Y0_M0_SPhilips,train,True,False,False,False,False
1339,101328,101328_00001,2016-07-31 00:00:00,083Y,83.0,F,SIEMENS,non-PDAC,0,radiology,False,1,False,1,True,automatic,automatic_labels/101328_00001.nii.gz,0dcc93d313c35dd00cf2218af67038f80cd030c4,1175127,True,True,False,True,False,PANORAMA_LOCAL,PRIMARY_MODEL_DEVELOPMENT,False,True,RADIOLOGY_NO_DOCUMENTED_FOLLOWUP,SIEMENS,AUXILIARY_AUTOMATIC_MASK_ONLY,False,False,False,train,0,Y0_M0_SSIEMENS,train,True,False,False,False,False
1340,101329,101329_00001,2019-10-17 00:00:00,049Y,49.0,M,SIEMENS,non-PDAC,0,radiology,False,1,False,1,True,automatic,automatic_labels/101329_00001.nii.gz,a2b73403257f573d4440d87f6eb528ffa8f67650,770590,True,True,False,True,False,PANORAMA_LOCAL,PRIMARY_MODEL_DEVELOPMENT,False,True,RADIOLOGY_NO_DOCUMENTED_FOLLOWUP,SIEMENS,AUXILIARY_AUTOMATIC_MASK_ONLY,False,False,False,train,1,Y0_M0_SSIEMENS,train,True,False,False,False,False
1341,101330,101330_00001,2019-10-04 00:00:00,046Y,46.0,F,SIEMENS,non-PDAC,0,radiology,False,1,False,1,True,automatic,automatic_labels/101330_00001.nii.gz,5cc54277af2d25088c7b6a386ef29cbeed8cc977,587221,True,True,False,True,False,PANORAMA_LOCAL,PRIMARY_MODEL_DEVELOPMENT,False,True,RADIOLOGY_NO_DOCUMENTED_FOLLOWUP,SIEMENS,AUXILIARY_AUTOMATIC_MASK_ONLY,False,False,False,train,0,Y0_M0_SSIEMENS,train,True,False,False,False,False
1342,101331,101331_00001,2019-04-02 00:00:00,072Y,72.0,M,Philips,PDAC,1,cytology,False,1,False,1,True,automatic,automatic_labels/101331_00001.nii.gz,366f1f143a01ce4b9c738fb3af25c03c14dd1c3e,352682,True,True,False,True,False,PANORAMA_LOCAL,PRIMARY_MODEL_DEVELOPMENT,False,True,CYTOLOGY_CONFIRMED,Philips,AUXILIARY_AUTOMATIC_MASK_ONLY,False,False,False,train,4,Y1_M0_SPhilips,train,True,False,False,False,False
1343,101332,101332_00001,2015-12-07 00:00:00,065Y,65.0,M,SIEMENS,non-PDAC,0,radiology,False,1,False,1,True,automatic,automatic_labels/101332_00001.nii.gz,77b04f47cf23a316f95202d167c0c016e8cf49f9,393644,True,True,False,True,False,PANORAMA_LOCAL,PRIMARY_MODEL_DEVELOPMENT,False,True,RADIOLOGY_NO_DOCUMENTED_FOLLOWUP,SIEMENS,AUXILIARY_AUTOMATIC_MASK_ONLY,False,False,False,train,3,Y0_M0_SSIEMENS,train,True,False,False,False,False
1344,101333,101333_00001,2016-09-01 00:00:00,065Y,65.0,M,TOSHIBA,non-PDAC,0,radiology,False,1,False,1,True,automatic,automatic_labels/101333_00001.nii.gz,6d082718ccc2a514549c3914215212ce787da2ea,353581,True,True,False,True,False,PANORAMA_LOCAL,PRIMARY_MODEL_DEVELOPMENT,False,True,RADIOLOGY_NO_DOCUMENTED_FOLLOWUP,TOSHIBA,AUXILIARY_AUTOMATIC_MASK_ONLY,False,False,False,train,3,Y0_M0_STOSHIBA,train,True,False,False,False,False
1345,101334,101334_00001,,,,,,non-PDAC,0,MSD_dataset,True,1,False,1,True,automatic,automatic_labels/101334_00001.nii.gz,af6b245619ffc69a3c90a4c08258c07401d43a28,204642,True,True,False,True,False,MSD_EXTERNAL_MIXED,LOCKED_EXTERNAL_MIXED_TEST,True,False,MSD_DATASET_DERIVED,[MISSING],AUXILIARY_AUTOMATIC_MASK_ONLY,True,False,False,,-1,,external_msd_test,False,False,False,True,False
1346,101335,101335_00001,2015-09-23 00:00:00,049Y,49.0,M,SIEMENS,non-PDAC,0,radiology,False,1,False,1,True,automatic,automatic_labels/101335_00001.nii.gz,3d3a55112b8017d63bef397e4206ec3551528ad2,420733,True,True,False,True,False,PANORAMA_LOCAL,PRIMARY_MODEL_DEVELOPMENT,False,True,RADIOLOGY_NO_DOCUMENTED_FOLLOWUP,SIEMENS,AUXILIARY_AUTOMATIC_MASK_ONLY,False,False,False,internal_test,-1,Y0_M0_SSIEMENS,internal_test,False,False,False,True,False
1347,101336,101336_00001,2017-08-26 00:00:00,065Y,65.0,M,Philips,PDAC,1,histopathology,False,1,False,1,True,automatic,automatic_labels/101336_00001.nii.gz,c741906b65a1008350e55fcbcf4532ab3f9d8aad,1191815,True,True,False,True,False,PANORAMA_LOCAL,PRIMARY_MODEL_DEVELOPMENT,False,True,TISSUE_CONFIRMED,Philips,AUXILIARY_AUTOMATIC_MASK_ONLY,False,False,False,validation,-1,Y1_M0_SPhilips,validation,False,True,True,False,False
1348,101337,101337_00001,2017-07-02 00:00:00,061Y,61.0,M,TOSHIBA,non-PDAC,0,radiology,False,1,False,1,True,automatic,automatic_labels/101337_00001.nii.gz,82725f7469ab8bd3cea6011898f1302b17b9501d,388418,True,True,False,True,False,PANORAMA_LOCAL,PRIMARY_MODEL_DEVELOPMENT,False,True,RADIOLOGY_NO_DOCUMENTED_FOLLOWUP,TOSHIBA,AUXILIARY_AUTOMATIC_MASK_ONLY,False,False,False,train,3,Y0_M0_STOSHIBA,train,True,False,False,False,False
1349,101338,101338_00001,2018-05-14 00:00:00,075Y,75.0,F,SIEMENS,PDAC,1,pathology,False,1,False,1,True,manual,manual_labels/101338_00001.nii.gz,de63478983e8f7cce93b37301247ba1a85f128e4,183317,True,True,True,False,True,PANORAMA_LOCAL,PRIMARY_MODEL_DEVELOPMENT,False,True,TISSUE_CONFIRMED,SIEMENS,PRIMARY_MANUAL_PDAC_REFERENCE,False,False,False,validation,-1,Y1_M1_SSIEMENS,validation,False,True,True,False,False
1350,101339,101339_00001,2021-08-27 00:00:00,065Y,65.0,F,SIEMENS,PDAC,1,histopathology,False,1,False,1,True,automatic,automatic_labels/101339_00001.nii.gz,80525385f24ba097e7ee2bfada9bcde75ec5a0ad,450429,True,True,False,True,False,PANORAMA_LOCAL,PRIMARY_MODEL_DEVELOPMENT,False,True,TISSUE_CONFIRMED,SIEMENS,AUXILIARY_AUTOMATIC_MASK_ONLY,False,False,False,train,4,Y1_M0_SSIEMENS,train,True,False,False,False,False
1351,101340,101340_00001,2020-10-19 00:00:00,054Y,54.0,F,GE MEDICAL SYSTEMS,PDAC,1,pathology,False,1,False,1,True,manual,manual_labels/101340_00001.nii.gz,aabf3a9ff15c2f6bc6cc2ea0116e4aac80509202,2171968,True,True,True,False,True,PANORAMA_LOCAL,PRIMARY_MODEL_DEVELOPMENT,False,True,TISSUE_CONFIRMED,GE MEDICAL SYSTEMS,PRIMARY_MANUAL_PDAC_REFERENCE,False,False,False,train,4,Y1_M1_SGE MEDICAL SYSTEMS,train,True,False,False,False,False
1352,101341,101341_00001,2015-10-29 00:00:00,,,,,non-PDAC,0,NIH_dataset,True,1,False,1,True,automatic,automatic_labels/101341_00001.nii.gz,80a7eb567f00b246e4f65d744e8d5da04abba23a,495551,True,True,False,True,False,NIH_NEGATIVE_STRESS,LOCKED_NEGATIVE_SPECIFICITY_STRESS_TEST,True,False,NIH_DATASET_DERIVED,[MISSING],AUXILIARY_AUTOMATIC_MASK_ONLY,False,False,True,,-1,,nih_negative_stress_test,False,False,False,True,False
1353,101342,101342_00001,,,,,,PDAC,1,MSD_dataset,True,1,False,1,True,manual,manual_labels/101342_00001.nii.gz,c9670b4469fe480588bf38768dc727b7280631fa,53074,True,True,True,False,True,MSD_EXTERNAL_MIXED,LOCKED_EXTERNAL_MIXED_TEST,True,False,MSD_DATASET_DERIVED,[MISSING],PRIMARY_MANUAL_PDAC_REFERENCE,True,True,False,,-1,,external_msd_test,False,False,False,True,True
1354,101343,101343_00001,2016-03-24 00:00:00,072Y,72.0,F,SIEMENS,non-PDAC,0,radiology,False,1,False,1,True,automatic,automatic_labels/101343_00001.nii.gz,74e77f415b9ad0200fbe96115b101b9d6ba7222e,688359,True,True,False,True,False,PANORAMA_LOCAL,PRIMARY_MODEL_DEVELOPMENT,False,True,RADIOLOGY_NO_DOCUMENTED_FOLLOWUP,SIEMENS,AUXILIARY_AUTOMATIC_MASK_ONLY,False,False,False,internal_test,-1,Y0_M0_SSIEMENS,internal_test,False,False,False,True,False
1355,101344,101344_00001,2017-08-15 00:00:00,071Y,71.0,F,TOSHIBA,non-PDAC,0,radiology,False,1,False,1,True,automatic,automatic_labels/101344_00001.nii.gz,5b1f0fe11b3100b5193826ad1d3f7f3bdab2f14f,568872,True,True,False,True,False,PANORAMA_LOCAL,PRIMARY_MODEL_DEVELOPMENT,False,True,RADIOLOGY_NO_DOCUMENTED_FOLLOWUP,TOSHIBA,AUXILIARY_AUTOMATIC_MASK_ONLY,False,False,False,train,4,Y0_M0_STOSHIBA,train,True,False,False,False,False
1356,101345,101345_00001,2016-04-06 00:00:00,058Y,58.0,F,TOSHIBA,PDAC,1,radiology,False,1,False,1,True,automatic,automatic_labels/101345_00001.nii.gz,8b1ae873ddea2465a08fbda9855c51ca8397220a,617199,True,True,False,True,False,PANORAMA_LOCAL,PRIMARY_MODEL_DEVELOPMENT,False,True,RADIOLOGY_NO_DOCUMENTED_FOLLOWUP,TOSHIBA,AUXILIARY_AUTOMATIC_MASK_ONLY,False,False,False,train,3,Y1_M0_STOSHIBA,train,True,False,False,False,False
1357,101346,101346_00001,2018-03-01 00:00:00,037Y,37.0,F,TOSHIBA,non-PDAC,0,radiology,False,1,False,1,True,automatic,automatic_labels/101346_00001.nii.gz,314ba1ee4f2fc9221f989a04f10b340725439620,231545,True,True,False,True,False,PANORAMA_LOCAL,PRIMARY_MODEL_DEVELOPMENT,False,True,RADIOLOGY_NO_DOCUMENTED_FOLLOWUP,TOSHIBA,AUXILIARY_AUTOMATIC_MASK_ONLY,False,False,False,validation,-1,Y0_M0_STOSHIBA,validation,False,True,True,False,False
1358,101347,101347_00001,2015-11-04 00:00:00,,,,,non-PDAC,0,NIH_dataset,True,1,False,1,True,automatic,automatic_labels/101347_00001.nii.gz,b210c5238c9db90c7feaf1ca1c162d05666b0067,444073,True,True,False,True,False,NIH_NEGATIVE_STRESS,LOCKED_NEGATIVE_SPECIFICITY_STRESS_TEST,True,False,NIH_DATASET_DERIVED,[MISSING],AUXILIARY_AUTOMATIC_MASK_ONLY,False,False,True,,-1,,nih_negative_stress_test,False,False,False,True,False
1359,101348,101348_00001,2019-05-27 00:00:00,078Y,78.0,F,TOSHIBA,PDAC,1,pathology,False,1,False,1,True,manual,manual_labels/101348_00001.nii.gz,323a1f31d1a41b8d4a1888d5ec1479c64a9e2b15,1299699,True,True,True,False,True,PANORAMA_LOCAL,PRIMARY_MODEL_DEVELOPMENT,False,True,TISSUE_CONFIRMED,TOSHIBA,PRIMARY_MANUAL_PDAC_REFERENCE,False,False,False,train,4,Y1_M1_STOSHIBA,train,True,False,False,False,False
1360,101349,101349_00001,2017-06-03 00:00:00,062Y,62.0,M,TOSHIBA,non-PDAC,0,radiology,False,1,False,1,True,automatic,automatic_labels/101349_00001.nii.gz,0ba7a5aa0758dc1e307b890efb6d4d2fee2b5ca1,235162,True,True,False,True,False,PANORAMA_LOCAL,PRIMARY_MODEL_DEVELOPMENT,False,True,RADIOLOGY_NO_DOCUMENTED_FOLLOWUP,TOSHIBA,AUXILIARY_AUTOMATIC_MASK_ONLY,False,False,False,validation,-1,Y0_M0_STOSHIBA,validation,False,True,True,False,False
1361,101350,101350_00001,2004-03-11 00:00:00,072Y,72.0,M,SIEMENS,non-PDAC,0,cytology,False,1,False,1,True,automatic,automatic_labels/101350_00001.nii.gz,8d3c6e9c7df82178cc0e8cdbdaab69c27771ce4b,360404,True,True,False,True,False,PANORAMA_LOCAL,PRIMARY_MODEL_DEVELOPMENT,False,True,CYTOLOGY_CONFIRMED,SIEMENS,AUXILIARY_AUTOMATIC_MASK_ONLY,False,False,False,train,3,Y0_M0_SSIEMENS,train,True,False,False,False,False
1362,101351,101351_00001,2015-01-15 00:00:00,057Y,57.0,F,SIEMENS,PDAC,1,histopathology,False,1,False,1,True,manual,manual_labels/101351_00001.nii.gz,123500cc8544221a5ec86054e68f5e0308509b33,521385,True,True,True,False,True,PANORAMA_LOCAL,PRIMARY_MODEL_DEVELOPMENT,False,True,TISSUE_CONFIRMED,SIEMENS,PRIMARY_MANUAL_PDAC_REFERENCE,False,False,False,train,3,Y1_M1_SSIEMENS,train,True,False,False,False,False
1363,101352,101352_00001,2014-02-25 00:00:00,085Y,85.0,M,Philips,PDAC,1,pathology,False,1,False,1,True,manual,manual_labels/101352_00001.nii.gz,bf51a27d46b37651819887a20ec53529de47f6b5,308803,True,True,True,False,True,PANORAMA_LOCAL,PRIMARY_MODEL_DEVELOPMENT,False,True,TISSUE_CONFIRMED,Philips,PRIMARY_MANUAL_PDAC_REFERENCE,False,False,False,train,2,Y1_M1_SPhilips,train,True,False,False,False,False
1364,101353,101353_00001,2015-05-22 00:00:00,075Y,75.0,F,GE MEDICAL SYSTEMS,non-PDAC,0,cytology,False,1,False,1,True,automatic,automatic_labels/101353_00001.nii.gz,95ecc1086b0b7f97c20da9d3b96b8b8de99313d3,539606,True,True,False,True,False,PANORAMA_LOCAL,PRIMARY_MODEL_DEVELOPMENT,False,True,CYTOLOGY_CONFIRMED,GE MEDICAL SYSTEMS,AUXILIARY_AUTOMATIC_MASK_ONLY,False,False,False,train,4,Y0_M0_SGE MEDICAL SYSTEMS,train,True,False,False,False,False
1365,101354,101354_00001,2017-12-13 00:00:00,065Y,65.0,F,SIEMENS,non-PDAC,0,radiology,False,1,False,1,True,automatic,automatic_labels/101354_00001.nii.gz,3962535b3642d93508e55ab0f1335e15a8c7d4b3,646900,True,True,False,True,False,PANORAMA_LOCAL,PRIMARY_MODEL_DEVELOPMENT,False,True,RADIOLOGY_NO_DOCUMENTED_FOLLOWUP,SIEMENS,AUXILIARY_AUTOMATIC_MASK_ONLY,False,False,False,internal_test,-1,Y0_M0_SSIEMENS,internal_test,False,False,False,True,False
1366,101355,101355_00001,2014-05-16 00:00:00,080Y,80.0,F,SIEMENS,PDAC,1,cytology,False,1,False,1,True,automatic,automatic_labels/101355_00001.nii.gz,774043d638848f202c0156fd0bd2c34344121d2a,727089,True,True,False,True,False,PANORAMA_LOCAL,PRIMARY_MODEL_DEVELOPMENT,False,True,CYTOLOGY_CONFIRMED,SIEMENS,AUXILIARY_AUTOMATIC_MASK_ONLY,False,False,False,internal_test,-1,Y1_M0_SSIEMENS,internal_test,False,False,False,True,False
1367,101356,101356_00001,2016-02-18 00:00:00,084Y,84.0,F,SIEMENS,non-PDAC,0,radiology,False,1,False,1,True,automatic,automatic_labels/101356_00001.nii.gz,59b108d75e57bb99d0762e8205767b8f5f2d8bd2,328769,True,True,False,True,False,PANORAMA_LOCAL,PRIMARY_MODEL_DEVELOPMENT,False,True,RADIOLOGY_NO_DOCUMENTED_FOLLOWUP,SIEMENS,AUXILIARY_AUTOMATIC_MASK_ONLY,False,False,False,train,1,Y0_M0_SSIEMENS,train,True,False,False,False,False
1368,101357,101357_00001,2018-10-24 00:00:00,051Y,51.0,M,SIEMENS,non-PDAC,0,radiology,False,1,False,1,True,automatic,automatic_labels/101357_00001.nii.gz,7e365155c5ae0f68883a16c2c24c45724bfcbce3,653738,True,True,False,True,False,PANORAMA_LOCAL,PRIMARY_MODEL_DEVELOPMENT,False,True,RADIOLOGY_NO_DOCUMENTED_FOLLOWUP,SIEMENS,AUXILIARY_AUTOMATIC_MASK_ONLY,False,False,False,train,0,Y0_M0_SSIEMENS,train,True,False,False,False,False
1369,101358,101358_00001,2015-08-16 00:00:00,061Y,61.0,F,SIEMENS,non-PDAC,0,radiology,False,1,False,1,True,automatic,automatic_labels/101358_00001.nii.gz,04cfebff89812fa51f23b06cbeff2a13633415e6,212051,True,True,False,True,False,PANORAMA_LOCAL,PRIMARY_MODEL_DEVELOPMENT,False,True,RADIOLOGY_NO_DOCUMENTED_FOLLOWUP,SIEMENS,AUXILIARY_AUTOMATIC_MASK_ONLY,False,False,False,train,4,Y0_M0_SSIEMENS,train,True,False,False,False,False
1370,101359,101359_00001,2014-05-09 00:00:00,058Y,58.0,M,TOSHIBA,non-PDAC,0,radiology,False,1,False,1,True,automatic,automatic_labels/101359_00001.nii.gz,d2e1307f3e2446ac4df751ac3b29952bb3d49189,1725652,True,True,False,True,False,PANORAMA_LOCAL,PRIMARY_MODEL_DEVELOPMENT,False,True,RADIOLOGY_NO_DOCUMENTED_FOLLOWUP,TOSHIBA,AUXILIARY_AUTOMATIC_MASK_ONLY,False,False,False,train,3,Y0_M0_STOSHIBA,train,True,False,False,False,False
1371,101360,101360_00001,2017-09-30 00:00:00,075Y,75.0,F,SIEMENS,PDAC,1,cytology,False,1,False,1,True,manual,manual_labels/101360_00001.nii.gz,c049a871f87b62e7fbd55d8b2580a26424210289,648313,True,True,True,False,True,PANORAMA_LOCAL,PRIMARY_MODEL_DEVELOPMENT,False,True,CYTOLOGY_CONFIRMED,SIEMENS,PRIMARY_MANUAL_PDAC_REFERENCE,False,False,False,internal_test,-1,Y1_M1_SSIEMENS,internal_test,False,False,False,True,True
1372,101361,101361_00001,2019-03-31 00:00:00,068Y,68.0,M,SIEMENS,non-PDAC,0,radiology,False,2,True,1,True,automatic,automatic_labels/101361_00001.nii.gz,db6ca65b4fe809a7fe2562ef47dacbd61f028437,475135,True,True,False,True,False,PANORAMA_LOCAL,PRIMARY_MODEL_DEVELOPMENT,False,True,RADIOLOGY_NO_DOCUMENTED_FOLLOWUP,SIEMENS,AUXILIARY_AUTOMATIC_MASK_ONLY,False,False,False,train,1,Y0_M0_SSIEMENS,train,True,False,False,False,False
1373,101361,101361_00002,2019-10-03 00:00:00,068Y,68.0,M,SIEMENS,non-PDAC,0,radiology,False,2,True,1,True,automatic,automatic_labels/101361_00002.nii.gz,a6b4565b07f8ed6276f2d2cb2f7ae83faba9884b,500332,True,True,False,True,False,PANORAMA_LOCAL,PRIMARY_MODEL_DEVELOPMENT,False,True,RADIOLOGY_NO_DOCUMENTED_FOLLOWUP,SIEMENS,AUXILIARY_AUTOMATIC_MASK_ONLY,False,False,False,train,1,Y0_M0_SSIEMENS,train,True,False,False,False,False
1374,101362,101362_00001,2015-01-23 00:00:00,069Y,69.0,F,TOSHIBA,non-PDAC,0,pathology,False,1,False,1,True,automatic,automatic_labels/101362_00001.nii.gz,ac1011c9d1cef225690f672f2bfeb63c8693dd8d,978037,True,True,False,True,False,PANORAMA_LOCAL,PRIMARY_MODEL_DEVELOPMENT,False,True,TISSUE_CONFIRMED,TOSHIBA,AUXILIARY_AUTOMATIC_MASK_ONLY,False,False,False,train,3,Y0_M0_STOSHIBA,train,True,False,False,False,False
1375,101363,101363_00001,2015-04-10 00:00:00,072Y,72.0,F,Philips,non-PDAC,0,histopathology,False,1,False,1,True,automatic,automatic_labels/101363_00001.nii.gz,821ec8d17a802bffd8c23a6d18d3257c7c2308c7,1062169,True,True,False,True,False,PANORAMA_LOCAL,PRIMARY_MODEL_DEVELOPMENT,False,True,TISSUE_CONFIRMED,Philips,AUXILIARY_AUTOMATIC_MASK_ONLY,False,False,False,train,2,Y0_M0_SPhilips,train,True,False,False,False,False
1376,101364,101364_00001,2016-02-22 00:00:00,071Y,71.0,M,SIEMENS,non-PDAC,0,radiology,False,1,False,1,True,automatic,automatic_labels/101364_00001.nii.gz,77f662a3b565b1a6c4b52774ba4a19985715f67d,700565,True,True,False,True,False,PANORAMA_LOCAL,PRIMARY_MODEL_DEVELOPMENT,False,True,RADIOLOGY_NO_DOCUMENTED_FOLLOWUP,SIEMENS,AUXILIARY_AUTOMATIC_MASK_ONLY,False,False,False,internal_test,-1,Y0_M0_SSIEMENS,internal_test,False,False,False,True,False
1377,101365,101365_00001,2014-12-17 00:00:00,065Y,65.0,M,SIEMENS,non-PDAC,0,radiology,False,1,False,1,True,automatic,automatic_labels/101365_00001.nii.gz,56e7a5fbe38ad9a2228ccd11da8eaf58f08578db,355529,True,True,False,True,False,PANORAMA_LOCAL,PRIMARY_MODEL_DEVELOPMENT,False,True,RADIOLOGY_NO_DOCUMENTED_FOLLOWUP,SIEMENS,AUXILIARY_AUTOMATIC_MASK_ONLY,False,False,False,train,0,Y0_M0_SSIEMENS,train,True,False,False,False,False
1378,101366,101366_00001,2015-01-28 00:00:00,065Y,65.0,M,SIEMENS,non-PDAC,0,radiology,False,1,False,1,True,automatic,automatic_labels/101366_00001.nii.gz,8e11fb2d21256ed3ed49cdd9ea34b90fb41c68c2,758907,True,True,False,True,False,PANORAMA_LOCAL,PRIMARY_MODEL_DEVELOPMENT,False,True,RADIOLOGY_NO_DOCUMENTED_FOLLOWUP,SIEMENS,AUXILIARY_AUTOMATIC_MASK_ONLY,False,False,False,internal_test,-1,Y0_M0_SSIEMENS,internal_test,False,False,False,True,False
1379,101367,101367_00001,2020-12-12 00:00:00,081Y,81.0,M,Philips,PDAC,1,histopathology,False,1,False,1,True,automatic,automatic_labels/101367_00001.nii.gz,9d22ddb021ebf32d5a47b820bacb862bb4a0066b,484330,True,True,False,True,False,PANORAMA_LOCAL,PRIMARY_MODEL_DEVELOPMENT,False,True,TISSUE_CONFIRMED,Philips,AUXILIARY_AUTOMATIC_MASK_ONLY,False,False,False,train,4,Y1_M0_SPhilips,train,True,False,False,False,False
1380,101368,101368_00001,2014-07-02 00:00:00,051Y,51.0,F,TOSHIBA,non-PDAC,0,radiology,False,1,False,1,True,automatic,automatic_labels/101368_00001.nii.gz,8da7aa824d6620a991cd70eb179be3e2e79dce65,801143,True,True,False,True,False,PANORAMA_LOCAL,PRIMARY_MODEL_DEVELOPMENT,False,True,RADIOLOGY_NO_DOCUMENTED_FOLLOWUP,TOSHIBA,AUXILIARY_AUTOMATIC_MASK_ONLY,False,False,False,train,0,Y0_M0_STOSHIBA,train,True,False,False,False,False
1381,101369,101369_00001,2020-08-19 00:00:00,080Y,80.0,F,Philips,PDAC,1,histopathology,False,1,False,1,True,manual,manual_labels/101369_00001.nii.gz,2b9d3b214dd2576a7b0962370d3184bb620f89b2,117460,True,True,True,False,True,PANORAMA_LOCAL,PRIMARY_MODEL_DEVELOPMENT,False,True,TISSUE_CONFIRMED,Philips,PRIMARY_MANUAL_PDAC_REFERENCE,False,False,False,train,4,Y1_M1_SPhilips,train,True,False,False,False,False
1382,101370,101370_00001,,,,,,non-PDAC,0,MSD_dataset,True,1,False,1,True,automatic,automatic_labels/101370_00001.nii.gz,55f7973263109239a04e4cc3c7236840c0ad04c2,209109,True,True,False,True,False,MSD_EXTERNAL_MIXED,LOCKED_EXTERNAL_MIXED_TEST,True,False,MSD_DATASET_DERIVED,[MISSING],AUXILIARY_AUTOMATIC_MASK_ONLY,True,False,False,,-1,,external_msd_test,False,False,False,True,False
1383,101371,101371_00001,2016-11-16 00:00:00,078Y,78.0,M,Philips,non-PDAC,0,pathology,False,1,False,1,True,automatic,automatic_labels/101371_00001.nii.gz,60c3d2cdf78e4efe84c9e9403352a8a84d3201d5,334505,True,True,False,True,False,PANORAMA_LOCAL,PRIMARY_MODEL_DEVELOPMENT,False,True,TISSUE_CONFIRMED,Philips,AUXILIARY_AUTOMATIC_MASK_ONLY,False,False,False,train,1,Y0_M0_SPhilips,train,True,False,False,False,False
1384,101372,101372_00001,2012-10-07 00:00:00,086Y,86.0,M,SIEMENS,PDAC,1,pathology,False,1,False,1,True,manual,manual_labels/101372_00001.nii.gz,1205f4faea653fcb6dabd38d9d9bc0366a269658,101315,True,True,True,False,True,PANORAMA_LOCAL,PRIMARY_MODEL_DEVELOPMENT,False,True,TISSUE_CONFIRMED,SIEMENS,PRIMARY_MANUAL_PDAC_REFERENCE,False,False,False,internal_test,-1,Y1_M1_SSIEMENS,internal_test,False,False,False,True,True
1385,101373,101373_00001,2015-12-27 00:00:00,058Y,58.0,F,TOSHIBA,non-PDAC,0,radiology,False,1,False,1,True,automatic,automatic_labels/101373_00001.nii.gz,77eb87d0b89822e8932efa0d4fd1c031fbcb4bf0,206999,True,True,False,True,False,PANORAMA_LOCAL,PRIMARY_MODEL_DEVELOPMENT,False,True,RADIOLOGY_NO_DOCUMENTED_FOLLOWUP,TOSHIBA,AUXILIARY_AUTOMATIC_MASK_ONLY,False,False,False,train,4,Y0_M0_STOSHIBA,train,True,False,False,False,False
1386,101374,101374_00001,2015-12-09 00:00:00,071Y,71.0,M,SIEMENS,non-PDAC,0,radiology,False,1,False,1,True,automatic,automatic_labels/101374_00001.nii.gz,d4931bf0cb02464d6f9c7a9251cbda75e904adb8,1871164,True,True,False,True,False,PANORAMA_LOCAL,PRIMARY_MODEL_DEVELOPMENT,False,True,RADIOLOGY_NO_DOCUMENTED_FOLLOWUP,SIEMENS,AUXILIARY_AUTOMATIC_MASK_ONLY,False,False,False,validation,-1,Y0_M0_SSIEMENS,validation,False,True,True,False,False
1387,101375,101375_00001,2012-07-31 00:00:00,048Y,48.0,M,SIEMENS,PDAC,1,histopathology,False,1,False,1,True,automatic,automatic_labels/101375_00001.nii.gz,637a743356f9e68241ec2d9d39df3d1a0bd1358c,258816,True,True,False,True,False,PANORAMA_LOCAL,PRIMARY_MODEL_DEVELOPMENT,False,True,TISSUE_CONFIRMED,SIEMENS,AUXILIARY_AUTOMATIC_MASK_ONLY,False,False,False,train,0,Y1_M0_SSIEMENS,train,True,False,False,False,False
1388,101376,101376_00001,2015-05-27 00:00:00,076Y,76.0,F,SIEMENS,PDAC,1,radiology,False,1,False,1,True,automatic,automatic_labels/101376_00001.nii.gz,8922bfcf1d15d8b8f75d659f20848ceff285448d,220001,True,True,False,True,False,PANORAMA_LOCAL,PRIMARY_MODEL_DEVELOPMENT,False,True,RADIOLOGY_NO_DOCUMENTED_FOLLOWUP,SIEMENS,AUXILIARY_AUTOMATIC_MASK_ONLY,False,False,False,train,1,Y1_M0_SSIEMENS,train,True,False,False,False,False
1389,101377,101377_00001,2014-07-25 00:00:00,060Y,60.0,F,SIEMENS,PDAC,1,histopathology,False,1,False,1,True,automatic,automatic_labels/101377_00001.nii.gz,1350914b9aac98282fa9ff49972652df13403fcd,445449,True,True,False,True,False,PANORAMA_LOCAL,PRIMARY_MODEL_DEVELOPMENT,False,True,TISSUE_CONFIRMED,SIEMENS,AUXILIARY_AUTOMATIC_MASK_ONLY,False,False,False,train,0,Y1_M0_SSIEMENS,train,True,False,False,False,False
1390,101378,101378_00001,2016-05-14 00:00:00,058Y,58.0,F,Philips,PDAC,1,pathology,False,1,False,1,True,manual,manual_labels/101378_00001.nii.gz,122baa865e1aee8af3e9c99b12ce510b61ada758,247337,True,True,True,False,True,PANORAMA_LOCAL,PRIMARY_MODEL_DEVELOPMENT,False,True,TISSUE_CONFIRMED,Philips,PRIMARY_MANUAL_PDAC_REFERENCE,False,False,False,internal_test,-1,Y1_M1_SPhilips,internal_test,False,False,False,True,True
1391,101379,101379_00001,2018-02-13 00:00:00,027Y,27.0,M,SIEMENS,non-PDAC,0,radiology,False,1,False,1,True,automatic,automatic_labels/101379_00001.nii.gz,7838e35cce4d5624a66f980c7a1fc6842b542ef5,557356,True,True,False,True,False,PANORAMA_LOCAL,PRIMARY_MODEL_DEVELOPMENT,False,True,RADIOLOGY_NO_DOCUMENTED_FOLLOWUP,SIEMENS,AUXILIARY_AUTOMATIC_MASK_ONLY,False,False,False,train,0,Y0_M0_SSIEMENS,train,True,False,False,False,False
1392,101380,101380_00001,2016-01-13 00:00:00,057Y,57.0,F,SIEMENS,non-PDAC,0,radiology,False,1,False,1,True,automatic,automatic_labels/101380_00001.nii.gz,cf945436102ff1be731acc705588d2b67ef137d8,642373,True,True,False,True,False,PANORAMA_LOCAL,PRIMARY_MODEL_DEVELOPMENT,False,True,RADIOLOGY_NO_DOCUMENTED_FOLLOWUP,SIEMENS,AUXILIARY_AUTOMATIC_MASK_ONLY,False,False,False,validation,-1,Y0_M0_SSIEMENS,validation,False,True,True,False,False
1393,101381,101381_00001,2015-11-22 00:00:00,,,,,non-PDAC,0,NIH_dataset,True,1,False,1,True,automatic,automatic_labels/101381_00001.nii.gz,585bce44fb5ff7818517505c3d04b24676d5674b,672029,True,True,False,True,False,NIH_NEGATIVE_STRESS,LOCKED_NEGATIVE_SPECIFICITY_STRESS_TEST,True,False,NIH_DATASET_DERIVED,[MISSING],AUXILIARY_AUTOMATIC_MASK_ONLY,False,False,True,,-1,,nih_negative_stress_test,False,False,False,True,False
1394,101382,101382_00001,2019-08-23 00:00:00,036Y,36.0,M,SIEMENS,non-PDAC,0,radiology,False,1,False,1,True,automatic,automatic_labels/101382_00001.nii.gz,d1e62a1427e1ccf86a555fc7e0685035469ab680,342699,True,True,False,True,False,PANORAMA_LOCAL,PRIMARY_MODEL_DEVELOPMENT,False,True,RADIOLOGY_NO_DOCUMENTED_FOLLOWUP,SIEMENS,AUXILIARY_AUTOMATIC_MASK_ONLY,False,False,False,train,0,Y0_M0_SSIEMENS,train,True,False,False,False,False
1395,101383,101383_00001,2018-03-20 00:00:00,065Y,65.0,F,TOSHIBA,non-PDAC,0,radiology,False,1,False,1,True,automatic,automatic_labels/101383_00001.nii.gz,fc7df56e2b28ca2ac0bf2a6057135d2ab150fe32,563265,True,True,False,True,False,PANORAMA_LOCAL,PRIMARY_MODEL_DEVELOPMENT,False,True,RADIOLOGY_NO_DOCUMENTED_FOLLOWUP,TOSHIBA,AUXILIARY_AUTOMATIC_MASK_ONLY,False,False,False,validation,-1,Y0_M0_STOSHIBA,validation,False,True,True,False,False
1396,101384,101384_00001,2017-05-17 00:00:00,023Y,23.0,F,SIEMENS,non-PDAC,0,radiology,False,1,False,1,True,automatic,automatic_labels/101384_00001.nii.gz,2057ed09319a62962d4b9892f2ef63b20540bfe3,615343,True,True,False,True,False,PANORAMA_LOCAL,PRIMARY_MODEL_DEVELOPMENT,False,True,RADIOLOGY_NO_DOCUMENTED_FOLLOWUP,SIEMENS,AUXILIARY_AUTOMATIC_MASK_ONLY,False,False,False,train,4,Y0_M0_SSIEMENS,train,True,False,False,False,False
1397,101385,101385_00001,2014-07-02 00:00:00,058Y,58.0,F,SIEMENS,non-PDAC,0,radiology,False,1,False,1,True,automatic,automatic_labels/101385_00001.nii.gz,6002780dd02315d017d2cc394d739c7e5d7da912,478614,True,True,False,True,False,PANORAMA_LOCAL,PRIMARY_MODEL_DEVELOPMENT,False,True,RADIOLOGY_NO_DOCUMENTED_FOLLOWUP,SIEMENS,AUXILIARY_AUTOMATIC_MASK_ONLY,False,False,False,validation,-1,Y0_M0_SSIEMENS,validation,False,True,True,False,False
1398,101386,101386_00001,2009-06-17 00:00:00,060Y,60.0,F,SIEMENS,non-PDAC,0,radiology / 3yFU,False,1,False,1,True,automatic,automatic_labels/101386_00001.nii.gz,c057e50fd1684782ea4f602e9c0e57245389ab9f,586455,True,True,False,True,False,PANORAMA_LOCAL,PRIMARY_MODEL_DEVELOPMENT,False,True,RADIOLOGY_WITH_3Y_FOLLOWUP,SIEMENS,AUXILIARY_AUTOMATIC_MASK_ONLY,False,False,False,train,4,Y0_M0_SSIEMENS,train,True,False,False,False,False
1399,101387,101387_00001,2017-06-11 00:00:00,057Y,57.0,M,TOSHIBA,non-PDAC,0,radiology,False,1,False,1,True,automatic,automatic_labels/101387_00001.nii.gz,42f36129a93c38690b1e38d1434ccfa8dd2f543b,583368,True,True,False,True,False,PANORAMA_LOCAL,PRIMARY_MODEL_DEVELOPMENT,False,True,RADIOLOGY_NO_DOCUMENTED_FOLLOWUP,TOSHIBA,AUXILIARY_AUTOMATIC_MASK_ONLY,False,False,False,validation,-1,Y0_M0_STOSHIBA,validation,False,True,True,False,False
1400,101388,101388_00001,2019-10-20 00:00:00,064Y,64.0,F,TOSHIBA,non-PDAC,0,radiology,False,1,False,1,True,automatic,automatic_labels/101388_00001.nii.gz,eef8e46df92b03a53f0da6cc2e43772775a4666b,1210665,True,True,False,True,False,PANORAMA_LOCAL,PRIMARY_MODEL_DEVELOPMENT,False,True,RADIOLOGY_NO_DOCUMENTED_FOLLOWUP,TOSHIBA,AUXILIARY_AUTOMATIC_MASK_ONLY,False,False,False,train,3,Y0_M0_STOSHIBA,train,True,False,False,False,False
1401,101389,101389_00001,2014-11-15 00:00:00,078Y,78.0,M,SIEMENS,non-PDAC,0,radiology,False,1,False,1,True,automatic,automatic_labels/101389_00001.nii.gz,3edc3ff5d4fb8c01e2abe0a43c1acaea1a87f454,751170,True,True,False,True,False,PANORAMA_LOCAL,PRIMARY_MODEL_DEVELOPMENT,False,True,RADIOLOGY_NO_DOCUMENTED_FOLLOWUP,SIEMENS,AUXILIARY_AUTOMATIC_MASK_ONLY,False,False,False,validation,-1,Y0_M0_SSIEMENS,validation,False,True,True,False,False
1402,101390,101390_00001,2016-06-17 00:00:00,050Y,50.0,F,TOSHIBA,non-PDAC,0,radiology,False,1,False,1,True,automatic,automatic_labels/101390_00001.nii.gz,4084938d7aa42cef63b511fd7981cf8d578ec9d4,603928,True,True,False,True,False,PANORAMA_LOCAL,PRIMARY_MODEL_DEVELOPMENT,False,True,RADIOLOGY_NO_DOCUMENTED_FOLLOWUP,TOSHIBA,AUXILIARY_AUTOMATIC_MASK_ONLY,False,False,False,validation,-1,Y0_M0_STOSHIBA,validation,False,True,True,False,False
1403,101391,101391_00001,2020-09-25 00:00:00,074Y,74.0,F,SIEMENS,PDAC,1,histopathology,False,1,False,1,True,manual,manual_labels/101391_00001.nii.gz,66c5692150194c13bfb228239cbde6b0cc850cd8,123458,True,True,True,False,True,PANORAMA_LOCAL,PRIMARY_MODEL_DEVELOPMENT,False,True,TISSUE_CONFIRMED,SIEMENS,PRIMARY_MANUAL_PDAC_REFERENCE,False,False,False,train,1,Y1_M1_SSIEMENS,train,True,False,False,False,False
1404,101392,101392_00001,2007-08-26 00:00:00,077Y,77.0,F,SIEMENS,PDAC,1,histopathology,False,1,False,1,True,manual,manual_labels/101392_00001.nii.gz,9ba65497d936b5e450c46b1cdc13ecaa54489edf,120109,True,True,True,False,True,PANORAMA_LOCAL,PRIMARY_MODEL_DEVELOPMENT,False,True,TISSUE_CONFIRMED,SIEMENS,PRIMARY_MANUAL_PDAC_REFERENCE,False,False,False,train,1,Y1_M1_SSIEMENS,train,True,False,False,False,False
1405,101393,101393_00001,2017-12-17 00:00:00,074Y,74.0,M,TOSHIBA,non-PDAC,0,radiology,False,1,False,1,True,automatic,automatic_labels/101393_00001.nii.gz,430c35b717759f119b6b3e6be002cb0fc8d5731a,1982609,True,True,False,True,False,PANORAMA_LOCAL,PRIMARY_MODEL_DEVELOPMENT,False,True,RADIOLOGY_NO_DOCUMENTED_FOLLOWUP,TOSHIBA,AUXILIARY_AUTOMATIC_MASK_ONLY,False,False,False,train,4,Y0_M0_STOSHIBA,train,True,False,False,False,False
1406,101394,101394_00001,2021-05-13 00:00:00,059Y,59.0,M,GE MEDICAL SYSTEMS,PDAC,1,pathology,False,1,False,1,True,manual,manual_labels/101394_00001.nii.gz,17b798fb7ab60383a8e8bc2f85de89f576fb58da,444736,True,True,True,False,True,PANORAMA_LOCAL,PRIMARY_MODEL_DEVELOPMENT,False,True,TISSUE_CONFIRMED,GE MEDICAL SYSTEMS,PRIMARY_MANUAL_PDAC_REFERENCE,False,False,False,train,1,Y1_M1_SGE MEDICAL SYSTEMS,train,True,False,False,False,False
1407,101395,101395_00001,2016-03-13 00:00:00,085Y,85.0,F,SIEMENS,non-PDAC,0,radiology,False,1,False,1,True,automatic,automatic_labels/101395_00001.nii.gz,54af34e581b019843bf45d52782d59ad60d51897,597039,True,True,False,True,False,PANORAMA_LOCAL,PRIMARY_MODEL_DEVELOPMENT,False,True,RADIOLOGY_NO_DOCUMENTED_FOLLOWUP,SIEMENS,AUXILIARY_AUTOMATIC_MASK_ONLY,False,False,False,validation,-1,Y0_M0_SSIEMENS,validation,False,True,True,False,False
1408,101396,101396_00001,2017-12-30 00:00:00,068Y,68.0,F,TOSHIBA,PDAC,1,histopathology,False,1,False,1,True,automatic,automatic_labels/101396_00001.nii.gz,fbbe6bbf32096d3b8bef83dac2c0cecef2573798,331499,True,True,False,True,False,PANORAMA_LOCAL,PRIMARY_MODEL_DEVELOPMENT,False,True,TISSUE_CONFIRMED,TOSHIBA,AUXILIARY_AUTOMATIC_MASK_ONLY,False,False,False,train,1,Y1_M0_STOSHIBA,train,True,False,False,False,False
1409,101397,101397_00001,2017-01-21 00:00:00,060Y,60.0,F,TOSHIBA,non-PDAC,0,radiology,False,1,False,1,True,automatic,automatic_labels/101397_00001.nii.gz,52dc3dc0467fbd72284116170c3059991c1d09ce,278179,True,True,False,True,False,PANORAMA_LOCAL,PRIMARY_MODEL_DEVELOPMENT,False,True,RADIOLOGY_NO_DOCUMENTED_FOLLOWUP,TOSHIBA,AUXILIARY_AUTOMATIC_MASK_ONLY,False,False,False,train,0,Y0_M0_STOSHIBA,train,True,False,False,False,False
1410,101398,101398_00001,2016-03-01 00:00:00,047Y,47.0,F,TOSHIBA,non-PDAC,0,radiology,False,1,False,1,True,automatic,automatic_labels/101398_00001.nii.gz,f5705cd04e68ed7c7849a5d1ace612f771eb4e13,234069,True,True,False,True,False,PANORAMA_LOCAL,PRIMARY_MODEL_DEVELOPMENT,False,True,RADIOLOGY_NO_DOCUMENTED_FOLLOWUP,TOSHIBA,AUXILIARY_AUTOMATIC_MASK_ONLY,False,False,False,train,3,Y0_M0_STOSHIBA,train,True,False,False,False,False
1411,101399,101399_00001,2015-11-10 00:00:00,,,,,non-PDAC,0,NIH_dataset,True,1,False,1,True,automatic,automatic_labels/101399_00001.nii.gz,8ca69efc4bf55e60e544e07261cce7a028117c94,673486,True,True,False,True,False,NIH_NEGATIVE_STRESS,LOCKED_NEGATIVE_SPECIFICITY_STRESS_TEST,True,False,NIH_DATASET_DERIVED,[MISSING],AUXILIARY_AUTOMATIC_MASK_ONLY,False,False,True,,-1,,nih_negative_stress_test,False,False,False,True,False
1412,101400,101400_00001,2015-12-04 00:00:00,,,,,non-PDAC,0,NIH_dataset,True,1,False,1,True,automatic,automatic_labels/101400_00001.nii.gz,226b437e3a4d027f88956655507e660dfa8a27ea,555572,True,True,False,True,False,NIH_NEGATIVE_STRESS,LOCKED_NEGATIVE_SPECIFICITY_STRESS_TEST,True,False,NIH_DATASET_DERIVED,[MISSING],AUXILIARY_AUTOMATIC_MASK_ONLY,False,False,True,,-1,,nih_negative_stress_test,False,False,False,True,False
1413,101401,101401_00001,2018-10-07 00:00:00,036Y,36.0,F,GE MEDICAL SYSTEMS,non-PDAC,0,pathology,False,1,False,1,True,automatic,automatic_labels/101401_00001.nii.gz,bb6e1ff4335d0f1563af8e4d678ed811cf5df3df,655587,True,True,False,True,False,PANORAMA_LOCAL,PRIMARY_MODEL_DEVELOPMENT,False,True,TISSUE_CONFIRMED,GE MEDICAL SYSTEMS,AUXILIARY_AUTOMATIC_MASK_ONLY,False,False,False,train,0,Y0_M0_SGE MEDICAL SYSTEMS,train,True,False,False,False,False
1414,101402,101402_00001,2015-01-22 00:00:00,063Y,63.0,F,SIEMENS,non-PDAC,0,radiology,False,1,False,1,True,automatic,automatic_labels/101402_00001.nii.gz,16f44503f7a552206201a8d8e1d55b2f6bd9ea49,379928,True,True,False,True,False,PANORAMA_LOCAL,PRIMARY_MODEL_DEVELOPMENT,False,True,RADIOLOGY_NO_DOCUMENTED_FOLLOWUP,SIEMENS,AUXILIARY_AUTOMATIC_MASK_ONLY,False,False,False,validation,-1,Y0_M0_SSIEMENS,validation,False,True,True,False,False
1415,101403,101403_00001,2019-06-20 00:00:00,067Y,67.0,F,Philips,PDAC,1,histopathology,False,1,False,1,True,manual,manual_labels/101403_00001.nii.gz,a1b7be7f65da01c8e8042499ce596668a44dd477,267905,True,True,True,False,True,PANORAMA_LOCAL,PRIMARY_MODEL_DEVELOPMENT,False,True,TISSUE_CONFIRMED,Philips,PRIMARY_MANUAL_PDAC_REFERENCE,False,False,False,train,0,Y1_M1_SPhilips,train,True,False,False,False,False
1416,101404,101404_00001,,,,,,PDAC,1,MSD_dataset,True,1,False,1,True,manual,manual_labels/101404_00001.nii.gz,41b6dbcb07ea53f9d450c0e6a029608bf127ad42,187577,True,True,True,False,True,MSD_EXTERNAL_MIXED,LOCKED_EXTERNAL_MIXED_TEST,True,False,MSD_DATASET_DERIVED,[MISSING],PRIMARY_MANUAL_PDAC_REFERENCE,True,True,False,,-1,,external_msd_test,False,False,False,True,True
1417,101405,101405_00001,2017-10-18 00:00:00,062Y,62.0,F,SIEMENS,non-PDAC,0,pathology,False,1,False,1,True,automatic,automatic_labels/101405_00001.nii.gz,4d863fd9b6c5dac2dede4fdafd84d4463abbb544,657469,True,True,False,True,False,PANORAMA_LOCAL,PRIMARY_MODEL_DEVELOPMENT,False,True,TISSUE_CONFIRMED,SIEMENS,AUXILIARY_AUTOMATIC_MASK_ONLY,False,False,False,train,1,Y0_M0_SSIEMENS,train,True,False,False,False,False
1418,101406,101406_00001,,,,,,PDAC,1,MSD_dataset,True,1,False,1,True,manual,manual_labels/101406_00001.nii.gz,4eb169ef4c7e5d49dec0999f83ffd02136d206d3,194165,True,True,True,False,True,MSD_EXTERNAL_MIXED,LOCKED_EXTERNAL_MIXED_TEST,True,False,MSD_DATASET_DERIVED,[MISSING],PRIMARY_MANUAL_PDAC_REFERENCE,True,True,False,,-1,,external_msd_test,False,False,False,True,True
1419,101407,101407_00001,2017-08-30 00:00:00,089Y,89.0,F,SIEMENS,non-PDAC,0,radiology,False,1,False,1,True,automatic,automatic_labels/101407_00001.nii.gz,18f61a158ed7635f2713c8d73d81f61caf9c84ad,577891,True,True,False,True,False,PANORAMA_LOCAL,PRIMARY_MODEL_DEVELOPMENT,False,True,RADIOLOGY_NO_DOCUMENTED_FOLLOWUP,SIEMENS,AUXILIARY_AUTOMATIC_MASK_ONLY,False,False,False,train,0,Y0_M0_SSIEMENS,train,True,False,False,False,False
1420,101408,101408_00001,2018-12-02 00:00:00,071Y,71.0,M,TOSHIBA,PDAC,1,cytology,False,1,False,1,True,automatic,automatic_labels/101408_00001.nii.gz,8bea05491056b2babf7964e3c4f26e45ec5a7b88,390459,True,True,False,True,False,PANORAMA_LOCAL,PRIMARY_MODEL_DEVELOPMENT,False,True,CYTOLOGY_CONFIRMED,TOSHIBA,AUXILIARY_AUTOMATIC_MASK_ONLY,False,False,False,validation,-1,Y1_M0_STOSHIBA,validation,False,True,True,False,False
1421,101409,101409_00001,2020-11-22 00:00:00,073Y,73.0,M,Philips,PDAC,1,histopathology,False,1,False,1,True,manual,manual_labels/101409_00001.nii.gz,dc51205c13e92c0d01dff24c9c1ec560903bdcdc,128084,True,True,True,False,True,PANORAMA_LOCAL,PRIMARY_MODEL_DEVELOPMENT,False,True,TISSUE_CONFIRMED,Philips,PRIMARY_MANUAL_PDAC_REFERENCE,False,False,False,validation,-1,Y1_M1_SPhilips,validation,False,True,True,False,False
1422,101410,101410_00001,2020-04-25 00:00:00,060Y,60.0,M,Philips,PDAC,1,histopathology,False,1,False,1,True,manual,manual_labels/101410_00001.nii.gz,3a4c4caf3e594bad8129c39a4bed8ec89f9fd9e0,137598,True,True,True,False,True,PANORAMA_LOCAL,PRIMARY_MODEL_DEVELOPMENT,False,True,TISSUE_CONFIRMED,Philips,PRIMARY_MANUAL_PDAC_REFERENCE,False,False,False,train,4,Y1_M1_SPhilips,train,True,False,False,False,False
1423,101411,101411_00001,2014-04-07 00:00:00,051Y,51.0,M,SIEMENS,non-PDAC,0,radiology,False,1,False,1,True,automatic,automatic_labels/101411_00001.nii.gz,e0fd6844f947d72ba0981f4b671095347764bd21,234220,True,True,False,True,False,PANORAMA_LOCAL,PRIMARY_MODEL_DEVELOPMENT,False,True,RADIOLOGY_NO_DOCUMENTED_FOLLOWUP,SIEMENS,AUXILIARY_AUTOMATIC_MASK_ONLY,False,False,False,validation,-1,Y0_M0_SSIEMENS,validation,False,True,True,False,False
1424,101412,101412_00001,2020-03-05 00:00:00,062Y,62.0,F,GE MEDICAL SYSTEMS,PDAC,1,pathology,False,1,False,1,True,manual,manual_labels/101412_00001.nii.gz,d27cb0e675ca0fe7fa4bfac517f823d97600d61d,556013,True,True,True,False,True,PANORAMA_LOCAL,PRIMARY_MODEL_DEVELOPMENT,False,True,TISSUE_CONFIRMED,GE MEDICAL SYSTEMS,PRIMARY_MANUAL_PDAC_REFERENCE,False,False,False,train,0,Y1_M1_SGE MEDICAL SYSTEMS,train,True,False,False,False,False
1425,101413,101413_00001,2023-06-03 00:00:00,074Y,74.0,F,SIEMENS,PDAC,1,pathology,False,1,False,1,True,manual,manual_labels/101413_00001.nii.gz,31a2ee25b82ec5bc5c4f13e50eac0abb821a3932,1330421,True,True,True,False,True,PANORAMA_LOCAL,PRIMARY_MODEL_DEVELOPMENT,False,True,TISSUE_CONFIRMED,SIEMENS,PRIMARY_MANUAL_PDAC_REFERENCE,False,False,False,train,1,Y1_M1_SSIEMENS,train,True,False,False,False,False
1426,101414,101414_00001,,,,,,non-PDAC,0,MSD_dataset,True,1,False,1,True,automatic,automatic_labels/101414_00001.nii.gz,ff90c976f9ddc3e6ba4c86d6cfe5902f522628da,188905,True,True,False,True,False,MSD_EXTERNAL_MIXED,LOCKED_EXTERNAL_MIXED_TEST,True,False,MSD_DATASET_DERIVED,[MISSING],AUXILIARY_AUTOMATIC_MASK_ONLY,True,False,False,,-1,,external_msd_test,False,False,False,True,False
1427,101415,101415_00001,2019-05-07 00:00:00,074Y,74.0,M,TOSHIBA,PDAC,1,histopathology,False,1,False,1,True,manual,manual_labels/101415_00001.nii.gz,6d3f810af6099ded3ed2bdbda84e630ad1c3c435,749759,True,True,True,False,True,PANORAMA_LOCAL,PRIMARY_MODEL_DEVELOPMENT,False,True,TISSUE_CONFIRMED,TOSHIBA,PRIMARY_MANUAL_PDAC_REFERENCE,False,False,False,train,2,Y1_M1_STOSHIBA,train,True,False,False,False,False
1428,101416,101416_00001,2016-03-16 00:00:00,058Y,58.0,M,SIEMENS,non-PDAC,0,radiology,False,1,False,1,True,automatic,automatic_labels/101416_00001.nii.gz,7e09633bd2831edbe1ce7e27e75fc59f8cb35efa,735830,True,True,False,True,False,PANORAMA_LOCAL,PRIMARY_MODEL_DEVELOPMENT,False,True,RADIOLOGY_NO_DOCUMENTED_FOLLOWUP,SIEMENS,AUXILIARY_AUTOMATIC_MASK_ONLY,False,False,False,train,3,Y0_M0_SSIEMENS,train,True,False,False,False,False
1429,101417,101417_00001,2016-09-25 00:00:00,067Y,67.0,F,Philips,PDAC,1,histopathology,False,1,False,1,True,automatic,automatic_labels/101417_00001.nii.gz,0c70cbb1bb023cbc1f6b127b14fcc450bb1e4fe2,269537,True,True,False,True,False,PANORAMA_LOCAL,PRIMARY_MODEL_DEVELOPMENT,False,True,TISSUE_CONFIRMED,Philips,AUXILIARY_AUTOMATIC_MASK_ONLY,False,False,False,train,2,Y1_M0_SPhilips,train,True,False,False,False,False
1430,101418,101418_00001,2005-07-02 00:00:00,065Y,65.0,M,SIEMENS,PDAC,1,radiology,False,1,False,1,True,automatic,automatic_labels/101418_00001.nii.gz,1d29f4bab2baf1972203e1189cf17d96421b189c,467156,True,True,False,True,False,PANORAMA_LOCAL,PRIMARY_MODEL_DEVELOPMENT,False,True,RADIOLOGY_NO_DOCUMENTED_FOLLOWUP,SIEMENS,AUXILIARY_AUTOMATIC_MASK_ONLY,False,False,False,train,1,Y1_M0_SSIEMENS,train,True,False,False,False,False
1431,101419,101419_00001,2021-02-05 00:00:00,079Y,79.0,M,GE MEDICAL SYSTEMS,PDAC,1,pathology,False,1,False,1,True,manual,manual_labels/101419_00001.nii.gz,73ab22ca7810c492479c32d46830da0aafcde54a,292084,True,True,True,False,True,PANORAMA_LOCAL,PRIMARY_MODEL_DEVELOPMENT,False,True,TISSUE_CONFIRMED,GE MEDICAL SYSTEMS,PRIMARY_MANUAL_PDAC_REFERENCE,False,False,False,train,3,Y1_M1_SGE MEDICAL SYSTEMS,train,True,False,False,False,False
1432,101420,101420_00001,2015-01-22 00:00:00,071Y,71.0,M,SIEMENS,non-PDAC,0,radiology,False,1,False,1,True,automatic,automatic_labels/101420_00001.nii.gz,bce6354cb0f42ecc220cf7bbe835e3f06f8f336a,378687,True,True,False,True,False,PANORAMA_LOCAL,PRIMARY_MODEL_DEVELOPMENT,False,True,RADIOLOGY_NO_DOCUMENTED_FOLLOWUP,SIEMENS,AUXILIARY_AUTOMATIC_MASK_ONLY,False,False,False,validation,-1,Y0_M0_SSIEMENS,validation,False,True,True,False,False
1433,101421,101421_00001,,,,,,PDAC,1,MSD_dataset,True,1,False,1,True,manual,manual_labels/101421_00001.nii.gz,89000664008a7f89c016c07b112e1db03fb3c14c,215401,True,True,True,False,True,MSD_EXTERNAL_MIXED,LOCKED_EXTERNAL_MIXED_TEST,True,False,MSD_DATASET_DERIVED,[MISSING],PRIMARY_MANUAL_PDAC_REFERENCE,True,True,False,,-1,,external_msd_test,False,False,False,True,True
1434,101422,101422_00001,2016-09-27 00:00:00,078Y,78.0,F,SIEMENS,non-PDAC,0,radiology,False,1,False,1,True,automatic,automatic_labels/101422_00001.nii.gz,3d793c30c0fe0e5a9b915329163ce763b50aede7,572654,True,True,False,True,False,PANORAMA_LOCAL,PRIMARY_MODEL_DEVELOPMENT,False,True,RADIOLOGY_NO_DOCUMENTED_FOLLOWUP,SIEMENS,AUXILIARY_AUTOMATIC_MASK_ONLY,False,False,False,internal_test,-1,Y0_M0_SSIEMENS,internal_test,False,False,False,True,False
1435,101423,101423_00001,2015-11-27 00:00:00,057Y,57.0,M,SIEMENS,non-PDAC,0,pathology,False,1,False,1,True,automatic,automatic_labels/101423_00001.nii.gz,9c6e5fcea4acc04df2147f6b954f1ccf5f9cb18e,689124,True,True,False,True,False,PANORAMA_LOCAL,PRIMARY_MODEL_DEVELOPMENT,False,True,TISSUE_CONFIRMED,SIEMENS,AUXILIARY_AUTOMATIC_MASK_ONLY,False,False,False,internal_test,-1,Y0_M0_SSIEMENS,internal_test,False,False,False,True,False
1436,101424,101424_00001,2015-12-24 00:00:00,078Y,78.0,M,SIEMENS,non-PDAC,0,radiology,False,1,False,1,True,automatic,automatic_labels/101424_00001.nii.gz,a8704d96605c970b6a031ec446d3570fad57a76c,596315,True,True,False,True,False,PANORAMA_LOCAL,PRIMARY_MODEL_DEVELOPMENT,False,True,RADIOLOGY_NO_DOCUMENTED_FOLLOWUP,SIEMENS,AUXILIARY_AUTOMATIC_MASK_ONLY,False,False,False,validation,-1,Y0_M0_SSIEMENS,validation,False,True,True,False,False
1437,101425,101425_00001,2020-05-13 00:00:00,051Y,51.0,F,SIEMENS,PDAC,1,histopathology,False,1,False,1,True,automatic,automatic_labels/101425_00001.nii.gz,bbdb612b78dab9c0869a3cfd792852e4773aae1b,335378,True,True,False,True,False,PANORAMA_LOCAL,PRIMARY_MODEL_DEVELOPMENT,False,True,TISSUE_CONFIRMED,SIEMENS,AUXILIARY_AUTOMATIC_MASK_ONLY,False,False,False,internal_test,-1,Y1_M0_SSIEMENS,internal_test,False,False,False,True,False
1438,101426,101426_00001,2012-08-02 00:00:00,061Y,61.0,F,Philips,non-PDAC,0,histopathology,False,1,False,1,True,automatic,automatic_labels/101426_00001.nii.gz,de65e98e2c5d5dbe4fc1cf4d38f2aa5781e10442,211248,True,True,False,True,False,PANORAMA_LOCAL,PRIMARY_MODEL_DEVELOPMENT,False,True,TISSUE_CONFIRMED,Philips,AUXILIARY_AUTOMATIC_MASK_ONLY,False,False,False,train,4,Y0_M0_SPhilips,train,True,False,False,False,False
1439,101427,101427_00001,2015-05-18 00:00:00,073Y,73.0,F,Philips,PDAC,1,histopathology,False,1,False,1,True,automatic,automatic_labels/101427_00001.nii.gz,87ec7e49fe13caa5640daca682a3e33ff1447ce6,331009,True,True,False,True,False,PANORAMA_LOCAL,PRIMARY_MODEL_DEVELOPMENT,False,True,TISSUE_CONFIRMED,Philips,AUXILIARY_AUTOMATIC_MASK_ONLY,False,False,False,validation,-1,Y1_M0_SPhilips,validation,False,True,True,False,False
1440,101428,101428_00001,2015-11-30 00:00:00,085Y,85.0,M,SIEMENS,non-PDAC,0,radiology,False,1,False,1,True,automatic,automatic_labels/101428_00001.nii.gz,6d8cd6573e3fc27d6fcad7b8f486c961984f8813,1360156,True,True,False,True,False,PANORAMA_LOCAL,PRIMARY_MODEL_DEVELOPMENT,False,True,RADIOLOGY_NO_DOCUMENTED_FOLLOWUP,SIEMENS,AUXILIARY_AUTOMATIC_MASK_ONLY,False,False,False,train,0,Y0_M0_SSIEMENS,train,True,False,False,False,False
1441,101429,101429_00001,2015-08-03 00:00:00,064Y,64.0,M,TOSHIBA,non-PDAC,0,radiology,False,1,False,1,True,automatic,automatic_labels/101429_00001.nii.gz,cc91907f954a82b69854476586ca1066b505858d,350943,True,True,False,True,False,PANORAMA_LOCAL,PRIMARY_MODEL_DEVELOPMENT,False,True,RADIOLOGY_NO_DOCUMENTED_FOLLOWUP,TOSHIBA,AUXILIARY_AUTOMATIC_MASK_ONLY,False,False,False,train,0,Y0_M0_STOSHIBA,train,True,False,False,False,False
1442,101430,101430_00001,2016-02-05 00:00:00,061Y,61.0,F,SIEMENS,non-PDAC,0,radiology,False,1,False,1,True,automatic,automatic_labels/101430_00001.nii.gz,5f2c913e3eb0e1b86de1b5a8542a8de9285d689f,750526,True,True,False,True,False,PANORAMA_LOCAL,PRIMARY_MODEL_DEVELOPMENT,False,True,RADIOLOGY_NO_DOCUMENTED_FOLLOWUP,SIEMENS,AUXILIARY_AUTOMATIC_MASK_ONLY,False,False,False,internal_test,-1,Y0_M0_SSIEMENS,internal_test,False,False,False,True,False
1443,101431,101431_00001,2016-04-21 00:00:00,071Y,71.0,F,SIEMENS,non-PDAC,0,radiology,False,1,False,1,True,automatic,automatic_labels/101431_00001.nii.gz,7d3462fc2681c632959abc2fe79d6f1f3114c90b,254007,True,True,False,True,False,PANORAMA_LOCAL,PRIMARY_MODEL_DEVELOPMENT,False,True,RADIOLOGY_NO_DOCUMENTED_FOLLOWUP,SIEMENS,AUXILIARY_AUTOMATIC_MASK_ONLY,False,False,False,train,4,Y0_M0_SSIEMENS,train,True,False,False,False,False
1444,101432,101432_00001,2014-03-01 00:00:00,045Y,45.0,F,SIEMENS,non-PDAC,0,radiology,False,1,False,1,True,automatic,automatic_labels/101432_00001.nii.gz,bf839161643f0cb5b9389589826d39d3922d989d,634929,True,True,False,True,False,PANORAMA_LOCAL,PRIMARY_MODEL_DEVELOPMENT,False,True,RADIOLOGY_NO_DOCUMENTED_FOLLOWUP,SIEMENS,AUXILIARY_AUTOMATIC_MASK_ONLY,False,False,False,train,0,Y0_M0_SSIEMENS,train,True,False,False,False,False
1445,101433,101433_00001,2014-03-30 00:00:00,073Y,73.0,M,Philips,non-PDAC,0,radiology,False,1,False,1,True,automatic,automatic_labels/101433_00001.nii.gz,8a76ef4d34b95b25630ec275fccf86e80191a2ae,97139,True,True,False,True,False,PANORAMA_LOCAL,PRIMARY_MODEL_DEVELOPMENT,False,True,RADIOLOGY_NO_DOCUMENTED_FOLLOWUP,Philips,AUXILIARY_AUTOMATIC_MASK_ONLY,False,False,False,train,4,Y0_M0_SPhilips,train,True,False,False,False,False
1446,101434,101434_00001,2016-06-23 00:00:00,077Y,77.0,M,Philips,PDAC,1,cytology,False,1,False,1,True,manual,manual_labels/101434_00001.nii.gz,1490f31ec7b30f4ae36f830d97ff964c364b16ff,967785,True,True,True,False,True,PANORAMA_LOCAL,PRIMARY_MODEL_DEVELOPMENT,False,True,CYTOLOGY_CONFIRMED,Philips,PRIMARY_MANUAL_PDAC_REFERENCE,False,False,False,train,2,Y1_M1_SPhilips,train,True,False,False,False,False
1447,101435,101435_00001,,,,,,non-PDAC,0,MSD_dataset,True,1,False,1,True,automatic,automatic_labels/101435_00001.nii.gz,6f16117fb636608bb0524e3b36f27462263270a1,206665,True,True,False,True,False,MSD_EXTERNAL_MIXED,LOCKED_EXTERNAL_MIXED_TEST,True,False,MSD_DATASET_DERIVED,[MISSING],AUXILIARY_AUTOMATIC_MASK_ONLY,True,False,False,,-1,,external_msd_test,False,False,False,True,False
1448,101436,101436_00001,2015-02-02 00:00:00,064Y,64.0,M,Philips,PDAC,1,histopathology,False,1,False,1,True,automatic,automatic_labels/101436_00001.nii.gz,5605be6043c3d4828b1507af4b8e4bd30c8858d1,189446,True,True,False,True,False,PANORAMA_LOCAL,PRIMARY_MODEL_DEVELOPMENT,False,True,TISSUE_CONFIRMED,Philips,AUXILIARY_AUTOMATIC_MASK_ONLY,False,False,False,train,4,Y1_M0_SPhilips,train,True,False,False,False,False
1449,101437,101437_00001,2018-11-20 00:00:00,070Y,70.0,F,SIEMENS,non-PDAC,0,radiology,False,1,False,1,True,automatic,automatic_labels/101437_00001.nii.gz,e2b21e27275849af2509d21065b50f149b63996b,634414,True,True,False,True,False,PANORAMA_LOCAL,PRIMARY_MODEL_DEVELOPMENT,False,True,RADIOLOGY_NO_DOCUMENTED_FOLLOWUP,SIEMENS,AUXILIARY_AUTOMATIC_MASK_ONLY,False,False,False,validation,-1,Y0_M0_SSIEMENS,validation,False,True,True,False,False
1450,101438,101438_00001,2016-06-03 00:00:00,071Y,71.0,M,SIEMENS,non-PDAC,0,radiology,False,1,False,1,True,automatic,automatic_labels/101438_00001.nii.gz,60981107319985b6664a3b634277291071fb5bac,661779,True,True,False,True,False,PANORAMA_LOCAL,PRIMARY_MODEL_DEVELOPMENT,False,True,RADIOLOGY_NO_DOCUMENTED_FOLLOWUP,SIEMENS,AUXILIARY_AUTOMATIC_MASK_ONLY,False,False,False,validation,-1,Y0_M0_SSIEMENS,validation,False,True,True,False,False
1451,101439,101439_00001,2017-07-10 00:00:00,072Y,72.0,F,TOSHIBA,non-PDAC,0,radiology,False,1,False,1,True,automatic,automatic_labels/101439_00001.nii.gz,77485d6da1d4238ed6799b8ca6f7f3de1843451f,407915,True,True,False,True,False,PANORAMA_LOCAL,PRIMARY_MODEL_DEVELOPMENT,False,True,RADIOLOGY_NO_DOCUMENTED_FOLLOWUP,TOSHIBA,AUXILIARY_AUTOMATIC_MASK_ONLY,False,False,False,validation,-1,Y0_M0_STOSHIBA,validation,False,True,True,False,False
1452,101440,101440_00001,2014-08-08 00:00:00,078Y,78.0,F,SIEMENS,non-PDAC,0,radiology,False,1,False,1,True,automatic,automatic_labels/101440_00001.nii.gz,511eb4942b5248697272c3863edca1a5eb5e3b5f,1862222,True,True,False,True,False,PANORAMA_LOCAL,PRIMARY_MODEL_DEVELOPMENT,False,True,RADIOLOGY_NO_DOCUMENTED_FOLLOWUP,SIEMENS,AUXILIARY_AUTOMATIC_MASK_ONLY,False,False,False,validation,-1,Y0_M0_SSIEMENS,validation,False,True,True,False,False
1453,101441,101441_00001,2015-04-03 00:00:00,067Y,67.0,F,SIEMENS,non-PDAC,0,radiology,False,1,False,1,True,automatic,automatic_labels/101441_00001.nii.gz,5f6ef4b01f29f54d045d64c02e4c83ccdf2a4437,1074286,True,True,False,True,False,PANORAMA_LOCAL,PRIMARY_MODEL_DEVELOPMENT,False,True,RADIOLOGY_NO_DOCUMENTED_FOLLOWUP,SIEMENS,AUXILIARY_AUTOMATIC_MASK_ONLY,False,False,False,internal_test,-1,Y0_M0_SSIEMENS,internal_test,False,False,False,True,False
1454,101442,101442_00001,2016-04-24 00:00:00,046Y,46.0,F,TOSHIBA,non-PDAC,0,radiology,False,1,False,1,True,automatic,automatic_labels/101442_00001.nii.gz,9bce3e3cc69a2de5d9c32c8bf86e28488c64b8fb,592956,True,True,False,True,False,PANORAMA_LOCAL,PRIMARY_MODEL_DEVELOPMENT,False,True,RADIOLOGY_NO_DOCUMENTED_FOLLOWUP,TOSHIBA,AUXILIARY_AUTOMATIC_MASK_ONLY,False,False,False,internal_test,-1,Y0_M0_STOSHIBA,internal_test,False,False,False,True,False
1455,101443,101443_00001,,,,,,non-PDAC,0,MSD_dataset,True,1,False,1,True,automatic,automatic_labels/101443_00001.nii.gz,e21c8f3e4df009fe1d3c9f4bb2fd8c49c2dd455c,99088,True,True,False,True,False,MSD_EXTERNAL_MIXED,LOCKED_EXTERNAL_MIXED_TEST,True,False,MSD_DATASET_DERIVED,[MISSING],AUXILIARY_AUTOMATIC_MASK_ONLY,True,False,False,,-1,,external_msd_test,False,False,False,True,False
1456,101444,101444_00001,2016-03-31 00:00:00,064Y,64.0,M,SIEMENS,non-PDAC,0,radiology,False,1,False,1,True,automatic,automatic_labels/101444_00001.nii.gz,912944a32016dd9b584497e27964af4ba9684b8d,594313,True,True,False,True,False,PANORAMA_LOCAL,PRIMARY_MODEL_DEVELOPMENT,False,True,RADIOLOGY_NO_DOCUMENTED_FOLLOWUP,SIEMENS,AUXILIARY_AUTOMATIC_MASK_ONLY,False,False,False,train,4,Y0_M0_SSIEMENS,train,True,False,False,False,False
1457,101445,101445_00001,2017-11-29 00:00:00,069Y,69.0,F,SIEMENS,non-PDAC,0,radiology,False,1,False,1,True,automatic,automatic_labels/101445_00001.nii.gz,2fd006afb2f5d792108dd12e5ec621512af96cea,650431,True,True,False,True,False,PANORAMA_LOCAL,PRIMARY_MODEL_DEVELOPMENT,False,True,RADIOLOGY_NO_DOCUMENTED_FOLLOWUP,SIEMENS,AUXILIARY_AUTOMATIC_MASK_ONLY,False,False,False,train,1,Y0_M0_SSIEMENS,train,True,False,False,False,False
1458,101446,101446_00001,2013-10-24 00:00:00,052Y,52.0,M,Philips,PDAC,1,histopathology,False,1,False,1,True,manual,manual_labels/101446_00001.nii.gz,f55f1a7bc868b5e2b23d1b7bade224344aa2312d,97796,True,True,True,False,True,PANORAMA_LOCAL,PRIMARY_MODEL_DEVELOPMENT,False,True,TISSUE_CONFIRMED,Philips,PRIMARY_MANUAL_PDAC_REFERENCE,False,False,False,train,4,Y1_M1_SPhilips,train,True,False,False,False,False
1459,101447,101447_00001,2015-06-28 00:00:00,068Y,68.0,M,SIEMENS,non-PDAC,0,radiology,False,1,False,1,True,automatic,automatic_labels/101447_00001.nii.gz,808d9334ba7a74fdc8530095ebbb20a1aee879a1,806578,True,True,False,True,False,PANORAMA_LOCAL,PRIMARY_MODEL_DEVELOPMENT,False,True,RADIOLOGY_NO_DOCUMENTED_FOLLOWUP,SIEMENS,AUXILIARY_AUTOMATIC_MASK_ONLY,False,False,False,train,3,Y0_M0_SSIEMENS,train,True,False,False,False,False
1460,101448,101448_00001,2017-04-28 00:00:00,075Y,75.0,M,TOSHIBA,non-PDAC,0,radiology,False,1,False,1,True,automatic,automatic_labels/101448_00001.nii.gz,ff26d7077e14af39ba93e299274332833f451404,344784,True,True,False,True,False,PANORAMA_LOCAL,PRIMARY_MODEL_DEVELOPMENT,False,True,RADIOLOGY_NO_DOCUMENTED_FOLLOWUP,TOSHIBA,AUXILIARY_AUTOMATIC_MASK_ONLY,False,False,False,train,4,Y0_M0_STOSHIBA,train,True,False,False,False,False
1461,101449,101449_00001,2010-01-03 00:00:00,099Y,99.0,F,SIEMENS,non-PDAC,0,radiology / 3yFU,False,1,False,1,True,automatic,automatic_labels/101449_00001.nii.gz,3c3324ece9395acc66936d1a63977466d5ae3d42,325878,True,True,False,True,False,PANORAMA_LOCAL,PRIMARY_MODEL_DEVELOPMENT,False,True,RADIOLOGY_WITH_3Y_FOLLOWUP,SIEMENS,AUXILIARY_AUTOMATIC_MASK_ONLY,False,False,False,train,2,Y0_M0_SSIEMENS,train,True,False,False,False,False
1462,101450,101450_00001,,,,,,non-PDAC,0,MSD_dataset,True,1,False,1,True,automatic,automatic_labels/101450_00001.nii.gz,5f49942d4ce885768e1485532cb0b59e82c68a65,121863,True,True,False,True,False,MSD_EXTERNAL_MIXED,LOCKED_EXTERNAL_MIXED_TEST,True,False,MSD_DATASET_DERIVED,[MISSING],AUXILIARY_AUTOMATIC_MASK_ONLY,True,False,False,,-1,,external_msd_test,False,False,False,True,False
1463,101451,101451_00001,,,,,,PDAC,1,MSD_dataset,True,1,False,1,True,manual,manual_labels/101451_00001.nii.gz,b810007311f48c2b51fbd058deee087615034899,70177,True,True,True,False,True,MSD_EXTERNAL_MIXED,LOCKED_EXTERNAL_MIXED_TEST,True,False,MSD_DATASET_DERIVED,[MISSING],PRIMARY_MANUAL_PDAC_REFERENCE,True,True,False,,-1,,external_msd_test,False,False,False,True,True
1464,101452,101452_00001,2016-07-12 00:00:00,051Y,51.0,M,TOSHIBA,non-PDAC,0,radiology,False,1,False,1,True,automatic,automatic_labels/101452_00001.nii.gz,7675ae5632edc28aac19d70521bf1ded75a2cce5,347049,True,True,False,True,False,PANORAMA_LOCAL,PRIMARY_MODEL_DEVELOPMENT,False,True,RADIOLOGY_NO_DOCUMENTED_FOLLOWUP,TOSHIBA,AUXILIARY_AUTOMATIC_MASK_ONLY,False,False,False,internal_test,-1,Y0_M0_STOSHIBA,internal_test,False,False,False,True,False
1465,101453,101453_00001,2014-04-23 00:00:00,073Y,73.0,M,SIEMENS,non-PDAC,0,radiology,False,1,False,1,True,automatic,automatic_labels/101453_00001.nii.gz,4aaa93601c3321d20c54f898a669e273753f9fe9,670958,True,True,False,True,False,PANORAMA_LOCAL,PRIMARY_MODEL_DEVELOPMENT,False,True,RADIOLOGY_NO_DOCUMENTED_FOLLOWUP,SIEMENS,AUXILIARY_AUTOMATIC_MASK_ONLY,False,False,False,train,0,Y0_M0_SSIEMENS,train,True,False,False,False,False
1466,101454,101454_00001,2020-12-13 00:00:00,040Y,40.0,M,SIEMENS,PDAC,1,cytology,False,1,False,1,True,manual,manual_labels/101454_00001.nii.gz,a41118ef632358a5061407687f09e5b6af871784,93939,True,True,True,False,True,PANORAMA_LOCAL,PRIMARY_MODEL_DEVELOPMENT,False,True,CYTOLOGY_CONFIRMED,SIEMENS,PRIMARY_MANUAL_PDAC_REFERENCE,False,False,False,train,1,Y1_M1_SSIEMENS,train,True,False,False,False,False
1467,101455,101455_00001,,,,,,non-PDAC,0,MSD_dataset,True,1,False,1,True,automatic,automatic_labels/101455_00001.nii.gz,36507b96effa5fb13fd477aadb3b8cf6b0f60a02,191238,True,True,False,True,False,MSD_EXTERNAL_MIXED,LOCKED_EXTERNAL_MIXED_TEST,True,False,MSD_DATASET_DERIVED,[MISSING],AUXILIARY_AUTOMATIC_MASK_ONLY,True,False,False,,-1,,external_msd_test,False,False,False,True,False
1468,101456,101456_00001,2020-06-01 00:00:00,064Y,64.0,M,SIEMENS,PDAC,1,pathology,False,1,False,1,True,manual,manual_labels/101456_00001.nii.gz,95ea5587950681725026fbf1e0860a87bc44874e,466898,True,True,True,False,True,PANORAMA_LOCAL,PRIMARY_MODEL_DEVELOPMENT,False,True,TISSUE_CONFIRMED,SIEMENS,PRIMARY_MANUAL_PDAC_REFERENCE,False,False,False,train,2,Y1_M1_SSIEMENS,train,True,False,False,False,False
1469,101457,101457_00001,2013-12-23 00:00:00,068Y,68.0,F,TOSHIBA,non-PDAC,0,radiology,False,1,False,1,True,automatic,automatic_labels/101457_00001.nii.gz,7242647d402a5f3aa311036acf49411bdc40057f,343976,True,True,False,True,False,PANORAMA_LOCAL,PRIMARY_MODEL_DEVELOPMENT,False,True,RADIOLOGY_NO_DOCUMENTED_FOLLOWUP,TOSHIBA,AUXILIARY_AUTOMATIC_MASK_ONLY,False,False,False,train,3,Y0_M0_STOSHIBA,train,True,False,False,False,False
1470,101458,101458_00001,2018-05-15 00:00:00,065Y,65.0,M,TOSHIBA,non-PDAC,0,radiology,False,1,False,1,True,automatic,automatic_labels/101458_00001.nii.gz,8c979e35ecefa6fb14b4c66fcc8502c16def006f,343321,True,True,False,True,False,PANORAMA_LOCAL,PRIMARY_MODEL_DEVELOPMENT,False,True,RADIOLOGY_NO_DOCUMENTED_FOLLOWUP,TOSHIBA,AUXILIARY_AUTOMATIC_MASK_ONLY,False,False,False,internal_test,-1,Y0_M0_STOSHIBA,internal_test,False,False,False,True,False
1471,101459,101459_00001,2016-06-04 00:00:00,065Y,65.0,M,TOSHIBA,non-PDAC,0,radiology,False,1,False,1,True,automatic,automatic_labels/101459_00001.nii.gz,681a3bd8eb1ba77f14273db30e4abf862d86c4b2,182139,True,True,False,True,False,PANORAMA_LOCAL,PRIMARY_MODEL_DEVELOPMENT,False,True,RADIOLOGY_NO_DOCUMENTED_FOLLOWUP,TOSHIBA,AUXILIARY_AUTOMATIC_MASK_ONLY,False,False,False,internal_test,-1,Y0_M0_STOSHIBA,internal_test,False,False,False,True,False
1472,101460,101460_00001,,,,,,non-PDAC,0,MSD_dataset,True,1,False,1,True,automatic,automatic_labels/101460_00001.nii.gz,61ab1fba3cd4e49e77101d35ff64fb725b0c68e5,90724,True,True,False,True,False,MSD_EXTERNAL_MIXED,LOCKED_EXTERNAL_MIXED_TEST,True,False,MSD_DATASET_DERIVED,[MISSING],AUXILIARY_AUTOMATIC_MASK_ONLY,True,False,False,,-1,,external_msd_test,False,False,False,True,False
1473,101461,101461_00001,2018-09-14 00:00:00,067Y,67.0,M,TOSHIBA,non-PDAC,0,radiology,False,1,False,1,True,automatic,automatic_labels/101461_00001.nii.gz,0189454fd65308f356e083ab27b6cb48ff70a6ab,355181,True,True,False,True,False,PANORAMA_LOCAL,PRIMARY_MODEL_DEVELOPMENT,False,True,RADIOLOGY_NO_DOCUMENTED_FOLLOWUP,TOSHIBA,AUXILIARY_AUTOMATIC_MASK_ONLY,False,False,False,train,2,Y0_M0_STOSHIBA,train,True,False,False,False,False
1474,101462,101462_00001,2015-07-21 00:00:00,052Y,52.0,M,SIEMENS,non-PDAC,0,radiology,False,1,False,1,True,automatic,automatic_labels/101462_00001.nii.gz,b94a7bd109dae300f5d1309fa99e1bd263d1d10f,611568,True,True,False,True,False,PANORAMA_LOCAL,PRIMARY_MODEL_DEVELOPMENT,False,True,RADIOLOGY_NO_DOCUMENTED_FOLLOWUP,SIEMENS,AUXILIARY_AUTOMATIC_MASK_ONLY,False,False,False,internal_test,-1,Y0_M0_SSIEMENS,internal_test,False,False,False,True,False
1475,101463,101463_00001,2017-01-30 00:00:00,072Y,72.0,F,SIEMENS,non-PDAC,0,radiology,False,1,False,1,True,automatic,automatic_labels/101463_00001.nii.gz,cdf4f87ff16a47252f72b23da29d377480cf93cc,1298183,True,True,False,True,False,PANORAMA_LOCAL,PRIMARY_MODEL_DEVELOPMENT,False,True,RADIOLOGY_NO_DOCUMENTED_FOLLOWUP,SIEMENS,AUXILIARY_AUTOMATIC_MASK_ONLY,False,False,False,train,3,Y0_M0_SSIEMENS,train,True,False,False,False,False
1476,101464,101464_00001,2015-11-22 00:00:00,076Y,76.0,M,SIEMENS,non-PDAC,0,radiology,False,1,False,1,True,automatic,automatic_labels/101464_00001.nii.gz,85abed2cebda9e7704455d6994735127736070a3,368811,True,True,False,True,False,PANORAMA_LOCAL,PRIMARY_MODEL_DEVELOPMENT,False,True,RADIOLOGY_NO_DOCUMENTED_FOLLOWUP,SIEMENS,AUXILIARY_AUTOMATIC_MASK_ONLY,False,False,False,train,4,Y0_M0_SSIEMENS,train,True,False,False,False,False
1477,101465,101465_00001,,,,,,non-PDAC,0,MSD_dataset,True,1,False,1,True,automatic,automatic_labels/101465_00001.nii.gz,3176aff70a235c600a77bea6b0ea0510b6a26f39,174598,True,True,False,True,False,MSD_EXTERNAL_MIXED,LOCKED_EXTERNAL_MIXED_TEST,True,False,MSD_DATASET_DERIVED,[MISSING],AUXILIARY_AUTOMATIC_MASK_ONLY,True,False,False,,-1,,external_msd_test,False,False,False,True,False
1478,101466,101466_00001,2016-11-08 00:00:00,061Y,61.0,F,SIEMENS,non-PDAC,0,radiology,False,1,False,1,True,automatic,automatic_labels/101466_00001.nii.gz,99d0892a59f74a95e9be4446abb9e6bea4a99393,907041,True,True,False,True,False,PANORAMA_LOCAL,PRIMARY_MODEL_DEVELOPMENT,False,True,RADIOLOGY_NO_DOCUMENTED_FOLLOWUP,SIEMENS,AUXILIARY_AUTOMATIC_MASK_ONLY,False,False,False,train,4,Y0_M0_SSIEMENS,train,True,False,False,False,False
1479,101467,101467_00001,2015-04-11 00:00:00,077Y,77.0,F,TOSHIBA,non-PDAC,0,radiology,False,1,False,1,True,automatic,automatic_labels/101467_00001.nii.gz,01936985d9f46628688196f0cc58ecdf69ea9fdd,1161278,True,True,False,True,False,PANORAMA_LOCAL,PRIMARY_MODEL_DEVELOPMENT,False,True,RADIOLOGY_NO_DOCUMENTED_FOLLOWUP,TOSHIBA,AUXILIARY_AUTOMATIC_MASK_ONLY,False,False,False,validation,-1,Y0_M0_STOSHIBA,validation,False,True,True,False,False
1480,101468,101468_00001,2018-06-15 00:00:00,059Y,59.0,M,TOSHIBA,non-PDAC,0,radiology,False,1,False,1,True,automatic,automatic_labels/101468_00001.nii.gz,f6cb0cfb745b4086ffb7c2c69a7a4bade130942a,613922,True,True,False,True,False,PANORAMA_LOCAL,PRIMARY_MODEL_DEVELOPMENT,False,True,RADIOLOGY_NO_DOCUMENTED_FOLLOWUP,TOSHIBA,AUXILIARY_AUTOMATIC_MASK_ONLY,False,False,False,internal_test,-1,Y0_M0_STOSHIBA,internal_test,False,False,False,True,False
1481,101469,101469_00001,,,,,,non-PDAC,0,MSD_dataset,True,1,False,1,True,automatic,automatic_labels/101469_00001.nii.gz,3c44535365f8b389f56bfcafba1c94bcf9d9d84a,235062,True,True,False,True,False,MSD_EXTERNAL_MIXED,LOCKED_EXTERNAL_MIXED_TEST,True,False,MSD_DATASET_DERIVED,[MISSING],AUXILIARY_AUTOMATIC_MASK_ONLY,True,False,False,,-1,,external_msd_test,False,False,False,True,False
1482,101470,101470_00001,2016-12-12 00:00:00,085Y,85.0,M,TOSHIBA,non-PDAC,0,radiology,False,1,False,1,True,automatic,automatic_labels/101470_00001.nii.gz,6f48cbbd6ce56e444c9dccd4d61190a7e3fda8f5,390222,True,True,False,True,False,PANORAMA_LOCAL,PRIMARY_MODEL_DEVELOPMENT,False,True,RADIOLOGY_NO_DOCUMENTED_FOLLOWUP,TOSHIBA,AUXILIARY_AUTOMATIC_MASK_ONLY,False,False,False,train,0,Y0_M0_STOSHIBA,train,True,False,False,False,False
1483,101471,101471_00001,2017-10-27 00:00:00,039Y,39.0,F,TOSHIBA,non-PDAC,0,radiology,False,1,False,1,True,automatic,automatic_labels/101471_00001.nii.gz,b76e179823ae282f25916a3de22cd29692bf76e9,252097,True,True,False,True,False,PANORAMA_LOCAL,PRIMARY_MODEL_DEVELOPMENT,False,True,RADIOLOGY_NO_DOCUMENTED_FOLLOWUP,TOSHIBA,AUXILIARY_AUTOMATIC_MASK_ONLY,False,False,False,train,1,Y0_M0_STOSHIBA,train,True,False,False,False,False
1484,101472,101472_00001,2017-05-26 00:00:00,073Y,73.0,M,TOSHIBA,PDAC,1,radiology,False,1,False,1,True,manual,manual_labels/101472_00001.nii.gz,c7d7b2abe57da14d1820fe3863210848bd6e3e73,610776,True,True,True,False,True,PANORAMA_LOCAL,PRIMARY_MODEL_DEVELOPMENT,False,True,RADIOLOGY_NO_DOCUMENTED_FOLLOWUP,TOSHIBA,PRIMARY_MANUAL_PDAC_REFERENCE,False,False,False,train,0,Y1_M1_STOSHIBA,train,True,False,False,False,False
1485,101473,101473_00001,2015-11-30 00:00:00,089Y,89.0,F,SIEMENS,non-PDAC,0,radiology,False,1,False,1,True,automatic,automatic_labels/101473_00001.nii.gz,bb1a6e3f285c429aa0a5aaaa095d3e392a4f389f,520977,True,True,False,True,False,PANORAMA_LOCAL,PRIMARY_MODEL_DEVELOPMENT,False,True,RADIOLOGY_NO_DOCUMENTED_FOLLOWUP,SIEMENS,AUXILIARY_AUTOMATIC_MASK_ONLY,False,False,False,train,3,Y0_M0_SSIEMENS,train,True,False,False,False,False
1486,101474,101474_00001,2015-02-13 00:00:00,065Y,65.0,M,SIEMENS,non-PDAC,0,radiology,False,1,False,1,True,automatic,automatic_labels/101474_00001.nii.gz,dbc93bacefba0e9744623c33dd29d97b51bda730,378210,True,True,False,True,False,PANORAMA_LOCAL,PRIMARY_MODEL_DEVELOPMENT,False,True,RADIOLOGY_NO_DOCUMENTED_FOLLOWUP,SIEMENS,AUXILIARY_AUTOMATIC_MASK_ONLY,False,False,False,internal_test,-1,Y0_M0_SSIEMENS,internal_test,False,False,False,True,False
1487,101475,101475_00001,2018-04-21 00:00:00,069Y,69.0,F,Philips,PDAC,1,histopathology,False,1,False,1,True,manual,manual_labels/101475_00001.nii.gz,593bcc9bc14ef8de6baf027da7fce9a1adec20c2,251482,True,True,True,False,True,PANORAMA_LOCAL,PRIMARY_MODEL_DEVELOPMENT,False,True,TISSUE_CONFIRMED,Philips,PRIMARY_MANUAL_PDAC_REFERENCE,False,False,False,train,1,Y1_M1_SPhilips,train,True,False,False,False,False
1488,101476,101476_00001,2015-09-14 00:00:00,061Y,61.0,M,SIEMENS,non-PDAC,0,radiology,False,1,False,1,True,automatic,automatic_labels/101476_00001.nii.gz,f1c9098b8f78223d88899a53db38552312c86163,345190,True,True,False,True,False,PANORAMA_LOCAL,PRIMARY_MODEL_DEVELOPMENT,False,True,RADIOLOGY_NO_DOCUMENTED_FOLLOWUP,SIEMENS,AUXILIARY_AUTOMATIC_MASK_ONLY,False,False,False,train,0,Y0_M0_SSIEMENS,train,True,False,False,False,False
1489,101477,101477_00001,2016-05-29 00:00:00,082Y,82.0,F,Philips,non-PDAC,0,pathology,False,1,False,1,True,automatic,automatic_labels/101477_00001.nii.gz,dc53ff114ae3f169a0777c516f5ab22caaa62191,985466,True,True,False,True,False,PANORAMA_LOCAL,PRIMARY_MODEL_DEVELOPMENT,False,True,TISSUE_CONFIRMED,Philips,AUXILIARY_AUTOMATIC_MASK_ONLY,False,False,False,internal_test,-1,Y0_M0_SPhilips,internal_test,False,False,False,True,False
1490,101478,101478_00001,2018-05-07 00:00:00,043Y,43.0,F,Philips,PDAC,1,radiology,False,1,False,1,True,manual,manual_labels/101478_00001.nii.gz,4bdf31f4cfe195673f1e10fd62809c376390d74a,318941,True,True,True,False,True,PANORAMA_LOCAL,PRIMARY_MODEL_DEVELOPMENT,False,True,RADIOLOGY_NO_DOCUMENTED_FOLLOWUP,Philips,PRIMARY_MANUAL_PDAC_REFERENCE,False,False,False,train,1,Y1_M1_SPhilips,train,True,False,False,False,False
1491,101479,101479_00001,2017-07-27 00:00:00,029Y,29.0,M,SIEMENS,non-PDAC,0,radiology,False,1,False,1,True,automatic,automatic_labels/101479_00001.nii.gz,5ee73d553500c0d1d3e56f6f74e4cecb643cfb16,805957,True,True,False,True,False,PANORAMA_LOCAL,PRIMARY_MODEL_DEVELOPMENT,False,True,RADIOLOGY_NO_DOCUMENTED_FOLLOWUP,SIEMENS,AUXILIARY_AUTOMATIC_MASK_ONLY,False,False,False,validation,-1,Y0_M0_SSIEMENS,validation,False,True,True,False,False
1492,101480,101480_00001,2019-09-28 00:00:00,067Y,67.0,F,TOSHIBA,PDAC,1,histopathology,False,1,False,1,True,manual,manual_labels/101480_00001.nii.gz,5956b7a4ba7b57a51a80121dae406fc054c7a51c,1472410,True,True,True,False,True,PANORAMA_LOCAL,PRIMARY_MODEL_DEVELOPMENT,False,True,TISSUE_CONFIRMED,TOSHIBA,PRIMARY_MANUAL_PDAC_REFERENCE,False,False,False,train,0,Y1_M1_STOSHIBA,train,True,False,False,False,False
1493,101481,101481_00001,2019-06-05 00:00:00,069Y,69.0,M,SIEMENS,non-PDAC,0,radiology,False,1,False,1,True,automatic,automatic_labels/101481_00001.nii.gz,48236746e1a58b00a3d5fe2db497ce58b2a036e2,387545,True,True,False,True,False,PANORAMA_LOCAL,PRIMARY_MODEL_DEVELOPMENT,False,True,RADIOLOGY_NO_DOCUMENTED_FOLLOWUP,SIEMENS,AUXILIARY_AUTOMATIC_MASK_ONLY,False,False,False,train,4,Y0_M0_SSIEMENS,train,True,False,False,False,False
1494,101482,101482_00001,2021-01-16 00:00:00,076Y,76.0,M,Philips,PDAC,1,histopathology,False,1,False,1,True,manual,manual_labels/101482_00001.nii.gz,bb65c7a8bbdb3974ec8d50d863b7cb2dfbb3f00c,289430,True,True,True,False,True,PANORAMA_LOCAL,PRIMARY_MODEL_DEVELOPMENT,False,True,TISSUE_CONFIRMED,Philips,PRIMARY_MANUAL_PDAC_REFERENCE,False,False,False,internal_test,-1,Y1_M1_SPhilips,internal_test,False,False,False,True,True
1495,101483,101483_00001,2021-02-05 00:00:00,064Y,64.0,M,Philips,PDAC,1,cytology,False,1,False,1,True,manual,manual_labels/101483_00001.nii.gz,d4b2998b953dcb28c20bb67a76b88d444d5a68f9,70189,True,True,True,False,True,PANORAMA_LOCAL,PRIMARY_MODEL_DEVELOPMENT,False,True,CYTOLOGY_CONFIRMED,Philips,PRIMARY_MANUAL_PDAC_REFERENCE,False,False,False,train,2,Y1_M1_SPhilips,train,True,False,False,False,False
1496,101484,101484_00001,2015-02-14 00:00:00,043Y,43.0,M,SIEMENS,non-PDAC,0,radiology,False,1,False,1,True,automatic,automatic_labels/101484_00001.nii.gz,a54dc88ea6ad7a5d2273e07cc975af6e8d77d7f0,780330,True,True,False,True,False,PANORAMA_LOCAL,PRIMARY_MODEL_DEVELOPMENT,False,True,RADIOLOGY_NO_DOCUMENTED_FOLLOWUP,SIEMENS,AUXILIARY_AUTOMATIC_MASK_ONLY,False,False,False,train,1,Y0_M0_SSIEMENS,train,True,False,False,False,False
1497,101485,101485_00001,,,,,,PDAC,1,MSD_dataset,True,1,False,1,True,manual,manual_labels/101485_00001.nii.gz,cb76cb838c747df24e190a4be3b2d0078874ff12,53249,True,True,True,False,True,MSD_EXTERNAL_MIXED,LOCKED_EXTERNAL_MIXED_TEST,True,False,MSD_DATASET_DERIVED,[MISSING],PRIMARY_MANUAL_PDAC_REFERENCE,True,True,False,,-1,,external_msd_test,False,False,False,True,True
1498,101486,101486_00001,2016-01-14 00:00:00,063Y,63.0,F,TOSHIBA,non-PDAC,0,radiology,False,1,False,1,True,automatic,automatic_labels/101486_00001.nii.gz,f98b57aeff176d7211fddb94683acb6dfdb93dd9,345512,True,True,False,True,False,PANORAMA_LOCAL,PRIMARY_MODEL_DEVELOPMENT,False,True,RADIOLOGY_NO_DOCUMENTED_FOLLOWUP,TOSHIBA,AUXILIARY_AUTOMATIC_MASK_ONLY,False,False,False,train,1,Y0_M0_STOSHIBA,train,True,False,False,False,False
1499,101487,101487_00001,2016-11-04 00:00:00,053Y,53.0,M,TOSHIBA,non-PDAC,0,radiology,False,1,False,1,True,automatic,automatic_labels/101487_00001.nii.gz,cdc5f6f2df624d77176803046a085b879fc1717c,438905,True,True,False,True,False,PANORAMA_LOCAL,PRIMARY_MODEL_DEVELOPMENT,False,True,RADIOLOGY_NO_DOCUMENTED_FOLLOWUP,TOSHIBA,AUXILIARY_AUTOMATIC_MASK_ONLY,False,False,False,train,1,Y0_M0_STOSHIBA,train,True,False,False,False,False
1500,101488,101488_00001,2018-09-16 00:00:00,071Y,71.0,M,Philips,PDAC,1,histopathology,False,1,False,1,True,automatic,automatic_labels/101488_00001.nii.gz,9ca9633485a05ff10316ccb61682f3394af1ea38,348387,True,True,False,True,False,PANORAMA_LOCAL,PRIMARY_MODEL_DEVELOPMENT,False,True,TISSUE_CONFIRMED,Philips,AUXILIARY_AUTOMATIC_MASK_ONLY,False,False,False,train,0,Y1_M0_SPhilips,train,True,False,False,False,False
1501,101489,101489_00001,2020-10-11 00:00:00,072Y,72.0,M,SIEMENS,non-PDAC,0,pathology,False,1,False,1,True,automatic,automatic_labels/101489_00001.nii.gz,5af091a51868c8cbaaea13d44182474f1824312e,1274457,True,True,False,True,False,PANORAMA_LOCAL,PRIMARY_MODEL_DEVELOPMENT,False,True,TISSUE_CONFIRMED,SIEMENS,AUXILIARY_AUTOMATIC_MASK_ONLY,False,False,False,train,1,Y0_M0_SSIEMENS,train,True,False,False,False,False
1502,101490,101490_00001,2015-02-16 00:00:00,049Y,49.0,M,TOSHIBA,non-PDAC,0,radiology,False,1,False,1,True,automatic,automatic_labels/101490_00001.nii.gz,c415d9b2d55b13c78a3a01cadedf68861a9b4ad6,435334,True,True,False,True,False,PANORAMA_LOCAL,PRIMARY_MODEL_DEVELOPMENT,False,True,RADIOLOGY_NO_DOCUMENTED_FOLLOWUP,TOSHIBA,AUXILIARY_AUTOMATIC_MASK_ONLY,False,False,False,train,3,Y0_M0_STOSHIBA,train,True,False,False,False,False
1503,101491,101491_00001,2014-12-18 00:00:00,076Y,76.0,M,TOSHIBA,non-PDAC,0,radiology,False,1,False,1,True,automatic,automatic_labels/101491_00001.nii.gz,8c0122a724bed2bebf48cdeb72b9d9e8efd521c4,334417,True,True,False,True,False,PANORAMA_LOCAL,PRIMARY_MODEL_DEVELOPMENT,False,True,RADIOLOGY_NO_DOCUMENTED_FOLLOWUP,TOSHIBA,AUXILIARY_AUTOMATIC_MASK_ONLY,False,False,False,train,3,Y0_M0_STOSHIBA,train,True,False,False,False,False
1504,101492,101492_00001,2014-09-23 00:00:00,071Y,71.0,F,SIEMENS,non-PDAC,0,radiology,False,1,False,1,True,automatic,automatic_labels/101492_00001.nii.gz,19d16b1b201862a9cc2ae1d546e2139f806441b0,639732,True,True,False,True,False,PANORAMA_LOCAL,PRIMARY_MODEL_DEVELOPMENT,False,True,RADIOLOGY_NO_DOCUMENTED_FOLLOWUP,SIEMENS,AUXILIARY_AUTOMATIC_MASK_ONLY,False,False,False,train,1,Y0_M0_SSIEMENS,train,True,False,False,False,False
1505,101493,101493_00001,2018-12-05 00:00:00,044Y,44.0,F,TOSHIBA,non-PDAC,0,radiology,False,1,False,1,True,automatic,automatic_labels/101493_00001.nii.gz,bbbd3594dae195ea029d88bcf6e2291bf9e40c78,201647,True,True,False,True,False,PANORAMA_LOCAL,PRIMARY_MODEL_DEVELOPMENT,False,True,RADIOLOGY_NO_DOCUMENTED_FOLLOWUP,TOSHIBA,AUXILIARY_AUTOMATIC_MASK_ONLY,False,False,False,train,3,Y0_M0_STOSHIBA,train,True,False,False,False,False
1506,101494,101494_00001,2018-07-06 00:00:00,077Y,77.0,M,TOSHIBA,non-PDAC,0,radiology,False,1,False,1,True,automatic,automatic_labels/101494_00001.nii.gz,f8362341add684e25c34d82001864d848dd56bd2,458338,True,True,False,True,False,PANORAMA_LOCAL,PRIMARY_MODEL_DEVELOPMENT,False,True,RADIOLOGY_NO_DOCUMENTED_FOLLOWUP,TOSHIBA,AUXILIARY_AUTOMATIC_MASK_ONLY,False,False,False,train,3,Y0_M0_STOSHIBA,train,True,False,False,False,False
1507,101495,101495_00001,2017-07-11 00:00:00,052Y,52.0,M,TOSHIBA,non-PDAC,0,radiology,False,1,False,1,True,automatic,automatic_labels/101495_00001.nii.gz,83c6720d07567d01694d09e1a83834685fa28933,627433,True,True,False,True,False,PANORAMA_LOCAL,PRIMARY_MODEL_DEVELOPMENT,False,True,RADIOLOGY_NO_DOCUMENTED_FOLLOWUP,TOSHIBA,AUXILIARY_AUTOMATIC_MASK_ONLY,False,False,False,train,1,Y0_M0_STOSHIBA,train,True,False,False,False,False
1508,101496,101496_00001,,,,,,PDAC,1,MSD_dataset,True,1,False,1,True,manual,manual_labels/101496_00001.nii.gz,d007079991c1066dd040aabf5f3fa466c800b46c,61170,True,True,True,False,True,MSD_EXTERNAL_MIXED,LOCKED_EXTERNAL_MIXED_TEST,True,False,MSD_DATASET_DERIVED,[MISSING],PRIMARY_MANUAL_PDAC_REFERENCE,True,True,False,,-1,,external_msd_test,False,False,False,True,True
1509,101497,101497_00001,2016-10-27 00:00:00,082Y,82.0,M,GE MEDICAL SYSTEMS,non-PDAC,0,pathology,False,1,False,1,True,automatic,automatic_labels/101497_00001.nii.gz,92eb61f0903f4d4480cdf9686d8d8969c5b3d8fc,2134501,True,True,False,True,False,PANORAMA_LOCAL,PRIMARY_MODEL_DEVELOPMENT,False,True,TISSUE_CONFIRMED,GE MEDICAL SYSTEMS,AUXILIARY_AUTOMATIC_MASK_ONLY,False,False,False,train,1,Y0_M0_SGE MEDICAL SYSTEMS,train,True,False,False,False,False
1510,101498,101498_00001,2014-02-11 00:00:00,074Y,74.0,F,SIEMENS,non-PDAC,0,radiology,False,1,False,1,True,automatic,automatic_labels/101498_00001.nii.gz,475b3993a7e035c02dc10ba6c00bccff528af15e,658808,True,True,False,True,False,PANORAMA_LOCAL,PRIMARY_MODEL_DEVELOPMENT,False,True,RADIOLOGY_NO_DOCUMENTED_FOLLOWUP,SIEMENS,AUXILIARY_AUTOMATIC_MASK_ONLY,False,False,False,train,4,Y0_M0_SSIEMENS,train,True,False,False,False,False
1511,101499,101499_00001,2016-12-03 00:00:00,069Y,69.0,M,SIEMENS,non-PDAC,0,radiology,False,1,False,1,True,automatic,automatic_labels/101499_00001.nii.gz,af2696bd4222598397922ff82e46a25f972108fa,672714,True,True,False,True,False,PANORAMA_LOCAL,PRIMARY_MODEL_DEVELOPMENT,False,True,RADIOLOGY_NO_DOCUMENTED_FOLLOWUP,SIEMENS,AUXILIARY_AUTOMATIC_MASK_ONLY,False,False,False,train,3,Y0_M0_SSIEMENS,train,True,False,False,False,False
1512,101500,101500_00001,2016-08-28 00:00:00,043Y,43.0,M,SIEMENS,non-PDAC,0,radiology,False,1,False,1,True,automatic,automatic_labels/101500_00001.nii.gz,83c7d3be539b2add6538d939523c9fb4bc4b1cae,699208,True,True,False,True,False,PANORAMA_LOCAL,PRIMARY_MODEL_DEVELOPMENT,False,True,RADIOLOGY_NO_DOCUMENTED_FOLLOWUP,SIEMENS,AUXILIARY_AUTOMATIC_MASK_ONLY,False,False,False,train,0,Y0_M0_SSIEMENS,train,True,False,False,False,False
1513,101501,101501_00001,2016-10-01 00:00:00,061Y,61.0,M,Philips,PDAC,1,histopathology,False,1,False,1,True,manual,manual_labels/101501_00001.nii.gz,6ebef1934d3320876827d5630a49f0cba179b35e,256632,True,True,True,False,True,PANORAMA_LOCAL,PRIMARY_MODEL_DEVELOPMENT,False,True,TISSUE_CONFIRMED,Philips,PRIMARY_MANUAL_PDAC_REFERENCE,False,False,False,validation,-1,Y1_M1_SPhilips,validation,False,True,True,False,False
1514,101502,101502_00001,2016-03-18 00:00:00,065Y,65.0,M,TOSHIBA,non-PDAC,0,radiology,False,1,False,1,True,automatic,automatic_labels/101502_00001.nii.gz,03e03c91169e7b16b3184720dde7bbdc5706cad9,1758418,True,True,False,True,False,PANORAMA_LOCAL,PRIMARY_MODEL_DEVELOPMENT,False,True,RADIOLOGY_NO_DOCUMENTED_FOLLOWUP,TOSHIBA,AUXILIARY_AUTOMATIC_MASK_ONLY,False,False,False,validation,-1,Y0_M0_STOSHIBA,validation,False,True,True,False,False
1515,101503,101503_00001,2019-11-24 00:00:00,046Y,46.0,M,SIEMENS,PDAC,1,cytology,False,1,False,1,True,automatic,automatic_labels/101503_00001.nii.gz,0b20837111b2063e47c581c9e7e5c6551d709a3d,303057,True,True,False,True,False,PANORAMA_LOCAL,PRIMARY_MODEL_DEVELOPMENT,False,True,CYTOLOGY_CONFIRMED,SIEMENS,AUXILIARY_AUTOMATIC_MASK_ONLY,False,False,False,train,3,Y1_M0_SSIEMENS,train,True,False,False,False,False
1516,101504,101504_00001,2015-12-11 00:00:00,071Y,71.0,M,SIEMENS,non-PDAC,0,radiology,False,1,False,1,True,automatic,automatic_labels/101504_00001.nii.gz,b576b99b11d9e024ba995a5d0c7a95c0c24f926f,654230,True,True,False,True,False,PANORAMA_LOCAL,PRIMARY_MODEL_DEVELOPMENT,False,True,RADIOLOGY_NO_DOCUMENTED_FOLLOWUP,SIEMENS,AUXILIARY_AUTOMATIC_MASK_ONLY,False,False,False,train,0,Y0_M0_SSIEMENS,train,True,False,False,False,False
1517,101505,101505_00001,2014-08-16 00:00:00,074Y,74.0,M,Philips,PDAC,1,histopathology,False,1,False,1,True,manual,manual_labels/101505_00001.nii.gz,a6b267fbdfeef150a9ed433a79e3b61626a216a8,98230,True,True,True,False,True,PANORAMA_LOCAL,PRIMARY_MODEL_DEVELOPMENT,False,True,TISSUE_CONFIRMED,Philips,PRIMARY_MANUAL_PDAC_REFERENCE,False,False,False,train,1,Y1_M1_SPhilips,train,True,False,False,False,False
1518,101506,101506_00001,2014-09-11 00:00:00,059Y,59.0,M,SIEMENS,non-PDAC,0,histopathology,False,1,False,1,True,automatic,automatic_labels/101506_00001.nii.gz,fac4718b01db63ba2687703d3a88daad10b32820,321782,True,True,False,True,False,PANORAMA_LOCAL,PRIMARY_MODEL_DEVELOPMENT,False,True,TISSUE_CONFIRMED,SIEMENS,AUXILIARY_AUTOMATIC_MASK_ONLY,False,False,False,train,0,Y0_M0_SSIEMENS,train,True,False,False,False,False
1519,101507,101507_00001,2014-04-29 00:00:00,064Y,64.0,M,SIEMENS,non-PDAC,0,radiology,False,1,False,1,True,automatic,automatic_labels/101507_00001.nii.gz,47e861994682a1d9636f50c420e8f15fcde72b6b,265171,True,True,False,True,False,PANORAMA_LOCAL,PRIMARY_MODEL_DEVELOPMENT,False,True,RADIOLOGY_NO_DOCUMENTED_FOLLOWUP,SIEMENS,AUXILIARY_AUTOMATIC_MASK_ONLY,False,False,False,train,2,Y0_M0_SSIEMENS,train,True,False,False,False,False
1520,101508,101508_00001,2017-06-29 00:00:00,078Y,78.0,F,SIEMENS,PDAC,1,cytology,False,1,False,1,True,manual,manual_labels/101508_00001.nii.gz,c3ed43c653dc42288748b4081df34408ce240fe3,875649,True,True,True,False,True,PANORAMA_LOCAL,PRIMARY_MODEL_DEVELOPMENT,False,True,CYTOLOGY_CONFIRMED,SIEMENS,PRIMARY_MANUAL_PDAC_REFERENCE,False,False,False,train,0,Y1_M1_SSIEMENS,train,True,False,False,False,False
1521,101509,101509_00001,2021-02-26 00:00:00,061Y,61.0,F,SIEMENS,PDAC,1,histopathology,False,1,False,1,True,manual,manual_labels/101509_00001.nii.gz,725ca9736b8d21ff0b6b9f065b908f52be5f364f,81793,True,True,True,False,True,PANORAMA_LOCAL,PRIMARY_MODEL_DEVELOPMENT,False,True,TISSUE_CONFIRMED,SIEMENS,PRIMARY_MANUAL_PDAC_REFERENCE,False,False,False,train,0,Y1_M1_SSIEMENS,train,True,False,False,False,False
1522,101510,101510_00001,2016-08-21 00:00:00,085Y,85.0,M,TOSHIBA,non-PDAC,0,radiology,False,1,False,1,True,automatic,automatic_labels/101510_00001.nii.gz,9f0d65ffcda93e15cf38c9d34e91f57675ef0c03,612124,True,True,False,True,False,PANORAMA_LOCAL,PRIMARY_MODEL_DEVELOPMENT,False,True,RADIOLOGY_NO_DOCUMENTED_FOLLOWUP,TOSHIBA,AUXILIARY_AUTOMATIC_MASK_ONLY,False,False,False,validation,-1,Y0_M0_STOSHIBA,validation,False,True,True,False,False
1523,101511,101511_00001,2018-07-24 00:00:00,075Y,75.0,F,TOSHIBA,non-PDAC,0,radiology,False,1,False,1,True,automatic,automatic_labels/101511_00001.nii.gz,99f3a1e764e807642e7645fac93070ac535ac538,346968,True,True,False,True,False,PANORAMA_LOCAL,PRIMARY_MODEL_DEVELOPMENT,False,True,RADIOLOGY_NO_DOCUMENTED_FOLLOWUP,TOSHIBA,AUXILIARY_AUTOMATIC_MASK_ONLY,False,False,False,train,4,Y0_M0_STOSHIBA,train,True,False,False,False,False
1524,101512,101512_00001,2013-08-28 00:00:00,078Y,78.0,F,TOSHIBA,PDAC,1,pathology,False,1,False,1,True,manual,manual_labels/101512_00001.nii.gz,b455a70503d461813f5f5404df5c29b25fbf1de2,295416,True,True,True,False,True,PANORAMA_LOCAL,PRIMARY_MODEL_DEVELOPMENT,False,True,TISSUE_CONFIRMED,TOSHIBA,PRIMARY_MANUAL_PDAC_REFERENCE,False,False,False,train,0,Y1_M1_STOSHIBA,train,True,False,False,False,False
1525,101513,101513_00001,2016-01-04 00:00:00,066Y,66.0,M,SIEMENS,non-PDAC,0,radiology,False,1,False,1,True,automatic,automatic_labels/101513_00001.nii.gz,edea935f6919641a2de26c1b6d7042e7bb0f8902,600017,True,True,False,True,False,PANORAMA_LOCAL,PRIMARY_MODEL_DEVELOPMENT,False,True,RADIOLOGY_NO_DOCUMENTED_FOLLOWUP,SIEMENS,AUXILIARY_AUTOMATIC_MASK_ONLY,False,False,False,train,0,Y0_M0_SSIEMENS,train,True,False,False,False,False
1526,101514,101514_00001,2020-03-27 00:00:00,057Y,57.0,M,Philips,non-PDAC,0,cytology,False,1,False,1,True,automatic,automatic_labels/101514_00001.nii.gz,db7321f4b675e14074578141223c6f42c27780c1,670649,True,True,False,True,False,PANORAMA_LOCAL,PRIMARY_MODEL_DEVELOPMENT,False,True,CYTOLOGY_CONFIRMED,Philips,AUXILIARY_AUTOMATIC_MASK_ONLY,False,False,False,train,1,Y0_M0_SPhilips,train,True,False,False,False,False
1527,101515,101515_00001,2017-10-26 00:00:00,061Y,61.0,M,TOSHIBA,non-PDAC,0,radiology,False,1,False,1,True,automatic,automatic_labels/101515_00001.nii.gz,3c5374941028fec22261de43ac7fd5da565252c9,592093,True,True,False,True,False,PANORAMA_LOCAL,PRIMARY_MODEL_DEVELOPMENT,False,True,RADIOLOGY_NO_DOCUMENTED_FOLLOWUP,TOSHIBA,AUXILIARY_AUTOMATIC_MASK_ONLY,False,False,False,train,4,Y0_M0_STOSHIBA,train,True,False,False,False,False
1528,101516,101516_00001,2016-11-22 00:00:00,059Y,59.0,M,TOSHIBA,non-PDAC,0,radiology,False,1,False,1,True,automatic,automatic_labels/101516_00001.nii.gz,06b7bfd568644de79162a30483c70b0d8402ae58,583319,True,True,False,True,False,PANORAMA_LOCAL,PRIMARY_MODEL_DEVELOPMENT,False,True,RADIOLOGY_NO_DOCUMENTED_FOLLOWUP,TOSHIBA,AUXILIARY_AUTOMATIC_MASK_ONLY,False,False,False,train,2,Y0_M0_STOSHIBA,train,True,False,False,False,False
1529,101517,101517_00001,2014-07-13 00:00:00,074Y,74.0,M,SIEMENS,PDAC,1,pathology,False,1,False,1,True,manual,manual_labels/101517_00001.nii.gz,dbed52e5e82b7fb036b9a6a036cf9f8590a68b83,111506,True,True,True,False,True,PANORAMA_LOCAL,PRIMARY_MODEL_DEVELOPMENT,False,True,TISSUE_CONFIRMED,SIEMENS,PRIMARY_MANUAL_PDAC_REFERENCE,False,False,False,train,1,Y1_M1_SSIEMENS,train,True,False,False,False,False
1530,101518,101518_00001,2015-11-25 00:00:00,064Y,64.0,M,SIEMENS,non-PDAC,0,radiology,False,1,False,1,True,automatic,automatic_labels/101518_00001.nii.gz,8da92398ecf7f3a5679f05054ae5c7109c72bb5b,566651,True,True,False,True,False,PANORAMA_LOCAL,PRIMARY_MODEL_DEVELOPMENT,False,True,RADIOLOGY_NO_DOCUMENTED_FOLLOWUP,SIEMENS,AUXILIARY_AUTOMATIC_MASK_ONLY,False,False,False,train,4,Y0_M0_SSIEMENS,train,True,False,False,False,False
1531,101519,101519_00001,2015-05-17 00:00:00,091Y,91.0,F,SIEMENS,non-PDAC,0,radiology,False,1,False,1,True,automatic,automatic_labels/101519_00001.nii.gz,3050cd4291c5e92c9bd5033ac45166e96024fbc6,561050,True,True,False,True,False,PANORAMA_LOCAL,PRIMARY_MODEL_DEVELOPMENT,False,True,RADIOLOGY_NO_DOCUMENTED_FOLLOWUP,SIEMENS,AUXILIARY_AUTOMATIC_MASK_ONLY,False,False,False,validation,-1,Y0_M0_SSIEMENS,validation,False,True,True,False,False
1532,101520,101520_00001,2016-07-03 00:00:00,057Y,57.0,F,SIEMENS,non-PDAC,0,radiology,False,1,False,1,True,automatic,automatic_labels/101520_00001.nii.gz,8f7f7c50960c05cdd6c7e446947cdff8ab38d081,663093,True,True,False,True,False,PANORAMA_LOCAL,PRIMARY_MODEL_DEVELOPMENT,False,True,RADIOLOGY_NO_DOCUMENTED_FOLLOWUP,SIEMENS,AUXILIARY_AUTOMATIC_MASK_ONLY,False,False,False,train,0,Y0_M0_SSIEMENS,train,True,False,False,False,False
1533,101521,101521_00001,2013-06-29 00:00:00,083Y,83.0,F,SIEMENS,PDAC,1,pathology,False,1,False,1,True,manual,manual_labels/101521_00001.nii.gz,e90e12c0ecf11210bc88c796cba94fdf62fe457f,674340,True,True,True,False,True,PANORAMA_LOCAL,PRIMARY_MODEL_DEVELOPMENT,False,True,TISSUE_CONFIRMED,SIEMENS,PRIMARY_MANUAL_PDAC_REFERENCE,False,False,False,train,2,Y1_M1_SSIEMENS,train,True,False,False,False,False
1534,101522,101522_00001,2016-05-18 00:00:00,079Y,79.0,M,SIEMENS,non-PDAC,0,radiology,False,1,False,1,True,automatic,automatic_labels/101522_00001.nii.gz,1cac351362716d7617b98886a2d446cfa6a47f64,435710,True,True,False,True,False,PANORAMA_LOCAL,PRIMARY_MODEL_DEVELOPMENT,False,True,RADIOLOGY_NO_DOCUMENTED_FOLLOWUP,SIEMENS,AUXILIARY_AUTOMATIC_MASK_ONLY,False,False,False,train,4,Y0_M0_SSIEMENS,train,True,False,False,False,False
1535,101523,101523_00001,2017-05-25 00:00:00,062Y,62.0,M,TOSHIBA,non-PDAC,0,radiology,False,1,False,1,True,automatic,automatic_labels/101523_00001.nii.gz,448c0340894d19abfe4e5d6b3ead4db1311d6f56,1734678,True,True,False,True,False,PANORAMA_LOCAL,PRIMARY_MODEL_DEVELOPMENT,False,True,RADIOLOGY_NO_DOCUMENTED_FOLLOWUP,TOSHIBA,AUXILIARY_AUTOMATIC_MASK_ONLY,False,False,False,train,0,Y0_M0_STOSHIBA,train,True,False,False,False,False
1536,101524,101524_00001,2018-02-22 00:00:00,060Y,60.0,F,SIEMENS,non-PDAC,0,radiology,False,1,False,1,True,automatic,automatic_labels/101524_00001.nii.gz,27a35f64cb9ca544a3e441b66f7c0deb69397bf1,502321,True,True,False,True,False,PANORAMA_LOCAL,PRIMARY_MODEL_DEVELOPMENT,False,True,RADIOLOGY_NO_DOCUMENTED_FOLLOWUP,SIEMENS,AUXILIARY_AUTOMATIC_MASK_ONLY,False,False,False,train,0,Y0_M0_SSIEMENS,train,True,False,False,False,False
1537,101525,101525_00001,2014-04-12 00:00:00,042Y,42.0,M,SIEMENS,non-PDAC,0,radiology,False,1,False,1,True,automatic,automatic_labels/101525_00001.nii.gz,025bb84a8a815fe52a72e946c79b19f29908a167,267053,True,True,False,True,False,PANORAMA_LOCAL,PRIMARY_MODEL_DEVELOPMENT,False,True,RADIOLOGY_NO_DOCUMENTED_FOLLOWUP,SIEMENS,AUXILIARY_AUTOMATIC_MASK_ONLY,False,False,False,train,3,Y0_M0_SSIEMENS,train,True,False,False,False,False
1538,101526,101526_00001,,,,,,non-PDAC,0,MSD_dataset,True,1,False,1,True,automatic,automatic_labels/101526_00001.nii.gz,37453ddaf9bee714f9543b7d59c7cd5c1e4492a9,198664,True,True,False,True,False,MSD_EXTERNAL_MIXED,LOCKED_EXTERNAL_MIXED_TEST,True,False,MSD_DATASET_DERIVED,[MISSING],AUXILIARY_AUTOMATIC_MASK_ONLY,True,False,False,,-1,,external_msd_test,False,False,False,True,False
1539,101527,101527_00001,2016-08-21 00:00:00,069Y,69.0,M,TOSHIBA,non-PDAC,0,cytology,False,1,False,1,True,automatic,automatic_labels/101527_00001.nii.gz,2130dac72508cb587e7888f0db23ffbcf8f0c647,1033067,True,True,False,True,False,PANORAMA_LOCAL,PRIMARY_MODEL_DEVELOPMENT,False,True,CYTOLOGY_CONFIRMED,TOSHIBA,AUXILIARY_AUTOMATIC_MASK_ONLY,False,False,False,validation,-1,Y0_M0_STOSHIBA,validation,False,True,True,False,False
1540,101528,101528_00001,2018-11-07 00:00:00,052Y,52.0,F,TOSHIBA,non-PDAC,0,radiology,False,1,False,1,True,automatic,automatic_labels/101528_00001.nii.gz,5d9834442acf190f7620bb04d96c7164f440b0f2,351420,True,True,False,True,False,PANORAMA_LOCAL,PRIMARY_MODEL_DEVELOPMENT,False,True,RADIOLOGY_NO_DOCUMENTED_FOLLOWUP,TOSHIBA,AUXILIARY_AUTOMATIC_MASK_ONLY,False,False,False,train,0,Y0_M0_STOSHIBA,train,True,False,False,False,False
1541,101529,101529_00001,2017-11-13 00:00:00,079Y,79.0,M,SIEMENS,non-PDAC,0,cytology,False,1,False,1,True,automatic,automatic_labels/101529_00001.nii.gz,df19d8bf5b3830c193edda4adc96ff78fd4ac89b,625898,True,True,False,True,False,PANORAMA_LOCAL,PRIMARY_MODEL_DEVELOPMENT,False,True,CYTOLOGY_CONFIRMED,SIEMENS,AUXILIARY_AUTOMATIC_MASK_ONLY,False,False,False,train,4,Y0_M0_SSIEMENS,train,True,False,False,False,False
1542,101530,101530_00001,2016-11-14 00:00:00,073Y,73.0,F,Philips,PDAC,1,histopathology,False,1,False,1,True,manual,manual_labels/101530_00001.nii.gz,480eaba3e535119816a0259a5d26cef326539011,81736,True,True,True,False,True,PANORAMA_LOCAL,PRIMARY_MODEL_DEVELOPMENT,False,True,TISSUE_CONFIRMED,Philips,PRIMARY_MANUAL_PDAC_REFERENCE,False,False,False,train,2,Y1_M1_SPhilips,train,True,False,False,False,False
1543,101531,101531_00001,2018-08-17 00:00:00,064Y,64.0,M,TOSHIBA,non-PDAC,0,radiology,False,1,False,1,True,automatic,automatic_labels/101531_00001.nii.gz,031b3aeb532827dea4a70551c4395dacf09f8d42,1839230,True,True,False,True,False,PANORAMA_LOCAL,PRIMARY_MODEL_DEVELOPMENT,False,True,RADIOLOGY_NO_DOCUMENTED_FOLLOWUP,TOSHIBA,AUXILIARY_AUTOMATIC_MASK_ONLY,False,False,False,train,0,Y0_M0_STOSHIBA,train,True,False,False,False,False
1544,101532,101532_00001,2015-06-13 00:00:00,073Y,73.0,F,SIEMENS,PDAC,1,radiology,False,1,False,1,True,manual,manual_labels/101532_00001.nii.gz,25dccf0c78c786e2068098f68bbaf516d61e3029,272633,True,True,True,False,True,PANORAMA_LOCAL,PRIMARY_MODEL_DEVELOPMENT,False,True,RADIOLOGY_NO_DOCUMENTED_FOLLOWUP,SIEMENS,PRIMARY_MANUAL_PDAC_REFERENCE,False,False,False,validation,-1,Y1_M1_SSIEMENS,validation,False,True,True,False,False
1545,101533,101533_00001,2019-02-01 00:00:00,068Y,68.0,F,Philips,PDAC,1,radiology,False,1,False,1,True,automatic,automatic_labels/101533_00001.nii.gz,5f6b16d728b8c77231b142adc88ffc84ea79818c,1389298,True,True,False,True,False,PANORAMA_LOCAL,PRIMARY_MODEL_DEVELOPMENT,False,True,RADIOLOGY_NO_DOCUMENTED_FOLLOWUP,Philips,AUXILIARY_AUTOMATIC_MASK_ONLY,False,False,False,train,1,Y1_M0_SPhilips,train,True,False,False,False,False
1546,101534,101534_00001,2017-08-24 00:00:00,060Y,60.0,M,TOSHIBA,PDAC,1,radiology,False,1,False,1,True,automatic,automatic_labels/101534_00001.nii.gz,96936d1451d5a2d5d1d3b0b7be73c775686fccb4,244059,True,True,False,True,False,PANORAMA_LOCAL,PRIMARY_MODEL_DEVELOPMENT,False,True,RADIOLOGY_NO_DOCUMENTED_FOLLOWUP,TOSHIBA,AUXILIARY_AUTOMATIC_MASK_ONLY,False,False,False,train,0,Y1_M0_STOSHIBA,train,True,False,False,False,False
1547,101535,101535_00001,2015-11-12 00:00:00,066Y,66.0,F,SIEMENS,non-PDAC,0,radiology,False,1,False,1,True,automatic,automatic_labels/101535_00001.nii.gz,360c350cb2f78d77d50ba0bdec9206b0fdf1a2c7,731154,True,True,False,True,False,PANORAMA_LOCAL,PRIMARY_MODEL_DEVELOPMENT,False,True,RADIOLOGY_NO_DOCUMENTED_FOLLOWUP,SIEMENS,AUXILIARY_AUTOMATIC_MASK_ONLY,False,False,False,train,2,Y0_M0_SSIEMENS,train,True,False,False,False,False
1548,101536,101536_00001,,,,,,PDAC,1,MSD_dataset,True,1,False,1,True,manual,manual_labels/101536_00001.nii.gz,34cb5cbcca2ab282ce5c7421dc0e359d77583853,232286,True,True,True,False,True,MSD_EXTERNAL_MIXED,LOCKED_EXTERNAL_MIXED_TEST,True,False,MSD_DATASET_DERIVED,[MISSING],PRIMARY_MANUAL_PDAC_REFERENCE,True,True,False,,-1,,external_msd_test,False,False,False,True,True
1549,101537,101537_00001,2015-11-17 00:00:00,068Y,68.0,M,TOSHIBA,PDAC,1,pathology,False,1,False,1,True,manual,manual_labels/101537_00001.nii.gz,cbbf926dfbfdfecd3774168753cbd88f214f6358,312509,True,True,True,False,True,PANORAMA_LOCAL,PRIMARY_MODEL_DEVELOPMENT,False,True,TISSUE_CONFIRMED,TOSHIBA,PRIMARY_MANUAL_PDAC_REFERENCE,False,False,False,train,3,Y1_M1_STOSHIBA,train,True,False,False,False,False
1550,101538,101538_00001,,,,,,PDAC,1,MSD_dataset,True,1,False,1,True,manual,manual_labels/101538_00001.nii.gz,a72d6a44b3c0a1865aba3dfc5ea170a7deeae287,168276,True,True,True,False,True,MSD_EXTERNAL_MIXED,LOCKED_EXTERNAL_MIXED_TEST,True,False,MSD_DATASET_DERIVED,[MISSING],PRIMARY_MANUAL_PDAC_REFERENCE,True,True,False,,-1,,external_msd_test,False,False,False,True,True
1551,101539,101539_00001,2016-06-05 00:00:00,031Y,31.0,F,SIEMENS,non-PDAC,0,radiology,False,1,False,1,True,automatic,automatic_labels/101539_00001.nii.gz,d90c5f5456ebd0c3a8fc1b9e11f401ff4c949197,289212,True,True,False,True,False,PANORAMA_LOCAL,PRIMARY_MODEL_DEVELOPMENT,False,True,RADIOLOGY_NO_DOCUMENTED_FOLLOWUP,SIEMENS,AUXILIARY_AUTOMATIC_MASK_ONLY,False,False,False,train,4,Y0_M0_SSIEMENS,train,True,False,False,False,False
1552,101540,101540_00001,2007-07-21 00:00:00,068Y,68.0,M,SIEMENS,PDAC,1,histopathology,False,1,False,1,True,manual,manual_labels/101540_00001.nii.gz,5cc693b57b2dc7443e4a91a40715359e4b452241,163294,True,True,True,False,True,PANORAMA_LOCAL,PRIMARY_MODEL_DEVELOPMENT,False,True,TISSUE_CONFIRMED,SIEMENS,PRIMARY_MANUAL_PDAC_REFERENCE,False,False,False,train,0,Y1_M1_SSIEMENS,train,True,False,False,False,False
1553,101541,101541_00001,2017-09-22 00:00:00,069Y,69.0,M,Philips,PDAC,1,histopathology,False,1,False,1,True,manual,manual_labels/101541_00001.nii.gz,c04507501108f2a0ecd1e549874c1bdf8ab16a15,97230,True,True,True,False,True,PANORAMA_LOCAL,PRIMARY_MODEL_DEVELOPMENT,False,True,TISSUE_CONFIRMED,Philips,PRIMARY_MANUAL_PDAC_REFERENCE,False,False,False,validation,-1,Y1_M1_SPhilips,validation,False,True,True,False,False
1554,101542,101542_00001,2015-07-29 00:00:00,072Y,72.0,M,TOSHIBA,non-PDAC,0,radiology,False,1,False,1,True,automatic,automatic_labels/101542_00001.nii.gz,3c547996eb30ca7fe992dd976b170478f752b738,351614,True,True,False,True,False,PANORAMA_LOCAL,PRIMARY_MODEL_DEVELOPMENT,False,True,RADIOLOGY_NO_DOCUMENTED_FOLLOWUP,TOSHIBA,AUXILIARY_AUTOMATIC_MASK_ONLY,False,False,False,train,0,Y0_M0_STOSHIBA,train,True,False,False,False,False
1555,101543,101543_00001,2018-01-18 00:00:00,060Y,60.0,F,Philips,PDAC,1,cytology,False,1,False,1,True,automatic,automatic_labels/101543_00001.nii.gz,467ce8c8b1897104b38437b189a3a3c33975ce39,877060,True,True,False,True,False,PANORAMA_LOCAL,PRIMARY_MODEL_DEVELOPMENT,False,True,CYTOLOGY_CONFIRMED,Philips,AUXILIARY_AUTOMATIC_MASK_ONLY,False,False,False,train,0,Y1_M0_SPhilips,train,True,False,False,False,False
1556,101544,101544_00001,2014-08-13 00:00:00,081Y,81.0,F,SIEMENS,non-PDAC,0,radiology,False,1,False,1,True,automatic,automatic_labels/101544_00001.nii.gz,77c2c4e7a3e00c09d189884b72886041f7618c84,264641,True,True,False,True,False,PANORAMA_LOCAL,PRIMARY_MODEL_DEVELOPMENT,False,True,RADIOLOGY_NO_DOCUMENTED_FOLLOWUP,SIEMENS,AUXILIARY_AUTOMATIC_MASK_ONLY,False,False,False,train,1,Y0_M0_SSIEMENS,train,True,False,False,False,False
1557,101545,101545_00001,2022-01-18 00:00:00,065Y,65.0,M,Philips,PDAC,1,histopathology,False,1,False,1,True,automatic,automatic_labels/101545_00001.nii.gz,183a54a9422bcd3174ee0fc84daa398c81fd37ea,920815,True,True,False,True,False,PANORAMA_LOCAL,PRIMARY_MODEL_DEVELOPMENT,False,True,TISSUE_CONFIRMED,Philips,AUXILIARY_AUTOMATIC_MASK_ONLY,False,False,False,train,4,Y1_M0_SPhilips,train,True,False,False,False,False
1558,101546,101546_00001,2015-04-15 00:00:00,062Y,62.0,F,SIEMENS,non-PDAC,0,radiology,False,1,False,1,True,automatic,automatic_labels/101546_00001.nii.gz,5abc446c5d9396cb06b17908d4417fa37b8d5993,1151904,True,True,False,True,False,PANORAMA_LOCAL,PRIMARY_MODEL_DEVELOPMENT,False,True,RADIOLOGY_NO_DOCUMENTED_FOLLOWUP,SIEMENS,AUXILIARY_AUTOMATIC_MASK_ONLY,False,False,False,validation,-1,Y0_M0_SSIEMENS,validation,False,True,True,False,False
1559,101547,101547_00001,,,,,,PDAC,1,MSD_dataset,True,1,False,1,True,manual,manual_labels/101547_00001.nii.gz,0e6eecb6acc796e87b76d0e9e596bcf0ddf043e5,352210,True,True,True,False,True,MSD_EXTERNAL_MIXED,LOCKED_EXTERNAL_MIXED_TEST,True,False,MSD_DATASET_DERIVED,[MISSING],PRIMARY_MANUAL_PDAC_REFERENCE,True,True,False,,-1,,external_msd_test,False,False,False,True,True
1560,101548,101548_00001,2010-10-27 00:00:00,081Y,81.0,M,SIEMENS,PDAC,1,pathology,False,1,False,1,True,manual,manual_labels/101548_00001.nii.gz,2039a85131b713f69b38e154ead6d37539d1dd60,167503,True,True,True,False,True,PANORAMA_LOCAL,PRIMARY_MODEL_DEVELOPMENT,False,True,TISSUE_CONFIRMED,SIEMENS,PRIMARY_MANUAL_PDAC_REFERENCE,False,False,False,train,1,Y1_M1_SSIEMENS,train,True,False,False,False,False
1561,101549,101549_00001,2014-05-16 00:00:00,081Y,81.0,M,TOSHIBA,non-PDAC,0,radiology,False,1,False,1,True,automatic,automatic_labels/101549_00001.nii.gz,515f5401a2ecd505340500a59f4f799b6ae4a9c3,351290,True,True,False,True,False,PANORAMA_LOCAL,PRIMARY_MODEL_DEVELOPMENT,False,True,RADIOLOGY_NO_DOCUMENTED_FOLLOWUP,TOSHIBA,AUXILIARY_AUTOMATIC_MASK_ONLY,False,False,False,train,1,Y0_M0_STOSHIBA,train,True,False,False,False,False
1562,101550,101550_00001,2018-11-06 00:00:00,069Y,69.0,M,Philips,PDAC,1,cytology,False,1,False,1,True,automatic,automatic_labels/101550_00001.nii.gz,393dc3e6a349546f2de1acd4b1c470da20ec63d3,1057725,True,True,False,True,False,PANORAMA_LOCAL,PRIMARY_MODEL_DEVELOPMENT,False,True,CYTOLOGY_CONFIRMED,Philips,AUXILIARY_AUTOMATIC_MASK_ONLY,False,False,False,train,0,Y1_M0_SPhilips,train,True,False,False,False,False
1563,101551,101551_00001,2016-09-27 00:00:00,059Y,59.0,M,TOSHIBA,non-PDAC,0,radiology,False,1,False,1,True,automatic,automatic_labels/101551_00001.nii.gz,3738eb71a88e25402507fffaee8be01688c58859,693110,True,True,False,True,False,PANORAMA_LOCAL,PRIMARY_MODEL_DEVELOPMENT,False,True,RADIOLOGY_NO_DOCUMENTED_FOLLOWUP,TOSHIBA,AUXILIARY_AUTOMATIC_MASK_ONLY,False,False,False,validation,-1,Y0_M0_STOSHIBA,validation,False,True,True,False,False
1564,101552,101552_00001,2016-12-31 00:00:00,059Y,59.0,M,SIEMENS,non-PDAC,0,radiology,False,1,False,1,True,automatic,automatic_labels/101552_00001.nii.gz,fc9536da4bf06c95a9d0dba870cd0b23521560e5,487957,True,True,False,True,False,PANORAMA_LOCAL,PRIMARY_MODEL_DEVELOPMENT,False,True,RADIOLOGY_NO_DOCUMENTED_FOLLOWUP,SIEMENS,AUXILIARY_AUTOMATIC_MASK_ONLY,False,False,False,validation,-1,Y0_M0_SSIEMENS,validation,False,True,True,False,False
1565,101553,101553_00001,2016-07-09 00:00:00,046Y,46.0,M,SIEMENS,non-PDAC,0,radiology,False,1,False,1,True,automatic,automatic_labels/101553_00001.nii.gz,a2468a45cae5e63a8422a517f895edd0edf7f8aa,674797,True,True,False,True,False,PANORAMA_LOCAL,PRIMARY_MODEL_DEVELOPMENT,False,True,RADIOLOGY_NO_DOCUMENTED_FOLLOWUP,SIEMENS,AUXILIARY_AUTOMATIC_MASK_ONLY,False,False,False,train,0,Y0_M0_SSIEMENS,train,True,False,False,False,False
1566,101554,101554_00001,2013-12-17 00:00:00,054Y,54.0,F,SIEMENS,non-PDAC,0,radiology,False,1,False,1,True,automatic,automatic_labels/101554_00001.nii.gz,afe862ea0c8c86e24e76608df09762f4610b335a,305590,True,True,False,True,False,PANORAMA_LOCAL,PRIMARY_MODEL_DEVELOPMENT,False,True,RADIOLOGY_NO_DOCUMENTED_FOLLOWUP,SIEMENS,AUXILIARY_AUTOMATIC_MASK_ONLY,False,False,False,validation,-1,Y0_M0_SSIEMENS,validation,False,True,True,False,False
1567,101555,101555_00001,,,,,,non-PDAC,0,MSD_dataset,True,1,False,1,True,automatic,automatic_labels/101555_00001.nii.gz,00f4c0029f8d4528fe3e9be5f8829a751b4f9e55,220685,True,True,False,True,False,MSD_EXTERNAL_MIXED,LOCKED_EXTERNAL_MIXED_TEST,True,False,MSD_DATASET_DERIVED,[MISSING],AUXILIARY_AUTOMATIC_MASK_ONLY,True,False,False,,-1,,external_msd_test,False,False,False,True,False
1568,101556,101556_00001,,,,,,non-PDAC,0,MSD_dataset,True,1,False,1,True,automatic,automatic_labels/101556_00001.nii.gz,e7db1984b013be10a0d50edd06680be50f951f72,92209,True,True,False,True,False,MSD_EXTERNAL_MIXED,LOCKED_EXTERNAL_MIXED_TEST,True,False,MSD_DATASET_DERIVED,[MISSING],AUXILIARY_AUTOMATIC_MASK_ONLY,True,False,False,,-1,,external_msd_test,False,False,False,True,False
1569,101557,101557_00001,,,,,,non-PDAC,0,MSD_dataset,True,1,False,1,True,automatic,automatic_labels/101557_00001.nii.gz,739a3b7e7a00360d54641463e2fa66b838fd8315,159813,True,True,False,True,False,MSD_EXTERNAL_MIXED,LOCKED_EXTERNAL_MIXED_TEST,True,False,MSD_DATASET_DERIVED,[MISSING],AUXILIARY_AUTOMATIC_MASK_ONLY,True,False,False,,-1,,external_msd_test,False,False,False,True,False
1570,101558,101558_00001,2017-07-10 00:00:00,070Y,70.0,M,TOSHIBA,non-PDAC,0,radiology,False,1,False,1,True,automatic,automatic_labels/101558_00001.nii.gz,a09c87673a6de17fa984b12fed6d8c03a2e9fb10,233474,True,True,False,True,False,PANORAMA_LOCAL,PRIMARY_MODEL_DEVELOPMENT,False,True,RADIOLOGY_NO_DOCUMENTED_FOLLOWUP,TOSHIBA,AUXILIARY_AUTOMATIC_MASK_ONLY,False,False,False,internal_test,-1,Y0_M0_STOSHIBA,internal_test,False,False,False,True,False
1571,101559,101559_00001,2014-08-07 00:00:00,046Y,46.0,M,TOSHIBA,non-PDAC,0,radiology,False,1,False,1,True,automatic,automatic_labels/101559_00001.nii.gz,03dc8382ca2f93c876f197bb92f90d7a5c53a4fe,351684,True,True,False,True,False,PANORAMA_LOCAL,PRIMARY_MODEL_DEVELOPMENT,False,True,RADIOLOGY_NO_DOCUMENTED_FOLLOWUP,TOSHIBA,AUXILIARY_AUTOMATIC_MASK_ONLY,False,False,False,validation,-1,Y0_M0_STOSHIBA,validation,False,True,True,False,False
1572,101560,101560_00001,2016-05-27 00:00:00,079Y,79.0,M,Philips,PDAC,1,histopathology,False,1,False,1,True,automatic,automatic_labels/101560_00001.nii.gz,d5e24951d4c1e7c5532061269eb75b9c6e437a10,342452,True,True,False,True,False,PANORAMA_LOCAL,PRIMARY_MODEL_DEVELOPMENT,False,True,TISSUE_CONFIRMED,Philips,AUXILIARY_AUTOMATIC_MASK_ONLY,False,False,False,train,3,Y1_M0_SPhilips,train,True,False,False,False,False
1573,101561,101561_00001,2018-05-11 00:00:00,066Y,66.0,F,Philips,PDAC,1,histopathology,False,1,False,1,True,manual,manual_labels/101561_00001.nii.gz,dc549d636cddc1cc9dcdaf9bdbf51e9be9787953,84372,True,True,True,False,True,PANORAMA_LOCAL,PRIMARY_MODEL_DEVELOPMENT,False,True,TISSUE_CONFIRMED,Philips,PRIMARY_MANUAL_PDAC_REFERENCE,False,False,False,train,3,Y1_M1_SPhilips,train,True,False,False,False,False
1574,101562,101562_00001,2015-11-25 00:00:00,,,,,non-PDAC,0,NIH_dataset,True,1,False,1,True,automatic,automatic_labels/101562_00001.nii.gz,45dbf5b04e36ea103294bbf2c615e9b1af164331,509085,True,True,False,True,False,NIH_NEGATIVE_STRESS,LOCKED_NEGATIVE_SPECIFICITY_STRESS_TEST,True,False,NIH_DATASET_DERIVED,[MISSING],AUXILIARY_AUTOMATIC_MASK_ONLY,False,False,True,,-1,,nih_negative_stress_test,False,False,False,True,False
1575,101563,101563_00001,2019-11-24 00:00:00,079Y,79.0,M,SIEMENS,PDAC,1,histopathology,False,1,False,1,True,automatic,automatic_labels/101563_00001.nii.gz,01cef6a6ca69652cf4e1a935471cadbd10e64ebc,1511180,True,True,False,True,False,PANORAMA_LOCAL,PRIMARY_MODEL_DEVELOPMENT,False,True,TISSUE_CONFIRMED,SIEMENS,AUXILIARY_AUTOMATIC_MASK_ONLY,False,False,False,internal_test,-1,Y1_M0_SSIEMENS,internal_test,False,False,False,True,False
1576,101564,101564_00001,2021-03-01 00:00:00,068Y,68.0,F,SIEMENS,PDAC,1,cytology,False,1,False,1,True,manual,manual_labels/101564_00001.nii.gz,4ab8ab394271e0e9b6d9a9234256f0b43b86d4ed,75246,True,True,True,False,True,PANORAMA_LOCAL,PRIMARY_MODEL_DEVELOPMENT,False,True,CYTOLOGY_CONFIRMED,SIEMENS,PRIMARY_MANUAL_PDAC_REFERENCE,False,False,False,internal_test,-1,Y1_M1_SSIEMENS,internal_test,False,False,False,True,True
1577,101565,101565_00001,2020-06-26 00:00:00,062Y,62.0,M,SIEMENS,PDAC,1,cytology,False,1,False,1,True,manual,manual_labels/101565_00001.nii.gz,0be232cfb8de78a8e237d7a07872363b9f36c1af,97853,True,True,True,False,True,PANORAMA_LOCAL,PRIMARY_MODEL_DEVELOPMENT,False,True,CYTOLOGY_CONFIRMED,SIEMENS,PRIMARY_MANUAL_PDAC_REFERENCE,False,False,False,train,0,Y1_M1_SSIEMENS,train,True,False,False,False,False
1578,101566,101566_00001,2019-12-12 00:00:00,070Y,70.0,M,SIEMENS,non-PDAC,0,radiology,False,1,False,1,True,automatic,automatic_labels/101566_00001.nii.gz,706d9f095cfeba55b5dfdcb7d3dc5f7ba25ddcf6,721136,True,True,False,True,False,PANORAMA_LOCAL,PRIMARY_MODEL_DEVELOPMENT,False,True,RADIOLOGY_NO_DOCUMENTED_FOLLOWUP,SIEMENS,AUXILIARY_AUTOMATIC_MASK_ONLY,False,False,False,internal_test,-1,Y0_M0_SSIEMENS,internal_test,False,False,False,True,False
1579,101567,101567_00001,,,,,,non-PDAC,0,MSD_dataset,True,1,False,1,True,automatic,automatic_labels/101567_00001.nii.gz,5753eb3fed7d0e83748c7df091506df40e7a481a,305132,True,True,False,True,False,MSD_EXTERNAL_MIXED,LOCKED_EXTERNAL_MIXED_TEST,True,False,MSD_DATASET_DERIVED,[MISSING],AUXILIARY_AUTOMATIC_MASK_ONLY,True,False,False,,-1,,external_msd_test,False,False,False,True,False
1580,101568,101568_00001,2015-12-24 00:00:00,055Y,55.0,F,SIEMENS,non-PDAC,0,radiology,False,1,False,1,True,automatic,automatic_labels/101568_00001.nii.gz,7ff301bfdf9a4b8a7b86dc31a4e4139cc684b045,681042,True,True,False,True,False,PANORAMA_LOCAL,PRIMARY_MODEL_DEVELOPMENT,False,True,RADIOLOGY_NO_DOCUMENTED_FOLLOWUP,SIEMENS,AUXILIARY_AUTOMATIC_MASK_ONLY,False,False,False,train,1,Y0_M0_SSIEMENS,train,True,False,False,False,False
1581,101569,101569_00001,2015-05-20 00:00:00,082Y,82.0,M,Philips,PDAC,1,pathology,False,1,False,1,True,manual,manual_labels/101569_00001.nii.gz,187a12675aa87b273438cd7b38fb60ec6fe43105,865789,True,True,True,False,True,PANORAMA_LOCAL,PRIMARY_MODEL_DEVELOPMENT,False,True,TISSUE_CONFIRMED,Philips,PRIMARY_MANUAL_PDAC_REFERENCE,False,False,False,train,3,Y1_M1_SPhilips,train,True,False,False,False,False
1582,101570,101570_00001,,,,,,non-PDAC,0,MSD_dataset,True,1,False,1,True,automatic,automatic_labels/101570_00001.nii.gz,03d23ea6020dc053dde19f3f4d9397555e4152ab,231291,True,True,False,True,False,MSD_EXTERNAL_MIXED,LOCKED_EXTERNAL_MIXED_TEST,True,False,MSD_DATASET_DERIVED,[MISSING],AUXILIARY_AUTOMATIC_MASK_ONLY,True,False,False,,-1,,external_msd_test,False,False,False,True,False
1583,101571,101571_00001,2019-09-10 00:00:00,072Y,72.0,M,SIEMENS,non-PDAC,0,pathology,False,1,False,1,True,automatic,automatic_labels/101571_00001.nii.gz,7adcda308f4998d12ac4a8b71eed808aa3fa7086,571890,True,True,False,True,False,PANORAMA_LOCAL,PRIMARY_MODEL_DEVELOPMENT,False,True,TISSUE_CONFIRMED,SIEMENS,AUXILIARY_AUTOMATIC_MASK_ONLY,False,False,False,internal_test,-1,Y0_M0_SSIEMENS,internal_test,False,False,False,True,False
1584,101572,101572_00001,2014-02-04 00:00:00,063Y,63.0,F,TOSHIBA,non-PDAC,0,radiology,False,1,False,1,True,automatic,automatic_labels/101572_00001.nii.gz,a5971ab5abdd1b3498e154f1d27120062d5e36d9,1121051,True,True,False,True,False,PANORAMA_LOCAL,PRIMARY_MODEL_DEVELOPMENT,False,True,RADIOLOGY_NO_DOCUMENTED_FOLLOWUP,TOSHIBA,AUXILIARY_AUTOMATIC_MASK_ONLY,False,False,False,train,1,Y0_M0_STOSHIBA,train,True,False,False,False,False
1585,101573,101573_00001,2016-07-21 00:00:00,060Y,60.0,M,TOSHIBA,non-PDAC,0,radiology,False,1,False,1,True,automatic,automatic_labels/101573_00001.nii.gz,79897a52f87e05971863eb64ab09ad6d21340b39,378551,True,True,False,True,False,PANORAMA_LOCAL,PRIMARY_MODEL_DEVELOPMENT,False,True,RADIOLOGY_NO_DOCUMENTED_FOLLOWUP,TOSHIBA,AUXILIARY_AUTOMATIC_MASK_ONLY,False,False,False,train,3,Y0_M0_STOSHIBA,train,True,False,False,False,False
1586,101574,101574_00001,2017-01-31 00:00:00,067Y,67.0,M,Philips,PDAC,1,histopathology,False,1,False,1,True,manual,manual_labels/101574_00001.nii.gz,58886590ec8fbffab42204ffd9f24b5e35b18d06,87071,True,True,True,False,True,PANORAMA_LOCAL,PRIMARY_MODEL_DEVELOPMENT,False,True,TISSUE_CONFIRMED,Philips,PRIMARY_MANUAL_PDAC_REFERENCE,False,False,False,train,1,Y1_M1_SPhilips,train,True,False,False,False,False
1587,101575,101575_00001,2016-03-30 00:00:00,062Y,62.0,F,SIEMENS,non-PDAC,0,radiology,False,1,False,1,True,automatic,automatic_labels/101575_00001.nii.gz,c4640a7390c99f16f1e89b59920fc495852c2e0a,609361,True,True,False,True,False,PANORAMA_LOCAL,PRIMARY_MODEL_DEVELOPMENT,False,True,RADIOLOGY_NO_DOCUMENTED_FOLLOWUP,SIEMENS,AUXILIARY_AUTOMATIC_MASK_ONLY,False,False,False,train,1,Y0_M0_SSIEMENS,train,True,False,False,False,False
1588,101576,101576_00001,,,,,,PDAC,1,MSD_dataset,True,1,False,1,True,manual,manual_labels/101576_00001.nii.gz,18489fb7500001026ecc8e3279e915abd566590d,35136,True,True,True,False,True,MSD_EXTERNAL_MIXED,LOCKED_EXTERNAL_MIXED_TEST,True,False,MSD_DATASET_DERIVED,[MISSING],PRIMARY_MANUAL_PDAC_REFERENCE,True,True,False,,-1,,external_msd_test,False,False,False,True,True
1589,101577,101577_00001,2019-08-14 00:00:00,079Y,79.0,F,SIEMENS,non-PDAC,0,pathology,False,1,False,1,True,automatic,automatic_labels/101577_00001.nii.gz,8f6043a5db3cb4352c252a1abf707f6467538d72,1842907,True,True,False,True,False,PANORAMA_LOCAL,PRIMARY_MODEL_DEVELOPMENT,False,True,TISSUE_CONFIRMED,SIEMENS,AUXILIARY_AUTOMATIC_MASK_ONLY,False,False,False,train,3,Y0_M0_SSIEMENS,train,True,False,False,False,False
1590,101578,101578_00001,2021-05-03 00:00:00,076Y,76.0,F,Philips,PDAC,1,cytology,False,1,False,1,True,manual,manual_labels/101578_00001.nii.gz,e742bfbeac75671e86d47ab4a6ad150dd6205ca4,122287,True,True,True,False,True,PANORAMA_LOCAL,PRIMARY_MODEL_DEVELOPMENT,False,True,CYTOLOGY_CONFIRMED,Philips,PRIMARY_MANUAL_PDAC_REFERENCE,False,False,False,train,1,Y1_M1_SPhilips,train,True,False,False,False,False
1591,101579,101579_00001,2017-09-19 00:00:00,058Y,58.0,F,TOSHIBA,non-PDAC,0,radiology,False,1,False,1,True,automatic,automatic_labels/101579_00001.nii.gz,4ad5e34a9bc6e83c6f3866e8d24c97cd0d95f2a6,320479,True,True,False,True,False,PANORAMA_LOCAL,PRIMARY_MODEL_DEVELOPMENT,False,True,RADIOLOGY_NO_DOCUMENTED_FOLLOWUP,TOSHIBA,AUXILIARY_AUTOMATIC_MASK_ONLY,False,False,False,validation,-1,Y0_M0_STOSHIBA,validation,False,True,True,False,False
1592,101580,101580_00001,2014-04-24 00:00:00,063Y,63.0,M,SIEMENS,non-PDAC,0,radiology,False,1,False,1,True,automatic,automatic_labels/101580_00001.nii.gz,954719f8438ca358e04c45fc75eb294f86e5b8f3,722768,True,True,False,True,False,PANORAMA_LOCAL,PRIMARY_MODEL_DEVELOPMENT,False,True,RADIOLOGY_NO_DOCUMENTED_FOLLOWUP,SIEMENS,AUXILIARY_AUTOMATIC_MASK_ONLY,False,False,False,validation,-1,Y0_M0_SSIEMENS,validation,False,True,True,False,False
1593,101581,101581_00001,2016-09-11 00:00:00,052Y,52.0,F,TOSHIBA,non-PDAC,0,radiology,False,1,False,1,True,automatic,automatic_labels/101581_00001.nii.gz,ae350914a0eebea717634ec056be2a0469321e44,222896,True,True,False,True,False,PANORAMA_LOCAL,PRIMARY_MODEL_DEVELOPMENT,False,True,RADIOLOGY_NO_DOCUMENTED_FOLLOWUP,TOSHIBA,AUXILIARY_AUTOMATIC_MASK_ONLY,False,False,False,internal_test,-1,Y0_M0_STOSHIBA,internal_test,False,False,False,True,False
1594,101582,101582_00001,2019-06-22 00:00:00,070Y,70.0,M,Philips,PDAC,1,radiology,False,1,False,1,True,manual,manual_labels/101582_00001.nii.gz,3a495bb642a3d6d58a7c4ccb06603e608f2e4ef3,126340,True,True,True,False,True,PANORAMA_LOCAL,PRIMARY_MODEL_DEVELOPMENT,False,True,RADIOLOGY_NO_DOCUMENTED_FOLLOWUP,Philips,PRIMARY_MANUAL_PDAC_REFERENCE,False,False,False,train,1,Y1_M1_SPhilips,train,True,False,False,False,False
1595,101583,101583_00001,2018-06-26 00:00:00,029Y,29.0,M,SIEMENS,non-PDAC,0,radiology,False,1,False,1,True,automatic,automatic_labels/101583_00001.nii.gz,de7300ae82b8dd58aeacc5208c94f48fd8e8616b,724225,True,True,False,True,False,PANORAMA_LOCAL,PRIMARY_MODEL_DEVELOPMENT,False,True,RADIOLOGY_NO_DOCUMENTED_FOLLOWUP,SIEMENS,AUXILIARY_AUTOMATIC_MASK_ONLY,False,False,False,train,3,Y0_M0_SSIEMENS,train,True,False,False,False,False
1596,101584,101584_00001,,,,,,PDAC,1,MSD_dataset,True,1,False,1,True,manual,manual_labels/101584_00001.nii.gz,46e88689818256aaac9c9d50f15c9e7c37bad8c2,193909,True,True,True,False,True,MSD_EXTERNAL_MIXED,LOCKED_EXTERNAL_MIXED_TEST,True,False,MSD_DATASET_DERIVED,[MISSING],PRIMARY_MANUAL_PDAC_REFERENCE,True,True,False,,-1,,external_msd_test,False,False,False,True,True
1597,101585,101585_00001,2015-12-27 00:00:00,054Y,54.0,M,SIEMENS,non-PDAC,0,radiology,False,1,False,1,True,automatic,automatic_labels/101585_00001.nii.gz,c15cc268336b3124925d0ffbf95c93b795dd52bb,700393,True,True,False,True,False,PANORAMA_LOCAL,PRIMARY_MODEL_DEVELOPMENT,False,True,RADIOLOGY_NO_DOCUMENTED_FOLLOWUP,SIEMENS,AUXILIARY_AUTOMATIC_MASK_ONLY,False,False,False,train,2,Y0_M0_SSIEMENS,train,True,False,False,False,False
1598,101586,101586_00001,2014-10-30 00:00:00,054Y,54.0,M,TOSHIBA,non-PDAC,0,radiology,False,1,False,1,True,automatic,automatic_labels/101586_00001.nii.gz,e1a81198b9b56aa71790e86effbab839b2c26f1c,349407,True,True,False,True,False,PANORAMA_LOCAL,PRIMARY_MODEL_DEVELOPMENT,False,True,RADIOLOGY_NO_DOCUMENTED_FOLLOWUP,TOSHIBA,AUXILIARY_AUTOMATIC_MASK_ONLY,False,False,False,validation,-1,Y0_M0_STOSHIBA,validation,False,True,True,False,False
1599,101587,101587_00001,2016-03-31 00:00:00,043Y,43.0,M,SIEMENS,non-PDAC,0,radiology,False,1,False,1,True,automatic,automatic_labels/101587_00001.nii.gz,c4c6ea414ef1f38fec4f163d013421d6ce6e19b9,626468,True,True,False,True,False,PANORAMA_LOCAL,PRIMARY_MODEL_DEVELOPMENT,False,True,RADIOLOGY_NO_DOCUMENTED_FOLLOWUP,SIEMENS,AUXILIARY_AUTOMATIC_MASK_ONLY,False,False,False,train,1,Y0_M0_SSIEMENS,train,True,False,False,False,False
1600,101588,101588_00001,2016-09-06 00:00:00,038Y,38.0,F,TOSHIBA,non-PDAC,0,radiology,False,1,False,1,True,automatic,automatic_labels/101588_00001.nii.gz,cc0c5aa13a00f59d69ea5f70a7cf6bdcc0491c56,566996,True,True,False,True,False,PANORAMA_LOCAL,PRIMARY_MODEL_DEVELOPMENT,False,True,RADIOLOGY_NO_DOCUMENTED_FOLLOWUP,TOSHIBA,AUXILIARY_AUTOMATIC_MASK_ONLY,False,False,False,validation,-1,Y0_M0_STOSHIBA,validation,False,True,True,False,False
1601,101589,101589_00001,2019-01-01 00:00:00,066Y,66.0,M,Philips,PDAC,1,radiology,False,1,False,1,True,manual,manual_labels/101589_00001.nii.gz,a8e04941c4d1af43e824ebc09806bc375340a751,257353,True,True,True,False,True,PANORAMA_LOCAL,PRIMARY_MODEL_DEVELOPMENT,False,True,RADIOLOGY_NO_DOCUMENTED_FOLLOWUP,Philips,PRIMARY_MANUAL_PDAC_REFERENCE,False,False,False,train,3,Y1_M1_SPhilips,train,True,False,False,False,False
1602,101590,101590_00001,2016-12-21 00:00:00,084Y,84.0,M,SIEMENS,non-PDAC,0,radiology,False,1,False,1,True,automatic,automatic_labels/101590_00001.nii.gz,506e60cfa0aa67fa5152aa7e3fa1eb02c95c634f,430457,True,True,False,True,False,PANORAMA_LOCAL,PRIMARY_MODEL_DEVELOPMENT,False,True,RADIOLOGY_NO_DOCUMENTED_FOLLOWUP,SIEMENS,AUXILIARY_AUTOMATIC_MASK_ONLY,False,False,False,train,4,Y0_M0_SSIEMENS,train,True,False,False,False,False
1603,101591,101591_00001,,,,,,PDAC,1,MSD_dataset,True,1,False,1,True,manual,manual_labels/101591_00001.nii.gz,86897ab9943ef0dcfafb101532138ed96044c930,210509,True,True,True,False,True,MSD_EXTERNAL_MIXED,LOCKED_EXTERNAL_MIXED_TEST,True,False,MSD_DATASET_DERIVED,[MISSING],PRIMARY_MANUAL_PDAC_REFERENCE,True,True,False,,-1,,external_msd_test,False,False,False,True,True
1604,101592,101592_00001,2013-11-05 00:00:00,067Y,67.0,M,Philips,PDAC,1,pathology,False,1,False,1,True,manual,manual_labels/101592_00001.nii.gz,2dc1b6deaa6ba942fe13e12ded98dca74d412375,34430,True,True,True,False,True,PANORAMA_LOCAL,PRIMARY_MODEL_DEVELOPMENT,False,True,TISSUE_CONFIRMED,Philips,PRIMARY_MANUAL_PDAC_REFERENCE,False,False,False,internal_test,-1,Y1_M1_SPhilips,internal_test,False,False,False,True,True
1605,101593,101593_00001,2013-09-17 00:00:00,054Y,54.0,F,Philips,PDAC,1,histopathology,False,1,False,1,True,automatic,automatic_labels/101593_00001.nii.gz,07a02419961178fae3b176386096346ebba9a8ac,308988,True,True,False,True,False,PANORAMA_LOCAL,PRIMARY_MODEL_DEVELOPMENT,False,True,TISSUE_CONFIRMED,Philips,AUXILIARY_AUTOMATIC_MASK_ONLY,False,False,False,train,4,Y1_M0_SPhilips,train,True,False,False,False,False
1606,101594,101594_00001,,,,,,non-PDAC,0,MSD_dataset,True,1,False,1,True,automatic,automatic_labels/101594_00001.nii.gz,eab7bf9cb3dcf7fe1f7cf04cd53a873b8064073e,218080,True,True,False,True,False,MSD_EXTERNAL_MIXED,LOCKED_EXTERNAL_MIXED_TEST,True,False,MSD_DATASET_DERIVED,[MISSING],AUXILIARY_AUTOMATIC_MASK_ONLY,True,False,False,,-1,,external_msd_test,False,False,False,True,False
1607,101595,101595_00001,2015-02-24 00:00:00,067Y,67.0,F,SIEMENS,non-PDAC,0,radiology,False,2,True,1,True,automatic,automatic_labels/101595_00001.nii.gz,00c5a2581365c9718059ba7ce142e7e6c8eb8cdc,305499,True,True,False,True,False,PANORAMA_LOCAL,PRIMARY_MODEL_DEVELOPMENT,False,True,RADIOLOGY_NO_DOCUMENTED_FOLLOWUP,SIEMENS,AUXILIARY_AUTOMATIC_MASK_ONLY,False,False,False,train,2,Y0_M0_SSIEMENS,train,True,False,False,False,False
1608,101595,101595_00002,2016-03-15 00:00:00,067Y,67.0,F,SIEMENS,non-PDAC,0,radiology,False,2,True,1,True,automatic,automatic_labels/101595_00002.nii.gz,d4da386fddec66e5e5d7f8d46f572e54ee6291f2,307900,True,True,False,True,False,PANORAMA_LOCAL,PRIMARY_MODEL_DEVELOPMENT,False,True,RADIOLOGY_NO_DOCUMENTED_FOLLOWUP,SIEMENS,AUXILIARY_AUTOMATIC_MASK_ONLY,False,False,False,train,2,Y0_M0_SSIEMENS,train,True,False,False,False,False
1609,101596,101596_00001,2021-02-21 00:00:00,073Y,73.0,F,Philips,PDAC,1,cytology,False,1,False,1,True,automatic,automatic_labels/101596_00001.nii.gz,7f86acb2b201a46177618b4052a62f8f5ca66adc,1488137,True,True,False,True,False,PANORAMA_LOCAL,PRIMARY_MODEL_DEVELOPMENT,False,True,CYTOLOGY_CONFIRMED,Philips,AUXILIARY_AUTOMATIC_MASK_ONLY,False,False,False,validation,-1,Y1_M0_SPhilips,validation,False,True,True,False,False
1610,101597,101597_00001,2021-11-23 00:00:00,071Y,71.0,M,TOSHIBA,PDAC,1,histopathology,False,1,False,1,True,manual,manual_labels/101597_00001.nii.gz,44434155ee82d7273ee0ebe5f491012b731e5095,133919,True,True,True,False,True,PANORAMA_LOCAL,PRIMARY_MODEL_DEVELOPMENT,False,True,TISSUE_CONFIRMED,TOSHIBA,PRIMARY_MANUAL_PDAC_REFERENCE,False,False,False,internal_test,-1,Y1_M1_STOSHIBA,internal_test,False,False,False,True,True
1611,101598,101598_00001,2021-05-14 00:00:00,062Y,62.0,M,Philips,PDAC,1,histopathology,False,1,False,1,True,manual,manual_labels/101598_00001.nii.gz,92256dbeae8d4302fffec490e22dc17beebd16f4,372683,True,True,True,False,True,PANORAMA_LOCAL,PRIMARY_MODEL_DEVELOPMENT,False,True,TISSUE_CONFIRMED,Philips,PRIMARY_MANUAL_PDAC_REFERENCE,False,False,False,internal_test,-1,Y1_M1_SPhilips,internal_test,False,False,False,True,True
1612,101599,101599_00001,2018-08-01 00:00:00,089Y,89.0,M,SIEMENS,non-PDAC,0,radiology,False,1,False,1,True,automatic,automatic_labels/101599_00001.nii.gz,b8fbdb36298560a33ab45fbdf5de6aa02d1d37cb,665523,True,True,False,True,False,PANORAMA_LOCAL,PRIMARY_MODEL_DEVELOPMENT,False,True,RADIOLOGY_NO_DOCUMENTED_FOLLOWUP,SIEMENS,AUXILIARY_AUTOMATIC_MASK_ONLY,False,False,False,train,4,Y0_M0_SSIEMENS,train,True,False,False,False,False
1613,101600,101600_00001,2021-08-11 00:00:00,082Y,82.0,F,Philips,PDAC,1,radiology,False,1,False,1,True,manual,manual_labels/101600_00001.nii.gz,ef8a6f560058ca414b1257b2499b3c374822b4d1,127330,True,True,True,False,True,PANORAMA_LOCAL,PRIMARY_MODEL_DEVELOPMENT,False,True,RADIOLOGY_NO_DOCUMENTED_FOLLOWUP,Philips,PRIMARY_MANUAL_PDAC_REFERENCE,False,False,False,train,0,Y1_M1_SPhilips,train,True,False,False,False,False
1614,101601,101601_00001,,,,,,non-PDAC,0,MSD_dataset,True,1,False,1,True,automatic,automatic_labels/101601_00001.nii.gz,74500479646031868fe8c464171302747264fba3,205410,True,True,False,True,False,MSD_EXTERNAL_MIXED,LOCKED_EXTERNAL_MIXED_TEST,True,False,MSD_DATASET_DERIVED,[MISSING],AUXILIARY_AUTOMATIC_MASK_ONLY,True,False,False,,-1,,external_msd_test,False,False,False,True,False
1615,101602,101602_00001,2013-05-30 00:00:00,077Y,77.0,M,Philips,PDAC,1,histopathology,False,1,False,1,True,manual,manual_labels/101602_00001.nii.gz,fd80cb907ba868c06fffe4ddc3c22184b47f8ffe,285778,True,True,True,False,True,PANORAMA_LOCAL,PRIMARY_MODEL_DEVELOPMENT,False,True,TISSUE_CONFIRMED,Philips,PRIMARY_MANUAL_PDAC_REFERENCE,False,False,False,train,3,Y1_M1_SPhilips,train,True,False,False,False,False
1616,101603,101603_00001,2018-06-01 00:00:00,073Y,73.0,F,SIEMENS,non-PDAC,0,radiology,False,1,False,1,True,automatic,automatic_labels/101603_00001.nii.gz,90c769092a15c0de4f2bc30e5a4dae2a748c5c53,637530,True,True,False,True,False,PANORAMA_LOCAL,PRIMARY_MODEL_DEVELOPMENT,False,True,RADIOLOGY_NO_DOCUMENTED_FOLLOWUP,SIEMENS,AUXILIARY_AUTOMATIC_MASK_ONLY,False,False,False,train,3,Y0_M0_SSIEMENS,train,True,False,False,False,False
1617,101604,101604_00001,,,,,,PDAC,1,MSD_dataset,True,1,False,1,True,manual,manual_labels/101604_00001.nii.gz,aed20e4bdb3f4bc731f782282fb3ba5db2c43372,64317,True,True,True,False,True,MSD_EXTERNAL_MIXED,LOCKED_EXTERNAL_MIXED_TEST,True,False,MSD_DATASET_DERIVED,[MISSING],PRIMARY_MANUAL_PDAC_REFERENCE,True,True,False,,-1,,external_msd_test,False,False,False,True,True
1618,101605,101605_00001,2015-07-19 00:00:00,093Y,93.0,F,SIEMENS,non-PDAC,0,radiology,False,1,False,1,True,automatic,automatic_labels/101605_00001.nii.gz,758a779b86ea052a07e55bcebbbf319b760a3117,802991,True,True,False,True,False,PANORAMA_LOCAL,PRIMARY_MODEL_DEVELOPMENT,False,True,RADIOLOGY_NO_DOCUMENTED_FOLLOWUP,SIEMENS,AUXILIARY_AUTOMATIC_MASK_ONLY,False,False,False,validation,-1,Y0_M0_SSIEMENS,validation,False,True,True,False,False
1619,101606,101606_00001,2015-11-21 00:00:00,,,,,non-PDAC,0,NIH_dataset,True,1,False,1,True,automatic,automatic_labels/101606_00001.nii.gz,6bf47561b68b49a08aeeb79a4362b2c233c90719,462879,True,True,False,True,False,NIH_NEGATIVE_STRESS,LOCKED_NEGATIVE_SPECIFICITY_STRESS_TEST,True,False,NIH_DATASET_DERIVED,[MISSING],AUXILIARY_AUTOMATIC_MASK_ONLY,False,False,True,,-1,,nih_negative_stress_test,False,False,False,True,False
1620,101607,101607_00001,2016-11-30 00:00:00,035Y,35.0,M,TOSHIBA,non-PDAC,0,radiology,False,1,False,1,True,automatic,automatic_labels/101607_00001.nii.gz,5e5dfb1081382169374e50fd364092cddc1fa2fd,210530,True,True,False,True,False,PANORAMA_LOCAL,PRIMARY_MODEL_DEVELOPMENT,False,True,RADIOLOGY_NO_DOCUMENTED_FOLLOWUP,TOSHIBA,AUXILIARY_AUTOMATIC_MASK_ONLY,False,False,False,train,0,Y0_M0_STOSHIBA,train,True,False,False,False,False
1621,101608,101608_00001,2014-08-06 00:00:00,050Y,50.0,F,SIEMENS,non-PDAC,0,radiology,False,1,False,1,True,automatic,automatic_labels/101608_00001.nii.gz,473c800c17f9dc3c76277aed3e8d7cce9980ead7,309864,True,True,False,True,False,PANORAMA_LOCAL,PRIMARY_MODEL_DEVELOPMENT,False,True,RADIOLOGY_NO_DOCUMENTED_FOLLOWUP,SIEMENS,AUXILIARY_AUTOMATIC_MASK_ONLY,False,False,False,train,0,Y0_M0_SSIEMENS,train,True,False,False,False,False
1622,101609,101609_00001,,,,,,non-PDAC,0,MSD_dataset,True,1,False,1,True,automatic,automatic_labels/101609_00001.nii.gz,b07e446b8f6fd29fdb3ae5d93e48af961361f083,192984,True,True,False,True,False,MSD_EXTERNAL_MIXED,LOCKED_EXTERNAL_MIXED_TEST,True,False,MSD_DATASET_DERIVED,[MISSING],AUXILIARY_AUTOMATIC_MASK_ONLY,True,False,False,,-1,,external_msd_test,False,False,False,True,False
1623,101610,101610_00001,2016-03-02 00:00:00,053Y,53.0,M,SIEMENS,non-PDAC,0,radiology,False,1,False,1,True,automatic,automatic_labels/101610_00001.nii.gz,27db59fa2c71b21033c1753db857a87bea4e194c,642425,True,True,False,True,False,PANORAMA_LOCAL,PRIMARY_MODEL_DEVELOPMENT,False,True,RADIOLOGY_NO_DOCUMENTED_FOLLOWUP,SIEMENS,AUXILIARY_AUTOMATIC_MASK_ONLY,False,False,False,train,3,Y0_M0_SSIEMENS,train,True,False,False,False,False
1624,101611,101611_00001,2018-02-02 00:00:00,067Y,67.0,F,TOSHIBA,non-PDAC,0,radiology,False,1,False,1,True,automatic,automatic_labels/101611_00001.nii.gz,75f81f9e62364757ea3df84be8d116d137952c05,274771,True,True,False,True,False,PANORAMA_LOCAL,PRIMARY_MODEL_DEVELOPMENT,False,True,RADIOLOGY_NO_DOCUMENTED_FOLLOWUP,TOSHIBA,AUXILIARY_AUTOMATIC_MASK_ONLY,False,False,False,internal_test,-1,Y0_M0_STOSHIBA,internal_test,False,False,False,True,False
1625,101612,101612_00001,2020-09-07 00:00:00,073Y,73.0,M,SIEMENS,PDAC,1,pathology,False,1,False,1,True,manual,manual_labels/101612_00001.nii.gz,fc5ba632e4442395352d2796e80b00fb533108ef,1981873,True,True,True,False,True,PANORAMA_LOCAL,PRIMARY_MODEL_DEVELOPMENT,False,True,TISSUE_CONFIRMED,SIEMENS,PRIMARY_MANUAL_PDAC_REFERENCE,False,False,False,train,4,Y1_M1_SSIEMENS,train,True,False,False,False,False
1626,101613,101613_00001,,,,,,non-PDAC,0,MSD_dataset,True,1,False,1,True,automatic,automatic_labels/101613_00001.nii.gz,ad4da4c3ff7b64a7544cd99f743613e72336a5ae,192597,True,True,False,True,False,MSD_EXTERNAL_MIXED,LOCKED_EXTERNAL_MIXED_TEST,True,False,MSD_DATASET_DERIVED,[MISSING],AUXILIARY_AUTOMATIC_MASK_ONLY,True,False,False,,-1,,external_msd_test,False,False,False,True,False
1627,101614,101614_00001,2019-08-09 00:00:00,075Y,75.0,M,SIEMENS,non-PDAC,0,radiology,False,1,False,1,True,automatic,automatic_labels/101614_00001.nii.gz,19a05ea16bd4881224423cc81068f2d7f8293833,353924,True,True,False,True,False,PANORAMA_LOCAL,PRIMARY_MODEL_DEVELOPMENT,False,True,RADIOLOGY_NO_DOCUMENTED_FOLLOWUP,SIEMENS,AUXILIARY_AUTOMATIC_MASK_ONLY,False,False,False,train,3,Y0_M0_SSIEMENS,train,True,False,False,False,False
1628,101615,101615_00001,2019-12-27 00:00:00,064Y,64.0,F,Philips,PDAC,1,histopathology,False,1,False,1,True,manual,manual_labels/101615_00001.nii.gz,2205a166fd4cffad73c750c9b547a2a9cadd68a1,290753,True,True,True,False,True,PANORAMA_LOCAL,PRIMARY_MODEL_DEVELOPMENT,False,True,TISSUE_CONFIRMED,Philips,PRIMARY_MANUAL_PDAC_REFERENCE,False,False,False,train,0,Y1_M1_SPhilips,train,True,False,False,False,False
1629,101616,101616_00001,2013-04-17 00:00:00,087Y,87.0,F,Philips,PDAC,1,cytology,False,1,False,1,True,automatic,automatic_labels/101616_00001.nii.gz,a122149bf4a0ebe7242791b22ddf2faaceb1a856,327597,True,True,False,True,False,PANORAMA_LOCAL,PRIMARY_MODEL_DEVELOPMENT,False,True,CYTOLOGY_CONFIRMED,Philips,AUXILIARY_AUTOMATIC_MASK_ONLY,False,False,False,validation,-1,Y1_M0_SPhilips,validation,False,True,True,False,False
1630,101617,101617_00001,2017-09-09 00:00:00,057Y,57.0,M,TOSHIBA,non-PDAC,0,radiology,False,1,False,1,True,automatic,automatic_labels/101617_00001.nii.gz,85d1de134909087beea37db02fc0b6075f9ebf27,349846,True,True,False,True,False,PANORAMA_LOCAL,PRIMARY_MODEL_DEVELOPMENT,False,True,RADIOLOGY_NO_DOCUMENTED_FOLLOWUP,TOSHIBA,AUXILIARY_AUTOMATIC_MASK_ONLY,False,False,False,train,2,Y0_M0_STOSHIBA,train,True,False,False,False,False
1631,101618,101618_00001,2015-04-30 00:00:00,074Y,74.0,F,SIEMENS,non-PDAC,0,radiology,False,1,False,1,True,automatic,automatic_labels/101618_00001.nii.gz,291682174eb62dd92356cb78f3f1a58dc89eec3a,575796,True,True,False,True,False,PANORAMA_LOCAL,PRIMARY_MODEL_DEVELOPMENT,False,True,RADIOLOGY_NO_DOCUMENTED_FOLLOWUP,SIEMENS,AUXILIARY_AUTOMATIC_MASK_ONLY,False,False,False,train,1,Y0_M0_SSIEMENS,train,True,False,False,False,False
1632,101619,101619_00001,2017-01-05 00:00:00,056Y,56.0,F,TOSHIBA,non-PDAC,0,radiology,False,1,False,1,True,automatic,automatic_labels/101619_00001.nii.gz,7166323999af901c53eb4e7c45c894cd6727c858,568509,True,True,False,True,False,PANORAMA_LOCAL,PRIMARY_MODEL_DEVELOPMENT,False,True,RADIOLOGY_NO_DOCUMENTED_FOLLOWUP,TOSHIBA,AUXILIARY_AUTOMATIC_MASK_ONLY,False,False,False,train,4,Y0_M0_STOSHIBA,train,True,False,False,False,False
1633,101620,101620_00001,2018-06-03 00:00:00,053Y,53.0,F,TOSHIBA,non-PDAC,0,radiology,False,1,False,1,True,automatic,automatic_labels/101620_00001.nii.gz,2e40cc790490f6e61a4989f4fc737f42d95dc076,546325,True,True,False,True,False,PANORAMA_LOCAL,PRIMARY_MODEL_DEVELOPMENT,False,True,RADIOLOGY_NO_DOCUMENTED_FOLLOWUP,TOSHIBA,AUXILIARY_AUTOMATIC_MASK_ONLY,False,False,False,train,4,Y0_M0_STOSHIBA,train,True,False,False,False,False
1634,101621,101621_00001,2014-08-16 00:00:00,087Y,87.0,M,SIEMENS,non-PDAC,0,radiology,False,1,False,1,True,automatic,automatic_labels/101621_00001.nii.gz,e13415573246a91d82600751e5839d62c3b0b3d1,181781,True,True,False,True,False,PANORAMA_LOCAL,PRIMARY_MODEL_DEVELOPMENT,False,True,RADIOLOGY_NO_DOCUMENTED_FOLLOWUP,SIEMENS,AUXILIARY_AUTOMATIC_MASK_ONLY,False,False,False,train,3,Y0_M0_SSIEMENS,train,True,False,False,False,False
1635,101622,101622_00001,2017-12-30 00:00:00,069Y,69.0,F,Philips,non-PDAC,0,pathology,False,1,False,1,True,automatic,automatic_labels/101622_00001.nii.gz,af160113339ed62a58cb6ff3ee271a9328ec90ad,541543,True,True,False,True,False,PANORAMA_LOCAL,PRIMARY_MODEL_DEVELOPMENT,False,True,TISSUE_CONFIRMED,Philips,AUXILIARY_AUTOMATIC_MASK_ONLY,False,False,False,train,0,Y0_M0_SPhilips,train,True,False,False,False,False
1636,101623,101623_00001,2014-07-05 00:00:00,044Y,44.0,M,SIEMENS,non-PDAC,0,radiology,False,1,False,1,True,automatic,automatic_labels/101623_00001.nii.gz,0cd193227e7fd25b6eb47df557329cf3853cc9cf,322435,True,True,False,True,False,PANORAMA_LOCAL,PRIMARY_MODEL_DEVELOPMENT,False,True,RADIOLOGY_NO_DOCUMENTED_FOLLOWUP,SIEMENS,AUXILIARY_AUTOMATIC_MASK_ONLY,False,False,False,internal_test,-1,Y0_M0_SSIEMENS,internal_test,False,False,False,True,False
1637,101624,101624_00001,2016-04-17 00:00:00,052Y,52.0,F,SIEMENS,non-PDAC,0,radiology,False,1,False,1,True,automatic,automatic_labels/101624_00001.nii.gz,288855311b7b504a3a514a9cdcd49f16b6c5fa8b,632009,True,True,False,True,False,PANORAMA_LOCAL,PRIMARY_MODEL_DEVELOPMENT,False,True,RADIOLOGY_NO_DOCUMENTED_FOLLOWUP,SIEMENS,AUXILIARY_AUTOMATIC_MASK_ONLY,False,False,False,train,4,Y0_M0_SSIEMENS,train,True,False,False,False,False
1638,101625,101625_00001,2020-07-18 00:00:00,079Y,79.0,M,Philips,PDAC,1,radiology,False,1,False,1,True,automatic,automatic_labels/101625_00001.nii.gz,a5f445908a4ddd4beaa36a8799de156f6cd2e84d,629945,True,True,False,True,False,PANORAMA_LOCAL,PRIMARY_MODEL_DEVELOPMENT,False,True,RADIOLOGY_NO_DOCUMENTED_FOLLOWUP,Philips,AUXILIARY_AUTOMATIC_MASK_ONLY,False,False,False,train,0,Y1_M0_SPhilips,train,True,False,False,False,False
1639,101626,101626_00001,2016-07-14 00:00:00,073Y,73.0,M,TOSHIBA,non-PDAC,0,radiology,False,1,False,1,True,automatic,automatic_labels/101626_00001.nii.gz,cd7b4c6c5b5afa710fd0664dff0ac91a9a00c706,433423,True,True,False,True,False,PANORAMA_LOCAL,PRIMARY_MODEL_DEVELOPMENT,False,True,RADIOLOGY_NO_DOCUMENTED_FOLLOWUP,TOSHIBA,AUXILIARY_AUTOMATIC_MASK_ONLY,False,False,False,train,0,Y0_M0_STOSHIBA,train,True,False,False,False,False
1640,101627,101627_00001,2006-12-04 00:00:00,039Y,39.0,F,SIEMENS,non-PDAC,0,radiology,False,1,False,1,True,automatic,automatic_labels/101627_00001.nii.gz,22e81a1340b6b9590ea0a13d9715b2b6cfeaae51,437028,True,True,False,True,False,PANORAMA_LOCAL,PRIMARY_MODEL_DEVELOPMENT,False,True,RADIOLOGY_NO_DOCUMENTED_FOLLOWUP,SIEMENS,AUXILIARY_AUTOMATIC_MASK_ONLY,False,False,False,train,0,Y0_M0_SSIEMENS,train,True,False,False,False,False
1641,101628,101628_00001,2015-10-04 00:00:00,024Y,24.0,M,SIEMENS,non-PDAC,0,radiology,False,1,False,1,True,automatic,automatic_labels/101628_00001.nii.gz,6874e2d3b3e1c5252b78d4fa8ea8ae19df11c3cd,313952,True,True,False,True,False,PANORAMA_LOCAL,PRIMARY_MODEL_DEVELOPMENT,False,True,RADIOLOGY_NO_DOCUMENTED_FOLLOWUP,SIEMENS,AUXILIARY_AUTOMATIC_MASK_ONLY,False,False,False,train,1,Y0_M0_SSIEMENS,train,True,False,False,False,False
1642,101629,101629_00001,2014-06-08 00:00:00,075Y,75.0,M,SIEMENS,non-PDAC,0,radiology,False,1,False,1,True,automatic,automatic_labels/101629_00001.nii.gz,51dba3d8197ec5cd8d6a60e32ead97605daaf26a,342266,True,True,False,True,False,PANORAMA_LOCAL,PRIMARY_MODEL_DEVELOPMENT,False,True,RADIOLOGY_NO_DOCUMENTED_FOLLOWUP,SIEMENS,AUXILIARY_AUTOMATIC_MASK_ONLY,False,False,False,train,3,Y0_M0_SSIEMENS,train,True,False,False,False,False
1643,101630,101630_00001,2017-12-19 00:00:00,081Y,81.0,M,SIEMENS,non-PDAC,0,radiology,False,1,False,1,True,automatic,automatic_labels/101630_00001.nii.gz,32f79684c6a9597c65f8d26491902c1b4ca74b69,575730,True,True,False,True,False,PANORAMA_LOCAL,PRIMARY_MODEL_DEVELOPMENT,False,True,RADIOLOGY_NO_DOCUMENTED_FOLLOWUP,SIEMENS,AUXILIARY_AUTOMATIC_MASK_ONLY,False,False,False,train,0,Y0_M0_SSIEMENS,train,True,False,False,False,False
1644,101631,101631_00001,2014-05-14 00:00:00,067Y,67.0,M,SIEMENS,non-PDAC,0,radiology,False,1,False,1,True,automatic,automatic_labels/101631_00001.nii.gz,ff3b336a9ce6f2e54fee38132483bebfaba6672b,599531,True,True,False,True,False,PANORAMA_LOCAL,PRIMARY_MODEL_DEVELOPMENT,False,True,RADIOLOGY_NO_DOCUMENTED_FOLLOWUP,SIEMENS,AUXILIARY_AUTOMATIC_MASK_ONLY,False,False,False,train,1,Y0_M0_SSIEMENS,train,True,False,False,False,False
1645,101632,101632_00001,2016-02-29 00:00:00,079Y,79.0,M,SIEMENS,non-PDAC,0,radiology,False,1,False,1,True,manual,manual_labels/101632_00001.nii.gz,e890fe22cb0adc0c3969d091ac70e9d2a2ce0a5b,189837,True,True,False,False,False,PANORAMA_LOCAL,PRIMARY_MODEL_DEVELOPMENT,False,True,RADIOLOGY_NO_DOCUMENTED_FOLLOWUP,SIEMENS,MANUAL_NON_PDAC_LESION_REFERENCE,False,False,False,internal_test,-1,Y0_M0_SSIEMENS,internal_test,False,False,False,True,False
1646,101633,101633_00001,2015-02-26 00:00:00,051Y,51.0,F,SIEMENS,non-PDAC,0,radiology,False,1,False,1,True,automatic,automatic_labels/101633_00001.nii.gz,89dbdd802cbd0357d49b4d014c7010f5a3f161f3,569546,True,True,False,True,False,PANORAMA_LOCAL,PRIMARY_MODEL_DEVELOPMENT,False,True,RADIOLOGY_NO_DOCUMENTED_FOLLOWUP,SIEMENS,AUXILIARY_AUTOMATIC_MASK_ONLY,False,False,False,internal_test,-1,Y0_M0_SSIEMENS,internal_test,False,False,False,True,False
1647,101634,101634_00001,2015-08-02 00:00:00,065Y,65.0,F,Philips,PDAC,1,histopathology,False,1,False,1,True,automatic,automatic_labels/101634_00001.nii.gz,d7cdc4ad6bfb73b3b4c005829dc52f3670b2177a,438762,True,True,False,True,False,PANORAMA_LOCAL,PRIMARY_MODEL_DEVELOPMENT,False,True,TISSUE_CONFIRMED,Philips,AUXILIARY_AUTOMATIC_MASK_ONLY,False,False,False,train,0,Y1_M0_SPhilips,train,True,False,False,False,False
1648,101635,101635_00001,,,,,,PDAC,1,MSD_dataset,True,1,False,1,True,manual,manual_labels/101635_00001.nii.gz,083afab6e3865824031f125cd5865f64932c605a,99126,True,True,True,False,True,MSD_EXTERNAL_MIXED,LOCKED_EXTERNAL_MIXED_TEST,True,False,MSD_DATASET_DERIVED,[MISSING],PRIMARY_MANUAL_PDAC_REFERENCE,True,True,False,,-1,,external_msd_test,False,False,False,True,True
1649,101636,101636_00001,2021-12-20 00:00:00,058Y,58.0,M,SIEMENS,PDAC,1,cytology,False,1,False,1,True,manual,manual_labels/101636_00001.nii.gz,fbb22bb021b11666e235aadce16d6e94539a0b01,1432536,True,True,True,False,True,PANORAMA_LOCAL,PRIMARY_MODEL_DEVELOPMENT,False,True,CYTOLOGY_CONFIRMED,SIEMENS,PRIMARY_MANUAL_PDAC_REFERENCE,False,False,False,validation,-1,Y1_M1_SSIEMENS,validation,False,True,True,False,False
1650,101637,101637_00001,2014-09-25 00:00:00,075Y,75.0,F,TOSHIBA,PDAC,1,radiology,False,1,False,1,True,automatic,automatic_labels/101637_00001.nii.gz,64a4057ca67f205102b8979a6d2c66df854c4f43,160572,True,True,False,True,False,PANORAMA_LOCAL,PRIMARY_MODEL_DEVELOPMENT,False,True,RADIOLOGY_NO_DOCUMENTED_FOLLOWUP,TOSHIBA,AUXILIARY_AUTOMATIC_MASK_ONLY,False,False,False,train,2,Y1_M0_STOSHIBA,train,True,False,False,False,False
1651,101638,101638_00001,2015-10-09 00:00:00,061Y,61.0,F,TOSHIBA,non-PDAC,0,radiology,False,1,False,1,True,automatic,automatic_labels/101638_00001.nii.gz,1dc520b0ccc2c32a9a97fa1f4aaf9457c676a644,521911,True,True,False,True,False,PANORAMA_LOCAL,PRIMARY_MODEL_DEVELOPMENT,False,True,RADIOLOGY_NO_DOCUMENTED_FOLLOWUP,TOSHIBA,AUXILIARY_AUTOMATIC_MASK_ONLY,False,False,False,train,4,Y0_M0_STOSHIBA,train,True,False,False,False,False
1652,101639,101639_00001,2017-10-19 00:00:00,078Y,78.0,F,TOSHIBA,PDAC,1,cytology,False,1,False,1,True,automatic,automatic_labels/101639_00001.nii.gz,c9de92b23d4c434f4308d5e14e124a6be62b96ba,573560,True,True,False,True,False,PANORAMA_LOCAL,PRIMARY_MODEL_DEVELOPMENT,False,True,CYTOLOGY_CONFIRMED,TOSHIBA,AUXILIARY_AUTOMATIC_MASK_ONLY,False,False,False,train,0,Y1_M0_STOSHIBA,train,True,False,False,False,False
1653,101640,101640_00001,2014-08-31 00:00:00,079Y,79.0,M,Philips,PDAC,1,pathology,False,1,False,1,True,manual,manual_labels/101640_00001.nii.gz,2a9ced93a4d76d8d33210f57704353d24d8270d8,107368,True,True,True,False,True,PANORAMA_LOCAL,PRIMARY_MODEL_DEVELOPMENT,False,True,TISSUE_CONFIRMED,Philips,PRIMARY_MANUAL_PDAC_REFERENCE,False,False,False,train,2,Y1_M1_SPhilips,train,True,False,False,False,False
1654,101641,101641_00001,2015-11-11 00:00:00,,,,,non-PDAC,0,NIH_dataset,True,1,False,1,True,automatic,automatic_labels/101641_00001.nii.gz,e9ba2a9f3815a5e0ebe4cccbb7a00d0fedb645ab,437973,True,True,False,True,False,NIH_NEGATIVE_STRESS,LOCKED_NEGATIVE_SPECIFICITY_STRESS_TEST,True,False,NIH_DATASET_DERIVED,[MISSING],AUXILIARY_AUTOMATIC_MASK_ONLY,False,False,True,,-1,,nih_negative_stress_test,False,False,False,True,False
1655,101642,101642_00001,2019-08-24 00:00:00,084Y,84.0,F,SIEMENS,non-PDAC,0,radiology,False,1,False,1,True,automatic,automatic_labels/101642_00001.nii.gz,7ac0c439d08651435a77569295f0b622a92a7c7e,649038,True,True,False,True,False,PANORAMA_LOCAL,PRIMARY_MODEL_DEVELOPMENT,False,True,RADIOLOGY_NO_DOCUMENTED_FOLLOWUP,SIEMENS,AUXILIARY_AUTOMATIC_MASK_ONLY,False,False,False,train,0,Y0_M0_SSIEMENS,train,True,False,False,False,False
1656,101643,101643_00001,2018-06-23 00:00:00,063Y,63.0,M,TOSHIBA,non-PDAC,0,radiology,False,1,False,1,True,automatic,automatic_labels/101643_00001.nii.gz,a3242fb31ce70f68bd2e07100b1b82462fe39255,1556647,True,True,False,True,False,PANORAMA_LOCAL,PRIMARY_MODEL_DEVELOPMENT,False,True,RADIOLOGY_NO_DOCUMENTED_FOLLOWUP,TOSHIBA,AUXILIARY_AUTOMATIC_MASK_ONLY,False,False,False,validation,-1,Y0_M0_STOSHIBA,validation,False,True,True,False,False
1657,101644,101644_00001,2014-03-15 00:00:00,058Y,58.0,F,TOSHIBA,non-PDAC,0,radiology,False,1,False,1,True,automatic,automatic_labels/101644_00001.nii.gz,67d2ef1011aff6ad9cfaef365047705fcf743d41,767316,True,True,False,True,False,PANORAMA_LOCAL,PRIMARY_MODEL_DEVELOPMENT,False,True,RADIOLOGY_NO_DOCUMENTED_FOLLOWUP,TOSHIBA,AUXILIARY_AUTOMATIC_MASK_ONLY,False,False,False,validation,-1,Y0_M0_STOSHIBA,validation,False,True,True,False,False
1658,101645,101645_00001,2017-11-22 00:00:00,082Y,82.0,M,TOSHIBA,PDAC,1,cytology,False,1,False,1,True,manual,manual_labels/101645_00001.nii.gz,79e50469db239024a6882d8caded3a5e83313184,165632,True,True,True,False,True,PANORAMA_LOCAL,PRIMARY_MODEL_DEVELOPMENT,False,True,CYTOLOGY_CONFIRMED,TOSHIBA,PRIMARY_MANUAL_PDAC_REFERENCE,False,False,False,train,0,Y1_M1_STOSHIBA,train,True,False,False,False,False
1659,101646,101646_00001,2015-11-13 00:00:00,072Y,72.0,M,SIEMENS,non-PDAC,0,radiology,False,1,False,1,True,automatic,automatic_labels/101646_00001.nii.gz,41c30397d380bba4c4b7287511d75123f887645f,632768,True,True,False,True,False,PANORAMA_LOCAL,PRIMARY_MODEL_DEVELOPMENT,False,True,RADIOLOGY_NO_DOCUMENTED_FOLLOWUP,SIEMENS,AUXILIARY_AUTOMATIC_MASK_ONLY,False,False,False,train,3,Y0_M0_SSIEMENS,train,True,False,False,False,False
1660,101647,101647_00001,2017-01-22 00:00:00,032Y,32.0,M,SIEMENS,non-PDAC,0,radiology,False,1,False,1,True,automatic,automatic_labels/101647_00001.nii.gz,7b9b6f1b6c432c59361377a3d45af931885b9a1e,757960,True,True,False,True,False,PANORAMA_LOCAL,PRIMARY_MODEL_DEVELOPMENT,False,True,RADIOLOGY_NO_DOCUMENTED_FOLLOWUP,SIEMENS,AUXILIARY_AUTOMATIC_MASK_ONLY,False,False,False,train,4,Y0_M0_SSIEMENS,train,True,False,False,False,False
1661,101648,101648_00001,2017-09-03 00:00:00,063Y,63.0,F,TOSHIBA,non-PDAC,0,radiology,False,1,False,1,True,automatic,automatic_labels/101648_00001.nii.gz,a56c97776b0fcc35d0c07c674abe39011396a3fa,833902,True,True,False,True,False,PANORAMA_LOCAL,PRIMARY_MODEL_DEVELOPMENT,False,True,RADIOLOGY_NO_DOCUMENTED_FOLLOWUP,TOSHIBA,AUXILIARY_AUTOMATIC_MASK_ONLY,False,False,False,train,1,Y0_M0_STOSHIBA,train,True,False,False,False,False
1662,101649,101649_00001,2016-04-23 00:00:00,071Y,71.0,M,TOSHIBA,non-PDAC,0,radiology,False,1,False,1,True,automatic,automatic_labels/101649_00001.nii.gz,b964826e13dbf2b18d0e4f5499894cefa2dddfaf,575719,True,True,False,True,False,PANORAMA_LOCAL,PRIMARY_MODEL_DEVELOPMENT,False,True,RADIOLOGY_NO_DOCUMENTED_FOLLOWUP,TOSHIBA,AUXILIARY_AUTOMATIC_MASK_ONLY,False,False,False,validation,-1,Y0_M0_STOSHIBA,validation,False,True,True,False,False
1663,101650,101650_00001,2015-09-03 00:00:00,070Y,70.0,F,SIEMENS,non-PDAC,0,radiology,False,1,False,1,True,automatic,automatic_labels/101650_00001.nii.gz,1ea9b8af9c3ffcba877ca210717a9d147acaf961,447833,True,True,False,True,False,PANORAMA_LOCAL,PRIMARY_MODEL_DEVELOPMENT,False,True,RADIOLOGY_NO_DOCUMENTED_FOLLOWUP,SIEMENS,AUXILIARY_AUTOMATIC_MASK_ONLY,False,False,False,train,3,Y0_M0_SSIEMENS,train,True,False,False,False,False
1664,101651,101651_00001,2015-10-27 00:00:00,080Y,80.0,M,SIEMENS,non-PDAC,0,radiology,False,1,False,1,True,automatic,automatic_labels/101651_00001.nii.gz,4d18e50bff0ce4b93d82d9ac5a6d6a2c416027ad,496050,True,True,False,True,False,PANORAMA_LOCAL,PRIMARY_MODEL_DEVELOPMENT,False,True,RADIOLOGY_NO_DOCUMENTED_FOLLOWUP,SIEMENS,AUXILIARY_AUTOMATIC_MASK_ONLY,False,False,False,train,2,Y0_M0_SSIEMENS,train,True,False,False,False,False
1665,101652,101652_00001,2018-11-20 00:00:00,071Y,71.0,M,TOSHIBA,non-PDAC,0,radiology,False,1,False,1,True,automatic,automatic_labels/101652_00001.nii.gz,e5de7ac2d0c5484d4939659a124889664f92b15b,2924300,True,True,False,True,False,PANORAMA_LOCAL,PRIMARY_MODEL_DEVELOPMENT,False,True,RADIOLOGY_NO_DOCUMENTED_FOLLOWUP,TOSHIBA,AUXILIARY_AUTOMATIC_MASK_ONLY,False,False,False,train,2,Y0_M0_STOSHIBA,train,True,False,False,False,False
1666,101653,101653_00001,2020-03-01 00:00:00,080Y,80.0,M,Philips,PDAC,1,pathology,False,1,False,1,True,manual,manual_labels/101653_00001.nii.gz,a440f901dd667dc128ee844d0c5ae00d09b99348,578648,True,True,True,False,True,PANORAMA_LOCAL,PRIMARY_MODEL_DEVELOPMENT,False,True,TISSUE_CONFIRMED,Philips,PRIMARY_MANUAL_PDAC_REFERENCE,False,False,False,train,0,Y1_M1_SPhilips,train,True,False,False,False,False
1667,101654,101654_00001,2015-10-10 00:00:00,091Y,91.0,M,SIEMENS,non-PDAC,0,radiology,False,1,False,1,True,automatic,automatic_labels/101654_00001.nii.gz,f688377c5d9dd44b89991e14906a7663b1299af6,496912,True,True,False,True,False,PANORAMA_LOCAL,PRIMARY_MODEL_DEVELOPMENT,False,True,RADIOLOGY_NO_DOCUMENTED_FOLLOWUP,SIEMENS,AUXILIARY_AUTOMATIC_MASK_ONLY,False,False,False,validation,-1,Y0_M0_SSIEMENS,validation,False,True,True,False,False
1668,101655,101655_00001,2018-06-21 00:00:00,041Y,41.0,F,TOSHIBA,non-PDAC,0,radiology,False,1,False,1,True,automatic,automatic_labels/101655_00001.nii.gz,2677189d0f4105f4fd8d7a450f8ab4e2362873f1,1499323,True,True,False,True,False,PANORAMA_LOCAL,PRIMARY_MODEL_DEVELOPMENT,False,True,RADIOLOGY_NO_DOCUMENTED_FOLLOWUP,TOSHIBA,AUXILIARY_AUTOMATIC_MASK_ONLY,False,False,False,internal_test,-1,Y0_M0_STOSHIBA,internal_test,False,False,False,True,False
1669,101656,101656_00001,2016-09-11 00:00:00,053Y,53.0,M,TOSHIBA,non-PDAC,0,radiology,False,1,False,1,True,automatic,automatic_labels/101656_00001.nii.gz,930e52fd7193e01fe8c2d2ba6c9e9ee53fbfa504,242101,True,True,False,True,False,PANORAMA_LOCAL,PRIMARY_MODEL_DEVELOPMENT,False,True,RADIOLOGY_NO_DOCUMENTED_FOLLOWUP,TOSHIBA,AUXILIARY_AUTOMATIC_MASK_ONLY,False,False,False,train,3,Y0_M0_STOSHIBA,train,True,False,False,False,False
1670,101657,101657_00001,2014-03-25 00:00:00,044Y,44.0,M,TOSHIBA,non-PDAC,0,radiology,False,1,False,1,True,automatic,automatic_labels/101657_00001.nii.gz,1a4f0eadd65dcf1d464d83582f7c36e923b4a118,831075,True,True,False,True,False,PANORAMA_LOCAL,PRIMARY_MODEL_DEVELOPMENT,False,True,RADIOLOGY_NO_DOCUMENTED_FOLLOWUP,TOSHIBA,AUXILIARY_AUTOMATIC_MASK_ONLY,False,False,False,train,4,Y0_M0_STOSHIBA,train,True,False,False,False,False
1671,101658,101658_00001,2015-04-08 00:00:00,065Y,65.0,M,TOSHIBA,PDAC,1,cytology,False,1,False,1,True,automatic,automatic_labels/101658_00001.nii.gz,707192f9d05ae51eec7ff1ee0135fc1ecda792ae,1766168,True,True,False,True,False,PANORAMA_LOCAL,PRIMARY_MODEL_DEVELOPMENT,False,True,CYTOLOGY_CONFIRMED,TOSHIBA,AUXILIARY_AUTOMATIC_MASK_ONLY,False,False,False,train,4,Y1_M0_STOSHIBA,train,True,False,False,False,False
1672,101659,101659_00001,2012-04-29 00:00:00,062Y,62.0,M,TOSHIBA,PDAC,1,histopathology,False,1,False,1,True,manual,manual_labels/101659_00001.nii.gz,ab385c94a1c02f204c97e74019e41c4f54328a01,128128,True,True,True,False,True,PANORAMA_LOCAL,PRIMARY_MODEL_DEVELOPMENT,False,True,TISSUE_CONFIRMED,TOSHIBA,PRIMARY_MANUAL_PDAC_REFERENCE,False,False,False,train,1,Y1_M1_STOSHIBA,train,True,False,False,False,False
1673,101660,101660_00001,2017-12-24 00:00:00,072Y,72.0,F,TOSHIBA,non-PDAC,0,radiology,False,1,False,1,True,automatic,automatic_labels/101660_00001.nii.gz,26ec3e5969a2c733f88f9d8769aaf4ae363ddba0,267852,True,True,False,True,False,PANORAMA_LOCAL,PRIMARY_MODEL_DEVELOPMENT,False,True,RADIOLOGY_NO_DOCUMENTED_FOLLOWUP,TOSHIBA,AUXILIARY_AUTOMATIC_MASK_ONLY,False,False,False,train,3,Y0_M0_STOSHIBA,train,True,False,False,False,False
1674,101661,101661_00001,2019-08-02 00:00:00,075Y,75.0,F,TOSHIBA,PDAC,1,histopathology,False,1,False,1,True,manual,manual_labels/101661_00001.nii.gz,33360f7980991a8bef74c7e80f7f6184379b3b9e,439566,True,True,True,False,True,PANORAMA_LOCAL,PRIMARY_MODEL_DEVELOPMENT,False,True,TISSUE_CONFIRMED,TOSHIBA,PRIMARY_MANUAL_PDAC_REFERENCE,False,False,False,internal_test,-1,Y1_M1_STOSHIBA,internal_test,False,False,False,True,True
1675,101662,101662_00001,2014-08-15 00:00:00,070Y,70.0,F,SIEMENS,non-PDAC,0,radiology,False,1,False,1,True,automatic,automatic_labels/101662_00001.nii.gz,d673ce0020844e44622a432095d0dcd6100c24d3,865111,True,True,False,True,False,PANORAMA_LOCAL,PRIMARY_MODEL_DEVELOPMENT,False,True,RADIOLOGY_NO_DOCUMENTED_FOLLOWUP,SIEMENS,AUXILIARY_AUTOMATIC_MASK_ONLY,False,False,False,train,2,Y0_M0_SSIEMENS,train,True,False,False,False,False
1676,101663,101663_00001,,,,,,PDAC,1,MSD_dataset,True,1,False,1,True,manual,manual_labels/101663_00001.nii.gz,ba64dba95809c0ca1028566e319027c6d2de1c49,70954,True,True,True,False,True,MSD_EXTERNAL_MIXED,LOCKED_EXTERNAL_MIXED_TEST,True,False,MSD_DATASET_DERIVED,[MISSING],PRIMARY_MANUAL_PDAC_REFERENCE,True,True,False,,-1,,external_msd_test,False,False,False,True,True
1677,101664,101664_00001,2017-10-09 00:00:00,079Y,79.0,M,TOSHIBA,non-PDAC,0,pathology,False,1,False,1,True,automatic,automatic_labels/101664_00001.nii.gz,e9a0f0ee7be963c80e7d6d77832e9f213a3ce623,514056,True,True,False,True,False,PANORAMA_LOCAL,PRIMARY_MODEL_DEVELOPMENT,False,True,TISSUE_CONFIRMED,TOSHIBA,AUXILIARY_AUTOMATIC_MASK_ONLY,False,False,False,train,1,Y0_M0_STOSHIBA,train,True,False,False,False,False
1678,101665,101665_00001,2007-04-12 00:00:00,066Y,66.0,F,SIEMENS,non-PDAC,0,histopathology,False,1,False,1,True,automatic,automatic_labels/101665_00001.nii.gz,58f7d4d9c54f2c0c07a2fa70405ae90dae3a2618,336526,True,True,False,True,False,PANORAMA_LOCAL,PRIMARY_MODEL_DEVELOPMENT,False,True,TISSUE_CONFIRMED,SIEMENS,AUXILIARY_AUTOMATIC_MASK_ONLY,False,False,False,validation,-1,Y0_M0_SSIEMENS,validation,False,True,True,False,False
1679,101666,101666_00001,2021-10-31 00:00:00,062Y,62.0,M,Philips,PDAC,1,histopathology,False,1,False,1,True,manual,manual_labels/101666_00001.nii.gz,6dc219dc11ed44fc208b8988b7f07e6e3da70655,260831,True,True,True,False,True,PANORAMA_LOCAL,PRIMARY_MODEL_DEVELOPMENT,False,True,TISSUE_CONFIRMED,Philips,PRIMARY_MANUAL_PDAC_REFERENCE,False,False,False,validation,-1,Y1_M1_SPhilips,validation,False,True,True,False,False
1680,101667,101667_00001,2014-02-15 00:00:00,051Y,51.0,M,TOSHIBA,non-PDAC,0,radiology,False,1,False,1,True,automatic,automatic_labels/101667_00001.nii.gz,956b4cdf18184dba2d613fb2291c47610187feb8,274431,True,True,False,True,False,PANORAMA_LOCAL,PRIMARY_MODEL_DEVELOPMENT,False,True,RADIOLOGY_NO_DOCUMENTED_FOLLOWUP,TOSHIBA,AUXILIARY_AUTOMATIC_MASK_ONLY,False,False,False,train,0,Y0_M0_STOSHIBA,train,True,False,False,False,False
1681,101668,101668_00001,2018-03-10 00:00:00,046Y,46.0,F,TOSHIBA,non-PDAC,0,radiology,False,1,False,1,True,automatic,automatic_labels/101668_00001.nii.gz,fc597ec05d22ed288f3f3e8f41e1a34daaf9abf9,233321,True,True,False,True,False,PANORAMA_LOCAL,PRIMARY_MODEL_DEVELOPMENT,False,True,RADIOLOGY_NO_DOCUMENTED_FOLLOWUP,TOSHIBA,AUXILIARY_AUTOMATIC_MASK_ONLY,False,False,False,train,1,Y0_M0_STOSHIBA,train,True,False,False,False,False
1682,101669,101669_00001,2020-11-02 00:00:00,064Y,64.0,M,Philips,PDAC,1,histopathology,False,1,False,1,True,manual,manual_labels/101669_00001.nii.gz,675be75a4f156b4e5b30ab400e08bfae412c1c8c,287936,True,True,True,False,True,PANORAMA_LOCAL,PRIMARY_MODEL_DEVELOPMENT,False,True,TISSUE_CONFIRMED,Philips,PRIMARY_MANUAL_PDAC_REFERENCE,False,False,False,train,2,Y1_M1_SPhilips,train,True,False,False,False,False
1683,101670,101670_00001,2017-11-21 00:00:00,030Y,30.0,M,SIEMENS,non-PDAC,0,radiology,False,1,False,1,True,automatic,automatic_labels/101670_00001.nii.gz,1976acd18d69a53f4de520d1d013acff5930de5f,675539,True,True,False,True,False,PANORAMA_LOCAL,PRIMARY_MODEL_DEVELOPMENT,False,True,RADIOLOGY_NO_DOCUMENTED_FOLLOWUP,SIEMENS,AUXILIARY_AUTOMATIC_MASK_ONLY,False,False,False,train,3,Y0_M0_SSIEMENS,train,True,False,False,False,False
1684,101671,101671_00001,2017-04-23 00:00:00,018Y,18.0,F,TOSHIBA,non-PDAC,0,radiology,False,1,False,1,True,automatic,automatic_labels/101671_00001.nii.gz,42f5cec570459674c109c28b5ef3de681e79b6ef,412566,True,True,False,True,False,PANORAMA_LOCAL,PRIMARY_MODEL_DEVELOPMENT,False,True,RADIOLOGY_NO_DOCUMENTED_FOLLOWUP,TOSHIBA,AUXILIARY_AUTOMATIC_MASK_ONLY,False,False,False,validation,-1,Y0_M0_STOSHIBA,validation,False,True,True,False,False
1685,101672,101672_00001,2015-11-19 00:00:00,,,,,non-PDAC,0,NIH_dataset,True,1,False,1,True,automatic,automatic_labels/101672_00001.nii.gz,8361ba2817d23cd1d31ea4ead1c2e24f08a56627,466465,True,True,False,True,False,NIH_NEGATIVE_STRESS,LOCKED_NEGATIVE_SPECIFICITY_STRESS_TEST,True,False,NIH_DATASET_DERIVED,[MISSING],AUXILIARY_AUTOMATIC_MASK_ONLY,False,False,True,,-1,,nih_negative_stress_test,False,False,False,True,False
1686,101673,101673_00001,2013-12-29 00:00:00,079Y,79.0,M,SIEMENS,non-PDAC,0,radiology,False,1,False,1,True,automatic,automatic_labels/101673_00001.nii.gz,cc8bb2f3909b32c9c1c49d7d63fa0dbfebc12b4d,714824,True,True,False,True,False,PANORAMA_LOCAL,PRIMARY_MODEL_DEVELOPMENT,False,True,RADIOLOGY_NO_DOCUMENTED_FOLLOWUP,SIEMENS,AUXILIARY_AUTOMATIC_MASK_ONLY,False,False,False,train,3,Y0_M0_SSIEMENS,train,True,False,False,False,False
1687,101674,101674_00001,2015-04-28 00:00:00,061Y,61.0,F,SIEMENS,non-PDAC,0,radiology / 3yFU,False,1,False,1,True,automatic,automatic_labels/101674_00001.nii.gz,17ec00da35562ff1d77a96d528aa577c6a98636e,654265,True,True,False,True,False,PANORAMA_LOCAL,PRIMARY_MODEL_DEVELOPMENT,False,True,RADIOLOGY_WITH_3Y_FOLLOWUP,SIEMENS,AUXILIARY_AUTOMATIC_MASK_ONLY,False,False,False,train,0,Y0_M0_SSIEMENS,train,True,False,False,False,False
1688,101675,101675_00001,2014-02-28 00:00:00,064Y,64.0,M,SIEMENS,non-PDAC,0,radiology,False,1,False,1,True,automatic,automatic_labels/101675_00001.nii.gz,9d3ddb1fa2ce34a69bc02263ec9febeb5bce0bef,212677,True,True,False,True,False,PANORAMA_LOCAL,PRIMARY_MODEL_DEVELOPMENT,False,True,RADIOLOGY_NO_DOCUMENTED_FOLLOWUP,SIEMENS,AUXILIARY_AUTOMATIC_MASK_ONLY,False,False,False,train,0,Y0_M0_SSIEMENS,train,True,False,False,False,False
1689,101676,101676_00001,2020-03-05 00:00:00,065Y,65.0,F,SIEMENS,non-PDAC,0,radiology,False,1,False,1,True,automatic,automatic_labels/101676_00001.nii.gz,b43a3ede636d4f4c9d16d7974237670dd3bdf19d,313267,True,True,False,True,False,PANORAMA_LOCAL,PRIMARY_MODEL_DEVELOPMENT,False,True,RADIOLOGY_NO_DOCUMENTED_FOLLOWUP,SIEMENS,AUXILIARY_AUTOMATIC_MASK_ONLY,False,False,False,train,2,Y0_M0_SSIEMENS,train,True,False,False,False,False
1690,101677,101677_00001,2018-09-11 00:00:00,047Y,47.0,F,TOSHIBA,non-PDAC,0,radiology,False,1,False,1,True,automatic,automatic_labels/101677_00001.nii.gz,0148ba40e460ccae555a44aaf7dc8cecf3db3cce,551890,True,True,False,True,False,PANORAMA_LOCAL,PRIMARY_MODEL_DEVELOPMENT,False,True,RADIOLOGY_NO_DOCUMENTED_FOLLOWUP,TOSHIBA,AUXILIARY_AUTOMATIC_MASK_ONLY,False,False,False,train,3,Y0_M0_STOSHIBA,train,True,False,False,False,False
1691,101678,101678_00001,2018-03-18 00:00:00,075Y,75.0,M,TOSHIBA,non-PDAC,0,radiology,False,1,False,1,True,automatic,automatic_labels/101678_00001.nii.gz,9d1022ed270fdb0ee10c2238b4ef12ff802db8f7,531592,True,True,False,True,False,PANORAMA_LOCAL,PRIMARY_MODEL_DEVELOPMENT,False,True,RADIOLOGY_NO_DOCUMENTED_FOLLOWUP,TOSHIBA,AUXILIARY_AUTOMATIC_MASK_ONLY,False,False,False,internal_test,-1,Y0_M0_STOSHIBA,internal_test,False,False,False,True,False
1692,101679,101679_00001,2021-12-16 00:00:00,072Y,72.0,F,TOSHIBA,PDAC,1,pathology,False,1,False,1,True,manual,manual_labels/101679_00001.nii.gz,a1cee7eeec73de508f0eca232467b61d9f5a35a3,261375,True,True,True,False,True,PANORAMA_LOCAL,PRIMARY_MODEL_DEVELOPMENT,False,True,TISSUE_CONFIRMED,TOSHIBA,PRIMARY_MANUAL_PDAC_REFERENCE,False,False,False,validation,-1,Y1_M1_STOSHIBA,validation,False,True,True,False,False
1693,101680,101680_00001,2017-01-20 00:00:00,059Y,59.0,F,TOSHIBA,non-PDAC,0,radiology,False,1,False,1,True,automatic,automatic_labels/101680_00001.nii.gz,bc00ba90c9cb42eb58c37d594a2a8533953014be,596254,True,True,False,True,False,PANORAMA_LOCAL,PRIMARY_MODEL_DEVELOPMENT,False,True,RADIOLOGY_NO_DOCUMENTED_FOLLOWUP,TOSHIBA,AUXILIARY_AUTOMATIC_MASK_ONLY,False,False,False,train,3,Y0_M0_STOSHIBA,train,True,False,False,False,False
1694,101681,101681_00001,,,,,,non-PDAC,0,MSD_dataset,True,1,False,1,True,automatic,automatic_labels/101681_00001.nii.gz,2f0125be193fcce539a93632875ce3510f5f80f7,127029,True,True,False,True,False,MSD_EXTERNAL_MIXED,LOCKED_EXTERNAL_MIXED_TEST,True,False,MSD_DATASET_DERIVED,[MISSING],AUXILIARY_AUTOMATIC_MASK_ONLY,True,False,False,,-1,,external_msd_test,False,False,False,True,False
1695,101682,101682_00001,2015-07-19 00:00:00,041Y,41.0,F,SIEMENS,non-PDAC,0,radiology,False,1,False,1,True,automatic,automatic_labels/101682_00001.nii.gz,1da862dc53b5c66104ee6b81bbe78b48305426dc,347259,True,True,False,True,False,PANORAMA_LOCAL,PRIMARY_MODEL_DEVELOPMENT,False,True,RADIOLOGY_NO_DOCUMENTED_FOLLOWUP,SIEMENS,AUXILIARY_AUTOMATIC_MASK_ONLY,False,False,False,train,1,Y0_M0_SSIEMENS,train,True,False,False,False,False
1696,101683,101683_00001,2014-02-20 00:00:00,070Y,70.0,M,TOSHIBA,non-PDAC,0,radiology,False,1,False,1,True,automatic,automatic_labels/101683_00001.nii.gz,4b952d45f3df06f60d2ddaac2f8489bfdb848d49,269683,True,True,False,True,False,PANORAMA_LOCAL,PRIMARY_MODEL_DEVELOPMENT,False,True,RADIOLOGY_NO_DOCUMENTED_FOLLOWUP,TOSHIBA,AUXILIARY_AUTOMATIC_MASK_ONLY,False,False,False,train,1,Y0_M0_STOSHIBA,train,True,False,False,False,False
1697,101684,101684_00001,2016-08-15 00:00:00,068Y,68.0,M,SIEMENS,non-PDAC,0,radiology,False,1,False,1,True,automatic,automatic_labels/101684_00001.nii.gz,e119490a98f86dafd387c2af9c0e8a8484eb6fa1,724464,True,True,False,True,False,PANORAMA_LOCAL,PRIMARY_MODEL_DEVELOPMENT,False,True,RADIOLOGY_NO_DOCUMENTED_FOLLOWUP,SIEMENS,AUXILIARY_AUTOMATIC_MASK_ONLY,False,False,False,validation,-1,Y0_M0_SSIEMENS,validation,False,True,True,False,False
1698,101685,101685_00001,2009-09-06 00:00:00,060Y,60.0,F,SIEMENS,non-PDAC,0,histopathology,False,1,False,1,True,automatic,automatic_labels/101685_00001.nii.gz,a1e045cdc0126c2766a8e9341a89bb98a736283c,371725,True,True,False,True,False,PANORAMA_LOCAL,PRIMARY_MODEL_DEVELOPMENT,False,True,TISSUE_CONFIRMED,SIEMENS,AUXILIARY_AUTOMATIC_MASK_ONLY,False,False,False,train,1,Y0_M0_SSIEMENS,train,True,False,False,False,False
1699,101686,101686_00001,2018-04-26 00:00:00,066Y,66.0,M,TOSHIBA,non-PDAC,0,radiology,False,1,False,1,True,automatic,automatic_labels/101686_00001.nii.gz,f81511b563752313d927ea09dc2688c976ff9758,246975,True,True,False,True,False,PANORAMA_LOCAL,PRIMARY_MODEL_DEVELOPMENT,False,True,RADIOLOGY_NO_DOCUMENTED_FOLLOWUP,TOSHIBA,AUXILIARY_AUTOMATIC_MASK_ONLY,False,False,False,train,1,Y0_M0_STOSHIBA,train,True,False,False,False,False
1700,101687,101687_00001,2021-08-10 00:00:00,058Y,58.0,F,SIEMENS,PDAC,1,pathology,False,1,False,1,True,manual,manual_labels/101687_00001.nii.gz,90170838d2cdf5de256c2ea7417a0f6bdbae5792,471815,True,True,True,False,True,PANORAMA_LOCAL,PRIMARY_MODEL_DEVELOPMENT,False,True,TISSUE_CONFIRMED,SIEMENS,PRIMARY_MANUAL_PDAC_REFERENCE,False,False,False,train,4,Y1_M1_SSIEMENS,train,True,False,False,False,False
1701,101688,101688_00001,2013-12-22 00:00:00,063Y,63.0,F,TOSHIBA,non-PDAC,0,radiology,False,1,False,1,True,automatic,automatic_labels/101688_00001.nii.gz,d5c656135dda84aed236472c61f91962d1fb4c5e,218138,True,True,False,True,False,PANORAMA_LOCAL,PRIMARY_MODEL_DEVELOPMENT,False,True,RADIOLOGY_NO_DOCUMENTED_FOLLOWUP,TOSHIBA,AUXILIARY_AUTOMATIC_MASK_ONLY,False,False,False,train,1,Y0_M0_STOSHIBA,train,True,False,False,False,False
1702,101689,101689_00001,2022-11-03 00:00:00,070Y,70.0,M,SIEMENS,PDAC,1,pathology,False,1,False,1,True,manual,manual_labels/101689_00001.nii.gz,6df6ad54430e8cf18d49f23d2f505acc0c01cc17,688022,True,True,True,False,True,PANORAMA_LOCAL,PRIMARY_MODEL_DEVELOPMENT,False,True,TISSUE_CONFIRMED,SIEMENS,PRIMARY_MANUAL_PDAC_REFERENCE,False,False,False,train,0,Y1_M1_SSIEMENS,train,True,False,False,False,False
1703,101690,101690_00001,2015-10-02 00:00:00,057Y,57.0,M,TOSHIBA,non-PDAC,0,radiology,False,1,False,1,True,automatic,automatic_labels/101690_00001.nii.gz,3b42c010e89f11b537da753f03535eaa3b5b8ea5,1485063,True,True,False,True,False,PANORAMA_LOCAL,PRIMARY_MODEL_DEVELOPMENT,False,True,RADIOLOGY_NO_DOCUMENTED_FOLLOWUP,TOSHIBA,AUXILIARY_AUTOMATIC_MASK_ONLY,False,False,False,train,4,Y0_M0_STOSHIBA,train,True,False,False,False,False
1704,101691,101691_00001,2016-09-06 00:00:00,080Y,80.0,F,GE MEDICAL SYSTEMS,non-PDAC,0,pathology,False,1,False,1,True,automatic,automatic_labels/101691_00001.nii.gz,62eab3271e8851c9f0720baddc75ae21594c0946,1760608,True,True,False,True,False,PANORAMA_LOCAL,PRIMARY_MODEL_DEVELOPMENT,False,True,TISSUE_CONFIRMED,GE MEDICAL SYSTEMS,AUXILIARY_AUTOMATIC_MASK_ONLY,False,False,False,train,2,Y0_M0_SGE MEDICAL SYSTEMS,train,True,False,False,False,False
1705,101692,101692_00001,2019-03-01 00:00:00,065Y,65.0,F,Philips,PDAC,1,histopathology,False,1,False,1,True,automatic,automatic_labels/101692_00001.nii.gz,9f9162009c927fb567fcad9b72d36bf155cd66eb,1352193,True,True,False,True,False,PANORAMA_LOCAL,PRIMARY_MODEL_DEVELOPMENT,False,True,TISSUE_CONFIRMED,Philips,AUXILIARY_AUTOMATIC_MASK_ONLY,False,False,False,internal_test,-1,Y1_M0_SPhilips,internal_test,False,False,False,True,False
1706,101693,101693_00001,2019-05-23 00:00:00,071Y,71.0,M,Philips,non-PDAC,0,histopathology,False,1,False,1,True,automatic,automatic_labels/101693_00001.nii.gz,9e32b246de701485c9a9f0910ab58e91c0c4c5f3,987199,True,True,False,True,False,PANORAMA_LOCAL,PRIMARY_MODEL_DEVELOPMENT,False,True,TISSUE_CONFIRMED,Philips,AUXILIARY_AUTOMATIC_MASK_ONLY,False,False,False,train,3,Y0_M0_SPhilips,train,True,False,False,False,False
1707,101694,101694_00001,2016-04-06 00:00:00,081Y,81.0,M,SIEMENS,PDAC,1,cytology,False,1,False,1,True,manual,manual_labels/101694_00001.nii.gz,09b708ce53d2bbcdb25b76c3b9d85afaf1750834,680908,True,True,True,False,True,PANORAMA_LOCAL,PRIMARY_MODEL_DEVELOPMENT,False,True,CYTOLOGY_CONFIRMED,SIEMENS,PRIMARY_MANUAL_PDAC_REFERENCE,False,False,False,internal_test,-1,Y1_M1_SSIEMENS,internal_test,False,False,False,True,True
1708,101695,101695_00001,2020-02-08 00:00:00,079Y,79.0,F,Philips,PDAC,1,cytology,False,1,False,1,True,manual,manual_labels/101695_00001.nii.gz,648e58cd0005800c2f03cc92af73764763d8f889,355945,True,True,True,False,True,PANORAMA_LOCAL,PRIMARY_MODEL_DEVELOPMENT,False,True,CYTOLOGY_CONFIRMED,Philips,PRIMARY_MANUAL_PDAC_REFERENCE,False,False,False,train,3,Y1_M1_SPhilips,train,True,False,False,False,False
1709,101696,101696_00001,2013-11-09 00:00:00,063Y,63.0,F,SIEMENS,PDAC,1,histopathology,False,1,False,1,True,automatic,automatic_labels/101696_00001.nii.gz,372d36f6ba2f94da5c2e20271a6fe94d5c4e7c0d,268334,True,True,False,True,False,PANORAMA_LOCAL,PRIMARY_MODEL_DEVELOPMENT,False,True,TISSUE_CONFIRMED,SIEMENS,AUXILIARY_AUTOMATIC_MASK_ONLY,False,False,False,train,1,Y1_M0_SSIEMENS,train,True,False,False,False,False
1710,101697,101697_00001,,,,,,PDAC,1,MSD_dataset,True,1,False,1,True,manual,manual_labels/101697_00001.nii.gz,4136828dd78f749cb6a2f751598c09dbbeab408c,57872,True,True,True,False,True,MSD_EXTERNAL_MIXED,LOCKED_EXTERNAL_MIXED_TEST,True,False,MSD_DATASET_DERIVED,[MISSING],PRIMARY_MANUAL_PDAC_REFERENCE,True,True,False,,-1,,external_msd_test,False,False,False,True,True
1711,101698,101698_00001,2017-06-28 00:00:00,062Y,62.0,M,SIEMENS,PDAC,1,histopathology,False,1,False,1,True,automatic,automatic_labels/101698_00001.nii.gz,d5d369ddd91b6e19a56ed6f02a96dd2765c4c8a6,960979,True,True,False,True,False,PANORAMA_LOCAL,PRIMARY_MODEL_DEVELOPMENT,False,True,TISSUE_CONFIRMED,SIEMENS,AUXILIARY_AUTOMATIC_MASK_ONLY,False,False,False,train,4,Y1_M0_SSIEMENS,train,True,False,False,False,False
1712,101699,101699_00001,2016-03-18 00:00:00,042Y,42.0,M,SIEMENS,non-PDAC,0,radiology,False,1,False,1,True,automatic,automatic_labels/101699_00001.nii.gz,c8093e5ea2809cfa30b819ec454cd1c69bcfec9d,375549,True,True,False,True,False,PANORAMA_LOCAL,PRIMARY_MODEL_DEVELOPMENT,False,True,RADIOLOGY_NO_DOCUMENTED_FOLLOWUP,SIEMENS,AUXILIARY_AUTOMATIC_MASK_ONLY,False,False,False,train,0,Y0_M0_SSIEMENS,train,True,False,False,False,False
1713,101700,101700_00001,,,,,,non-PDAC,0,MSD_dataset,True,1,False,1,True,automatic,automatic_labels/101700_00001.nii.gz,62824ac72125d3f2f4b01e74bdaa3f16136143bd,208626,True,True,False,True,False,MSD_EXTERNAL_MIXED,LOCKED_EXTERNAL_MIXED_TEST,True,False,MSD_DATASET_DERIVED,[MISSING],AUXILIARY_AUTOMATIC_MASK_ONLY,True,False,False,,-1,,external_msd_test,False,False,False,True,False
1714,101701,101701_00001,,,,,,non-PDAC,0,MSD_dataset,True,1,False,1,True,automatic,automatic_labels/101701_00001.nii.gz,99865f99d38a88bef0868c07b5f98863022cd92c,239223,True,True,False,True,False,MSD_EXTERNAL_MIXED,LOCKED_EXTERNAL_MIXED_TEST,True,False,MSD_DATASET_DERIVED,[MISSING],AUXILIARY_AUTOMATIC_MASK_ONLY,True,False,False,,-1,,external_msd_test,False,False,False,True,False
1715,101702,101702_00001,2017-12-16 00:00:00,049Y,49.0,M,SIEMENS,non-PDAC,0,radiology,False,1,False,1,True,automatic,automatic_labels/101702_00001.nii.gz,1850c8e84682f6d66074689286b45018b74b9c38,711091,True,True,False,True,False,PANORAMA_LOCAL,PRIMARY_MODEL_DEVELOPMENT,False,True,RADIOLOGY_NO_DOCUMENTED_FOLLOWUP,SIEMENS,AUXILIARY_AUTOMATIC_MASK_ONLY,False,False,False,train,1,Y0_M0_SSIEMENS,train,True,False,False,False,False
1716,101703,101703_00001,2015-08-04 00:00:00,063Y,63.0,M,SIEMENS,non-PDAC,0,radiology,False,1,False,1,True,automatic,automatic_labels/101703_00001.nii.gz,8418ffc674902f2411b679e532209dd8e9cd35c0,1072019,True,True,False,True,False,PANORAMA_LOCAL,PRIMARY_MODEL_DEVELOPMENT,False,True,RADIOLOGY_NO_DOCUMENTED_FOLLOWUP,SIEMENS,AUXILIARY_AUTOMATIC_MASK_ONLY,False,False,False,train,0,Y0_M0_SSIEMENS,train,True,False,False,False,False
1717,101704,101704_00001,2015-12-24 00:00:00,,,,,non-PDAC,0,NIH_dataset,True,1,False,1,True,automatic,automatic_labels/101704_00001.nii.gz,b3e2d5ec241afa616f7c483e7c5727248a67a5af,520657,True,True,False,True,False,NIH_NEGATIVE_STRESS,LOCKED_NEGATIVE_SPECIFICITY_STRESS_TEST,True,False,NIH_DATASET_DERIVED,[MISSING],AUXILIARY_AUTOMATIC_MASK_ONLY,False,False,True,,-1,,nih_negative_stress_test,False,False,False,True,False
1718,101705,101705_00001,2012-09-13 00:00:00,063Y,63.0,M,SIEMENS,non-PDAC,0,histopathology,False,1,False,1,True,automatic,automatic_labels/101705_00001.nii.gz,85c893af43f3323ed58f701b8ace7024f3bd1cda,935811,True,True,False,True,False,PANORAMA_LOCAL,PRIMARY_MODEL_DEVELOPMENT,False,True,TISSUE_CONFIRMED,SIEMENS,AUXILIARY_AUTOMATIC_MASK_ONLY,False,False,False,train,0,Y0_M0_SSIEMENS,train,True,False,False,False,False
1719,101706,101706_00001,2016-11-25 00:00:00,058Y,58.0,F,SIEMENS,non-PDAC,0,radiology,False,1,False,1,True,automatic,automatic_labels/101706_00001.nii.gz,f8efadfdcd68ae470d905e41c5be1ac8b73dad91,642135,True,True,False,True,False,PANORAMA_LOCAL,PRIMARY_MODEL_DEVELOPMENT,False,True,RADIOLOGY_NO_DOCUMENTED_FOLLOWUP,SIEMENS,AUXILIARY_AUTOMATIC_MASK_ONLY,False,False,False,train,2,Y0_M0_SSIEMENS,train,True,False,False,False,False
1720,101707,101707_00001,2016-10-29 00:00:00,077Y,77.0,M,Philips,non-PDAC,0,radiology,False,1,False,1,True,automatic,automatic_labels/101707_00001.nii.gz,1d8855ed502644d2266c6d7aaf0aff65f9e0340f,198100,True,True,False,True,False,PANORAMA_LOCAL,PRIMARY_MODEL_DEVELOPMENT,False,True,RADIOLOGY_NO_DOCUMENTED_FOLLOWUP,Philips,AUXILIARY_AUTOMATIC_MASK_ONLY,False,False,False,internal_test,-1,Y0_M0_SPhilips,internal_test,False,False,False,True,False
1721,101708,101708_00001,2016-09-23 00:00:00,083Y,83.0,M,TOSHIBA,non-PDAC,0,radiology,False,1,False,1,True,automatic,automatic_labels/101708_00001.nii.gz,191acbeb2d50dae1e5109a8fd2164d77e1776e0a,554797,True,True,False,True,False,PANORAMA_LOCAL,PRIMARY_MODEL_DEVELOPMENT,False,True,RADIOLOGY_NO_DOCUMENTED_FOLLOWUP,TOSHIBA,AUXILIARY_AUTOMATIC_MASK_ONLY,False,False,False,internal_test,-1,Y0_M0_STOSHIBA,internal_test,False,False,False,True,False
1722,101709,101709_00001,2018-10-15 00:00:00,080Y,80.0,F,TOSHIBA,non-PDAC,0,radiology,False,1,False,1,True,automatic,automatic_labels/101709_00001.nii.gz,e6e8c22ccd43b74439500268013095572cf0967c,510919,True,True,False,True,False,PANORAMA_LOCAL,PRIMARY_MODEL_DEVELOPMENT,False,True,RADIOLOGY_NO_DOCUMENTED_FOLLOWUP,TOSHIBA,AUXILIARY_AUTOMATIC_MASK_ONLY,False,False,False,train,2,Y0_M0_STOSHIBA,train,True,False,False,False,False
1723,101710,101710_00001,2014-10-06 00:00:00,067Y,67.0,F,TOSHIBA,non-PDAC,0,radiology,False,1,False,1,True,automatic,automatic_labels/101710_00001.nii.gz,d20e37b5dbf89fd39ff70524c6a566304d11eb0b,343733,True,True,False,True,False,PANORAMA_LOCAL,PRIMARY_MODEL_DEVELOPMENT,False,True,RADIOLOGY_NO_DOCUMENTED_FOLLOWUP,TOSHIBA,AUXILIARY_AUTOMATIC_MASK_ONLY,False,False,False,train,2,Y0_M0_STOSHIBA,train,True,False,False,False,False
1724,101711,101711_00001,2016-02-28 00:00:00,067Y,67.0,F,SIEMENS,non-PDAC,0,radiology,False,1,False,1,True,automatic,automatic_labels/101711_00001.nii.gz,18775534862ddb30406f2dd3f4aa2658450f5bb5,644224,True,True,False,True,False,PANORAMA_LOCAL,PRIMARY_MODEL_DEVELOPMENT,False,True,RADIOLOGY_NO_DOCUMENTED_FOLLOWUP,SIEMENS,AUXILIARY_AUTOMATIC_MASK_ONLY,False,False,False,validation,-1,Y0_M0_SSIEMENS,validation,False,True,True,False,False
1725,101712,101712_00001,2018-08-27 00:00:00,063Y,63.0,F,TOSHIBA,non-PDAC,0,radiology,False,1,False,1,True,automatic,automatic_labels/101712_00001.nii.gz,19b4f2afbd28caf3d4d155d95bfa74cf52dc163a,1658652,True,True,False,True,False,PANORAMA_LOCAL,PRIMARY_MODEL_DEVELOPMENT,False,True,RADIOLOGY_NO_DOCUMENTED_FOLLOWUP,TOSHIBA,AUXILIARY_AUTOMATIC_MASK_ONLY,False,False,False,train,3,Y0_M0_STOSHIBA,train,True,False,False,False,False
1726,101713,101713_00001,2020-02-15 00:00:00,068Y,68.0,F,SIEMENS,PDAC,1,histopathology,False,1,False,1,True,manual,manual_labels/101713_00001.nii.gz,5a8fac8b7161eb063bed1300e7baf353860ecbb7,82814,True,True,True,False,True,PANORAMA_LOCAL,PRIMARY_MODEL_DEVELOPMENT,False,True,TISSUE_CONFIRMED,SIEMENS,PRIMARY_MANUAL_PDAC_REFERENCE,False,False,False,train,0,Y1_M1_SSIEMENS,train,True,False,False,False,False
1727,101714,101714_00001,2018-02-10 00:00:00,070Y,70.0,F,GE MEDICAL SYSTEMS,non-PDAC,0,pathology,False,1,False,1,True,automatic,automatic_labels/101714_00001.nii.gz,71d42e7b9288772d5d254f7dcc117f7391ee902f,701530,True,True,False,True,False,PANORAMA_LOCAL,PRIMARY_MODEL_DEVELOPMENT,False,True,TISSUE_CONFIRMED,GE MEDICAL SYSTEMS,AUXILIARY_AUTOMATIC_MASK_ONLY,False,False,False,validation,-1,Y0_M0_SGE MEDICAL SYSTEMS,validation,False,True,True,False,False
1728,101715,101715_00001,2016-01-28 00:00:00,068Y,68.0,M,SIEMENS,non-PDAC,0,radiology,False,1,False,1,True,automatic,automatic_labels/101715_00001.nii.gz,d81d0916dc6cbe9e8d4454b64ce2f5b3c141249f,2003341,True,True,False,True,False,PANORAMA_LOCAL,PRIMARY_MODEL_DEVELOPMENT,False,True,RADIOLOGY_NO_DOCUMENTED_FOLLOWUP,SIEMENS,AUXILIARY_AUTOMATIC_MASK_ONLY,False,False,False,train,0,Y0_M0_SSIEMENS,train,True,False,False,False,False
1729,101716,101716_00001,2017-01-16 00:00:00,054Y,54.0,M,TOSHIBA,PDAC,1,histopathology,False,1,False,1,True,manual,manual_labels/101716_00001.nii.gz,321c30b1d35c06500f01a75f58ba16a110a32e11,478177,True,True,True,False,True,PANORAMA_LOCAL,PRIMARY_MODEL_DEVELOPMENT,False,True,TISSUE_CONFIRMED,TOSHIBA,PRIMARY_MANUAL_PDAC_REFERENCE,False,False,False,train,1,Y1_M1_STOSHIBA,train,True,False,False,False,False
1730,101717,101717_00001,2014-04-29 00:00:00,044Y,44.0,F,TOSHIBA,PDAC,1,histopathology,False,1,False,1,True,automatic,automatic_labels/101717_00001.nii.gz,576bbabdc757931e8b98d31f71209c091846478e,618664,True,True,False,True,False,PANORAMA_LOCAL,PRIMARY_MODEL_DEVELOPMENT,False,True,TISSUE_CONFIRMED,TOSHIBA,AUXILIARY_AUTOMATIC_MASK_ONLY,False,False,False,train,2,Y1_M0_STOSHIBA,train,True,False,False,False,False
1731,101718,101718_00001,2017-01-07 00:00:00,085Y,85.0,F,TOSHIBA,non-PDAC,0,radiology,False,1,False,1,True,automatic,automatic_labels/101718_00001.nii.gz,304515ae072d76623e55655b6697028d74a43136,533884,True,True,False,True,False,PANORAMA_LOCAL,PRIMARY_MODEL_DEVELOPMENT,False,True,RADIOLOGY_NO_DOCUMENTED_FOLLOWUP,TOSHIBA,AUXILIARY_AUTOMATIC_MASK_ONLY,False,False,False,train,0,Y0_M0_STOSHIBA,train,True,False,False,False,False
1732,101719,101719_00001,2018-09-01 00:00:00,075Y,75.0,M,TOSHIBA,non-PDAC,0,radiology,False,1,False,1,True,automatic,automatic_labels/101719_00001.nii.gz,109a9fbac96b2834cddffbb7c775be3aae91c89d,237811,True,True,False,True,False,PANORAMA_LOCAL,PRIMARY_MODEL_DEVELOPMENT,False,True,RADIOLOGY_NO_DOCUMENTED_FOLLOWUP,TOSHIBA,AUXILIARY_AUTOMATIC_MASK_ONLY,False,False,False,train,0,Y0_M0_STOSHIBA,train,True,False,False,False,False
1733,101720,101720_00001,2016-08-10 00:00:00,047Y,47.0,M,Philips,non-PDAC,0,histopathology,False,1,False,1,True,automatic,automatic_labels/101720_00001.nii.gz,7ce3b67e5620a2d1b877ac96a98ff5d1e536122c,303184,True,True,False,True,False,PANORAMA_LOCAL,PRIMARY_MODEL_DEVELOPMENT,False,True,TISSUE_CONFIRMED,Philips,AUXILIARY_AUTOMATIC_MASK_ONLY,False,False,False,train,4,Y0_M0_SPhilips,train,True,False,False,False,False
1734,101721,101721_00001,2019-11-02 00:00:00,061Y,61.0,M,Philips,PDAC,1,pathology,False,1,False,1,True,manual,manual_labels/101721_00001.nii.gz,69a9eb4ddb5d8f9ba299c061fec9a4b995cf0507,2248110,True,True,True,False,True,PANORAMA_LOCAL,PRIMARY_MODEL_DEVELOPMENT,False,True,TISSUE_CONFIRMED,Philips,PRIMARY_MANUAL_PDAC_REFERENCE,False,False,False,train,0,Y1_M1_SPhilips,train,True,False,False,False,False
1735,101722,101722_00001,,,,,,non-PDAC,0,MSD_dataset,True,1,False,1,True,automatic,automatic_labels/101722_00001.nii.gz,558642f896c30efd95f70eafa0182af9465228fc,263854,True,True,False,True,False,MSD_EXTERNAL_MIXED,LOCKED_EXTERNAL_MIXED_TEST,True,False,MSD_DATASET_DERIVED,[MISSING],AUXILIARY_AUTOMATIC_MASK_ONLY,True,False,False,,-1,,external_msd_test,False,False,False,True,False
1736,101723,101723_00001,2018-09-07 00:00:00,084Y,84.0,M,TOSHIBA,non-PDAC,0,radiology,False,1,False,1,True,automatic,automatic_labels/101723_00001.nii.gz,b42335ef02cff5afaa493b0a6b63af1b0781a4cf,231872,True,True,False,True,False,PANORAMA_LOCAL,PRIMARY_MODEL_DEVELOPMENT,False,True,RADIOLOGY_NO_DOCUMENTED_FOLLOWUP,TOSHIBA,AUXILIARY_AUTOMATIC_MASK_ONLY,False,False,False,validation,-1,Y0_M0_STOSHIBA,validation,False,True,True,False,False
1737,101724,101724_00001,2015-09-04 00:00:00,074Y,74.0,M,TOSHIBA,non-PDAC,0,radiology,False,1,False,1,True,automatic,automatic_labels/101724_00001.nii.gz,cf3630d341ce4471bb42dbcf90a11d95cacbd0ea,352299,True,True,False,True,False,PANORAMA_LOCAL,PRIMARY_MODEL_DEVELOPMENT,False,True,RADIOLOGY_NO_DOCUMENTED_FOLLOWUP,TOSHIBA,AUXILIARY_AUTOMATIC_MASK_ONLY,False,False,False,train,3,Y0_M0_STOSHIBA,train,True,False,False,False,False
1738,101725,101725_00001,2008-07-04 00:00:00,083Y,83.0,M,SIEMENS,non-PDAC,0,cytology,False,1,False,1,True,automatic,automatic_labels/101725_00001.nii.gz,942ab20c8bfe71157356f5ffe1023069cf99f3a7,610960,True,True,False,True,False,PANORAMA_LOCAL,PRIMARY_MODEL_DEVELOPMENT,False,True,CYTOLOGY_CONFIRMED,SIEMENS,AUXILIARY_AUTOMATIC_MASK_ONLY,False,False,False,internal_test,-1,Y0_M0_SSIEMENS,internal_test,False,False,False,True,False
1739,101726,101726_00001,2015-11-27 00:00:00,065Y,65.0,M,SIEMENS,non-PDAC,0,radiology,False,1,False,1,True,automatic,automatic_labels/101726_00001.nii.gz,a282bdf17f5eb2d30cb11216f05207c90c70d0d6,497692,True,True,False,True,False,PANORAMA_LOCAL,PRIMARY_MODEL_DEVELOPMENT,False,True,RADIOLOGY_NO_DOCUMENTED_FOLLOWUP,SIEMENS,AUXILIARY_AUTOMATIC_MASK_ONLY,False,False,False,validation,-1,Y0_M0_SSIEMENS,validation,False,True,True,False,False
1740,101727,101727_00001,2018-07-04 00:00:00,068Y,68.0,M,TOSHIBA,non-PDAC,0,radiology,False,1,False,1,True,automatic,automatic_labels/101727_00001.nii.gz,22ae1d5c861e366be79863a7a08e2851a40957cd,342887,True,True,False,True,False,PANORAMA_LOCAL,PRIMARY_MODEL_DEVELOPMENT,False,True,RADIOLOGY_NO_DOCUMENTED_FOLLOWUP,TOSHIBA,AUXILIARY_AUTOMATIC_MASK_ONLY,False,False,False,train,2,Y0_M0_STOSHIBA,train,True,False,False,False,False
1741,101728,101728_00001,2021-11-02 00:00:00,059Y,59.0,M,SIEMENS,PDAC,1,histopathology,False,1,False,1,True,manual,manual_labels/101728_00001.nii.gz,02888be16c8bd0c54bf6284ab2a8e98834be0096,308222,True,True,True,False,True,PANORAMA_LOCAL,PRIMARY_MODEL_DEVELOPMENT,False,True,TISSUE_CONFIRMED,SIEMENS,PRIMARY_MANUAL_PDAC_REFERENCE,False,False,False,train,3,Y1_M1_SSIEMENS,train,True,False,False,False,False
1742,101729,101729_00001,2015-11-11 00:00:00,048Y,48.0,M,SIEMENS,non-PDAC,0,radiology,False,1,False,1,True,automatic,automatic_labels/101729_00001.nii.gz,0a63cbb1ecaa9281fa64a60943a6e1511dd5eab3,670049,True,True,False,True,False,PANORAMA_LOCAL,PRIMARY_MODEL_DEVELOPMENT,False,True,RADIOLOGY_NO_DOCUMENTED_FOLLOWUP,SIEMENS,AUXILIARY_AUTOMATIC_MASK_ONLY,False,False,False,train,3,Y0_M0_SSIEMENS,train,True,False,False,False,False
1743,101730,101730_00001,2006-10-08 00:00:00,045Y,45.0,F,SIEMENS,non-PDAC,0,histopathology,False,1,False,1,True,automatic,automatic_labels/101730_00001.nii.gz,a81a2608ea5b048d3bbb7808a56a9d3adbb2e3b0,175217,True,True,False,True,False,PANORAMA_LOCAL,PRIMARY_MODEL_DEVELOPMENT,False,True,TISSUE_CONFIRMED,SIEMENS,AUXILIARY_AUTOMATIC_MASK_ONLY,False,False,False,train,3,Y0_M0_SSIEMENS,train,True,False,False,False,False
1744,101731,101731_00001,2017-07-08 00:00:00,060Y,60.0,F,TOSHIBA,non-PDAC,0,radiology,False,1,False,1,True,automatic,automatic_labels/101731_00001.nii.gz,efe857f6dc765df48b90cd80b17c974325ad749c,541520,True,True,False,True,False,PANORAMA_LOCAL,PRIMARY_MODEL_DEVELOPMENT,False,True,RADIOLOGY_NO_DOCUMENTED_FOLLOWUP,TOSHIBA,AUXILIARY_AUTOMATIC_MASK_ONLY,False,False,False,train,2,Y0_M0_STOSHIBA,train,True,False,False,False,False
1745,101732,101732_00001,2016-12-11 00:00:00,057Y,57.0,M,SIEMENS,non-PDAC,0,radiology,False,1,False,1,True,automatic,automatic_labels/101732_00001.nii.gz,c794a1993acb4ad0f562bb9c5cc26fb4a8e6613f,703700,True,True,False,True,False,PANORAMA_LOCAL,PRIMARY_MODEL_DEVELOPMENT,False,True,RADIOLOGY_NO_DOCUMENTED_FOLLOWUP,SIEMENS,AUXILIARY_AUTOMATIC_MASK_ONLY,False,False,False,train,4,Y0_M0_SSIEMENS,train,True,False,False,False,False
1746,101733,101733_00001,,,,,,PDAC,1,MSD_dataset,True,1,False,1,True,manual,manual_labels/101733_00001.nii.gz,3ce84e66d2606e56d6aba79a93b6b900dad059b2,151986,True,True,True,False,True,MSD_EXTERNAL_MIXED,LOCKED_EXTERNAL_MIXED_TEST,True,False,MSD_DATASET_DERIVED,[MISSING],PRIMARY_MANUAL_PDAC_REFERENCE,True,True,False,,-1,,external_msd_test,False,False,False,True,True
1747,101734,101734_00001,2014-07-09 00:00:00,070Y,70.0,M,SIEMENS,non-PDAC,0,radiology,False,1,False,1,True,automatic,automatic_labels/101734_00001.nii.gz,3940e72c1329f54fba09bad679a541e00da76761,947144,True,True,False,True,False,PANORAMA_LOCAL,PRIMARY_MODEL_DEVELOPMENT,False,True,RADIOLOGY_NO_DOCUMENTED_FOLLOWUP,SIEMENS,AUXILIARY_AUTOMATIC_MASK_ONLY,False,False,False,train,1,Y0_M0_SSIEMENS,train,True,False,False,False,False
1748,101735,101735_00001,2020-06-23 00:00:00,067Y,67.0,M,Philips,PDAC,1,histopathology,False,1,False,1,True,automatic,automatic_labels/101735_00001.nii.gz,5bf909ef8bb24ac44e01eeb29865baff696591d0,516063,True,True,False,True,False,PANORAMA_LOCAL,PRIMARY_MODEL_DEVELOPMENT,False,True,TISSUE_CONFIRMED,Philips,AUXILIARY_AUTOMATIC_MASK_ONLY,False,False,False,train,4,Y1_M0_SPhilips,train,True,False,False,False,False
1749,101736,101736_00001,,,,,,non-PDAC,0,MSD_dataset,True,1,False,1,True,automatic,automatic_labels/101736_00001.nii.gz,0ee55f2a0db9cf4b126ec386675ae3cc472b1dab,211881,True,True,False,True,False,MSD_EXTERNAL_MIXED,LOCKED_EXTERNAL_MIXED_TEST,True,False,MSD_DATASET_DERIVED,[MISSING],AUXILIARY_AUTOMATIC_MASK_ONLY,True,False,False,,-1,,external_msd_test,False,False,False,True,False
1750,101737,101737_00001,2016-02-29 00:00:00,068Y,68.0,M,SIEMENS,non-PDAC,0,radiology,False,1,False,1,True,automatic,automatic_labels/101737_00001.nii.gz,1de60b28b06c1f0f8c4c8c489d96fac740a594f9,1518704,True,True,False,True,False,PANORAMA_LOCAL,PRIMARY_MODEL_DEVELOPMENT,False,True,RADIOLOGY_NO_DOCUMENTED_FOLLOWUP,SIEMENS,AUXILIARY_AUTOMATIC_MASK_ONLY,False,False,False,train,2,Y0_M0_SSIEMENS,train,True,False,False,False,False
1751,101738,101738_00001,2013-05-06 00:00:00,072Y,72.0,M,SIEMENS,non-PDAC,0,radiology,False,1,False,1,True,automatic,automatic_labels/101738_00001.nii.gz,f6115351fab164d1c9006ef4ed1b2a90e9612d16,1827285,True,True,False,True,False,PANORAMA_LOCAL,PRIMARY_MODEL_DEVELOPMENT,False,True,RADIOLOGY_NO_DOCUMENTED_FOLLOWUP,SIEMENS,AUXILIARY_AUTOMATIC_MASK_ONLY,False,False,False,validation,-1,Y0_M0_SSIEMENS,validation,False,True,True,False,False
1752,101739,101739_00001,2014-08-14 00:00:00,098Y,98.0,M,SIEMENS,non-PDAC,0,radiology,False,1,False,1,True,automatic,automatic_labels/101739_00001.nii.gz,53d59a2aeadc57b6eec1c424c588f1ccbcaa3293,576431,True,True,False,True,False,PANORAMA_LOCAL,PRIMARY_MODEL_DEVELOPMENT,False,True,RADIOLOGY_NO_DOCUMENTED_FOLLOWUP,SIEMENS,AUXILIARY_AUTOMATIC_MASK_ONLY,False,False,False,train,0,Y0_M0_SSIEMENS,train,True,False,False,False,False
1753,101740,101740_00001,2006-06-21 00:00:00,035Y,35.0,M,SIEMENS,non-PDAC,0,radiology,False,1,False,1,True,automatic,automatic_labels/101740_00001.nii.gz,0808fe6ae6629d845097a6356f0d7340a4bc8765,512243,True,True,False,True,False,PANORAMA_LOCAL,PRIMARY_MODEL_DEVELOPMENT,False,True,RADIOLOGY_NO_DOCUMENTED_FOLLOWUP,SIEMENS,AUXILIARY_AUTOMATIC_MASK_ONLY,False,False,False,internal_test,-1,Y0_M0_SSIEMENS,internal_test,False,False,False,True,False
1754,101741,101741_00001,,,,,,non-PDAC,0,MSD_dataset,True,1,False,1,True,automatic,automatic_labels/101741_00001.nii.gz,1cef77ba77f29cd58fbf21558b04ebcb24402308,214484,True,True,False,True,False,MSD_EXTERNAL_MIXED,LOCKED_EXTERNAL_MIXED_TEST,True,False,MSD_DATASET_DERIVED,[MISSING],AUXILIARY_AUTOMATIC_MASK_ONLY,True,False,False,,-1,,external_msd_test,False,False,False,True,False
1755,101742,101742_00001,2018-09-03 00:00:00,073Y,73.0,F,TOSHIBA,non-PDAC,0,radiology,False,1,False,1,True,automatic,automatic_labels/101742_00001.nii.gz,117ebc22c2829511f123b65109ebde3368da6264,335497,True,True,False,True,False,PANORAMA_LOCAL,PRIMARY_MODEL_DEVELOPMENT,False,True,RADIOLOGY_NO_DOCUMENTED_FOLLOWUP,TOSHIBA,AUXILIARY_AUTOMATIC_MASK_ONLY,False,False,False,train,1,Y0_M0_STOSHIBA,train,True,False,False,False,False
1756,101743,101743_00001,2015-12-18 00:00:00,070Y,70.0,F,TOSHIBA,non-PDAC,0,radiology,False,1,False,1,True,automatic,automatic_labels/101743_00001.nii.gz,1b5d9fc16d57cc0e1bb4a5a7cf68d97b4ed7aef7,391727,True,True,False,True,False,PANORAMA_LOCAL,PRIMARY_MODEL_DEVELOPMENT,False,True,RADIOLOGY_NO_DOCUMENTED_FOLLOWUP,TOSHIBA,AUXILIARY_AUTOMATIC_MASK_ONLY,False,False,False,internal_test,-1,Y0_M0_STOSHIBA,internal_test,False,False,False,True,False
1757,101744,101744_00001,2019-04-18 00:00:00,079Y,79.0,M,Philips,PDAC,1,histopathology,False,1,False,1,True,automatic,automatic_labels/101744_00001.nii.gz,5b7409ce901824c2642951557da2abfaa6f34890,1034517,True,True,False,True,False,PANORAMA_LOCAL,PRIMARY_MODEL_DEVELOPMENT,False,True,TISSUE_CONFIRMED,Philips,AUXILIARY_AUTOMATIC_MASK_ONLY,False,False,False,train,3,Y1_M0_SPhilips,train,True,False,False,False,False
1758,101745,101745_00001,2015-05-09 00:00:00,077Y,77.0,F,SIEMENS,non-PDAC,0,radiology,False,1,False,1,True,automatic,automatic_labels/101745_00001.nii.gz,ea8085e5bc1ddaa3842678ff58f758c62da25868,197781,True,True,False,True,False,PANORAMA_LOCAL,PRIMARY_MODEL_DEVELOPMENT,False,True,RADIOLOGY_NO_DOCUMENTED_FOLLOWUP,SIEMENS,AUXILIARY_AUTOMATIC_MASK_ONLY,False,False,False,train,0,Y0_M0_SSIEMENS,train,True,False,False,False,False
1759,101746,101746_00001,2015-03-27 00:00:00,027Y,27.0,F,TOSHIBA,non-PDAC,0,radiology,False,1,False,1,True,automatic,automatic_labels/101746_00001.nii.gz,d58f60fc11f492d8c83828ab94bf40c88c1fed39,1336876,True,True,False,True,False,PANORAMA_LOCAL,PRIMARY_MODEL_DEVELOPMENT,False,True,RADIOLOGY_NO_DOCUMENTED_FOLLOWUP,TOSHIBA,AUXILIARY_AUTOMATIC_MASK_ONLY,False,False,False,train,0,Y0_M0_STOSHIBA,train,True,False,False,False,False
1760,101747,101747_00001,2021-02-11 00:00:00,079Y,79.0,M,TOSHIBA,PDAC,1,cytology,False,1,False,1,True,manual,manual_labels/101747_00001.nii.gz,4e52f1958717547d7b6a9f1134d5153afa26ec09,353907,True,True,True,False,True,PANORAMA_LOCAL,PRIMARY_MODEL_DEVELOPMENT,False,True,CYTOLOGY_CONFIRMED,TOSHIBA,PRIMARY_MANUAL_PDAC_REFERENCE,False,False,False,internal_test,-1,Y1_M1_STOSHIBA,internal_test,False,False,False,True,True
1761,101748,101748_00001,,,,,,non-PDAC,0,MSD_dataset,True,1,False,1,True,automatic,automatic_labels/101748_00001.nii.gz,a4058f89cafbd9e7887563eb3fd60df4040632e1,232343,True,True,False,True,False,MSD_EXTERNAL_MIXED,LOCKED_EXTERNAL_MIXED_TEST,True,False,MSD_DATASET_DERIVED,[MISSING],AUXILIARY_AUTOMATIC_MASK_ONLY,True,False,False,,-1,,external_msd_test,False,False,False,True,False
1762,101749,101749_00001,2015-06-03 00:00:00,059Y,59.0,M,TOSHIBA,PDAC,1,histopathology,False,1,False,1,True,manual,manual_labels/101749_00001.nii.gz,275b46b477eb198c2afe45baf5662c866eba05c2,191676,True,True,True,False,True,PANORAMA_LOCAL,PRIMARY_MODEL_DEVELOPMENT,False,True,TISSUE_CONFIRMED,TOSHIBA,PRIMARY_MANUAL_PDAC_REFERENCE,False,False,False,train,4,Y1_M1_STOSHIBA,train,True,False,False,False,False
1763,101750,101750_00001,,,,,,non-PDAC,0,MSD_dataset,True,1,False,1,True,automatic,automatic_labels/101750_00001.nii.gz,3bee5e5833a47ef1b180c53234dddbbef38bf164,161615,True,True,False,True,False,MSD_EXTERNAL_MIXED,LOCKED_EXTERNAL_MIXED_TEST,True,False,MSD_DATASET_DERIVED,[MISSING],AUXILIARY_AUTOMATIC_MASK_ONLY,True,False,False,,-1,,external_msd_test,False,False,False,True,False
1764,101751,101751_00001,2014-06-13 00:00:00,075Y,75.0,M,Philips,PDAC,1,cytology,False,1,False,1,True,manual,manual_labels/101751_00001.nii.gz,3f3b556eaf575f70da8722376881aa91e2b1a43c,94570,True,True,True,False,True,PANORAMA_LOCAL,PRIMARY_MODEL_DEVELOPMENT,False,True,CYTOLOGY_CONFIRMED,Philips,PRIMARY_MANUAL_PDAC_REFERENCE,False,False,False,internal_test,-1,Y1_M1_SPhilips,internal_test,False,False,False,True,True
1765,101752,101752_00001,2019-11-14 00:00:00,079Y,79.0,M,TOSHIBA,PDAC,1,radiology,False,1,False,1,True,manual,manual_labels/101752_00001.nii.gz,746256380bacf379687d45296813c1e6c0fe3992,120404,True,True,True,False,True,PANORAMA_LOCAL,PRIMARY_MODEL_DEVELOPMENT,False,True,RADIOLOGY_NO_DOCUMENTED_FOLLOWUP,TOSHIBA,PRIMARY_MANUAL_PDAC_REFERENCE,False,False,False,train,2,Y1_M1_STOSHIBA,train,True,False,False,False,False
1766,101753,101753_00001,2015-08-21 00:00:00,062Y,62.0,F,TOSHIBA,non-PDAC,0,radiology,False,1,False,1,True,automatic,automatic_labels/101753_00001.nii.gz,8bbfd64e1a8a765778b102da6abebcd1fb2e5c57,674774,True,True,False,True,False,PANORAMA_LOCAL,PRIMARY_MODEL_DEVELOPMENT,False,True,RADIOLOGY_NO_DOCUMENTED_FOLLOWUP,TOSHIBA,AUXILIARY_AUTOMATIC_MASK_ONLY,False,False,False,validation,-1,Y0_M0_STOSHIBA,validation,False,True,True,False,False
1767,101754,101754_00001,,,,,,non-PDAC,0,MSD_dataset,True,1,False,1,True,automatic,automatic_labels/101754_00001.nii.gz,2022debf47dab60d811a57094993d81bf548a829,214336,True,True,False,True,False,MSD_EXTERNAL_MIXED,LOCKED_EXTERNAL_MIXED_TEST,True,False,MSD_DATASET_DERIVED,[MISSING],AUXILIARY_AUTOMATIC_MASK_ONLY,True,False,False,,-1,,external_msd_test,False,False,False,True,False
1768,101755,101755_00001,2015-06-07 00:00:00,067Y,67.0,F,SIEMENS,non-PDAC,0,pathology,False,1,False,1,True,automatic,automatic_labels/101755_00001.nii.gz,1efba476161dedec9e409fe36989d6ebab68585b,371213,True,True,False,True,False,PANORAMA_LOCAL,PRIMARY_MODEL_DEVELOPMENT,False,True,TISSUE_CONFIRMED,SIEMENS,AUXILIARY_AUTOMATIC_MASK_ONLY,False,False,False,train,1,Y0_M0_SSIEMENS,train,True,False,False,False,False
1769,101756,101756_00001,2015-01-10 00:00:00,078Y,78.0,F,SIEMENS,non-PDAC,0,radiology,False,1,False,1,True,automatic,automatic_labels/101756_00001.nii.gz,794d9d1ef0ba0881c3b9399452d7718e37b38457,579034,True,True,False,True,False,PANORAMA_LOCAL,PRIMARY_MODEL_DEVELOPMENT,False,True,RADIOLOGY_NO_DOCUMENTED_FOLLOWUP,SIEMENS,AUXILIARY_AUTOMATIC_MASK_ONLY,False,False,False,train,2,Y0_M0_SSIEMENS,train,True,False,False,False,False
1770,101757,101757_00001,2014-01-26 00:00:00,073Y,73.0,M,SIEMENS,PDAC,1,pathology,False,1,False,1,True,manual,manual_labels/101757_00001.nii.gz,c54f1a654be4fc45a3aff0a1df0b937275e7dbb8,110643,True,True,True,False,True,PANORAMA_LOCAL,PRIMARY_MODEL_DEVELOPMENT,False,True,TISSUE_CONFIRMED,SIEMENS,PRIMARY_MANUAL_PDAC_REFERENCE,False,False,False,train,0,Y1_M1_SSIEMENS,train,True,False,False,False,False
1771,101758,101758_00001,2015-11-27 00:00:00,082Y,82.0,M,SIEMENS,non-PDAC,0,radiology,False,1,False,1,True,automatic,automatic_labels/101758_00001.nii.gz,9cc5b5f573040fb289107e01a25d53fbfd23c863,470861,True,True,False,True,False,PANORAMA_LOCAL,PRIMARY_MODEL_DEVELOPMENT,False,True,RADIOLOGY_NO_DOCUMENTED_FOLLOWUP,SIEMENS,AUXILIARY_AUTOMATIC_MASK_ONLY,False,False,False,train,0,Y0_M0_SSIEMENS,train,True,False,False,False,False
1772,101759,101759_00001,,,,,,PDAC,1,MSD_dataset,True,1,False,1,True,manual,manual_labels/101759_00001.nii.gz,f2c118467724b870285ef8fd0ab9f000405d80a2,201264,True,True,True,False,True,MSD_EXTERNAL_MIXED,LOCKED_EXTERNAL_MIXED_TEST,True,False,MSD_DATASET_DERIVED,[MISSING],PRIMARY_MANUAL_PDAC_REFERENCE,True,True,False,,-1,,external_msd_test,False,False,False,True,True
1773,101760,101760_00001,2018-02-04 00:00:00,050Y,50.0,M,TOSHIBA,non-PDAC,0,radiology,False,1,False,1,True,automatic,automatic_labels/101760_00001.nii.gz,8eb3f8ba2c1f4975446c36d935056e159950f4fc,235260,True,True,False,True,False,PANORAMA_LOCAL,PRIMARY_MODEL_DEVELOPMENT,False,True,RADIOLOGY_NO_DOCUMENTED_FOLLOWUP,TOSHIBA,AUXILIARY_AUTOMATIC_MASK_ONLY,False,False,False,validation,-1,Y0_M0_STOSHIBA,validation,False,True,True,False,False
1774,101761,101761_00001,2017-05-05 00:00:00,056Y,56.0,M,TOSHIBA,non-PDAC,0,radiology,False,1,False,1,True,automatic,automatic_labels/101761_00001.nii.gz,eaa913d7e8d8fef24befad53f553c54ed7061731,627316,True,True,False,True,False,PANORAMA_LOCAL,PRIMARY_MODEL_DEVELOPMENT,False,True,RADIOLOGY_NO_DOCUMENTED_FOLLOWUP,TOSHIBA,AUXILIARY_AUTOMATIC_MASK_ONLY,False,False,False,train,1,Y0_M0_STOSHIBA,train,True,False,False,False,False
1775,101762,101762_00001,2018-04-14 00:00:00,045Y,45.0,M,SIEMENS,non-PDAC,0,radiology,False,1,False,1,True,automatic,automatic_labels/101762_00001.nii.gz,f8a8df6e87ddc3f29d4be7c2c2e430f5f9005f61,710615,True,True,False,True,False,PANORAMA_LOCAL,PRIMARY_MODEL_DEVELOPMENT,False,True,RADIOLOGY_NO_DOCUMENTED_FOLLOWUP,SIEMENS,AUXILIARY_AUTOMATIC_MASK_ONLY,False,False,False,train,1,Y0_M0_SSIEMENS,train,True,False,False,False,False
1776,101763,101763_00001,2015-11-19 00:00:00,,,,,non-PDAC,0,NIH_dataset,True,1,False,1,True,automatic,automatic_labels/101763_00001.nii.gz,bb9091229b685125473c88d2711211183da20469,440181,True,True,False,True,False,NIH_NEGATIVE_STRESS,LOCKED_NEGATIVE_SPECIFICITY_STRESS_TEST,True,False,NIH_DATASET_DERIVED,[MISSING],AUXILIARY_AUTOMATIC_MASK_ONLY,False,False,True,,-1,,nih_negative_stress_test,False,False,False,True,False
1777,101764,101764_00001,2018-01-30 00:00:00,021Y,21.0,F,TOSHIBA,non-PDAC,0,radiology,False,1,False,1,True,automatic,automatic_labels/101764_00001.nii.gz,d3b02fafd8427e70c9d303268cb21a43c5153757,231858,True,True,False,True,False,PANORAMA_LOCAL,PRIMARY_MODEL_DEVELOPMENT,False,True,RADIOLOGY_NO_DOCUMENTED_FOLLOWUP,TOSHIBA,AUXILIARY_AUTOMATIC_MASK_ONLY,False,False,False,internal_test,-1,Y0_M0_STOSHIBA,internal_test,False,False,False,True,False
1778,101765,101765_00001,2015-11-30 00:00:00,,,,,non-PDAC,0,NIH_dataset,True,1,False,1,True,automatic,automatic_labels/101765_00001.nii.gz,3cb602964c74511dfe5419b4bdd3b183fe633d29,447355,True,True,False,True,False,NIH_NEGATIVE_STRESS,LOCKED_NEGATIVE_SPECIFICITY_STRESS_TEST,True,False,NIH_DATASET_DERIVED,[MISSING],AUXILIARY_AUTOMATIC_MASK_ONLY,False,False,True,,-1,,nih_negative_stress_test,False,False,False,True,False
1779,101766,101766_00001,2018-01-06 00:00:00,075Y,75.0,M,TOSHIBA,non-PDAC,0,radiology,False,1,False,1,True,automatic,automatic_labels/101766_00001.nii.gz,1a813724c10c8f00c2cdefeb81d8632ee51cfe07,607450,True,True,False,True,False,PANORAMA_LOCAL,PRIMARY_MODEL_DEVELOPMENT,False,True,RADIOLOGY_NO_DOCUMENTED_FOLLOWUP,TOSHIBA,AUXILIARY_AUTOMATIC_MASK_ONLY,False,False,False,validation,-1,Y0_M0_STOSHIBA,validation,False,True,True,False,False
1780,101767,101767_00001,2017-11-09 00:00:00,073Y,73.0,M,Philips,PDAC,1,histopathology,False,1,False,1,True,automatic,automatic_labels/101767_00001.nii.gz,c9ee66d8a9fb6feae4713116396c9f9bc28927d9,1476680,True,True,False,True,False,PANORAMA_LOCAL,PRIMARY_MODEL_DEVELOPMENT,False,True,TISSUE_CONFIRMED,Philips,AUXILIARY_AUTOMATIC_MASK_ONLY,False,False,False,train,1,Y1_M0_SPhilips,train,True,False,False,False,False
1781,101768,101768_00001,,,,,,non-PDAC,0,MSD_dataset,True,1,False,1,True,automatic,automatic_labels/101768_00001.nii.gz,c054f7d14ace06640e3b5d8b521ae2b6568a3560,192927,True,True,False,True,False,MSD_EXTERNAL_MIXED,LOCKED_EXTERNAL_MIXED_TEST,True,False,MSD_DATASET_DERIVED,[MISSING],AUXILIARY_AUTOMATIC_MASK_ONLY,True,False,False,,-1,,external_msd_test,False,False,False,True,False
1782,101769,101769_00001,2017-07-13 00:00:00,045Y,45.0,F,SIEMENS,non-PDAC,0,pathology,False,1,False,1,True,automatic,automatic_labels/101769_00001.nii.gz,5187a7f9b032ac08d6fd74a2f68f09c74449cba6,603391,True,True,False,True,False,PANORAMA_LOCAL,PRIMARY_MODEL_DEVELOPMENT,False,True,TISSUE_CONFIRMED,SIEMENS,AUXILIARY_AUTOMATIC_MASK_ONLY,False,False,False,train,0,Y0_M0_SSIEMENS,train,True,False,False,False,False
1783,101770,101770_00001,2017-01-06 00:00:00,060Y,60.0,M,SIEMENS,non-PDAC,0,radiology,False,1,False,1,True,automatic,automatic_labels/101770_00001.nii.gz,1bf114fb85a850a4295cb6e23c88031874c8389e,758667,True,True,False,True,False,PANORAMA_LOCAL,PRIMARY_MODEL_DEVELOPMENT,False,True,RADIOLOGY_NO_DOCUMENTED_FOLLOWUP,SIEMENS,AUXILIARY_AUTOMATIC_MASK_ONLY,False,False,False,train,2,Y0_M0_SSIEMENS,train,True,False,False,False,False
1784,101771,101771_00001,2015-12-02 00:00:00,052Y,52.0,F,SIEMENS,non-PDAC,0,radiology,False,1,False,1,True,automatic,automatic_labels/101771_00001.nii.gz,6a6be5f72b1bd5a15e731128fae1972c3b384fb2,325625,True,True,False,True,False,PANORAMA_LOCAL,PRIMARY_MODEL_DEVELOPMENT,False,True,RADIOLOGY_NO_DOCUMENTED_FOLLOWUP,SIEMENS,AUXILIARY_AUTOMATIC_MASK_ONLY,False,False,False,train,1,Y0_M0_SSIEMENS,train,True,False,False,False,False
1785,101772,101772_00001,2018-09-22 00:00:00,060Y,60.0,M,TOSHIBA,non-PDAC,0,radiology,False,1,False,1,True,automatic,automatic_labels/101772_00001.nii.gz,81d52b4953965a52883911a9d1f1cca168a2141c,618006,True,True,False,True,False,PANORAMA_LOCAL,PRIMARY_MODEL_DEVELOPMENT,False,True,RADIOLOGY_NO_DOCUMENTED_FOLLOWUP,TOSHIBA,AUXILIARY_AUTOMATIC_MASK_ONLY,False,False,False,validation,-1,Y0_M0_STOSHIBA,validation,False,True,True,False,False
1786,101773,101773_00001,2013-09-16 00:00:00,079Y,79.0,F,Philips,PDAC,1,pathology,False,1,False,1,True,manual,manual_labels/101773_00001.nii.gz,d03db27259bc7dcbb4b11c786baf60963baabf7d,247500,True,True,True,False,True,PANORAMA_LOCAL,PRIMARY_MODEL_DEVELOPMENT,False,True,TISSUE_CONFIRMED,Philips,PRIMARY_MANUAL_PDAC_REFERENCE,False,False,False,train,3,Y1_M1_SPhilips,train,True,False,False,False,False
1787,101774,101774_00001,2014-06-25 00:00:00,066Y,66.0,F,TOSHIBA,non-PDAC,0,radiology,False,1,False,1,True,automatic,automatic_labels/101774_00001.nii.gz,e2477a1ce099532f6a4c066d0710604780faba38,1273078,True,True,False,True,False,PANORAMA_LOCAL,PRIMARY_MODEL_DEVELOPMENT,False,True,RADIOLOGY_NO_DOCUMENTED_FOLLOWUP,TOSHIBA,AUXILIARY_AUTOMATIC_MASK_ONLY,False,False,False,train,3,Y0_M0_STOSHIBA,train,True,False,False,False,False
1788,101775,101775_00001,2016-08-23 00:00:00,079Y,79.0,F,TOSHIBA,non-PDAC,0,radiology,False,1,False,1,True,automatic,automatic_labels/101775_00001.nii.gz,c7a8202f98bb2f76a8a8ff3543a310dd4acde686,228978,True,True,False,True,False,PANORAMA_LOCAL,PRIMARY_MODEL_DEVELOPMENT,False,True,RADIOLOGY_NO_DOCUMENTED_FOLLOWUP,TOSHIBA,AUXILIARY_AUTOMATIC_MASK_ONLY,False,False,False,internal_test,-1,Y0_M0_STOSHIBA,internal_test,False,False,False,True,False
1789,101776,101776_00001,2018-08-01 00:00:00,041Y,41.0,F,SIEMENS,non-PDAC,0,radiology,False,1,False,1,True,automatic,automatic_labels/101776_00001.nii.gz,6bfbd52a107af21c82af9e4c149be538bfcc4037,551558,True,True,False,True,False,PANORAMA_LOCAL,PRIMARY_MODEL_DEVELOPMENT,False,True,RADIOLOGY_NO_DOCUMENTED_FOLLOWUP,SIEMENS,AUXILIARY_AUTOMATIC_MASK_ONLY,False,False,False,train,3,Y0_M0_SSIEMENS,train,True,False,False,False,False
1790,101777,101777_00001,2014-04-03 00:00:00,061Y,61.0,M,SIEMENS,non-PDAC,0,radiology,False,1,False,1,True,automatic,automatic_labels/101777_00001.nii.gz,027be1cd9a6a1ea92a2918f664cc919ff350c974,405736,True,True,False,True,False,PANORAMA_LOCAL,PRIMARY_MODEL_DEVELOPMENT,False,True,RADIOLOGY_NO_DOCUMENTED_FOLLOWUP,SIEMENS,AUXILIARY_AUTOMATIC_MASK_ONLY,False,False,False,internal_test,-1,Y0_M0_SSIEMENS,internal_test,False,False,False,True,False
1791,101778,101778_00001,2016-02-03 00:00:00,079Y,79.0,F,TOSHIBA,non-PDAC,0,radiology,False,1,False,1,True,automatic,automatic_labels/101778_00001.nii.gz,1a39b75bf1a6e692eaf42b25b5e6a63dfa084ad4,236294,True,True,False,True,False,PANORAMA_LOCAL,PRIMARY_MODEL_DEVELOPMENT,False,True,RADIOLOGY_NO_DOCUMENTED_FOLLOWUP,TOSHIBA,AUXILIARY_AUTOMATIC_MASK_ONLY,False,False,False,train,4,Y0_M0_STOSHIBA,train,True,False,False,False,False
1792,101779,101779_00001,2019-06-22 00:00:00,049Y,49.0,M,SIEMENS,non-PDAC,0,radiology,False,1,False,1,True,automatic,automatic_labels/101779_00001.nii.gz,e924c8aa5d8cd1848a7b5e75e93bc9db7c08993a,713142,True,True,False,True,False,PANORAMA_LOCAL,PRIMARY_MODEL_DEVELOPMENT,False,True,RADIOLOGY_NO_DOCUMENTED_FOLLOWUP,SIEMENS,AUXILIARY_AUTOMATIC_MASK_ONLY,False,False,False,train,0,Y0_M0_SSIEMENS,train,True,False,False,False,False
1793,101780,101780_00001,2017-01-13 00:00:00,061Y,61.0,M,TOSHIBA,non-PDAC,0,radiology,False,1,False,1,True,automatic,automatic_labels/101780_00001.nii.gz,14422dac530f165f184e698b7500f576c3b204a2,286930,True,True,False,True,False,PANORAMA_LOCAL,PRIMARY_MODEL_DEVELOPMENT,False,True,RADIOLOGY_NO_DOCUMENTED_FOLLOWUP,TOSHIBA,AUXILIARY_AUTOMATIC_MASK_ONLY,False,False,False,train,2,Y0_M0_STOSHIBA,train,True,False,False,False,False
1794,101781,101781_00001,2017-02-03 00:00:00,039Y,39.0,M,SIEMENS,non-PDAC,0,radiology,False,1,False,1,True,automatic,automatic_labels/101781_00001.nii.gz,726abdc54a84a15b2ba2e177d1d7e3126aa90988,2406076,True,True,False,True,False,PANORAMA_LOCAL,PRIMARY_MODEL_DEVELOPMENT,False,True,RADIOLOGY_NO_DOCUMENTED_FOLLOWUP,SIEMENS,AUXILIARY_AUTOMATIC_MASK_ONLY,False,False,False,train,4,Y0_M0_SSIEMENS,train,True,False,False,False,False
1795,101782,101782_00001,2014-04-13 00:00:00,067Y,67.0,M,SIEMENS,non-PDAC,0,radiology,False,1,False,1,True,automatic,automatic_labels/101782_00001.nii.gz,1a8e602b0554b9f3a4be731688b3d654201685cb,691715,True,True,False,True,False,PANORAMA_LOCAL,PRIMARY_MODEL_DEVELOPMENT,False,True,RADIOLOGY_NO_DOCUMENTED_FOLLOWUP,SIEMENS,AUXILIARY_AUTOMATIC_MASK_ONLY,False,False,False,train,1,Y0_M0_SSIEMENS,train,True,False,False,False,False
1796,101783,101783_00001,2019-09-17 00:00:00,076Y,76.0,F,SIEMENS,non-PDAC,0,radiology,False,1,False,1,True,automatic,automatic_labels/101783_00001.nii.gz,f69603d6b6d1f2e7a23691c73a6a52a5b4532da2,969880,True,True,False,True,False,PANORAMA_LOCAL,PRIMARY_MODEL_DEVELOPMENT,False,True,RADIOLOGY_NO_DOCUMENTED_FOLLOWUP,SIEMENS,AUXILIARY_AUTOMATIC_MASK_ONLY,False,False,False,train,2,Y0_M0_SSIEMENS,train,True,False,False,False,False
1797,101784,101784_00001,2015-03-14 00:00:00,082Y,82.0,M,TOSHIBA,non-PDAC,0,pathology,False,1,False,1,True,automatic,automatic_labels/101784_00001.nii.gz,c8e9ae45d719a9dedfea95b08200b02609798aa6,1424429,True,True,False,True,False,PANORAMA_LOCAL,PRIMARY_MODEL_DEVELOPMENT,False,True,TISSUE_CONFIRMED,TOSHIBA,AUXILIARY_AUTOMATIC_MASK_ONLY,False,False,False,validation,-1,Y0_M0_STOSHIBA,validation,False,True,True,False,False
1798,101785,101785_00001,2019-09-29 00:00:00,060Y,60.0,M,SIEMENS,non-PDAC,0,radiology,False,1,False,1,True,automatic,automatic_labels/101785_00001.nii.gz,d2ca852547e44149d67e3e8552e8acfe072c3e5f,299398,True,True,False,True,False,PANORAMA_LOCAL,PRIMARY_MODEL_DEVELOPMENT,False,True,RADIOLOGY_NO_DOCUMENTED_FOLLOWUP,SIEMENS,AUXILIARY_AUTOMATIC_MASK_ONLY,False,False,False,train,4,Y0_M0_SSIEMENS,train,True,False,False,False,False
1799,101786,101786_00001,2016-01-20 00:00:00,074Y,74.0,M,TOSHIBA,non-PDAC,0,radiology,False,1,False,1,True,automatic,automatic_labels/101786_00001.nii.gz,69b056e1a2a4edd8147402057716ef07d37558b4,370621,True,True,False,True,False,PANORAMA_LOCAL,PRIMARY_MODEL_DEVELOPMENT,False,True,RADIOLOGY_NO_DOCUMENTED_FOLLOWUP,TOSHIBA,AUXILIARY_AUTOMATIC_MASK_ONLY,False,False,False,train,4,Y0_M0_STOSHIBA,train,True,False,False,False,False
1800,101787,101787_00001,2017-06-21 00:00:00,058Y,58.0,F,TOSHIBA,PDAC,1,histopathology,False,1,False,1,True,automatic,automatic_labels/101787_00001.nii.gz,22bf30b84cb93e294f0104c61b4cc116ed7124d5,571789,True,True,False,True,False,PANORAMA_LOCAL,PRIMARY_MODEL_DEVELOPMENT,False,True,TISSUE_CONFIRMED,TOSHIBA,AUXILIARY_AUTOMATIC_MASK_ONLY,False,False,False,train,0,Y1_M0_STOSHIBA,train,True,False,False,False,False
1801,101788,101788_00001,2015-08-18 00:00:00,080Y,80.0,M,SIEMENS,non-PDAC,0,radiology,False,1,False,1,True,automatic,automatic_labels/101788_00001.nii.gz,6cefe74c9b52f1f379e6cfc8efa15363e31b0378,487917,True,True,False,True,False,PANORAMA_LOCAL,PRIMARY_MODEL_DEVELOPMENT,False,True,RADIOLOGY_NO_DOCUMENTED_FOLLOWUP,SIEMENS,AUXILIARY_AUTOMATIC_MASK_ONLY,False,False,False,train,2,Y0_M0_SSIEMENS,train,True,False,False,False,False
1802,101789,101789_00001,2015-11-09 00:00:00,059Y,59.0,M,TOSHIBA,non-PDAC,0,radiology,False,1,False,1,True,automatic,automatic_labels/101789_00001.nii.gz,8bdd279b86cae5ef9b2522efd9ab37ab7f6ff6b0,1851744,True,True,False,True,False,PANORAMA_LOCAL,PRIMARY_MODEL_DEVELOPMENT,False,True,RADIOLOGY_NO_DOCUMENTED_FOLLOWUP,TOSHIBA,AUXILIARY_AUTOMATIC_MASK_ONLY,False,False,False,train,3,Y0_M0_STOSHIBA,train,True,False,False,False,False
1803,101790,101790_00001,2016-07-24 00:00:00,069Y,69.0,M,SIEMENS,non-PDAC,0,pathology,False,1,False,1,True,automatic,automatic_labels/101790_00001.nii.gz,d279d100180eb520864163280de52971c50f0054,628770,True,True,False,True,False,PANORAMA_LOCAL,PRIMARY_MODEL_DEVELOPMENT,False,True,TISSUE_CONFIRMED,SIEMENS,AUXILIARY_AUTOMATIC_MASK_ONLY,False,False,False,validation,-1,Y0_M0_SSIEMENS,validation,False,True,True,False,False
1804,101791,101791_00001,2014-03-03 00:00:00,053Y,53.0,M,SIEMENS,non-PDAC,0,radiology,False,1,False,1,True,automatic,automatic_labels/101791_00001.nii.gz,2403723d5cf08e72e870647b0a9f89e62ef5925e,1288392,True,True,False,True,False,PANORAMA_LOCAL,PRIMARY_MODEL_DEVELOPMENT,False,True,RADIOLOGY_NO_DOCUMENTED_FOLLOWUP,SIEMENS,AUXILIARY_AUTOMATIC_MASK_ONLY,False,False,False,train,4,Y0_M0_SSIEMENS,train,True,False,False,False,False
1805,101792,101792_00001,2014-12-25 00:00:00,080Y,80.0,M,TOSHIBA,PDAC,1,pathology,False,1,False,1,True,manual,manual_labels/101792_00001.nii.gz,381967378f0830c858ee408f573662aaef8f036a,379205,True,True,True,False,True,PANORAMA_LOCAL,PRIMARY_MODEL_DEVELOPMENT,False,True,TISSUE_CONFIRMED,TOSHIBA,PRIMARY_MANUAL_PDAC_REFERENCE,False,False,False,train,2,Y1_M1_STOSHIBA,train,True,False,False,False,False
1806,101793,101793_00001,2016-07-02 00:00:00,064Y,64.0,M,SIEMENS,non-PDAC,0,radiology,False,1,False,1,True,automatic,automatic_labels/101793_00001.nii.gz,569c287a138e73e2ecb8c73d4729196c1821c6cc,692234,True,True,False,True,False,PANORAMA_LOCAL,PRIMARY_MODEL_DEVELOPMENT,False,True,RADIOLOGY_NO_DOCUMENTED_FOLLOWUP,SIEMENS,AUXILIARY_AUTOMATIC_MASK_ONLY,False,False,False,validation,-1,Y0_M0_SSIEMENS,validation,False,True,True,False,False
1807,101794,101794_00001,2014-03-13 00:00:00,067Y,67.0,F,SIEMENS,PDAC,1,radiology,False,1,False,1,True,automatic,automatic_labels/101794_00001.nii.gz,fa68ebc05de33c61bb0b7143870fa79033ba7e43,1896618,True,True,False,True,False,PANORAMA_LOCAL,PRIMARY_MODEL_DEVELOPMENT,False,True,RADIOLOGY_NO_DOCUMENTED_FOLLOWUP,SIEMENS,AUXILIARY_AUTOMATIC_MASK_ONLY,False,False,False,train,0,Y1_M0_SSIEMENS,train,True,False,False,False,False
1808,101795,101795_00001,2017-01-26 00:00:00,060Y,60.0,F,Philips,PDAC,1,histopathology,False,1,False,1,True,automatic,automatic_labels/101795_00001.nii.gz,d080742d3c8edbfbfa1184d66a683ccd76516802,268137,True,True,False,True,False,PANORAMA_LOCAL,PRIMARY_MODEL_DEVELOPMENT,False,True,TISSUE_CONFIRMED,Philips,AUXILIARY_AUTOMATIC_MASK_ONLY,False,False,False,validation,-1,Y1_M0_SPhilips,validation,False,True,True,False,False
1809,101796,101796_00001,2011-06-18 00:00:00,062Y,62.0,M,TOSHIBA,PDAC,1,histopathology,False,1,False,1,True,manual,manual_labels/101796_00001.nii.gz,ea37f6b5338c37df86abddb9e1347be12be7b89e,91652,True,True,True,False,True,PANORAMA_LOCAL,PRIMARY_MODEL_DEVELOPMENT,False,True,TISSUE_CONFIRMED,TOSHIBA,PRIMARY_MANUAL_PDAC_REFERENCE,False,False,False,train,3,Y1_M1_STOSHIBA,train,True,False,False,False,False
1810,101797,101797_00001,2015-02-08 00:00:00,046Y,46.0,M,TOSHIBA,non-PDAC,0,radiology,False,1,False,1,True,automatic,automatic_labels/101797_00001.nii.gz,f33b062ec1ead791b5dbc3cfd37a3bd348fb56f0,740295,True,True,False,True,False,PANORAMA_LOCAL,PRIMARY_MODEL_DEVELOPMENT,False,True,RADIOLOGY_NO_DOCUMENTED_FOLLOWUP,TOSHIBA,AUXILIARY_AUTOMATIC_MASK_ONLY,False,False,False,train,2,Y0_M0_STOSHIBA,train,True,False,False,False,False
1811,101798,101798_00001,2015-11-15 00:00:00,,,,,non-PDAC,0,NIH_dataset,True,1,False,1,True,automatic,automatic_labels/101798_00001.nii.gz,3e77f1da72036100f9ee6d60822251499bee54f9,494909,True,True,False,True,False,NIH_NEGATIVE_STRESS,LOCKED_NEGATIVE_SPECIFICITY_STRESS_TEST,True,False,NIH_DATASET_DERIVED,[MISSING],AUXILIARY_AUTOMATIC_MASK_ONLY,False,False,True,,-1,,nih_negative_stress_test,False,False,False,True,False
1812,101799,101799_00001,2014-12-31 00:00:00,062Y,62.0,F,SIEMENS,non-PDAC,0,radiology,False,1,False,1,True,automatic,automatic_labels/101799_00001.nii.gz,026bee55e6eaf71bb1d5378a5b0f52ed4d62af82,236185,True,True,False,True,False,PANORAMA_LOCAL,PRIMARY_MODEL_DEVELOPMENT,False,True,RADIOLOGY_NO_DOCUMENTED_FOLLOWUP,SIEMENS,AUXILIARY_AUTOMATIC_MASK_ONLY,False,False,False,train,4,Y0_M0_SSIEMENS,train,True,False,False,False,False
1813,101800,101800_00001,2016-11-24 00:00:00,070Y,70.0,M,SIEMENS,PDAC,1,histopathology,False,1,False,1,True,manual,manual_labels/101800_00001.nii.gz,59dc288c6350ea2bafe64d36b895e9367ce82117,80896,True,True,True,False,True,PANORAMA_LOCAL,PRIMARY_MODEL_DEVELOPMENT,False,True,TISSUE_CONFIRMED,SIEMENS,PRIMARY_MANUAL_PDAC_REFERENCE,False,False,False,train,4,Y1_M1_SSIEMENS,train,True,False,False,False,False
1814,101801,101801_00001,2020-03-22 00:00:00,071Y,71.0,F,GE MEDICAL SYSTEMS,PDAC,1,pathology,False,1,False,1,True,manual,manual_labels/101801_00001.nii.gz,e5c0cc35f4ede895100b89b54842d0b2af058eb7,1138625,True,True,True,False,True,PANORAMA_LOCAL,PRIMARY_MODEL_DEVELOPMENT,False,True,TISSUE_CONFIRMED,GE MEDICAL SYSTEMS,PRIMARY_MANUAL_PDAC_REFERENCE,False,False,False,train,4,Y1_M1_SGE MEDICAL SYSTEMS,train,True,False,False,False,False
1815,101802,101802_00001,2016-03-30 00:00:00,030Y,30.0,M,SIEMENS,non-PDAC,0,radiology,False,1,False,1,True,automatic,automatic_labels/101802_00001.nii.gz,aa6be2ce37721f63614c2d3bdd7ac4a9a3ee5944,663375,True,True,False,True,False,PANORAMA_LOCAL,PRIMARY_MODEL_DEVELOPMENT,False,True,RADIOLOGY_NO_DOCUMENTED_FOLLOWUP,SIEMENS,AUXILIARY_AUTOMATIC_MASK_ONLY,False,False,False,validation,-1,Y0_M0_SSIEMENS,validation,False,True,True,False,False
1816,101803,101803_00001,2017-09-09 00:00:00,085Y,85.0,F,Philips,non-PDAC,0,pathology,False,1,False,1,True,automatic,automatic_labels/101803_00001.nii.gz,f37e035c61ada6bc460542bdb2143bd993c7a7ac,309053,True,True,False,True,False,PANORAMA_LOCAL,PRIMARY_MODEL_DEVELOPMENT,False,True,TISSUE_CONFIRMED,Philips,AUXILIARY_AUTOMATIC_MASK_ONLY,False,False,False,train,4,Y0_M0_SPhilips,train,True,False,False,False,False
1817,101804,101804_00001,2016-08-23 00:00:00,066Y,66.0,M,TOSHIBA,non-PDAC,0,radiology,False,1,False,1,True,automatic,automatic_labels/101804_00001.nii.gz,98e1a8169c32709f9be161db5df4cecde8417cda,227618,True,True,False,True,False,PANORAMA_LOCAL,PRIMARY_MODEL_DEVELOPMENT,False,True,RADIOLOGY_NO_DOCUMENTED_FOLLOWUP,TOSHIBA,AUXILIARY_AUTOMATIC_MASK_ONLY,False,False,False,validation,-1,Y0_M0_STOSHIBA,validation,False,True,True,False,False
1818,101805,101805_00001,2015-05-24 00:00:00,041Y,41.0,M,SIEMENS,non-PDAC,0,radiology,False,1,False,1,True,automatic,automatic_labels/101805_00001.nii.gz,7a22fbfd175cb297a2c9c61da58c00918e7af82e,649703,True,True,False,True,False,PANORAMA_LOCAL,PRIMARY_MODEL_DEVELOPMENT,False,True,RADIOLOGY_NO_DOCUMENTED_FOLLOWUP,SIEMENS,AUXILIARY_AUTOMATIC_MASK_ONLY,False,False,False,validation,-1,Y0_M0_SSIEMENS,validation,False,True,True,False,False
1819,101806,101806_00001,2018-10-26 00:00:00,077Y,77.0,F,SIEMENS,PDAC,1,histopathology,False,1,False,1,True,manual,manual_labels/101806_00001.nii.gz,e7af07a0849cd31fffc5473c1661772ee6a5e8bf,100207,True,True,True,False,True,PANORAMA_LOCAL,PRIMARY_MODEL_DEVELOPMENT,False,True,TISSUE_CONFIRMED,SIEMENS,PRIMARY_MANUAL_PDAC_REFERENCE,False,False,False,train,1,Y1_M1_SSIEMENS,train,True,False,False,False,False
1820,101807,101807_00001,2018-02-18 00:00:00,069Y,69.0,M,TOSHIBA,non-PDAC,0,radiology,False,1,False,1,True,automatic,automatic_labels/101807_00001.nii.gz,499b7425b2075de11353025f3fc3acf199e5641a,1686578,True,True,False,True,False,PANORAMA_LOCAL,PRIMARY_MODEL_DEVELOPMENT,False,True,RADIOLOGY_NO_DOCUMENTED_FOLLOWUP,TOSHIBA,AUXILIARY_AUTOMATIC_MASK_ONLY,False,False,False,train,0,Y0_M0_STOSHIBA,train,True,False,False,False,False
1821,101808,101808_00001,2016-04-07 00:00:00,054Y,54.0,M,Philips,PDAC,1,histopathology,False,1,False,1,True,automatic,automatic_labels/101808_00001.nii.gz,d89bd53396c11026763baa1e9f9935136b9ea207,307783,True,True,False,True,False,PANORAMA_LOCAL,PRIMARY_MODEL_DEVELOPMENT,False,True,TISSUE_CONFIRMED,Philips,AUXILIARY_AUTOMATIC_MASK_ONLY,False,False,False,train,1,Y1_M0_SPhilips,train,True,False,False,False,False
1822,101809,101809_00001,2018-01-05 00:00:00,058Y,58.0,M,TOSHIBA,non-PDAC,0,radiology,False,1,False,1,True,automatic,automatic_labels/101809_00001.nii.gz,fd5417e45102a2cfe1ffa6b8e21020f8fad42902,583147,True,True,False,True,False,PANORAMA_LOCAL,PRIMARY_MODEL_DEVELOPMENT,False,True,RADIOLOGY_NO_DOCUMENTED_FOLLOWUP,TOSHIBA,AUXILIARY_AUTOMATIC_MASK_ONLY,False,False,False,internal_test,-1,Y0_M0_STOSHIBA,internal_test,False,False,False,True,False
1823,101810,101810_00001,2014-12-07 00:00:00,093Y,93.0,M,Philips,non-PDAC,0,pathology,False,1,False,1,True,automatic,automatic_labels/101810_00001.nii.gz,5dbceb2dd6568a6ae07ffe0e40dca1c17a0e7a87,329826,True,True,False,True,False,PANORAMA_LOCAL,PRIMARY_MODEL_DEVELOPMENT,False,True,TISSUE_CONFIRMED,Philips,AUXILIARY_AUTOMATIC_MASK_ONLY,False,False,False,validation,-1,Y0_M0_SPhilips,validation,False,True,True,False,False
1824,101811,101811_00001,2020-11-20 00:00:00,070Y,70.0,F,Philips,non-PDAC,0,histopathology,False,1,False,1,True,automatic,automatic_labels/101811_00001.nii.gz,3bb3745833f822a61642e2bdc866d7450995463c,459528,True,True,False,True,False,PANORAMA_LOCAL,PRIMARY_MODEL_DEVELOPMENT,False,True,TISSUE_CONFIRMED,Philips,AUXILIARY_AUTOMATIC_MASK_ONLY,False,False,False,train,0,Y0_M0_SPhilips,train,True,False,False,False,False
1825,101812,101812_00001,2015-10-31 00:00:00,027Y,27.0,M,SIEMENS,non-PDAC,0,radiology,False,1,False,1,True,automatic,automatic_labels/101812_00001.nii.gz,ffbbf761986e74d480821a00fdde15061e3f986b,670973,True,True,False,True,False,PANORAMA_LOCAL,PRIMARY_MODEL_DEVELOPMENT,False,True,RADIOLOGY_NO_DOCUMENTED_FOLLOWUP,SIEMENS,AUXILIARY_AUTOMATIC_MASK_ONLY,False,False,False,train,1,Y0_M0_SSIEMENS,train,True,False,False,False,False
1826,101813,101813_00001,2016-01-18 00:00:00,069Y,69.0,M,TOSHIBA,PDAC,1,radiology,False,1,False,1,True,automatic,automatic_labels/101813_00001.nii.gz,5d269f3e23ff059a77684acea1027d952f7a10e1,349198,True,True,False,True,False,PANORAMA_LOCAL,PRIMARY_MODEL_DEVELOPMENT,False,True,RADIOLOGY_NO_DOCUMENTED_FOLLOWUP,TOSHIBA,AUXILIARY_AUTOMATIC_MASK_ONLY,False,False,False,train,3,Y1_M0_STOSHIBA,train,True,False,False,False,False
1827,101814,101814_00001,2017-01-30 00:00:00,061Y,61.0,M,Philips,non-PDAC,0,histopathology,False,1,False,1,True,automatic,automatic_labels/101814_00001.nii.gz,6a0c706aa182cd06e8c8d8294830fc006076778e,300026,True,True,False,True,False,PANORAMA_LOCAL,PRIMARY_MODEL_DEVELOPMENT,False,True,TISSUE_CONFIRMED,Philips,AUXILIARY_AUTOMATIC_MASK_ONLY,False,False,False,internal_test,-1,Y0_M0_SPhilips,internal_test,False,False,False,True,False
1828,101815,101815_00001,,,,,,PDAC,1,MSD_dataset,True,1,False,1,True,manual,manual_labels/101815_00001.nii.gz,c00e07112e6b1e17c24a7c085205496131d3efb8,64691,True,True,True,False,True,MSD_EXTERNAL_MIXED,LOCKED_EXTERNAL_MIXED_TEST,True,False,MSD_DATASET_DERIVED,[MISSING],PRIMARY_MANUAL_PDAC_REFERENCE,True,True,False,,-1,,external_msd_test,False,False,False,True,True
1829,101816,101816_00001,2016-12-02 00:00:00,077Y,77.0,M,Philips,PDAC,1,histopathology,False,1,False,1,True,manual,manual_labels/101816_00001.nii.gz,8b2855e1ac642291b17d0bc4285e65447a909fc3,92111,True,True,True,False,True,PANORAMA_LOCAL,PRIMARY_MODEL_DEVELOPMENT,False,True,TISSUE_CONFIRMED,Philips,PRIMARY_MANUAL_PDAC_REFERENCE,False,False,False,internal_test,-1,Y1_M1_SPhilips,internal_test,False,False,False,True,True
1830,101817,101817_00001,2016-03-29 00:00:00,082Y,82.0,M,SIEMENS,non-PDAC,0,radiology,False,1,False,1,True,automatic,automatic_labels/101817_00001.nii.gz,7a3c0898998024f09c78dbb815de7eca06df5e52,329882,True,True,False,True,False,PANORAMA_LOCAL,PRIMARY_MODEL_DEVELOPMENT,False,True,RADIOLOGY_NO_DOCUMENTED_FOLLOWUP,SIEMENS,AUXILIARY_AUTOMATIC_MASK_ONLY,False,False,False,train,2,Y0_M0_SSIEMENS,train,True,False,False,False,False
1831,101818,101818_00001,2017-07-31 00:00:00,048Y,48.0,F,SIEMENS,non-PDAC,0,radiology,False,1,False,1,True,automatic,automatic_labels/101818_00001.nii.gz,b8d3f87286b5f3e60dbbf6752085db2634ac6eb2,616614,True,True,False,True,False,PANORAMA_LOCAL,PRIMARY_MODEL_DEVELOPMENT,False,True,RADIOLOGY_NO_DOCUMENTED_FOLLOWUP,SIEMENS,AUXILIARY_AUTOMATIC_MASK_ONLY,False,False,False,internal_test,-1,Y0_M0_SSIEMENS,internal_test,False,False,False,True,False
1832,101819,101819_00001,2022-08-02 00:00:00,079Y,79.0,F,SIEMENS,PDAC,1,cytology,False,1,False,1,True,manual,manual_labels/101819_00001.nii.gz,6fe19eabab74964bd1ed185b5c6951519fdeb1e8,474984,True,True,True,False,True,PANORAMA_LOCAL,PRIMARY_MODEL_DEVELOPMENT,False,True,CYTOLOGY_CONFIRMED,SIEMENS,PRIMARY_MANUAL_PDAC_REFERENCE,False,False,False,train,2,Y1_M1_SSIEMENS,train,True,False,False,False,False
1833,101820,101820_00001,2016-12-12 00:00:00,060Y,60.0,M,TOSHIBA,non-PDAC,0,radiology,False,1,False,1,True,automatic,automatic_labels/101820_00001.nii.gz,e6e9b7ec1f01c8d912994812dbeb9af5122d4637,605124,True,True,False,True,False,PANORAMA_LOCAL,PRIMARY_MODEL_DEVELOPMENT,False,True,RADIOLOGY_NO_DOCUMENTED_FOLLOWUP,TOSHIBA,AUXILIARY_AUTOMATIC_MASK_ONLY,False,False,False,train,3,Y0_M0_STOSHIBA,train,True,False,False,False,False
1834,101821,101821_00001,,,,,,non-PDAC,0,MSD_dataset,True,1,False,1,True,automatic,automatic_labels/101821_00001.nii.gz,17f146c12639162032aae6d641561c70b25a5f17,136027,True,True,False,True,False,MSD_EXTERNAL_MIXED,LOCKED_EXTERNAL_MIXED_TEST,True,False,MSD_DATASET_DERIVED,[MISSING],AUXILIARY_AUTOMATIC_MASK_ONLY,True,False,False,,-1,,external_msd_test,False,False,False,True,False
1835,101822,101822_00001,2015-06-15 00:00:00,061Y,61.0,M,SIEMENS,non-PDAC,0,radiology,False,1,False,1,True,automatic,automatic_labels/101822_00001.nii.gz,c34d6f7c6c50208729ec0b0e2a27d1f2fa7efca9,962112,True,True,False,True,False,PANORAMA_LOCAL,PRIMARY_MODEL_DEVELOPMENT,False,True,RADIOLOGY_NO_DOCUMENTED_FOLLOWUP,SIEMENS,AUXILIARY_AUTOMATIC_MASK_ONLY,False,False,False,validation,-1,Y0_M0_SSIEMENS,validation,False,True,True,False,False
1836,101823,101823_00001,2018-01-25 00:00:00,042Y,42.0,M,SIEMENS,non-PDAC,0,radiology,False,1,False,1,True,automatic,automatic_labels/101823_00001.nii.gz,4faf337cbe008ffc3f5ae727fd500c4a65ac133a,1010911,True,True,False,True,False,PANORAMA_LOCAL,PRIMARY_MODEL_DEVELOPMENT,False,True,RADIOLOGY_NO_DOCUMENTED_FOLLOWUP,SIEMENS,AUXILIARY_AUTOMATIC_MASK_ONLY,False,False,False,train,1,Y0_M0_SSIEMENS,train,True,False,False,False,False
1837,101824,101824_00001,2014-05-08 00:00:00,075Y,75.0,M,TOSHIBA,non-PDAC,0,radiology,False,1,False,1,True,automatic,automatic_labels/101824_00001.nii.gz,f19b2d89e0657b858b296c14003175d654238689,391246,True,True,False,True,False,PANORAMA_LOCAL,PRIMARY_MODEL_DEVELOPMENT,False,True,RADIOLOGY_NO_DOCUMENTED_FOLLOWUP,TOSHIBA,AUXILIARY_AUTOMATIC_MASK_ONLY,False,False,False,train,4,Y0_M0_STOSHIBA,train,True,False,False,False,False
1838,101825,101825_00001,2014-05-04 00:00:00,072Y,72.0,F,TOSHIBA,non-PDAC,0,radiology,False,1,False,1,True,automatic,automatic_labels/101825_00001.nii.gz,9324c4a888cb81b1f1e8ecac6ce0108e7745273d,830857,True,True,False,True,False,PANORAMA_LOCAL,PRIMARY_MODEL_DEVELOPMENT,False,True,RADIOLOGY_NO_DOCUMENTED_FOLLOWUP,TOSHIBA,AUXILIARY_AUTOMATIC_MASK_ONLY,False,False,False,train,3,Y0_M0_STOSHIBA,train,True,False,False,False,False
1839,101826,101826_00001,2016-07-23 00:00:00,068Y,68.0,F,TOSHIBA,non-PDAC,0,radiology,False,1,False,1,True,automatic,automatic_labels/101826_00001.nii.gz,ecca87eba8f4636c9da17bad7c714b6752ccc1de,226860,True,True,False,True,False,PANORAMA_LOCAL,PRIMARY_MODEL_DEVELOPMENT,False,True,RADIOLOGY_NO_DOCUMENTED_FOLLOWUP,TOSHIBA,AUXILIARY_AUTOMATIC_MASK_ONLY,False,False,False,train,0,Y0_M0_STOSHIBA,train,True,False,False,False,False
1840,101827,101827_00001,2017-09-18 00:00:00,068Y,68.0,F,TOSHIBA,non-PDAC,0,radiology,False,1,False,1,True,automatic,automatic_labels/101827_00001.nii.gz,e7349bcc4f6d130a2461195610c26f8ef1bdeeaa,456066,True,True,False,True,False,PANORAMA_LOCAL,PRIMARY_MODEL_DEVELOPMENT,False,True,RADIOLOGY_NO_DOCUMENTED_FOLLOWUP,TOSHIBA,AUXILIARY_AUTOMATIC_MASK_ONLY,False,False,False,train,1,Y0_M0_STOSHIBA,train,True,False,False,False,False
1841,101828,101828_00001,2017-12-06 00:00:00,088Y,88.0,M,SIEMENS,non-PDAC,0,radiology,False,1,False,1,True,automatic,automatic_labels/101828_00001.nii.gz,dec0a62b25b8b5789806a5ee1b7abc068db5a8ec,683680,True,True,False,True,False,PANORAMA_LOCAL,PRIMARY_MODEL_DEVELOPMENT,False,True,RADIOLOGY_NO_DOCUMENTED_FOLLOWUP,SIEMENS,AUXILIARY_AUTOMATIC_MASK_ONLY,False,False,False,train,1,Y0_M0_SSIEMENS,train,True,False,False,False,False
1842,101829,101829_00001,2018-10-30 00:00:00,065Y,65.0,M,SIEMENS,PDAC,1,pathology,False,1,False,1,True,automatic,automatic_labels/101829_00001.nii.gz,8685edfac479515b8b2d6a1ab03fec82e8d49257,533518,True,True,False,True,False,PANORAMA_LOCAL,PRIMARY_MODEL_DEVELOPMENT,False,True,TISSUE_CONFIRMED,SIEMENS,AUXILIARY_AUTOMATIC_MASK_ONLY,False,False,False,train,2,Y1_M0_SSIEMENS,train,True,False,False,False,False
1843,101830,101830_00001,2015-10-27 00:00:00,067Y,67.0,M,SIEMENS,non-PDAC,0,histopathology,False,1,False,1,True,automatic,automatic_labels/101830_00001.nii.gz,1225a553a082b52737ded49f45fc8c661eb96c49,332139,True,True,False,True,False,PANORAMA_LOCAL,PRIMARY_MODEL_DEVELOPMENT,False,True,TISSUE_CONFIRMED,SIEMENS,AUXILIARY_AUTOMATIC_MASK_ONLY,False,False,False,internal_test,-1,Y0_M0_SSIEMENS,internal_test,False,False,False,True,False
1844,101831,101831_00001,2017-06-10 00:00:00,028Y,28.0,F,TOSHIBA,non-PDAC,0,radiology,False,1,False,1,True,automatic,automatic_labels/101831_00001.nii.gz,b4f81c996db1a9b5007493d13bbeadc985cc06ad,223735,True,True,False,True,False,PANORAMA_LOCAL,PRIMARY_MODEL_DEVELOPMENT,False,True,RADIOLOGY_NO_DOCUMENTED_FOLLOWUP,TOSHIBA,AUXILIARY_AUTOMATIC_MASK_ONLY,False,False,False,train,3,Y0_M0_STOSHIBA,train,True,False,False,False,False
1845,101832,101832_00001,2021-11-18 00:00:00,077Y,77.0,F,Canon Medical Systems,PDAC,1,histopathology,False,1,False,1,True,manual,manual_labels/101832_00001.nii.gz,f9cdb63a2bf2a80dae614d80cd6646b3d6f1eee9,618902,True,True,True,False,True,PANORAMA_LOCAL,PRIMARY_MODEL_DEVELOPMENT,False,True,TISSUE_CONFIRMED,Canon Medical Systems,PRIMARY_MANUAL_PDAC_REFERENCE,False,False,False,train,3,Y1_M1,train,True,False,False,False,False
1846,101833,101833_00001,2015-12-31 00:00:00,067Y,67.0,F,SIEMENS,non-PDAC,0,radiology,False,1,False,1,True,automatic,automatic_labels/101833_00001.nii.gz,b91a412604f55d257f04b09b56a07f62ff820a0a,569991,True,True,False,True,False,PANORAMA_LOCAL,PRIMARY_MODEL_DEVELOPMENT,False,True,RADIOLOGY_NO_DOCUMENTED_FOLLOWUP,SIEMENS,AUXILIARY_AUTOMATIC_MASK_ONLY,False,False,False,train,1,Y0_M0_SSIEMENS,train,True,False,False,False,False
1847,101834,101834_00001,2018-07-02 00:00:00,080Y,80.0,M,TOSHIBA,non-PDAC,0,radiology,False,1,False,1,True,automatic,automatic_labels/101834_00001.nii.gz,ad3e4e1ad3a037e222697095d9de8394db6b99e2,590200,True,True,False,True,False,PANORAMA_LOCAL,PRIMARY_MODEL_DEVELOPMENT,False,True,RADIOLOGY_NO_DOCUMENTED_FOLLOWUP,TOSHIBA,AUXILIARY_AUTOMATIC_MASK_ONLY,False,False,False,train,4,Y0_M0_STOSHIBA,train,True,False,False,False,False
1848,101835,101835_00001,2005-09-08 00:00:00,075Y,75.0,F,SIEMENS,PDAC,1,histopathology,False,1,False,1,True,manual,manual_labels/101835_00001.nii.gz,e984da1a9044754e15eaa9609b8bc96fd2bf2862,95989,True,True,True,False,True,PANORAMA_LOCAL,PRIMARY_MODEL_DEVELOPMENT,False,True,TISSUE_CONFIRMED,SIEMENS,PRIMARY_MANUAL_PDAC_REFERENCE,False,False,False,train,3,Y1_M1_SSIEMENS,train,True,False,False,False,False
1849,101836,101836_00001,2018-04-10 00:00:00,058Y,58.0,M,Philips,PDAC,1,radiology,False,1,False,1,True,automatic,automatic_labels/101836_00001.nii.gz,20a4fa68c471a2934b97836512e38929326e3bbb,1019227,True,True,False,True,False,PANORAMA_LOCAL,PRIMARY_MODEL_DEVELOPMENT,False,True,RADIOLOGY_NO_DOCUMENTED_FOLLOWUP,Philips,AUXILIARY_AUTOMATIC_MASK_ONLY,False,False,False,internal_test,-1,Y1_M0_SPhilips,internal_test,False,False,False,True,False
1850,101837,101837_00001,,,,,,PDAC,1,MSD_dataset,True,1,False,1,True,manual,manual_labels/101837_00001.nii.gz,889f65ff7c3e3d2afc1534005f4466344aaa116d,248546,True,True,True,False,True,MSD_EXTERNAL_MIXED,LOCKED_EXTERNAL_MIXED_TEST,True,False,MSD_DATASET_DERIVED,[MISSING],PRIMARY_MANUAL_PDAC_REFERENCE,True,True,False,,-1,,external_msd_test,False,False,False,True,True
1851,101838,101838_00001,,,,,,PDAC,1,MSD_dataset,True,1,False,1,True,manual,manual_labels/101838_00001.nii.gz,9bd34d976f12d9d16e9f31b8e09f7caf90cf25d7,208891,True,True,True,False,True,MSD_EXTERNAL_MIXED,LOCKED_EXTERNAL_MIXED_TEST,True,False,MSD_DATASET_DERIVED,[MISSING],PRIMARY_MANUAL_PDAC_REFERENCE,True,True,False,,-1,,external_msd_test,False,False,False,True,True
1852,101839,101839_00001,2015-11-19 00:00:00,,,,,non-PDAC,0,NIH_dataset,True,1,False,1,True,automatic,automatic_labels/101839_00001.nii.gz,bd203ad323c4b1a7eb04999c9dd994e58d9ac477,447079,True,True,False,True,False,NIH_NEGATIVE_STRESS,LOCKED_NEGATIVE_SPECIFICITY_STRESS_TEST,True,False,NIH_DATASET_DERIVED,[MISSING],AUXILIARY_AUTOMATIC_MASK_ONLY,False,False,True,,-1,,nih_negative_stress_test,False,False,False,True,False
1853,101840,101840_00001,2004-01-29 00:00:00,038Y,38.0,M,SIEMENS,non-PDAC,0,radiology,False,1,False,1,True,automatic,automatic_labels/101840_00001.nii.gz,55d866b8e1f1078e9c249b83030dadb5bfecb670,347965,True,True,False,True,False,PANORAMA_LOCAL,PRIMARY_MODEL_DEVELOPMENT,False,True,RADIOLOGY_NO_DOCUMENTED_FOLLOWUP,SIEMENS,AUXILIARY_AUTOMATIC_MASK_ONLY,False,False,False,train,4,Y0_M0_SSIEMENS,train,True,False,False,False,False
1854,101841,101841_00001,2023-01-03 00:00:00,060Y,60.0,F,SIEMENS,PDAC,1,cytology,False,1,False,1,True,manual,manual_labels/101841_00001.nii.gz,d3b6cf4bcb27cf49c3b0faf40460678150c8662f,302368,True,True,True,False,True,PANORAMA_LOCAL,PRIMARY_MODEL_DEVELOPMENT,False,True,CYTOLOGY_CONFIRMED,SIEMENS,PRIMARY_MANUAL_PDAC_REFERENCE,False,False,False,train,3,Y1_M1_SSIEMENS,train,True,False,False,False,False
1855,101842,101842_00001,2021-08-13 00:00:00,059Y,59.0,F,TOSHIBA,PDAC,1,histopathology,False,1,False,1,True,manual,manual_labels/101842_00001.nii.gz,14cf379e9633cf956f6252243fdf80f7a812b093,123086,True,True,True,False,True,PANORAMA_LOCAL,PRIMARY_MODEL_DEVELOPMENT,False,True,TISSUE_CONFIRMED,TOSHIBA,PRIMARY_MANUAL_PDAC_REFERENCE,False,False,False,train,2,Y1_M1_STOSHIBA,train,True,False,False,False,False
1856,101843,101843_00001,2015-10-10 00:00:00,076Y,76.0,F,SIEMENS,non-PDAC,0,radiology,False,1,False,1,True,automatic,automatic_labels/101843_00001.nii.gz,a2259c05193d2bd653b30f0f39a12dc851affc36,553276,True,True,False,True,False,PANORAMA_LOCAL,PRIMARY_MODEL_DEVELOPMENT,False,True,RADIOLOGY_NO_DOCUMENTED_FOLLOWUP,SIEMENS,AUXILIARY_AUTOMATIC_MASK_ONLY,False,False,False,train,2,Y0_M0_SSIEMENS,train,True,False,False,False,False
1857,101844,101844_00001,2017-04-20 00:00:00,048Y,48.0,F,TOSHIBA,non-PDAC,0,radiology,False,1,False,1,True,automatic,automatic_labels/101844_00001.nii.gz,6fbb8a1b04c2b5f7fa1d2c2020f0f93fa214d1bc,426113,True,True,False,True,False,PANORAMA_LOCAL,PRIMARY_MODEL_DEVELOPMENT,False,True,RADIOLOGY_NO_DOCUMENTED_FOLLOWUP,TOSHIBA,AUXILIARY_AUTOMATIC_MASK_ONLY,False,False,False,internal_test,-1,Y0_M0_STOSHIBA,internal_test,False,False,False,True,False
1858,101845,101845_00001,2018-02-02 00:00:00,053Y,53.0,F,Philips,PDAC,1,histopathology,False,1,False,1,True,automatic,automatic_labels/101845_00001.nii.gz,9758151619ffc827ed504f9987d39bc08b830390,977973,True,True,False,True,False,PANORAMA_LOCAL,PRIMARY_MODEL_DEVELOPMENT,False,True,TISSUE_CONFIRMED,Philips,AUXILIARY_AUTOMATIC_MASK_ONLY,False,False,False,train,0,Y1_M0_SPhilips,train,True,False,False,False,False
1859,101846,101846_00001,2015-06-29 00:00:00,067Y,67.0,M,Philips,PDAC,1,pathology,False,1,False,1,True,manual,manual_labels/101846_00001.nii.gz,26e9eb425f9728a89b9f3d1d01a3b5fc95cbaf7a,370482,True,True,True,False,True,PANORAMA_LOCAL,PRIMARY_MODEL_DEVELOPMENT,False,True,TISSUE_CONFIRMED,Philips,PRIMARY_MANUAL_PDAC_REFERENCE,False,False,False,internal_test,-1,Y1_M1_SPhilips,internal_test,False,False,False,True,True
1860,101847,101847_00001,2020-09-23 00:00:00,068Y,68.0,M,SIEMENS,PDAC,1,radiology,False,1,False,1,True,manual,manual_labels/101847_00001.nii.gz,74359c3142527398392ef2f7aecca05e5d8c01c7,335407,True,True,True,False,True,PANORAMA_LOCAL,PRIMARY_MODEL_DEVELOPMENT,False,True,RADIOLOGY_NO_DOCUMENTED_FOLLOWUP,SIEMENS,PRIMARY_MANUAL_PDAC_REFERENCE,False,False,False,train,3,Y1_M1_SSIEMENS,train,True,False,False,False,False
1861,101848,101848_00001,,,,,,non-PDAC,0,MSD_dataset,True,1,False,1,True,automatic,automatic_labels/101848_00001.nii.gz,d92a616f93f4156ddc4f3d4af1b68d1963e093b6,209420,True,True,False,True,False,MSD_EXTERNAL_MIXED,LOCKED_EXTERNAL_MIXED_TEST,True,False,MSD_DATASET_DERIVED,[MISSING],AUXILIARY_AUTOMATIC_MASK_ONLY,True,False,False,,-1,,external_msd_test,False,False,False,True,False
1862,101849,101849_00001,2019-01-09 00:00:00,052Y,52.0,F,TOSHIBA,non-PDAC,0,radiology,False,1,False,1,True,automatic,automatic_labels/101849_00001.nii.gz,da5dae1a95777813b061e9345096338faa9a4702,229692,True,True,False,True,False,PANORAMA_LOCAL,PRIMARY_MODEL_DEVELOPMENT,False,True,RADIOLOGY_NO_DOCUMENTED_FOLLOWUP,TOSHIBA,AUXILIARY_AUTOMATIC_MASK_ONLY,False,False,False,train,2,Y0_M0_STOSHIBA,train,True,False,False,False,False
1863,101850,101850_00001,2013-07-30 00:00:00,041Y,41.0,M,Philips,non-PDAC,0,histopathology,False,1,False,1,True,automatic,automatic_labels/101850_00001.nii.gz,f919bff48c5d5ac7c990deb63e8d73dcdfb9440d,362988,True,True,False,True,False,PANORAMA_LOCAL,PRIMARY_MODEL_DEVELOPMENT,False,True,TISSUE_CONFIRMED,Philips,AUXILIARY_AUTOMATIC_MASK_ONLY,False,False,False,train,4,Y0_M0_SPhilips,train,True,False,False,False,False
1864,101851,101851_00001,2015-11-11 00:00:00,,,,,non-PDAC,0,NIH_dataset,True,1,False,1,True,automatic,automatic_labels/101851_00001.nii.gz,662f2013459d913c2150104b889fa3ce57c5fe66,493034,True,True,False,True,False,NIH_NEGATIVE_STRESS,LOCKED_NEGATIVE_SPECIFICITY_STRESS_TEST,True,False,NIH_DATASET_DERIVED,[MISSING],AUXILIARY_AUTOMATIC_MASK_ONLY,False,False,True,,-1,,nih_negative_stress_test,False,False,False,True,False
1865,101852,101852_00001,2015-09-10 00:00:00,067Y,67.0,F,TOSHIBA,PDAC,1,histopathology,False,1,False,1,True,manual,manual_labels/101852_00001.nii.gz,4ec1e16d7934ca44407f6183b197dfe596e2f996,68595,True,True,True,False,True,PANORAMA_LOCAL,PRIMARY_MODEL_DEVELOPMENT,False,True,TISSUE_CONFIRMED,TOSHIBA,PRIMARY_MANUAL_PDAC_REFERENCE,False,False,False,train,4,Y1_M1_STOSHIBA,train,True,False,False,False,False
1866,101853,101853_00001,2013-12-27 00:00:00,076Y,76.0,M,SIEMENS,non-PDAC,0,radiology,False,1,False,1,True,automatic,automatic_labels/101853_00001.nii.gz,85088da28567d828d02125b85eb76d37bb4a01a5,729561,True,True,False,True,False,PANORAMA_LOCAL,PRIMARY_MODEL_DEVELOPMENT,False,True,RADIOLOGY_NO_DOCUMENTED_FOLLOWUP,SIEMENS,AUXILIARY_AUTOMATIC_MASK_ONLY,False,False,False,train,0,Y0_M0_SSIEMENS,train,True,False,False,False,False
1867,101854,101854_00001,2008-10-11 00:00:00,065Y,65.0,M,SIEMENS,PDAC,1,histopathology,False,1,False,1,True,manual,manual_labels/101854_00001.nii.gz,31ea1c12061fe8a6776f8fc9886846e19927d313,338130,True,True,True,False,True,PANORAMA_LOCAL,PRIMARY_MODEL_DEVELOPMENT,False,True,TISSUE_CONFIRMED,SIEMENS,PRIMARY_MANUAL_PDAC_REFERENCE,False,False,False,internal_test,-1,Y1_M1_SSIEMENS,internal_test,False,False,False,True,True
1868,101855,101855_00001,2019-08-24 00:00:00,066Y,66.0,M,Philips,PDAC,1,histopathology,False,1,False,1,True,automatic,automatic_labels/101855_00001.nii.gz,b48cb6993bfca503c0d2fa0618797991d7a27562,479029,True,True,False,True,False,PANORAMA_LOCAL,PRIMARY_MODEL_DEVELOPMENT,False,True,TISSUE_CONFIRMED,Philips,AUXILIARY_AUTOMATIC_MASK_ONLY,False,False,False,train,4,Y1_M0_SPhilips,train,True,False,False,False,False
1869,101856,101856_00001,2019-07-01 00:00:00,060Y,60.0,M,Philips,PDAC,1,histopathology,False,1,False,1,True,manual,manual_labels/101856_00001.nii.gz,54c63ccd1f219c237c8b37a5e46bff572a478d54,197915,True,True,True,False,True,PANORAMA_LOCAL,PRIMARY_MODEL_DEVELOPMENT,False,True,TISSUE_CONFIRMED,Philips,PRIMARY_MANUAL_PDAC_REFERENCE,False,False,False,train,1,Y1_M1_SPhilips,train,True,False,False,False,False
1870,101857,101857_00001,2016-06-15 00:00:00,054Y,54.0,M,TOSHIBA,PDAC,1,histopathology,False,1,False,1,True,manual,manual_labels/101857_00001.nii.gz,d3aa057795f0dab5dcb2c6a6d5c8d008b5d232f4,474407,True,True,True,False,True,PANORAMA_LOCAL,PRIMARY_MODEL_DEVELOPMENT,False,True,TISSUE_CONFIRMED,TOSHIBA,PRIMARY_MANUAL_PDAC_REFERENCE,False,False,False,train,0,Y1_M1_STOSHIBA,train,True,False,False,False,False
1871,101858,101858_00001,2015-11-30 00:00:00,078Y,78.0,F,SIEMENS,non-PDAC,0,radiology,False,1,False,1,True,automatic,automatic_labels/101858_00001.nii.gz,34a6f36bf6c0d38aea3f1d4a9ad00388d08383e9,367015,True,True,False,True,False,PANORAMA_LOCAL,PRIMARY_MODEL_DEVELOPMENT,False,True,RADIOLOGY_NO_DOCUMENTED_FOLLOWUP,SIEMENS,AUXILIARY_AUTOMATIC_MASK_ONLY,False,False,False,validation,-1,Y0_M0_SSIEMENS,validation,False,True,True,False,False
1872,101859,101859_00001,2014-09-18 00:00:00,069Y,69.0,M,TOSHIBA,non-PDAC,0,radiology,False,1,False,1,True,automatic,automatic_labels/101859_00001.nii.gz,f618d9dd06c21d20c0ca53375352bca2bdab7f6f,346766,True,True,False,True,False,PANORAMA_LOCAL,PRIMARY_MODEL_DEVELOPMENT,False,True,RADIOLOGY_NO_DOCUMENTED_FOLLOWUP,TOSHIBA,AUXILIARY_AUTOMATIC_MASK_ONLY,False,False,False,internal_test,-1,Y0_M0_STOSHIBA,internal_test,False,False,False,True,False
1873,101860,101860_00001,2015-05-23 00:00:00,055Y,55.0,M,SIEMENS,non-PDAC,0,radiology,False,1,False,1,True,automatic,automatic_labels/101860_00001.nii.gz,e3bf6ade6d9a371da2bcad162d013827f3b1fe86,317968,True,True,False,True,False,PANORAMA_LOCAL,PRIMARY_MODEL_DEVELOPMENT,False,True,RADIOLOGY_NO_DOCUMENTED_FOLLOWUP,SIEMENS,AUXILIARY_AUTOMATIC_MASK_ONLY,False,False,False,train,2,Y0_M0_SSIEMENS,train,True,False,False,False,False
1874,101861,101861_00001,2015-08-17 00:00:00,046Y,46.0,M,SIEMENS,non-PDAC,0,radiology,False,1,False,1,True,automatic,automatic_labels/101861_00001.nii.gz,afaf4ab7e22835250774d5d7249aaf3e4c7464e9,745256,True,True,False,True,False,PANORAMA_LOCAL,PRIMARY_MODEL_DEVELOPMENT,False,True,RADIOLOGY_NO_DOCUMENTED_FOLLOWUP,SIEMENS,AUXILIARY_AUTOMATIC_MASK_ONLY,False,False,False,train,2,Y0_M0_SSIEMENS,train,True,False,False,False,False
1875,101862,101862_00001,2013-10-06 00:00:00,065Y,65.0,M,Philips,non-PDAC,0,pathology,False,1,False,1,True,automatic,automatic_labels/101862_00001.nii.gz,5221b0be872cdc1653f0c7a875a9558503efc37b,110385,True,True,False,True,False,PANORAMA_LOCAL,PRIMARY_MODEL_DEVELOPMENT,False,True,TISSUE_CONFIRMED,Philips,AUXILIARY_AUTOMATIC_MASK_ONLY,False,False,False,train,4,Y0_M0_SPhilips,train,True,False,False,False,False
1876,101863,101863_00001,2012-06-15 00:00:00,071Y,71.0,F,SIEMENS,PDAC,1,histopathology,False,1,False,1,True,manual,manual_labels/101863_00001.nii.gz,8aecf39c261d07338316db223fa43342178df4b7,74150,True,True,True,False,True,PANORAMA_LOCAL,PRIMARY_MODEL_DEVELOPMENT,False,True,TISSUE_CONFIRMED,SIEMENS,PRIMARY_MANUAL_PDAC_REFERENCE,False,False,False,train,3,Y1_M1_SSIEMENS,train,True,False,False,False,False
1877,101864,101864_00001,2016-12-14 00:00:00,078Y,78.0,M,TOSHIBA,non-PDAC,0,radiology,False,1,False,1,True,automatic,automatic_labels/101864_00001.nii.gz,618f81743fc63f072095f88fd0570515e0b88a95,597171,True,True,False,True,False,PANORAMA_LOCAL,PRIMARY_MODEL_DEVELOPMENT,False,True,RADIOLOGY_NO_DOCUMENTED_FOLLOWUP,TOSHIBA,AUXILIARY_AUTOMATIC_MASK_ONLY,False,False,False,validation,-1,Y0_M0_STOSHIBA,validation,False,True,True,False,False
1878,101865,101865_00001,2017-09-12 00:00:00,068Y,68.0,F,SIEMENS,non-PDAC,0,pathology,False,1,False,1,True,automatic,automatic_labels/101865_00001.nii.gz,79d361e1e13725f4d4b104e7423d5f9d09e79c8b,618354,True,True,False,True,False,PANORAMA_LOCAL,PRIMARY_MODEL_DEVELOPMENT,False,True,TISSUE_CONFIRMED,SIEMENS,AUXILIARY_AUTOMATIC_MASK_ONLY,False,False,False,train,1,Y0_M0_SSIEMENS,train,True,False,False,False,False
1879,101866,101866_00001,2018-04-22 00:00:00,082Y,82.0,M,SIEMENS,non-PDAC,0,radiology,False,1,False,1,True,automatic,automatic_labels/101866_00001.nii.gz,144a227cf48e9d5040cbad443156c7e1e1323bb9,263458,True,True,False,True,False,PANORAMA_LOCAL,PRIMARY_MODEL_DEVELOPMENT,False,True,RADIOLOGY_NO_DOCUMENTED_FOLLOWUP,SIEMENS,AUXILIARY_AUTOMATIC_MASK_ONLY,False,False,False,train,0,Y0_M0_SSIEMENS,train,True,False,False,False,False
1880,101867,101867_00001,2015-11-07 00:00:00,,,,,non-PDAC,0,NIH_dataset,True,1,False,1,True,automatic,automatic_labels/101867_00001.nii.gz,56eb389bc3f6749c384f898aa7a5df21726c1b33,435717,True,True,False,True,False,NIH_NEGATIVE_STRESS,LOCKED_NEGATIVE_SPECIFICITY_STRESS_TEST,True,False,NIH_DATASET_DERIVED,[MISSING],AUXILIARY_AUTOMATIC_MASK_ONLY,False,False,True,,-1,,nih_negative_stress_test,False,False,False,True,False
1881,101868,101868_00001,2018-08-17 00:00:00,067Y,67.0,F,SIEMENS,non-PDAC,0,radiology,False,1,False,1,True,automatic,automatic_labels/101868_00001.nii.gz,fb5ec6195a15a0fee08046d8894ccc996c35e301,1499742,True,True,False,True,False,PANORAMA_LOCAL,PRIMARY_MODEL_DEVELOPMENT,False,True,RADIOLOGY_NO_DOCUMENTED_FOLLOWUP,SIEMENS,AUXILIARY_AUTOMATIC_MASK_ONLY,False,False,False,validation,-1,Y0_M0_SSIEMENS,validation,False,True,True,False,False
1882,101869,101869_00001,2019-09-25 00:00:00,079Y,79.0,M,SIEMENS,non-PDAC,0,radiology,False,1,False,1,True,automatic,automatic_labels/101869_00001.nii.gz,e5c2ba30b275b71c2722a8b16b8f0f7d296191c1,711403,True,True,False,True,False,PANORAMA_LOCAL,PRIMARY_MODEL_DEVELOPMENT,False,True,RADIOLOGY_NO_DOCUMENTED_FOLLOWUP,SIEMENS,AUXILIARY_AUTOMATIC_MASK_ONLY,False,False,False,train,4,Y0_M0_SSIEMENS,train,True,False,False,False,False
1883,101870,101870_00001,2016-11-02 00:00:00,084Y,84.0,F,SIEMENS,non-PDAC,0,radiology,False,1,False,1,True,automatic,automatic_labels/101870_00001.nii.gz,9892c183d20bf908cc10afafb92315d6ee1b88d6,456732,True,True,False,True,False,PANORAMA_LOCAL,PRIMARY_MODEL_DEVELOPMENT,False,True,RADIOLOGY_NO_DOCUMENTED_FOLLOWUP,SIEMENS,AUXILIARY_AUTOMATIC_MASK_ONLY,False,False,False,internal_test,-1,Y0_M0_SSIEMENS,internal_test,False,False,False,True,False
1884,101871,101871_00001,2013-12-30 00:00:00,075Y,75.0,M,TOSHIBA,non-PDAC,0,radiology,False,1,False,1,True,automatic,automatic_labels/101871_00001.nii.gz,8163f321d2b65372ae37fa7107e584c94530934b,1167672,True,True,False,True,False,PANORAMA_LOCAL,PRIMARY_MODEL_DEVELOPMENT,False,True,RADIOLOGY_NO_DOCUMENTED_FOLLOWUP,TOSHIBA,AUXILIARY_AUTOMATIC_MASK_ONLY,False,False,False,train,0,Y0_M0_STOSHIBA,train,True,False,False,False,False
1885,101872,101872_00001,,,,,,PDAC,1,MSD_dataset,True,1,False,1,True,manual,manual_labels/101872_00001.nii.gz,eeaf3d4193dd7fab179a981a41ddaaede9336042,64185,True,True,True,False,True,MSD_EXTERNAL_MIXED,LOCKED_EXTERNAL_MIXED_TEST,True,False,MSD_DATASET_DERIVED,[MISSING],PRIMARY_MANUAL_PDAC_REFERENCE,True,True,False,,-1,,external_msd_test,False,False,False,True,True
1886,101873,101873_00001,2017-11-19 00:00:00,062Y,62.0,F,TOSHIBA,non-PDAC,0,radiology,False,1,False,1,True,automatic,automatic_labels/101873_00001.nii.gz,73b0489b7c130fd3961c40c293659c50e05c1798,568095,True,True,False,True,False,PANORAMA_LOCAL,PRIMARY_MODEL_DEVELOPMENT,False,True,RADIOLOGY_NO_DOCUMENTED_FOLLOWUP,TOSHIBA,AUXILIARY_AUTOMATIC_MASK_ONLY,False,False,False,train,1,Y0_M0_STOSHIBA,train,True,False,False,False,False
1887,101874,101874_00001,2016-01-09 00:00:00,078Y,78.0,M,SIEMENS,non-PDAC,0,radiology,False,1,False,1,True,automatic,automatic_labels/101874_00001.nii.gz,b4338d5714421dce3aa9355e48d65ba49ae87984,250696,True,True,False,True,False,PANORAMA_LOCAL,PRIMARY_MODEL_DEVELOPMENT,False,True,RADIOLOGY_NO_DOCUMENTED_FOLLOWUP,SIEMENS,AUXILIARY_AUTOMATIC_MASK_ONLY,False,False,False,train,2,Y0_M0_SSIEMENS,train,True,False,False,False,False
1888,101875,101875_00001,2014-05-20 00:00:00,039Y,39.0,F,TOSHIBA,non-PDAC,0,radiology,False,1,False,1,True,automatic,automatic_labels/101875_00001.nii.gz,148325926eee7a2bf275ca4da0667c622844ce7c,341949,True,True,False,True,False,PANORAMA_LOCAL,PRIMARY_MODEL_DEVELOPMENT,False,True,RADIOLOGY_NO_DOCUMENTED_FOLLOWUP,TOSHIBA,AUXILIARY_AUTOMATIC_MASK_ONLY,False,False,False,internal_test,-1,Y0_M0_STOSHIBA,internal_test,False,False,False,True,False
1889,101876,101876_00001,2014-07-09 00:00:00,075Y,75.0,F,SIEMENS,non-PDAC,0,radiology,False,1,False,1,True,automatic,automatic_labels/101876_00001.nii.gz,151c339d2a5b467cf531ef61d40e2b2574ea3e97,1430356,True,True,False,True,False,PANORAMA_LOCAL,PRIMARY_MODEL_DEVELOPMENT,False,True,RADIOLOGY_NO_DOCUMENTED_FOLLOWUP,SIEMENS,AUXILIARY_AUTOMATIC_MASK_ONLY,False,False,False,train,3,Y0_M0_SSIEMENS,train,True,False,False,False,False
1890,101877,101877_00001,2018-03-18 00:00:00,062Y,62.0,F,TOSHIBA,PDAC,1,histopathology,False,1,False,1,True,manual,manual_labels/101877_00001.nii.gz,16b680ac41acd74b510416edbb166f0e8d5178b4,202171,True,True,True,False,True,PANORAMA_LOCAL,PRIMARY_MODEL_DEVELOPMENT,False,True,TISSUE_CONFIRMED,TOSHIBA,PRIMARY_MANUAL_PDAC_REFERENCE,False,False,False,internal_test,-1,Y1_M1_STOSHIBA,internal_test,False,False,False,True,True
1891,101878,101878_00001,2016-06-14 00:00:00,084Y,84.0,M,SIEMENS,non-PDAC,0,pathology,False,1,False,1,True,automatic,automatic_labels/101878_00001.nii.gz,23cdb2cfb0f281c6de134dc6eeb8e72e4f4df67e,458079,True,True,False,True,False,PANORAMA_LOCAL,PRIMARY_MODEL_DEVELOPMENT,False,True,TISSUE_CONFIRMED,SIEMENS,AUXILIARY_AUTOMATIC_MASK_ONLY,False,False,False,internal_test,-1,Y0_M0_SSIEMENS,internal_test,False,False,False,True,False
1892,101879,101879_00001,2016-03-08 00:00:00,065Y,65.0,M,SIEMENS,non-PDAC,0,radiology,False,1,False,1,True,automatic,automatic_labels/101879_00001.nii.gz,895ac2db5590970a7906fb13e2174c54f73fd30e,704064,True,True,False,True,False,PANORAMA_LOCAL,PRIMARY_MODEL_DEVELOPMENT,False,True,RADIOLOGY_NO_DOCUMENTED_FOLLOWUP,SIEMENS,AUXILIARY_AUTOMATIC_MASK_ONLY,False,False,False,train,3,Y0_M0_SSIEMENS,train,True,False,False,False,False
1893,101880,101880_00001,2016-07-01 00:00:00,075Y,75.0,F,Philips,PDAC,1,histopathology,False,1,False,1,True,manual,manual_labels/101880_00001.nii.gz,643b2884c3f53351ec768e9f79ca552cb7b2a78a,87078,True,True,True,False,True,PANORAMA_LOCAL,PRIMARY_MODEL_DEVELOPMENT,False,True,TISSUE_CONFIRMED,Philips,PRIMARY_MANUAL_PDAC_REFERENCE,False,False,False,train,1,Y1_M1_SPhilips,train,True,False,False,False,False
1894,101881,101881_00001,2016-07-06 00:00:00,031Y,31.0,F,SIEMENS,non-PDAC,0,radiology,False,1,False,1,True,automatic,automatic_labels/101881_00001.nii.gz,85914cc7e8667299766da9f8d27f56329754fa42,622985,True,True,False,True,False,PANORAMA_LOCAL,PRIMARY_MODEL_DEVELOPMENT,False,True,RADIOLOGY_NO_DOCUMENTED_FOLLOWUP,SIEMENS,AUXILIARY_AUTOMATIC_MASK_ONLY,False,False,False,train,4,Y0_M0_SSIEMENS,train,True,False,False,False,False
1895,101882,101882_00001,2018-12-01 00:00:00,060Y,60.0,M,Philips,non-PDAC,0,pathology,False,1,False,1,True,automatic,automatic_labels/101882_00001.nii.gz,3ade2a44cbda623341475e60a67411afd3068176,2522626,True,True,False,True,False,PANORAMA_LOCAL,PRIMARY_MODEL_DEVELOPMENT,False,True,TISSUE_CONFIRMED,Philips,AUXILIARY_AUTOMATIC_MASK_ONLY,False,False,False,train,2,Y0_M0_SPhilips,train,True,False,False,False,False
1896,101883,101883_00001,2016-07-31 00:00:00,060Y,60.0,F,SIEMENS,non-PDAC,0,radiology,False,1,False,1,True,automatic,automatic_labels/101883_00001.nii.gz,f55c5f777ac07c23d9755f9d3a35ef55c4c4bca2,573200,True,True,False,True,False,PANORAMA_LOCAL,PRIMARY_MODEL_DEVELOPMENT,False,True,RADIOLOGY_NO_DOCUMENTED_FOLLOWUP,SIEMENS,AUXILIARY_AUTOMATIC_MASK_ONLY,False,False,False,train,1,Y0_M0_SSIEMENS,train,True,False,False,False,False
1897,101884,101884_00001,2013-07-18 00:00:00,061Y,61.0,F,SIEMENS,non-PDAC,0,cytology,False,1,False,1,True,automatic,automatic_labels/101884_00001.nii.gz,82f309a0b6de871e0e01684e5291217ab65dc940,545368,True,True,False,True,False,PANORAMA_LOCAL,PRIMARY_MODEL_DEVELOPMENT,False,True,CYTOLOGY_CONFIRMED,SIEMENS,AUXILIARY_AUTOMATIC_MASK_ONLY,False,False,False,train,2,Y0_M0_SSIEMENS,train,True,False,False,False,False
1898,101885,101885_00001,2016-09-29 00:00:00,020Y,20.0,M,SIEMENS,non-PDAC,0,radiology,False,1,False,1,True,automatic,automatic_labels/101885_00001.nii.gz,8c408f581275c994022073c6c4469277923db979,325939,True,True,False,True,False,PANORAMA_LOCAL,PRIMARY_MODEL_DEVELOPMENT,False,True,RADIOLOGY_NO_DOCUMENTED_FOLLOWUP,SIEMENS,AUXILIARY_AUTOMATIC_MASK_ONLY,False,False,False,validation,-1,Y0_M0_SSIEMENS,validation,False,True,True,False,False
1899,101886,101886_00001,2019-09-04 00:00:00,054Y,54.0,M,SIEMENS,PDAC,1,histopathology,False,1,False,1,True,manual,manual_labels/101886_00001.nii.gz,faf313f8b5a03eaefa30d126e473043deeb585a4,276783,True,True,True,False,True,PANORAMA_LOCAL,PRIMARY_MODEL_DEVELOPMENT,False,True,TISSUE_CONFIRMED,SIEMENS,PRIMARY_MANUAL_PDAC_REFERENCE,False,False,False,train,4,Y1_M1_SSIEMENS,train,True,False,False,False,False
1900,101887,101887_00001,2018-03-06 00:00:00,060Y,60.0,M,SIEMENS,non-PDAC,0,radiology,False,1,False,1,True,automatic,automatic_labels/101887_00001.nii.gz,4bba25627ad24d33883d3784a47646fbd06576f8,335074,True,True,False,True,False,PANORAMA_LOCAL,PRIMARY_MODEL_DEVELOPMENT,False,True,RADIOLOGY_NO_DOCUMENTED_FOLLOWUP,SIEMENS,AUXILIARY_AUTOMATIC_MASK_ONLY,False,False,False,validation,-1,Y0_M0_SSIEMENS,validation,False,True,True,False,False
1901,101888,101888_00001,2017-05-02 00:00:00,064Y,64.0,F,SIEMENS,non-PDAC,0,radiology,False,1,False,1,True,automatic,automatic_labels/101888_00001.nii.gz,c24865af299b951170331c53ccd9aed878ac2363,594790,True,True,False,True,False,PANORAMA_LOCAL,PRIMARY_MODEL_DEVELOPMENT,False,True,RADIOLOGY_NO_DOCUMENTED_FOLLOWUP,SIEMENS,AUXILIARY_AUTOMATIC_MASK_ONLY,False,False,False,train,3,Y0_M0_SSIEMENS,train,True,False,False,False,False
1902,101889,101889_00001,2015-11-16 00:00:00,,,,,non-PDAC,0,NIH_dataset,True,1,False,1,True,automatic,automatic_labels/101889_00001.nii.gz,c88a4cfbf5c61f4bca2dead0b81eebf21d3cbaf9,497765,True,True,False,True,False,NIH_NEGATIVE_STRESS,LOCKED_NEGATIVE_SPECIFICITY_STRESS_TEST,True,False,NIH_DATASET_DERIVED,[MISSING],AUXILIARY_AUTOMATIC_MASK_ONLY,False,False,True,,-1,,nih_negative_stress_test,False,False,False,True,False
1903,101890,101890_00001,2017-11-25 00:00:00,054Y,54.0,M,SIEMENS,non-PDAC,0,radiology,False,1,False,1,True,automatic,automatic_labels/101890_00001.nii.gz,1f971cdf9cb7eb1c5275b95ae7928480507061d6,638277,True,True,False,True,False,PANORAMA_LOCAL,PRIMARY_MODEL_DEVELOPMENT,False,True,RADIOLOGY_NO_DOCUMENTED_FOLLOWUP,SIEMENS,AUXILIARY_AUTOMATIC_MASK_ONLY,False,False,False,train,4,Y0_M0_SSIEMENS,train,True,False,False,False,False
1904,101891,101891_00001,2014-10-21 00:00:00,053Y,53.0,F,Philips,non-PDAC,0,histopathology,False,1,False,1,True,automatic,automatic_labels/101891_00001.nii.gz,8f8e7d238d4254ec6c603870891ca9970e3f91c7,349275,True,True,False,True,False,PANORAMA_LOCAL,PRIMARY_MODEL_DEVELOPMENT,False,True,TISSUE_CONFIRMED,Philips,AUXILIARY_AUTOMATIC_MASK_ONLY,False,False,False,train,2,Y0_M0_SPhilips,train,True,False,False,False,False
1905,101892,101892_00001,2016-05-31 00:00:00,072Y,72.0,M,TOSHIBA,non-PDAC,0,radiology,False,1,False,1,True,automatic,automatic_labels/101892_00001.nii.gz,79556b2f7cbef0781a0029b1c892100eae4025ee,354435,True,True,False,True,False,PANORAMA_LOCAL,PRIMARY_MODEL_DEVELOPMENT,False,True,RADIOLOGY_NO_DOCUMENTED_FOLLOWUP,TOSHIBA,AUXILIARY_AUTOMATIC_MASK_ONLY,False,False,False,train,4,Y0_M0_STOSHIBA,train,True,False,False,False,False
1906,101893,101893_00001,2017-08-18 00:00:00,048Y,48.0,F,TOSHIBA,non-PDAC,0,radiology,False,1,False,1,True,automatic,automatic_labels/101893_00001.nii.gz,c2d4664d3c357aa2da9d96814d810faeb5e914f0,335086,True,True,False,True,False,PANORAMA_LOCAL,PRIMARY_MODEL_DEVELOPMENT,False,True,RADIOLOGY_NO_DOCUMENTED_FOLLOWUP,TOSHIBA,AUXILIARY_AUTOMATIC_MASK_ONLY,False,False,False,train,3,Y0_M0_STOSHIBA,train,True,False,False,False,False
1907,101894,101894_00001,2014-06-24 00:00:00,064Y,64.0,F,Philips,non-PDAC,0,cytology,False,1,False,1,True,automatic,automatic_labels/101894_00001.nii.gz,e577df68673d0f615bf15f9e5e9dbf31e53133d6,298296,True,True,False,True,False,PANORAMA_LOCAL,PRIMARY_MODEL_DEVELOPMENT,False,True,CYTOLOGY_CONFIRMED,Philips,AUXILIARY_AUTOMATIC_MASK_ONLY,False,False,False,train,1,Y0_M0_SPhilips,train,True,False,False,False,False
1908,101895,101895_00001,2019-08-19 00:00:00,076Y,76.0,F,Philips,PDAC,1,histopathology,False,1,False,1,True,manual,manual_labels/101895_00001.nii.gz,25975537374b0fec36e46f091fca85c8102c5309,129191,True,True,True,False,True,PANORAMA_LOCAL,PRIMARY_MODEL_DEVELOPMENT,False,True,TISSUE_CONFIRMED,Philips,PRIMARY_MANUAL_PDAC_REFERENCE,False,False,False,train,4,Y1_M1_SPhilips,train,True,False,False,False,False
1909,101896,101896_00001,2016-07-23 00:00:00,037Y,37.0,M,SIEMENS,non-PDAC,0,radiology,False,1,False,1,True,automatic,automatic_labels/101896_00001.nii.gz,acde8f263a4e44518969728fbcc1dfccd26bc4f9,680652,True,True,False,True,False,PANORAMA_LOCAL,PRIMARY_MODEL_DEVELOPMENT,False,True,RADIOLOGY_NO_DOCUMENTED_FOLLOWUP,SIEMENS,AUXILIARY_AUTOMATIC_MASK_ONLY,False,False,False,train,4,Y0_M0_SSIEMENS,train,True,False,False,False,False
1910,101897,101897_00001,2013-04-14 00:00:00,038Y,38.0,F,SIEMENS,non-PDAC,0,histopathology,False,1,False,1,True,automatic,automatic_labels/101897_00001.nii.gz,b235a882553f9b6dc4af61b43f62198bce3757cf,897673,True,True,False,True,False,PANORAMA_LOCAL,PRIMARY_MODEL_DEVELOPMENT,False,True,TISSUE_CONFIRMED,SIEMENS,AUXILIARY_AUTOMATIC_MASK_ONLY,False,False,False,train,0,Y0_M0_SSIEMENS,train,True,False,False,False,False
1911,101898,101898_00001,2019-01-24 00:00:00,064Y,64.0,F,Philips,PDAC,1,histopathology,False,1,False,1,True,manual,manual_labels/101898_00001.nii.gz,41599e6842cebb771d15228a26cb3969fc86ed3f,278208,True,True,True,False,True,PANORAMA_LOCAL,PRIMARY_MODEL_DEVELOPMENT,False,True,TISSUE_CONFIRMED,Philips,PRIMARY_MANUAL_PDAC_REFERENCE,False,False,False,train,1,Y1_M1_SPhilips,train,True,False,False,False,False
1912,101899,101899_00001,2017-12-09 00:00:00,078Y,78.0,F,GE MEDICAL SYSTEMS,PDAC,1,cytology,False,1,False,1,True,manual,manual_labels/101899_00001.nii.gz,abfbc249c6c479b32b174fb2d271dbeadd158ebf,369827,True,True,True,False,True,PANORAMA_LOCAL,PRIMARY_MODEL_DEVELOPMENT,False,True,CYTOLOGY_CONFIRMED,GE MEDICAL SYSTEMS,PRIMARY_MANUAL_PDAC_REFERENCE,False,False,False,internal_test,-1,Y1_M1_SGE MEDICAL SYSTEMS,internal_test,False,False,False,True,True
1913,101900,101900_00001,2017-11-19 00:00:00,075Y,75.0,M,SIEMENS,PDAC,1,cytology,False,1,False,1,True,manual,manual_labels/101900_00001.nii.gz,84e8ed5309adc51d2ca2e40bbf065d52f2f0f5a8,427860,True,True,True,False,True,PANORAMA_LOCAL,PRIMARY_MODEL_DEVELOPMENT,False,True,CYTOLOGY_CONFIRMED,SIEMENS,PRIMARY_MANUAL_PDAC_REFERENCE,False,False,False,train,0,Y1_M1_SSIEMENS,train,True,False,False,False,False
1914,101901,101901_00001,2017-10-12 00:00:00,061Y,61.0,M,TOSHIBA,non-PDAC,0,radiology,False,1,False,1,True,automatic,automatic_labels/101901_00001.nii.gz,d57de41cdcabff69a24e6c930b8844d706f3d9b5,447592,True,True,False,True,False,PANORAMA_LOCAL,PRIMARY_MODEL_DEVELOPMENT,False,True,RADIOLOGY_NO_DOCUMENTED_FOLLOWUP,TOSHIBA,AUXILIARY_AUTOMATIC_MASK_ONLY,False,False,False,train,0,Y0_M0_STOSHIBA,train,True,False,False,False,False
1915,101902,101902_00001,2012-08-16 00:00:00,080Y,80.0,M,Philips,non-PDAC,0,histopathology,False,1,False,1,True,automatic,automatic_labels/101902_00001.nii.gz,071e92844d787a0032521a677a940f322f73ab88,104153,True,True,False,True,False,PANORAMA_LOCAL,PRIMARY_MODEL_DEVELOPMENT,False,True,TISSUE_CONFIRMED,Philips,AUXILIARY_AUTOMATIC_MASK_ONLY,False,False,False,train,2,Y0_M0_SPhilips,train,True,False,False,False,False
1916,101903,101903_00001,2015-04-12 00:00:00,040Y,40.0,M,SIEMENS,non-PDAC,0,radiology,False,1,False,1,True,automatic,automatic_labels/101903_00001.nii.gz,1b6079d808e204faef15d0da2b7803cf029aaf16,163712,True,True,False,True,False,PANORAMA_LOCAL,PRIMARY_MODEL_DEVELOPMENT,False,True,RADIOLOGY_NO_DOCUMENTED_FOLLOWUP,SIEMENS,AUXILIARY_AUTOMATIC_MASK_ONLY,False,False,False,train,1,Y0_M0_SSIEMENS,train,True,False,False,False,False
1917,101904,101904_00001,2018-07-07 00:00:00,071Y,71.0,M,TOSHIBA,non-PDAC,0,pathology,False,1,False,1,True,automatic,automatic_labels/101904_00001.nii.gz,d2ffbcec6e15909e9eea7d6df977edadc2bf6c96,1142833,True,True,False,True,False,PANORAMA_LOCAL,PRIMARY_MODEL_DEVELOPMENT,False,True,TISSUE_CONFIRMED,TOSHIBA,AUXILIARY_AUTOMATIC_MASK_ONLY,False,False,False,train,1,Y0_M0_STOSHIBA,train,True,False,False,False,False
1918,101905,101905_00001,2018-04-23 00:00:00,066Y,66.0,M,TOSHIBA,non-PDAC,0,radiology,False,1,False,1,True,automatic,automatic_labels/101905_00001.nii.gz,8be422315599658b1a195425ebcd98c64d786c30,245733,True,True,False,True,False,PANORAMA_LOCAL,PRIMARY_MODEL_DEVELOPMENT,False,True,RADIOLOGY_NO_DOCUMENTED_FOLLOWUP,TOSHIBA,AUXILIARY_AUTOMATIC_MASK_ONLY,False,False,False,internal_test,-1,Y0_M0_STOSHIBA,internal_test,False,False,False,True,False
1919,101906,101906_00001,2017-03-05 00:00:00,061Y,61.0,F,TOSHIBA,PDAC,1,radiology,False,1,False,1,True,automatic,automatic_labels/101906_00001.nii.gz,adc05ef47dfdb1ede9440fb4593a6669891fcd97,372156,True,True,False,True,False,PANORAMA_LOCAL,PRIMARY_MODEL_DEVELOPMENT,False,True,RADIOLOGY_NO_DOCUMENTED_FOLLOWUP,TOSHIBA,AUXILIARY_AUTOMATIC_MASK_ONLY,False,False,False,train,1,Y1_M0_STOSHIBA,train,True,False,False,False,False
1920,101907,101907_00001,2014-11-08 00:00:00,075Y,75.0,M,SIEMENS,non-PDAC,0,radiology,False,1,False,1,True,automatic,automatic_labels/101907_00001.nii.gz,754ca27b1a787e1388502d988315e828931d633b,347639,True,True,False,True,False,PANORAMA_LOCAL,PRIMARY_MODEL_DEVELOPMENT,False,True,RADIOLOGY_NO_DOCUMENTED_FOLLOWUP,SIEMENS,AUXILIARY_AUTOMATIC_MASK_ONLY,False,False,False,train,0,Y0_M0_SSIEMENS,train,True,False,False,False,False
1921,101908,101908_00001,2017-05-14 00:00:00,061Y,61.0,M,TOSHIBA,non-PDAC,0,radiology,False,1,False,1,True,automatic,automatic_labels/101908_00001.nii.gz,cb1eca545fa1a411163a317e04bb54bccb641d5f,211077,True,True,False,True,False,PANORAMA_LOCAL,PRIMARY_MODEL_DEVELOPMENT,False,True,RADIOLOGY_NO_DOCUMENTED_FOLLOWUP,TOSHIBA,AUXILIARY_AUTOMATIC_MASK_ONLY,False,False,False,internal_test,-1,Y0_M0_STOSHIBA,internal_test,False,False,False,True,False
1922,101909,101909_00001,2015-04-01 00:00:00,064Y,64.0,M,SIEMENS,PDAC,1,cytology,False,1,False,1,True,manual,manual_labels/101909_00001.nii.gz,a73050c974cfa11f51825ba076765094aa0b0c6e,650592,True,True,True,False,True,PANORAMA_LOCAL,PRIMARY_MODEL_DEVELOPMENT,False,True,CYTOLOGY_CONFIRMED,SIEMENS,PRIMARY_MANUAL_PDAC_REFERENCE,False,False,False,train,2,Y1_M1_SSIEMENS,train,True,False,False,False,False
1923,101910,101910_00001,2014-11-21 00:00:00,075Y,75.0,F,Philips,non-PDAC,0,pathology,False,1,False,1,True,automatic,automatic_labels/101910_00001.nii.gz,21216c13e47e3e17502e9351a03af18a7371d777,932835,True,True,False,True,False,PANORAMA_LOCAL,PRIMARY_MODEL_DEVELOPMENT,False,True,TISSUE_CONFIRMED,Philips,AUXILIARY_AUTOMATIC_MASK_ONLY,False,False,False,train,1,Y0_M0_SPhilips,train,True,False,False,False,False
1924,101911,101911_00001,2015-01-08 00:00:00,064Y,64.0,M,SIEMENS,non-PDAC,0,radiology,False,1,False,1,True,automatic,automatic_labels/101911_00001.nii.gz,b9bd885bb4744a75df8c58809ff1232eca876485,194353,True,True,False,True,False,PANORAMA_LOCAL,PRIMARY_MODEL_DEVELOPMENT,False,True,RADIOLOGY_NO_DOCUMENTED_FOLLOWUP,SIEMENS,AUXILIARY_AUTOMATIC_MASK_ONLY,False,False,False,train,4,Y0_M0_SSIEMENS,train,True,False,False,False,False
1925,101912,101912_00001,2017-01-26 00:00:00,076Y,76.0,F,TOSHIBA,PDAC,1,histopathology,False,1,False,1,True,automatic,automatic_labels/101912_00001.nii.gz,a2a1d819911ea05afc3ca340cdf98989a054f8d5,257404,True,True,False,True,False,PANORAMA_LOCAL,PRIMARY_MODEL_DEVELOPMENT,False,True,TISSUE_CONFIRMED,TOSHIBA,AUXILIARY_AUTOMATIC_MASK_ONLY,False,False,False,train,4,Y1_M0_STOSHIBA,train,True,False,False,False,False
1926,101913,101913_00001,2012-02-03 00:00:00,087Y,87.0,M,Philips,non-PDAC,0,pathology,False,1,False,1,True,automatic,automatic_labels/101913_00001.nii.gz,47dc78e969bfec060a3d682721ffc9311ac1dc2e,1442564,True,True,False,True,False,PANORAMA_LOCAL,PRIMARY_MODEL_DEVELOPMENT,False,True,TISSUE_CONFIRMED,Philips,AUXILIARY_AUTOMATIC_MASK_ONLY,False,False,False,train,1,Y0_M0_SPhilips,train,True,False,False,False,False
1927,101914,101914_00001,2015-11-24 00:00:00,,,,,non-PDAC,0,NIH_dataset,True,1,False,1,True,automatic,automatic_labels/101914_00001.nii.gz,646ba63d7a4caa20ecf6c833814215ac20847216,673505,True,True,False,True,False,NIH_NEGATIVE_STRESS,LOCKED_NEGATIVE_SPECIFICITY_STRESS_TEST,True,False,NIH_DATASET_DERIVED,[MISSING],AUXILIARY_AUTOMATIC_MASK_ONLY,False,False,True,,-1,,nih_negative_stress_test,False,False,False,True,False
1928,101915,101915_00001,2019-08-24 00:00:00,058Y,58.0,M,Philips,PDAC,1,cytology,False,1,False,1,True,manual,manual_labels/101915_00001.nii.gz,37f15bf63be3816cb042fd5beb8159ff14d95b7a,388563,True,True,True,False,True,PANORAMA_LOCAL,PRIMARY_MODEL_DEVELOPMENT,False,True,CYTOLOGY_CONFIRMED,Philips,PRIMARY_MANUAL_PDAC_REFERENCE,False,False,False,internal_test,-1,Y1_M1_SPhilips,internal_test,False,False,False,True,True
1929,101916,101916_00001,2013-11-12 00:00:00,072Y,72.0,M,SIEMENS,non-PDAC,0,cytology,False,1,False,1,True,automatic,automatic_labels/101916_00001.nii.gz,fb8f6ac4458f5711d341dfb52b4830d5c4f9f315,555456,True,True,False,True,False,PANORAMA_LOCAL,PRIMARY_MODEL_DEVELOPMENT,False,True,CYTOLOGY_CONFIRMED,SIEMENS,AUXILIARY_AUTOMATIC_MASK_ONLY,False,False,False,train,2,Y0_M0_SSIEMENS,train,True,False,False,False,False
1930,101917,101917_00001,2015-09-10 00:00:00,061Y,61.0,M,Philips,PDAC,1,histopathology,False,1,False,1,True,manual,manual_labels/101917_00001.nii.gz,65c15ed9f6151924ce15fb3274e35f8573d46d44,106535,True,True,True,False,True,PANORAMA_LOCAL,PRIMARY_MODEL_DEVELOPMENT,False,True,TISSUE_CONFIRMED,Philips,PRIMARY_MANUAL_PDAC_REFERENCE,False,False,False,train,1,Y1_M1_SPhilips,train,True,False,False,False,False
1931,101918,101918_00001,2018-08-07 00:00:00,068Y,68.0,F,Philips,PDAC,1,pathology,False,1,False,1,True,automatic,automatic_labels/101918_00001.nii.gz,10579f9cafc581dd33a2d0a0e6cc3eeb2d8ba1ad,621295,True,True,False,True,False,PANORAMA_LOCAL,PRIMARY_MODEL_DEVELOPMENT,False,True,TISSUE_CONFIRMED,Philips,AUXILIARY_AUTOMATIC_MASK_ONLY,False,False,False,train,1,Y1_M0_SPhilips,train,True,False,False,False,False
1932,101919,101919_00001,2014-10-25 00:00:00,048Y,48.0,F,SIEMENS,non-PDAC,0,radiology,False,1,False,1,True,automatic,automatic_labels/101919_00001.nii.gz,a8f7b21427b7d4f8ba5be359b4e6bd73d4977fd7,1454557,True,True,False,True,False,PANORAMA_LOCAL,PRIMARY_MODEL_DEVELOPMENT,False,True,RADIOLOGY_NO_DOCUMENTED_FOLLOWUP,SIEMENS,AUXILIARY_AUTOMATIC_MASK_ONLY,False,False,False,train,0,Y0_M0_SSIEMENS,train,True,False,False,False,False
1933,101920,101920_00001,2018-07-07 00:00:00,072Y,72.0,M,SIEMENS,non-PDAC,0,radiology,False,1,False,1,True,automatic,automatic_labels/101920_00001.nii.gz,fa163c926451fc5482837cc38220be12460225f0,861914,True,True,False,True,False,PANORAMA_LOCAL,PRIMARY_MODEL_DEVELOPMENT,False,True,RADIOLOGY_NO_DOCUMENTED_FOLLOWUP,SIEMENS,AUXILIARY_AUTOMATIC_MASK_ONLY,False,False,False,train,4,Y0_M0_SSIEMENS,train,True,False,False,False,False
1934,101921,101921_00001,2016-12-24 00:00:00,072Y,72.0,M,TOSHIBA,non-PDAC,0,radiology,False,1,False,1,True,automatic,automatic_labels/101921_00001.nii.gz,2d9d897cf0a1ca333fa8ddad2a6320b95f52ab7b,582277,True,True,False,True,False,PANORAMA_LOCAL,PRIMARY_MODEL_DEVELOPMENT,False,True,RADIOLOGY_NO_DOCUMENTED_FOLLOWUP,TOSHIBA,AUXILIARY_AUTOMATIC_MASK_ONLY,False,False,False,validation,-1,Y0_M0_STOSHIBA,validation,False,True,True,False,False
1935,101922,101922_00001,2015-10-03 00:00:00,047Y,47.0,F,TOSHIBA,non-PDAC,0,radiology,False,1,False,1,True,automatic,automatic_labels/101922_00001.nii.gz,f2615f5083f410421ecd396852c0f4489e4b095c,1253204,True,True,False,True,False,PANORAMA_LOCAL,PRIMARY_MODEL_DEVELOPMENT,False,True,RADIOLOGY_NO_DOCUMENTED_FOLLOWUP,TOSHIBA,AUXILIARY_AUTOMATIC_MASK_ONLY,False,False,False,train,1,Y0_M0_STOSHIBA,train,True,False,False,False,False
1936,101923,101923_00001,2016-07-08 00:00:00,042Y,42.0,M,TOSHIBA,non-PDAC,0,radiology,False,1,False,1,True,automatic,automatic_labels/101923_00001.nii.gz,2bac404cca15968b9e9fc3ef14c222af78817706,648971,True,True,False,True,False,PANORAMA_LOCAL,PRIMARY_MODEL_DEVELOPMENT,False,True,RADIOLOGY_NO_DOCUMENTED_FOLLOWUP,TOSHIBA,AUXILIARY_AUTOMATIC_MASK_ONLY,False,False,False,train,3,Y0_M0_STOSHIBA,train,True,False,False,False,False
1937,101924,101924_00001,2014-07-13 00:00:00,064Y,64.0,F,SIEMENS,non-PDAC,0,radiology,False,1,False,1,True,automatic,automatic_labels/101924_00001.nii.gz,41b9b7de8ba4c64ce0a060706556df105479b6e4,351261,True,True,False,True,False,PANORAMA_LOCAL,PRIMARY_MODEL_DEVELOPMENT,False,True,RADIOLOGY_NO_DOCUMENTED_FOLLOWUP,SIEMENS,AUXILIARY_AUTOMATIC_MASK_ONLY,False,False,False,train,3,Y0_M0_SSIEMENS,train,True,False,False,False,False
1938,101925,101925_00001,2012-04-14 00:00:00,055Y,55.0,F,SIEMENS,non-PDAC,0,histopathology,False,1,False,1,True,automatic,automatic_labels/101925_00001.nii.gz,50867187eaecd2913a8c70a81692bc92d53ac9f1,196527,True,True,False,True,False,PANORAMA_LOCAL,PRIMARY_MODEL_DEVELOPMENT,False,True,TISSUE_CONFIRMED,SIEMENS,AUXILIARY_AUTOMATIC_MASK_ONLY,False,False,False,train,1,Y0_M0_SSIEMENS,train,True,False,False,False,False
1939,101926,101926_00001,2016-05-22 00:00:00,059Y,59.0,M,TOSHIBA,non-PDAC,0,radiology,False,1,False,1,True,automatic,automatic_labels/101926_00001.nii.gz,022c110cbdf85efdb215eec2cb49efdc7e956b82,234086,True,True,False,True,False,PANORAMA_LOCAL,PRIMARY_MODEL_DEVELOPMENT,False,True,RADIOLOGY_NO_DOCUMENTED_FOLLOWUP,TOSHIBA,AUXILIARY_AUTOMATIC_MASK_ONLY,False,False,False,train,3,Y0_M0_STOSHIBA,train,True,False,False,False,False
1940,101927,101927_00001,2016-05-28 00:00:00,027Y,27.0,M,SIEMENS,non-PDAC,0,radiology,False,1,False,1,True,automatic,automatic_labels/101927_00001.nii.gz,04e6f3a2d388165da58111735aba15e6dc01978b,741867,True,True,False,True,False,PANORAMA_LOCAL,PRIMARY_MODEL_DEVELOPMENT,False,True,RADIOLOGY_NO_DOCUMENTED_FOLLOWUP,SIEMENS,AUXILIARY_AUTOMATIC_MASK_ONLY,False,False,False,internal_test,-1,Y0_M0_SSIEMENS,internal_test,False,False,False,True,False
1941,101928,101928_00001,2015-03-30 00:00:00,072Y,72.0,F,SIEMENS,non-PDAC,0,radiology,False,1,False,1,True,automatic,automatic_labels/101928_00001.nii.gz,13d29795d89e9e85003a7e83caff5c84446b20cc,672146,True,True,False,True,False,PANORAMA_LOCAL,PRIMARY_MODEL_DEVELOPMENT,False,True,RADIOLOGY_NO_DOCUMENTED_FOLLOWUP,SIEMENS,AUXILIARY_AUTOMATIC_MASK_ONLY,False,False,False,train,4,Y0_M0_SSIEMENS,train,True,False,False,False,False
1942,101929,101929_00001,2017-04-15 00:00:00,081Y,81.0,M,SIEMENS,non-PDAC,0,radiology,False,1,False,1,True,automatic,automatic_labels/101929_00001.nii.gz,625e4c5102ecb244fac25bd26e1c714484ca8955,655213,True,True,False,True,False,PANORAMA_LOCAL,PRIMARY_MODEL_DEVELOPMENT,False,True,RADIOLOGY_NO_DOCUMENTED_FOLLOWUP,SIEMENS,AUXILIARY_AUTOMATIC_MASK_ONLY,False,False,False,train,2,Y0_M0_SSIEMENS,train,True,False,False,False,False
1943,101930,101930_00001,2019-08-05 00:00:00,065Y,65.0,M,GE MEDICAL SYSTEMS,PDAC,1,pathology,False,1,False,1,True,automatic,automatic_labels/101930_00001.nii.gz,c7f04181afc7240484920cd6aabf662a676bca16,800692,True,True,False,True,False,PANORAMA_LOCAL,PRIMARY_MODEL_DEVELOPMENT,False,True,TISSUE_CONFIRMED,GE MEDICAL SYSTEMS,AUXILIARY_AUTOMATIC_MASK_ONLY,False,False,False,train,3,Y1_M0,train,True,False,False,False,False
1944,101931,101931_00001,,,,,,PDAC,1,MSD_dataset,True,1,False,1,True,manual,manual_labels/101931_00001.nii.gz,6d340b661d8d7704ab40f301ab35eb12d2616204,210462,True,True,True,False,True,MSD_EXTERNAL_MIXED,LOCKED_EXTERNAL_MIXED_TEST,True,False,MSD_DATASET_DERIVED,[MISSING],PRIMARY_MANUAL_PDAC_REFERENCE,True,True,False,,-1,,external_msd_test,False,False,False,True,True
1945,101932,101932_00001,2014-10-15 00:00:00,046Y,46.0,M,SIEMENS,non-PDAC,0,radiology,False,1,False,1,True,automatic,automatic_labels/101932_00001.nii.gz,2d0b65a061b03351580986d61b30a73d5382c8e9,242507,True,True,False,True,False,PANORAMA_LOCAL,PRIMARY_MODEL_DEVELOPMENT,False,True,RADIOLOGY_NO_DOCUMENTED_FOLLOWUP,SIEMENS,AUXILIARY_AUTOMATIC_MASK_ONLY,False,False,False,train,4,Y0_M0_SSIEMENS,train,True,False,False,False,False
1946,101933,101933_00001,2015-09-21 00:00:00,061Y,61.0,M,TOSHIBA,non-PDAC,0,radiology,False,1,False,1,True,automatic,automatic_labels/101933_00001.nii.gz,4ceb23de543d2132e849a1738a9f193ce57bba5d,358556,True,True,False,True,False,PANORAMA_LOCAL,PRIMARY_MODEL_DEVELOPMENT,False,True,RADIOLOGY_NO_DOCUMENTED_FOLLOWUP,TOSHIBA,AUXILIARY_AUTOMATIC_MASK_ONLY,False,False,False,train,2,Y0_M0_STOSHIBA,train,True,False,False,False,False
1947,101934,101934_00001,2018-09-13 00:00:00,018Y,18.0,M,SIEMENS,non-PDAC,0,radiology,False,1,False,1,True,automatic,automatic_labels/101934_00001.nii.gz,779ae36e1ca913719e1e4123fcc440d17f1493a8,239009,True,True,False,True,False,PANORAMA_LOCAL,PRIMARY_MODEL_DEVELOPMENT,False,True,RADIOLOGY_NO_DOCUMENTED_FOLLOWUP,SIEMENS,AUXILIARY_AUTOMATIC_MASK_ONLY,False,False,False,train,4,Y0_M0_SSIEMENS,train,True,False,False,False,False
1948,101935,101935_00001,2019-11-03 00:00:00,066Y,66.0,M,SIEMENS,non-PDAC,0,radiology,False,1,False,1,True,automatic,automatic_labels/101935_00001.nii.gz,aed2b20b4399c031339ce5da4c7756d97393f59f,552726,True,True,False,True,False,PANORAMA_LOCAL,PRIMARY_MODEL_DEVELOPMENT,False,True,RADIOLOGY_NO_DOCUMENTED_FOLLOWUP,SIEMENS,AUXILIARY_AUTOMATIC_MASK_ONLY,False,False,False,train,4,Y0_M0_SSIEMENS,train,True,False,False,False,False
1949,101936,101936_00001,2015-11-05 00:00:00,068Y,68.0,F,SIEMENS,non-PDAC,0,radiology,False,1,False,1,True,automatic,automatic_labels/101936_00001.nii.gz,c309fa0cb36d88ed82db0d334a65aa0edf0a0996,572231,True,True,False,True,False,PANORAMA_LOCAL,PRIMARY_MODEL_DEVELOPMENT,False,True,RADIOLOGY_NO_DOCUMENTED_FOLLOWUP,SIEMENS,AUXILIARY_AUTOMATIC_MASK_ONLY,False,False,False,train,4,Y0_M0_SSIEMENS,train,True,False,False,False,False
1950,101937,101937_00001,2016-01-29 00:00:00,035Y,35.0,F,TOSHIBA,non-PDAC,0,radiology,False,1,False,1,True,automatic,automatic_labels/101937_00001.nii.gz,600694e41a0c2b12a1425e7b96e5caa1fcaabc8b,344559,True,True,False,True,False,PANORAMA_LOCAL,PRIMARY_MODEL_DEVELOPMENT,False,True,RADIOLOGY_NO_DOCUMENTED_FOLLOWUP,TOSHIBA,AUXILIARY_AUTOMATIC_MASK_ONLY,False,False,False,train,3,Y0_M0_STOSHIBA,train,True,False,False,False,False
1951,101938,101938_00001,2016-12-11 00:00:00,065Y,65.0,M,TOSHIBA,non-PDAC,0,radiology,False,1,False,1,True,automatic,automatic_labels/101938_00001.nii.gz,9c081cc857aea21de47ba52181370f2462bac27a,433311,True,True,False,True,False,PANORAMA_LOCAL,PRIMARY_MODEL_DEVELOPMENT,False,True,RADIOLOGY_NO_DOCUMENTED_FOLLOWUP,TOSHIBA,AUXILIARY_AUTOMATIC_MASK_ONLY,False,False,False,train,1,Y0_M0_STOSHIBA,train,True,False,False,False,False
1952,101939,101939_00001,2014-07-29 00:00:00,052Y,52.0,M,SIEMENS,non-PDAC,0,radiology,False,1,False,1,True,automatic,automatic_labels/101939_00001.nii.gz,cd7bec71c4860516b82fc86a274a41590bab83b9,726544,True,True,False,True,False,PANORAMA_LOCAL,PRIMARY_MODEL_DEVELOPMENT,False,True,RADIOLOGY_NO_DOCUMENTED_FOLLOWUP,SIEMENS,AUXILIARY_AUTOMATIC_MASK_ONLY,False,False,False,train,2,Y0_M0_SSIEMENS,train,True,False,False,False,False
1953,101940,101940_00001,,,,,,PDAC,1,MSD_dataset,True,1,False,1,True,manual,manual_labels/101940_00001.nii.gz,755a1d68dbd19509b75003db26d0e40b01da9c5a,221311,True,True,True,False,True,MSD_EXTERNAL_MIXED,LOCKED_EXTERNAL_MIXED_TEST,True,False,MSD_DATASET_DERIVED,[MISSING],PRIMARY_MANUAL_PDAC_REFERENCE,True,True,False,,-1,,external_msd_test,False,False,False,True,True
1954,101941,101941_00001,2016-08-20 00:00:00,073Y,73.0,F,TOSHIBA,non-PDAC,0,radiology,False,1,False,1,True,automatic,automatic_labels/101941_00001.nii.gz,3589c81cd46e6805d78c9f48ca66351dd0b4cb99,224652,True,True,False,True,False,PANORAMA_LOCAL,PRIMARY_MODEL_DEVELOPMENT,False,True,RADIOLOGY_NO_DOCUMENTED_FOLLOWUP,TOSHIBA,AUXILIARY_AUTOMATIC_MASK_ONLY,False,False,False,train,1,Y0_M0_STOSHIBA,train,True,False,False,False,False
1955,101942,101942_00001,2016-04-09 00:00:00,077Y,77.0,M,TOSHIBA,non-PDAC,0,radiology,False,1,False,1,True,automatic,automatic_labels/101942_00001.nii.gz,5ab4fbf0096f07028af16ed662d0b7c6743004d4,399716,True,True,False,True,False,PANORAMA_LOCAL,PRIMARY_MODEL_DEVELOPMENT,False,True,RADIOLOGY_NO_DOCUMENTED_FOLLOWUP,TOSHIBA,AUXILIARY_AUTOMATIC_MASK_ONLY,False,False,False,train,0,Y0_M0_STOSHIBA,train,True,False,False,False,False
1956,101943,101943_00001,2014-02-01 00:00:00,045Y,45.0,F,TOSHIBA,non-PDAC,0,radiology,False,1,False,1,True,automatic,automatic_labels/101943_00001.nii.gz,2fa9cebd62fd57afed61685d62567bcf350d0387,404469,True,True,False,True,False,PANORAMA_LOCAL,PRIMARY_MODEL_DEVELOPMENT,False,True,RADIOLOGY_NO_DOCUMENTED_FOLLOWUP,TOSHIBA,AUXILIARY_AUTOMATIC_MASK_ONLY,False,False,False,train,4,Y0_M0_STOSHIBA,train,True,False,False,False,False
1957,101944,101944_00001,2016-11-04 00:00:00,021Y,21.0,F,SIEMENS,non-PDAC,0,radiology,False,1,False,1,True,automatic,automatic_labels/101944_00001.nii.gz,6b7ab5c48570814d57926c9e8ff4812c4030ded7,416577,True,True,False,True,False,PANORAMA_LOCAL,PRIMARY_MODEL_DEVELOPMENT,False,True,RADIOLOGY_NO_DOCUMENTED_FOLLOWUP,SIEMENS,AUXILIARY_AUTOMATIC_MASK_ONLY,False,False,False,train,1,Y0_M0_SSIEMENS,train,True,False,False,False,False
1958,101945,101945_00001,2015-12-13 00:00:00,,,,,non-PDAC,0,NIH_dataset,True,1,False,1,True,automatic,automatic_labels/101945_00001.nii.gz,e5385b3a5a70c5270de50a9634c313b4a2bee2a2,669504,True,True,False,True,False,NIH_NEGATIVE_STRESS,LOCKED_NEGATIVE_SPECIFICITY_STRESS_TEST,True,False,NIH_DATASET_DERIVED,[MISSING],AUXILIARY_AUTOMATIC_MASK_ONLY,False,False,True,,-1,,nih_negative_stress_test,False,False,False,True,False
1959,101946,101946_00001,2016-07-23 00:00:00,066Y,66.0,M,SIEMENS,non-PDAC,0,radiology,False,1,False,1,True,automatic,automatic_labels/101946_00001.nii.gz,8b3e771264cf044e9c90b68bf5def2fc8b62bd77,388752,True,True,False,True,False,PANORAMA_LOCAL,PRIMARY_MODEL_DEVELOPMENT,False,True,RADIOLOGY_NO_DOCUMENTED_FOLLOWUP,SIEMENS,AUXILIARY_AUTOMATIC_MASK_ONLY,False,False,False,train,4,Y0_M0_SSIEMENS,train,True,False,False,False,False
1960,101947,101947_00001,2016-10-03 00:00:00,063Y,63.0,F,SIEMENS,non-PDAC,0,radiology,False,1,False,1,True,automatic,automatic_labels/101947_00001.nii.gz,8475b7da2d067f69196a600127559d98a75ecf53,604656,True,True,False,True,False,PANORAMA_LOCAL,PRIMARY_MODEL_DEVELOPMENT,False,True,RADIOLOGY_NO_DOCUMENTED_FOLLOWUP,SIEMENS,AUXILIARY_AUTOMATIC_MASK_ONLY,False,False,False,validation,-1,Y0_M0_SSIEMENS,validation,False,True,True,False,False
1961,101948,101948_00001,2018-07-13 00:00:00,024Y,24.0,F,TOSHIBA,non-PDAC,0,radiology,False,1,False,1,True,automatic,automatic_labels/101948_00001.nii.gz,6aff8b6cf0e71a5c69602542f3535a76aa88710e,219048,True,True,False,True,False,PANORAMA_LOCAL,PRIMARY_MODEL_DEVELOPMENT,False,True,RADIOLOGY_NO_DOCUMENTED_FOLLOWUP,TOSHIBA,AUXILIARY_AUTOMATIC_MASK_ONLY,False,False,False,internal_test,-1,Y0_M0_STOSHIBA,internal_test,False,False,False,True,False
1962,101949,101949_00001,,,,,,non-PDAC,0,MSD_dataset,True,1,False,1,True,automatic,automatic_labels/101949_00001.nii.gz,88cee4360e914dde191d2b7897e02ae5242ea22e,222311,True,True,False,True,False,MSD_EXTERNAL_MIXED,LOCKED_EXTERNAL_MIXED_TEST,True,False,MSD_DATASET_DERIVED,[MISSING],AUXILIARY_AUTOMATIC_MASK_ONLY,True,False,False,,-1,,external_msd_test,False,False,False,True,False
1963,101950,101950_00001,2019-10-22 00:00:00,055Y,55.0,M,SIEMENS,non-PDAC,0,radiology,False,1,False,1,True,automatic,automatic_labels/101950_00001.nii.gz,0e65290c46668f7841bb206311a7333517f9ebdf,727114,True,True,False,True,False,PANORAMA_LOCAL,PRIMARY_MODEL_DEVELOPMENT,False,True,RADIOLOGY_NO_DOCUMENTED_FOLLOWUP,SIEMENS,AUXILIARY_AUTOMATIC_MASK_ONLY,False,False,False,train,1,Y0_M0_SSIEMENS,train,True,False,False,False,False
1964,101951,101951_00001,2016-11-05 00:00:00,069Y,69.0,M,TOSHIBA,non-PDAC,0,radiology,False,1,False,1,True,automatic,automatic_labels/101951_00001.nii.gz,ffb2b1584c7b54d31543262bd8a2d3bd74092fbf,527491,True,True,False,True,False,PANORAMA_LOCAL,PRIMARY_MODEL_DEVELOPMENT,False,True,RADIOLOGY_NO_DOCUMENTED_FOLLOWUP,TOSHIBA,AUXILIARY_AUTOMATIC_MASK_ONLY,False,False,False,train,1,Y0_M0_STOSHIBA,train,True,False,False,False,False
1965,101952,101952_00001,2018-08-29 00:00:00,077Y,77.0,F,SIEMENS,PDAC,1,cytology,False,1,False,1,True,manual,manual_labels/101952_00001.nii.gz,5eee3137762e3f76a09f29a6ea69aa4f605b34f1,155449,True,True,True,False,True,PANORAMA_LOCAL,PRIMARY_MODEL_DEVELOPMENT,False,True,CYTOLOGY_CONFIRMED,SIEMENS,PRIMARY_MANUAL_PDAC_REFERENCE,False,False,False,train,1,Y1_M1_SSIEMENS,train,True,False,False,False,False
1966,101953,101953_00001,2017-08-29 00:00:00,071Y,71.0,F,SIEMENS,non-PDAC,0,radiology,False,1,False,1,True,automatic,automatic_labels/101953_00001.nii.gz,cc491ce2b019e5f7cbc417042aad7dcfc2724e1f,589193,True,True,False,True,False,PANORAMA_LOCAL,PRIMARY_MODEL_DEVELOPMENT,False,True,RADIOLOGY_NO_DOCUMENTED_FOLLOWUP,SIEMENS,AUXILIARY_AUTOMATIC_MASK_ONLY,False,False,False,train,1,Y0_M0_SSIEMENS,train,True,False,False,False,False
1967,101954,101954_00001,2016-07-02 00:00:00,062Y,62.0,M,GE MEDICAL SYSTEMS,PDAC,1,pathology,False,1,False,1,True,manual,manual_labels/101954_00001.nii.gz,f4f23b23112141a5efb1d497b68030ec78159bac,248715,True,True,True,False,True,PANORAMA_LOCAL,PRIMARY_MODEL_DEVELOPMENT,False,True,TISSUE_CONFIRMED,GE MEDICAL SYSTEMS,PRIMARY_MANUAL_PDAC_REFERENCE,False,False,False,validation,-1,Y1_M1_SGE MEDICAL SYSTEMS,validation,False,True,True,False,False
1968,101955,101955_00001,,,,,,PDAC,1,MSD_dataset,True,1,False,1,True,manual,manual_labels/101955_00001.nii.gz,c3712f78025f466637ba02928d490c7718b9947f,69789,True,True,True,False,True,MSD_EXTERNAL_MIXED,LOCKED_EXTERNAL_MIXED_TEST,True,False,MSD_DATASET_DERIVED,[MISSING],PRIMARY_MANUAL_PDAC_REFERENCE,True,True,False,,-1,,external_msd_test,False,False,False,True,True
1969,101956,101956_00001,2014-05-09 00:00:00,059Y,59.0,M,Philips,PDAC,1,histopathology,False,1,False,1,True,automatic,automatic_labels/101956_00001.nii.gz,36d49f592cc323b50e5f00eea61564051486b859,129822,True,True,False,True,False,PANORAMA_LOCAL,PRIMARY_MODEL_DEVELOPMENT,False,True,TISSUE_CONFIRMED,Philips,AUXILIARY_AUTOMATIC_MASK_ONLY,False,False,False,internal_test,-1,Y1_M0_SPhilips,internal_test,False,False,False,True,False
1970,101957,101957_00001,2014-01-09 00:00:00,081Y,81.0,M,SIEMENS,non-PDAC,0,radiology,False,1,False,1,True,automatic,automatic_labels/101957_00001.nii.gz,f92412dc63ea9d3879414e17c08d8a246412036a,617512,True,True,False,True,False,PANORAMA_LOCAL,PRIMARY_MODEL_DEVELOPMENT,False,True,RADIOLOGY_NO_DOCUMENTED_FOLLOWUP,SIEMENS,AUXILIARY_AUTOMATIC_MASK_ONLY,False,False,False,train,4,Y0_M0_SSIEMENS,train,True,False,False,False,False
1971,101958,101958_00001,2014-03-16 00:00:00,068Y,68.0,M,TOSHIBA,non-PDAC,0,radiology,False,1,False,1,True,automatic,automatic_labels/101958_00001.nii.gz,ef405ad5524b5818027d16d8ee48364800ea4490,338768,True,True,False,True,False,PANORAMA_LOCAL,PRIMARY_MODEL_DEVELOPMENT,False,True,RADIOLOGY_NO_DOCUMENTED_FOLLOWUP,TOSHIBA,AUXILIARY_AUTOMATIC_MASK_ONLY,False,False,False,train,0,Y0_M0_STOSHIBA,train,True,False,False,False,False
1972,101959,101959_00001,2015-12-28 00:00:00,070Y,70.0,M,SIEMENS,non-PDAC,0,radiology,False,1,False,1,True,automatic,automatic_labels/101959_00001.nii.gz,1582afae76c62c9568cc71419e37ef13c60c4e55,650182,True,True,False,True,False,PANORAMA_LOCAL,PRIMARY_MODEL_DEVELOPMENT,False,True,RADIOLOGY_NO_DOCUMENTED_FOLLOWUP,SIEMENS,AUXILIARY_AUTOMATIC_MASK_ONLY,False,False,False,train,3,Y0_M0_SSIEMENS,train,True,False,False,False,False
1973,101960,101960_00001,2014-02-27 00:00:00,078Y,78.0,F,TOSHIBA,PDAC,1,pathology,False,1,False,1,True,manual,manual_labels/101960_00001.nii.gz,5c61ac55d165f900e39cb2ab7922d5da9e468085,979746,True,True,True,False,True,PANORAMA_LOCAL,PRIMARY_MODEL_DEVELOPMENT,False,True,TISSUE_CONFIRMED,TOSHIBA,PRIMARY_MANUAL_PDAC_REFERENCE,False,False,False,validation,-1,Y1_M1_STOSHIBA,validation,False,True,True,False,False
1974,101961,101961_00001,2017-09-14 00:00:00,025Y,25.0,M,SIEMENS,non-PDAC,0,radiology,False,1,False,1,True,automatic,automatic_labels/101961_00001.nii.gz,058831b3de1858ddc7edae4958534bb5b5398ef5,757653,True,True,False,True,False,PANORAMA_LOCAL,PRIMARY_MODEL_DEVELOPMENT,False,True,RADIOLOGY_NO_DOCUMENTED_FOLLOWUP,SIEMENS,AUXILIARY_AUTOMATIC_MASK_ONLY,False,False,False,train,0,Y0_M0_SSIEMENS,train,True,False,False,False,False
1975,101962,101962_00001,2019-07-12 00:00:00,051Y,51.0,M,SIEMENS,non-PDAC,0,radiology,False,1,False,1,True,automatic,automatic_labels/101962_00001.nii.gz,52a72bf9054ba56f012b3608538f6b53388fc5df,530381,True,True,False,True,False,PANORAMA_LOCAL,PRIMARY_MODEL_DEVELOPMENT,False,True,RADIOLOGY_NO_DOCUMENTED_FOLLOWUP,SIEMENS,AUXILIARY_AUTOMATIC_MASK_ONLY,False,False,False,train,1,Y0_M0_SSIEMENS,train,True,False,False,False,False
1976,101963,101963_00001,,,,,,non-PDAC,0,MSD_dataset,True,1,False,1,True,automatic,automatic_labels/101963_00001.nii.gz,7ade215497dd776232a8b3e31b612d74f3bf90a4,169667,True,True,False,True,False,MSD_EXTERNAL_MIXED,LOCKED_EXTERNAL_MIXED_TEST,True,False,MSD_DATASET_DERIVED,[MISSING],AUXILIARY_AUTOMATIC_MASK_ONLY,True,False,False,,-1,,external_msd_test,False,False,False,True,False
1977,101964,101964_00001,2020-02-16 00:00:00,067Y,67.0,M,Philips,PDAC,1,histopathology,False,1,False,1,True,automatic,automatic_labels/101964_00001.nii.gz,2590a0b239022379b5d957e5e8848dd4149039c5,944371,True,True,False,True,False,PANORAMA_LOCAL,PRIMARY_MODEL_DEVELOPMENT,False,True,TISSUE_CONFIRMED,Philips,AUXILIARY_AUTOMATIC_MASK_ONLY,False,False,False,internal_test,-1,Y1_M0_SPhilips,internal_test,False,False,False,True,False
1978,101965,101965_00001,2013-10-09 00:00:00,077Y,77.0,F,Philips,PDAC,1,pathology,False,1,False,1,True,manual,manual_labels/101965_00001.nii.gz,e563100aa3c3e322142f6b51141fff037c866ad4,335508,True,True,True,False,True,PANORAMA_LOCAL,PRIMARY_MODEL_DEVELOPMENT,False,True,TISSUE_CONFIRMED,Philips,PRIMARY_MANUAL_PDAC_REFERENCE,False,False,False,internal_test,-1,Y1_M1_SPhilips,internal_test,False,False,False,True,True
1979,101966,101966_00001,2017-08-24 00:00:00,070Y,70.0,F,TOSHIBA,non-PDAC,0,radiology,False,1,False,1,True,automatic,automatic_labels/101966_00001.nii.gz,7a018b1526bb49589c43df5b5cec66e9adfd2086,661556,True,True,False,True,False,PANORAMA_LOCAL,PRIMARY_MODEL_DEVELOPMENT,False,True,RADIOLOGY_NO_DOCUMENTED_FOLLOWUP,TOSHIBA,AUXILIARY_AUTOMATIC_MASK_ONLY,False,False,False,train,0,Y0_M0_STOSHIBA,train,True,False,False,False,False
1980,101967,101967_00001,2014-10-27 00:00:00,083Y,83.0,M,TOSHIBA,non-PDAC,0,radiology,False,1,False,1,True,automatic,automatic_labels/101967_00001.nii.gz,ad3469074f4f21e6b16d154bcb09166ea30ab8c9,348294,True,True,False,True,False,PANORAMA_LOCAL,PRIMARY_MODEL_DEVELOPMENT,False,True,RADIOLOGY_NO_DOCUMENTED_FOLLOWUP,TOSHIBA,AUXILIARY_AUTOMATIC_MASK_ONLY,False,False,False,train,4,Y0_M0_STOSHIBA,train,True,False,False,False,False
1981,101968,101968_00001,2016-04-27 00:00:00,049Y,49.0,M,SIEMENS,non-PDAC,0,radiology,False,1,False,1,True,automatic,automatic_labels/101968_00001.nii.gz,ecbefdfd59ab59799d2e2a99a30d03fa3fcfb52b,465595,True,True,False,True,False,PANORAMA_LOCAL,PRIMARY_MODEL_DEVELOPMENT,False,True,RADIOLOGY_NO_DOCUMENTED_FOLLOWUP,SIEMENS,AUXILIARY_AUTOMATIC_MASK_ONLY,False,False,False,train,0,Y0_M0_SSIEMENS,train,True,False,False,False,False
1982,101969,101969_00001,,,,,,PDAC,1,MSD_dataset,True,1,False,1,True,manual,manual_labels/101969_00001.nii.gz,65a43d0d46f04fae8a1d3648cf4eb916c6323fdf,46379,True,True,True,False,True,MSD_EXTERNAL_MIXED,LOCKED_EXTERNAL_MIXED_TEST,True,False,MSD_DATASET_DERIVED,[MISSING],PRIMARY_MANUAL_PDAC_REFERENCE,True,True,False,,-1,,external_msd_test,False,False,False,True,True
1983,101970,101970_00001,2015-06-20 00:00:00,074Y,74.0,F,SIEMENS,non-PDAC,0,radiology,False,2,True,1,True,automatic,automatic_labels/101970_00001.nii.gz,6348667a528cdde999b206c47124806f1cb42cb8,585553,True,True,False,True,False,PANORAMA_LOCAL,PRIMARY_MODEL_DEVELOPMENT,False,True,RADIOLOGY_NO_DOCUMENTED_FOLLOWUP,SIEMENS,AUXILIARY_AUTOMATIC_MASK_ONLY,False,False,False,train,0,Y0_M0_SSIEMENS,train,True,False,False,False,False
1984,101970,101970_00002,2015-03-13 00:00:00,074Y,74.0,F,SIEMENS,non-PDAC,0,radiology,False,2,True,1,True,automatic,automatic_labels/101970_00002.nii.gz,0f89969eedfaae0af9665274f832bdc10b35614b,575326,True,True,False,True,False,PANORAMA_LOCAL,PRIMARY_MODEL_DEVELOPMENT,False,True,RADIOLOGY_NO_DOCUMENTED_FOLLOWUP,SIEMENS,AUXILIARY_AUTOMATIC_MASK_ONLY,False,False,False,train,0,Y0_M0_SSIEMENS,train,True,False,False,False,False
1985,101971,101971_00001,2021-04-15 00:00:00,058Y,58.0,M,Philips,PDAC,1,histopathology,False,1,False,1,True,manual,manual_labels/101971_00001.nii.gz,d4f06ffee579dc2f9036417f635e8e6aa07c91af,267015,True,True,True,False,True,PANORAMA_LOCAL,PRIMARY_MODEL_DEVELOPMENT,False,True,TISSUE_CONFIRMED,Philips,PRIMARY_MANUAL_PDAC_REFERENCE,False,False,False,internal_test,-1,Y1_M1_SPhilips,internal_test,False,False,False,True,True
1986,101972,101972_00001,2019-11-05 00:00:00,085Y,85.0,F,GE MEDICAL SYSTEMS,PDAC,1,pathology,False,1,False,1,True,manual,manual_labels/101972_00001.nii.gz,aad5b4df33b19bafe30299f560f16119d42c57c1,2233438,True,True,True,False,True,PANORAMA_LOCAL,PRIMARY_MODEL_DEVELOPMENT,False,True,TISSUE_CONFIRMED,GE MEDICAL SYSTEMS,PRIMARY_MANUAL_PDAC_REFERENCE,False,False,False,train,3,Y1_M1_SGE MEDICAL SYSTEMS,train,True,False,False,False,False
1987,101973,101973_00001,2014-03-21 00:00:00,062Y,62.0,F,TOSHIBA,non-PDAC,0,radiology,False,1,False,1,True,automatic,automatic_labels/101973_00001.nii.gz,7852ece7675442495fd275e9867d99c5340b8667,221096,True,True,False,True,False,PANORAMA_LOCAL,PRIMARY_MODEL_DEVELOPMENT,False,True,RADIOLOGY_NO_DOCUMENTED_FOLLOWUP,TOSHIBA,AUXILIARY_AUTOMATIC_MASK_ONLY,False,False,False,train,0,Y0_M0_STOSHIBA,train,True,False,False,False,False
1988,101974,101974_00001,2014-10-30 00:00:00,067Y,67.0,M,TOSHIBA,non-PDAC,0,radiology,False,1,False,1,True,automatic,automatic_labels/101974_00001.nii.gz,90c2f884127fb13545686d9d73f65a6468e9a3ac,1800814,True,True,False,True,False,PANORAMA_LOCAL,PRIMARY_MODEL_DEVELOPMENT,False,True,RADIOLOGY_NO_DOCUMENTED_FOLLOWUP,TOSHIBA,AUXILIARY_AUTOMATIC_MASK_ONLY,False,False,False,train,0,Y0_M0_STOSHIBA,train,True,False,False,False,False
1989,101975,101975_00001,2018-06-16 00:00:00,036Y,36.0,F,SIEMENS,non-PDAC,0,radiology,False,1,False,1,True,automatic,automatic_labels/101975_00001.nii.gz,868d0437e4776d1701fb94496150f6035447c9b1,585623,True,True,False,True,False,PANORAMA_LOCAL,PRIMARY_MODEL_DEVELOPMENT,False,True,RADIOLOGY_NO_DOCUMENTED_FOLLOWUP,SIEMENS,AUXILIARY_AUTOMATIC_MASK_ONLY,False,False,False,train,3,Y0_M0_SSIEMENS,train,True,False,False,False,False
1990,101976,101976_00001,,,,,,PDAC,1,MSD_dataset,True,1,False,1,True,manual,manual_labels/101976_00001.nii.gz,cb80a9a10ac25052ed63c6435bdb235a96952b4a,211403,True,True,True,False,True,MSD_EXTERNAL_MIXED,LOCKED_EXTERNAL_MIXED_TEST,True,False,MSD_DATASET_DERIVED,[MISSING],PRIMARY_MANUAL_PDAC_REFERENCE,True,True,False,,-1,,external_msd_test,False,False,False,True,True
1991,101977,101977_00001,2015-12-29 00:00:00,074Y,74.0,M,SIEMENS,PDAC,1,pathology,False,1,False,1,True,manual,manual_labels/101977_00001.nii.gz,39f8bfa6bc5aa94ced2bd22beceb627a40a01b6b,189974,True,True,True,False,True,PANORAMA_LOCAL,PRIMARY_MODEL_DEVELOPMENT,False,True,TISSUE_CONFIRMED,SIEMENS,PRIMARY_MANUAL_PDAC_REFERENCE,False,False,False,train,4,Y1_M1_SSIEMENS,train,True,False,False,False,False
1992,101978,101978_00001,2015-07-21 00:00:00,065Y,65.0,M,SIEMENS,non-PDAC,0,radiology,False,1,False,1,True,automatic,automatic_labels/101978_00001.nii.gz,2642c611a68b45b585fd5147ca6efe56a6334188,346284,True,True,False,True,False,PANORAMA_LOCAL,PRIMARY_MODEL_DEVELOPMENT,False,True,RADIOLOGY_NO_DOCUMENTED_FOLLOWUP,SIEMENS,AUXILIARY_AUTOMATIC_MASK_ONLY,False,False,False,train,0,Y0_M0_SSIEMENS,train,True,False,False,False,False
1993,101979,101979_00001,2017-03-29 00:00:00,076Y,76.0,M,SIEMENS,non-PDAC,0,histopathology,False,1,False,1,True,automatic,automatic_labels/101979_00001.nii.gz,1cd71d170038c76cef9c2d88c22077dfe06241c3,488205,True,True,False,True,False,PANORAMA_LOCAL,PRIMARY_MODEL_DEVELOPMENT,False,True,TISSUE_CONFIRMED,SIEMENS,AUXILIARY_AUTOMATIC_MASK_ONLY,False,False,False,train,0,Y0_M0_SSIEMENS,train,True,False,False,False,False
1994,101980,101980_00001,2011-05-25 00:00:00,064Y,64.0,M,SIEMENS,PDAC,1,histopathology,False,1,False,1,True,automatic,automatic_labels/101980_00001.nii.gz,c4d940e83cc049d0b9382e88e3a1ab1ad7acce45,511796,True,True,False,True,False,PANORAMA_LOCAL,PRIMARY_MODEL_DEVELOPMENT,False,True,TISSUE_CONFIRMED,SIEMENS,AUXILIARY_AUTOMATIC_MASK_ONLY,False,False,False,train,2,Y1_M0_SSIEMENS,train,True,False,False,False,False
1995,101981,101981_00001,2015-12-12 00:00:00,077Y,77.0,M,SIEMENS,non-PDAC,0,radiology,False,1,False,1,True,automatic,automatic_labels/101981_00001.nii.gz,28ac9522f154170ad7aa2c45372161834d864c5d,648592,True,True,False,True,False,PANORAMA_LOCAL,PRIMARY_MODEL_DEVELOPMENT,False,True,RADIOLOGY_NO_DOCUMENTED_FOLLOWUP,SIEMENS,AUXILIARY_AUTOMATIC_MASK_ONLY,False,False,False,validation,-1,Y0_M0_SSIEMENS,validation,False,True,True,False,False
1996,101982,101982_00001,2009-07-18 00:00:00,066Y,66.0,M,SIEMENS,non-PDAC,0,radiology / 3yFU,False,1,False,1,True,automatic,automatic_labels/101982_00001.nii.gz,a4b45d3213e588abd8a60165f6020dde255ae377,331013,True,True,False,True,False,PANORAMA_LOCAL,PRIMARY_MODEL_DEVELOPMENT,False,True,RADIOLOGY_WITH_3Y_FOLLOWUP,SIEMENS,AUXILIARY_AUTOMATIC_MASK_ONLY,False,False,False,train,0,Y0_M0_SSIEMENS,train,True,False,False,False,False
1997,101983,101983_00001,2012-02-19 00:00:00,082Y,82.0,M,SIEMENS,PDAC,1,pathology,False,1,False,1,True,manual,manual_labels/101983_00001.nii.gz,434baf6d2c0ae3f2e1794c483b92d03ad30405c2,665469,True,True,True,False,True,PANORAMA_LOCAL,PRIMARY_MODEL_DEVELOPMENT,False,True,TISSUE_CONFIRMED,SIEMENS,PRIMARY_MANUAL_PDAC_REFERENCE,False,False,False,validation,-1,Y1_M1_SSIEMENS,validation,False,True,True,False,False
1998,101984,101984_00001,2017-02-12 00:00:00,067Y,67.0,F,TOSHIBA,non-PDAC,0,radiology,False,1,False,1,True,automatic,automatic_labels/101984_00001.nii.gz,fdeaee31827fb03424e2802aa862425d4504e02a,1635214,True,True,False,True,False,PANORAMA_LOCAL,PRIMARY_MODEL_DEVELOPMENT,False,True,RADIOLOGY_NO_DOCUMENTED_FOLLOWUP,TOSHIBA,AUXILIARY_AUTOMATIC_MASK_ONLY,False,False,False,train,1,Y0_M0_STOSHIBA,train,True,False,False,False,False
1999,101985,101985_00001,2019-03-09 00:00:00,061Y,61.0,M,Philips,non-PDAC,0,pathology,False,1,False,1,True,automatic,automatic_labels/101985_00001.nii.gz,61059c6a759b0df4a01b841d104d98fa9622a59c,2594606,True,True,False,True,False,PANORAMA_LOCAL,PRIMARY_MODEL_DEVELOPMENT,False,True,TISSUE_CONFIRMED,Philips,AUXILIARY_AUTOMATIC_MASK_ONLY,False,False,False,train,2,Y0_M0_SPhilips,train,True,False,False,False,False
2000,101986,101986_00001,2006-12-08 00:00:00,047Y,47.0,F,SIEMENS,non-PDAC,0,histopathology,False,1,False,1,True,automatic,automatic_labels/101986_00001.nii.gz,09b52685a08ed7d795de2dc0692972e2ea8e974f,330142,True,True,False,True,False,PANORAMA_LOCAL,PRIMARY_MODEL_DEVELOPMENT,False,True,TISSUE_CONFIRMED,SIEMENS,AUXILIARY_AUTOMATIC_MASK_ONLY,False,False,False,train,0,Y0_M0_SSIEMENS,train,True,False,False,False,False
2001,101987,101987_00001,2015-06-20 00:00:00,082Y,82.0,F,SIEMENS,PDAC,1,pathology,False,1,False,1,True,manual,manual_labels/101987_00001.nii.gz,800b7dd304028e09261115789f8419f2c20521d8,448137,True,True,True,False,True,PANORAMA_LOCAL,PRIMARY_MODEL_DEVELOPMENT,False,True,TISSUE_CONFIRMED,SIEMENS,PRIMARY_MANUAL_PDAC_REFERENCE,False,False,False,train,0,Y1_M1_SSIEMENS,train,True,False,False,False,False
2002,101988,101988_00001,2019-06-07 00:00:00,067Y,67.0,F,SIEMENS,PDAC,1,radiology,False,1,False,1,True,automatic,automatic_labels/101988_00001.nii.gz,dd7fbf27395dee9dcb5a1140f3b7de3c2e686fa7,308153,True,True,False,True,False,PANORAMA_LOCAL,PRIMARY_MODEL_DEVELOPMENT,False,True,RADIOLOGY_NO_DOCUMENTED_FOLLOWUP,SIEMENS,AUXILIARY_AUTOMATIC_MASK_ONLY,False,False,False,train,3,Y1_M0_SSIEMENS,train,True,False,False,False,False
2003,101989,101989_00001,2018-03-03 00:00:00,053Y,53.0,M,SIEMENS,non-PDAC,0,pathology,False,1,False,1,True,automatic,automatic_labels/101989_00001.nii.gz,4ff72bc04f08b2f12f8e2000ebfd2ce7b52d5ab9,728579,True,True,False,True,False,PANORAMA_LOCAL,PRIMARY_MODEL_DEVELOPMENT,False,True,TISSUE_CONFIRMED,SIEMENS,AUXILIARY_AUTOMATIC_MASK_ONLY,False,False,False,internal_test,-1,Y0_M0_SSIEMENS,internal_test,False,False,False,True,False
2004,101990,101990_00001,2016-06-14 00:00:00,071Y,71.0,F,TOSHIBA,non-PDAC,0,radiology,False,1,False,1,True,automatic,automatic_labels/101990_00001.nii.gz,ec02cf79f76e17eda326b74ddb1f0180e5b7e0e7,348190,True,True,False,True,False,PANORAMA_LOCAL,PRIMARY_MODEL_DEVELOPMENT,False,True,RADIOLOGY_NO_DOCUMENTED_FOLLOWUP,TOSHIBA,AUXILIARY_AUTOMATIC_MASK_ONLY,False,False,False,validation,-1,Y0_M0_STOSHIBA,validation,False,True,True,False,False
2005,101991,101991_00001,2015-08-27 00:00:00,065Y,65.0,F,TOSHIBA,non-PDAC,0,radiology,False,1,False,1,True,automatic,automatic_labels/101991_00001.nii.gz,ce82e4314cefc3b47f63560c5c51466b7aeddf29,344677,True,True,False,True,False,PANORAMA_LOCAL,PRIMARY_MODEL_DEVELOPMENT,False,True,RADIOLOGY_NO_DOCUMENTED_FOLLOWUP,TOSHIBA,AUXILIARY_AUTOMATIC_MASK_ONLY,False,False,False,validation,-1,Y0_M0_STOSHIBA,validation,False,True,True,False,False
2006,101992,101992_00001,2015-01-09 00:00:00,046Y,46.0,F,SIEMENS,non-PDAC,0,radiology,False,1,False,1,True,automatic,automatic_labels/101992_00001.nii.gz,d163a65ede09bc65595f873779428c9e8170fd13,915297,True,True,False,True,False,PANORAMA_LOCAL,PRIMARY_MODEL_DEVELOPMENT,False,True,RADIOLOGY_NO_DOCUMENTED_FOLLOWUP,SIEMENS,AUXILIARY_AUTOMATIC_MASK_ONLY,False,False,False,train,3,Y0_M0_SSIEMENS,train,True,False,False,False,False
2007,101993,101993_00001,2016-12-01 00:00:00,080Y,80.0,F,SIEMENS,non-PDAC,0,radiology,False,1,False,1,True,automatic,automatic_labels/101993_00001.nii.gz,ca66e51b9f135f10e601b309746b98f086b4fdab,628338,True,True,False,True,False,PANORAMA_LOCAL,PRIMARY_MODEL_DEVELOPMENT,False,True,RADIOLOGY_NO_DOCUMENTED_FOLLOWUP,SIEMENS,AUXILIARY_AUTOMATIC_MASK_ONLY,False,False,False,train,3,Y0_M0_SSIEMENS,train,True,False,False,False,False
2008,101994,101994_00001,2013-05-14 00:00:00,070Y,70.0,M,SIEMENS,PDAC,1,pathology,False,1,False,1,True,manual,manual_labels/101994_00001.nii.gz,b7a86efa21427c78dd9aee49bafe99759ee4d4ef,183320,True,True,True,False,True,PANORAMA_LOCAL,PRIMARY_MODEL_DEVELOPMENT,False,True,TISSUE_CONFIRMED,SIEMENS,PRIMARY_MANUAL_PDAC_REFERENCE,False,False,False,validation,-1,Y1_M1_SSIEMENS,validation,False,True,True,False,False
2009,101995,101995_00001,2021-09-12 00:00:00,071Y,71.0,F,TOSHIBA,PDAC,1,pathology,False,1,False,1,True,manual,manual_labels/101995_00001.nii.gz,39b02e9991b69f3ea01bc2c0c740cabac373297e,347316,True,True,True,False,True,PANORAMA_LOCAL,PRIMARY_MODEL_DEVELOPMENT,False,True,TISSUE_CONFIRMED,TOSHIBA,PRIMARY_MANUAL_PDAC_REFERENCE,False,False,False,train,3,Y1_M1_STOSHIBA,train,True,False,False,False,False
2010,101996,101996_00001,2014-11-14 00:00:00,055Y,55.0,F,SIEMENS,non-PDAC,0,radiology,False,1,False,1,True,automatic,automatic_labels/101996_00001.nii.gz,9638ebeb140b6425b3b41d154a4fd42fa3796577,1424363,True,True,False,True,False,PANORAMA_LOCAL,PRIMARY_MODEL_DEVELOPMENT,False,True,RADIOLOGY_NO_DOCUMENTED_FOLLOWUP,SIEMENS,AUXILIARY_AUTOMATIC_MASK_ONLY,False,False,False,train,4,Y0_M0_SSIEMENS,train,True,False,False,False,False
2011,101997,101997_00001,2015-11-27 00:00:00,062Y,62.0,M,SIEMENS,non-PDAC,0,radiology,False,1,False,1,True,automatic,automatic_labels/101997_00001.nii.gz,d24ee2c4093967c4f766e1e00c630071386ba581,446776,True,True,False,True,False,PANORAMA_LOCAL,PRIMARY_MODEL_DEVELOPMENT,False,True,RADIOLOGY_NO_DOCUMENTED_FOLLOWUP,SIEMENS,AUXILIARY_AUTOMATIC_MASK_ONLY,False,False,False,validation,-1,Y0_M0_SSIEMENS,validation,False,True,True,False,False
2012,101998,101998_00001,2010-04-11 00:00:00,063Y,63.0,F,Philips,PDAC,1,cytology,False,1,False,1,True,manual,manual_labels/101998_00001.nii.gz,06303debebb9c60b081a8714afe50ab59f1e6841,78720,True,True,True,False,True,PANORAMA_LOCAL,PRIMARY_MODEL_DEVELOPMENT,False,True,CYTOLOGY_CONFIRMED,Philips,PRIMARY_MANUAL_PDAC_REFERENCE,False,False,False,train,3,Y1_M1_SPhilips,train,True,False,False,False,False
2013,101999,101999_00001,2016-04-24 00:00:00,080Y,80.0,M,Philips,non-PDAC,0,pathology,False,1,False,1,True,automatic,automatic_labels/101999_00001.nii.gz,9b02ba18afb50b6b89fad9c6b72853b1be6890e3,469024,True,True,False,True,False,PANORAMA_LOCAL,PRIMARY_MODEL_DEVELOPMENT,False,True,TISSUE_CONFIRMED,Philips,AUXILIARY_AUTOMATIC_MASK_ONLY,False,False,False,train,1,Y0_M0_SPhilips,train,True,False,False,False,False
2014,102000,102000_00001,2016-11-22 00:00:00,069Y,69.0,F,TOSHIBA,non-PDAC,0,radiology,False,1,False,1,True,automatic,automatic_labels/102000_00001.nii.gz,a9704569dae0eb336a09b370eee19eb1d15be38d,217246,True,True,False,True,False,PANORAMA_LOCAL,PRIMARY_MODEL_DEVELOPMENT,False,True,RADIOLOGY_NO_DOCUMENTED_FOLLOWUP,TOSHIBA,AUXILIARY_AUTOMATIC_MASK_ONLY,False,False,False,train,2,Y0_M0_STOSHIBA,train,True,False,False,False,False
2015,102001,102001_00001,2018-02-22 00:00:00,081Y,81.0,M,SIEMENS,non-PDAC,0,radiology,False,1,False,1,True,automatic,automatic_labels/102001_00001.nii.gz,54246819b85844d468c274ef15a1f436fcb196d7,382874,True,True,False,True,False,PANORAMA_LOCAL,PRIMARY_MODEL_DEVELOPMENT,False,True,RADIOLOGY_NO_DOCUMENTED_FOLLOWUP,SIEMENS,AUXILIARY_AUTOMATIC_MASK_ONLY,False,False,False,train,2,Y0_M0_SSIEMENS,train,True,False,False,False,False
2016,102002,102002_00001,2020-11-18 00:00:00,070Y,70.0,F,Philips,PDAC,1,histopathology,False,1,False,1,True,manual,manual_labels/102002_00001.nii.gz,11faa168761599fc97e34180db8068124718385f,129255,True,True,True,False,True,PANORAMA_LOCAL,PRIMARY_MODEL_DEVELOPMENT,False,True,TISSUE_CONFIRMED,Philips,PRIMARY_MANUAL_PDAC_REFERENCE,False,False,False,validation,-1,Y1_M1_SPhilips,validation,False,True,True,False,False
2017,102003,102003_00001,2019-10-19 00:00:00,057Y,57.0,F,GE MEDICAL SYSTEMS,PDAC,1,pathology,False,1,False,1,True,manual,manual_labels/102003_00001.nii.gz,0e1e1002df85db19f5997000942a8052449cb742,691629,True,True,True,False,True,PANORAMA_LOCAL,PRIMARY_MODEL_DEVELOPMENT,False,True,TISSUE_CONFIRMED,GE MEDICAL SYSTEMS,PRIMARY_MANUAL_PDAC_REFERENCE,False,False,False,train,1,Y1_M1_SGE MEDICAL SYSTEMS,train,True,False,False,False,False
2018,102004,102004_00001,2019-08-29 00:00:00,072Y,72.0,M,TOSHIBA,PDAC,1,histopathology,False,1,False,1,True,manual,manual_labels/102004_00001.nii.gz,294c021107556d777d748ca2f5c6eb56c35194e5,1763169,True,True,True,False,True,PANORAMA_LOCAL,PRIMARY_MODEL_DEVELOPMENT,False,True,TISSUE_CONFIRMED,TOSHIBA,PRIMARY_MANUAL_PDAC_REFERENCE,False,False,False,train,4,Y1_M1_STOSHIBA,train,True,False,False,False,False
2019,102005,102005_00001,2014-11-23 00:00:00,055Y,55.0,M,SIEMENS,PDAC,1,cytology,False,1,False,1,True,manual,manual_labels/102005_00001.nii.gz,9066a05bc598ac8dc9e9919ac656e3df8c54773b,85887,True,True,True,False,True,PANORAMA_LOCAL,PRIMARY_MODEL_DEVELOPMENT,False,True,CYTOLOGY_CONFIRMED,SIEMENS,PRIMARY_MANUAL_PDAC_REFERENCE,False,False,False,internal_test,-1,Y1_M1_SSIEMENS,internal_test,False,False,False,True,True
2020,102006,102006_00001,2021-09-26 00:00:00,060Y,60.0,F,Philips,PDAC,1,histopathology,False,1,False,1,True,manual,manual_labels/102006_00001.nii.gz,0e46c5e99979fecfe80f3e4f1fe6d5e65356831a,256810,True,True,True,False,True,PANORAMA_LOCAL,PRIMARY_MODEL_DEVELOPMENT,False,True,TISSUE_CONFIRMED,Philips,PRIMARY_MANUAL_PDAC_REFERENCE,False,False,False,validation,-1,Y1_M1_SPhilips,validation,False,True,True,False,False
2021,102007,102007_00001,2016-07-30 00:00:00,044Y,44.0,F,TOSHIBA,non-PDAC,0,radiology,False,1,False,1,True,automatic,automatic_labels/102007_00001.nii.gz,414925cf8211624f0644b8bab07ebad4b08fc6fc,230724,True,True,False,True,False,PANORAMA_LOCAL,PRIMARY_MODEL_DEVELOPMENT,False,True,RADIOLOGY_NO_DOCUMENTED_FOLLOWUP,TOSHIBA,AUXILIARY_AUTOMATIC_MASK_ONLY,False,False,False,train,3,Y0_M0_STOSHIBA,train,True,False,False,False,False
2022,102008,102008_00001,2018-09-18 00:00:00,085Y,85.0,M,TOSHIBA,non-PDAC,0,radiology,False,1,False,1,True,automatic,automatic_labels/102008_00001.nii.gz,011cb8181ad6cba31371019a88ca7cdd9e685d3c,237376,True,True,False,True,False,PANORAMA_LOCAL,PRIMARY_MODEL_DEVELOPMENT,False,True,RADIOLOGY_NO_DOCUMENTED_FOLLOWUP,TOSHIBA,AUXILIARY_AUTOMATIC_MASK_ONLY,False,False,False,train,1,Y0_M0_STOSHIBA,train,True,False,False,False,False
2023,102009,102009_00001,2021-06-15 00:00:00,055Y,55.0,F,Philips,PDAC,1,histopathology,False,1,False,1,True,automatic,automatic_labels/102009_00001.nii.gz,ec95caaf972d7dda8476f978d0bcd3e739c23794,2156721,True,True,False,True,False,PANORAMA_LOCAL,PRIMARY_MODEL_DEVELOPMENT,False,True,TISSUE_CONFIRMED,Philips,AUXILIARY_AUTOMATIC_MASK_ONLY,False,False,False,train,0,Y1_M0_SPhilips,train,True,False,False,False,False
2024,102010,102010_00001,2016-09-09 00:00:00,042Y,42.0,M,SIEMENS,non-PDAC,0,radiology,False,1,False,1,True,automatic,automatic_labels/102010_00001.nii.gz,b929314b9929cee1c84fd3127a2877ca74a8e905,673141,True,True,False,True,False,PANORAMA_LOCAL,PRIMARY_MODEL_DEVELOPMENT,False,True,RADIOLOGY_NO_DOCUMENTED_FOLLOWUP,SIEMENS,AUXILIARY_AUTOMATIC_MASK_ONLY,False,False,False,train,1,Y0_M0_SSIEMENS,train,True,False,False,False,False
2025,102011,102011_00001,2015-01-03 00:00:00,028Y,28.0,M,SIEMENS,non-PDAC,0,radiology,False,1,False,1,True,automatic,automatic_labels/102011_00001.nii.gz,f5e318f99129598862ed69ed1552b5a0ee7f2d55,1923981,True,True,False,True,False,PANORAMA_LOCAL,PRIMARY_MODEL_DEVELOPMENT,False,True,RADIOLOGY_NO_DOCUMENTED_FOLLOWUP,SIEMENS,AUXILIARY_AUTOMATIC_MASK_ONLY,False,False,False,internal_test,-1,Y0_M0_SSIEMENS,internal_test,False,False,False,True,False
2026,102012,102012_00001,2015-01-25 00:00:00,051Y,51.0,F,SIEMENS,non-PDAC,0,radiology,False,1,False,1,True,automatic,automatic_labels/102012_00001.nii.gz,cdc3665c0c48975386b85a08d98fae3f72c584b5,690896,True,True,False,True,False,PANORAMA_LOCAL,PRIMARY_MODEL_DEVELOPMENT,False,True,RADIOLOGY_NO_DOCUMENTED_FOLLOWUP,SIEMENS,AUXILIARY_AUTOMATIC_MASK_ONLY,False,False,False,validation,-1,Y0_M0_SSIEMENS,validation,False,True,True,False,False
2027,102013,102013_00001,,,,,,PDAC,1,MSD_dataset,True,1,False,1,True,manual,manual_labels/102013_00001.nii.gz,d48ac894fb748d5d5b58f4109eceffd0378fb069,215906,True,True,True,False,True,MSD_EXTERNAL_MIXED,LOCKED_EXTERNAL_MIXED_TEST,True,False,MSD_DATASET_DERIVED,[MISSING],PRIMARY_MANUAL_PDAC_REFERENCE,True,True,False,,-1,,external_msd_test,False,False,False,True,True
2028,102014,102014_00001,2015-01-03 00:00:00,067Y,67.0,F,SIEMENS,non-PDAC,0,radiology,False,1,False,1,True,automatic,automatic_labels/102014_00001.nii.gz,3ad926869f0bdfbee67dd16d05175346f90f4026,293693,True,True,False,True,False,PANORAMA_LOCAL,PRIMARY_MODEL_DEVELOPMENT,False,True,RADIOLOGY_NO_DOCUMENTED_FOLLOWUP,SIEMENS,AUXILIARY_AUTOMATIC_MASK_ONLY,False,False,False,train,0,Y0_M0_SSIEMENS,train,True,False,False,False,False
2029,102015,102015_00001,2014-05-10 00:00:00,055Y,55.0,F,TOSHIBA,non-PDAC,0,radiology,False,1,False,1,True,automatic,automatic_labels/102015_00001.nii.gz,f34c350f468cc30c69e2cd6de2d7a1a7b1cd4a73,687105,True,True,False,True,False,PANORAMA_LOCAL,PRIMARY_MODEL_DEVELOPMENT,False,True,RADIOLOGY_NO_DOCUMENTED_FOLLOWUP,TOSHIBA,AUXILIARY_AUTOMATIC_MASK_ONLY,False,False,False,internal_test,-1,Y0_M0_STOSHIBA,internal_test,False,False,False,True,False
2030,102016,102016_00001,2014-05-11 00:00:00,056Y,56.0,M,TOSHIBA,non-PDAC,0,radiology,False,1,False,1,True,automatic,automatic_labels/102016_00001.nii.gz,17aafd5f975209e98689dd9955e8d2ecb5fa9f5f,347936,True,True,False,True,False,PANORAMA_LOCAL,PRIMARY_MODEL_DEVELOPMENT,False,True,RADIOLOGY_NO_DOCUMENTED_FOLLOWUP,TOSHIBA,AUXILIARY_AUTOMATIC_MASK_ONLY,False,False,False,train,0,Y0_M0_STOSHIBA,train,True,False,False,False,False
2031,102017,102017_00001,2015-11-22 00:00:00,,,,,non-PDAC,0,NIH_dataset,True,1,False,1,True,automatic,automatic_labels/102017_00001.nii.gz,88e58dcb2cc062658dcf89163ab83d36a4f6fc5c,471259,True,True,False,True,False,NIH_NEGATIVE_STRESS,LOCKED_NEGATIVE_SPECIFICITY_STRESS_TEST,True,False,NIH_DATASET_DERIVED,[MISSING],AUXILIARY_AUTOMATIC_MASK_ONLY,False,False,True,,-1,,nih_negative_stress_test,False,False,False,True,False
2032,102018,102018_00001,2016-06-16 00:00:00,061Y,61.0,F,SIEMENS,non-PDAC,0,radiology,False,1,False,1,True,automatic,automatic_labels/102018_00001.nii.gz,3c978dd4260c5d8bb23b1f9836eecc5486af2c8f,648584,True,True,False,True,False,PANORAMA_LOCAL,PRIMARY_MODEL_DEVELOPMENT,False,True,RADIOLOGY_NO_DOCUMENTED_FOLLOWUP,SIEMENS,AUXILIARY_AUTOMATIC_MASK_ONLY,False,False,False,train,0,Y0_M0_SSIEMENS,train,True,False,False,False,False
2033,102019,102019_00001,,,,,,non-PDAC,0,MSD_dataset,True,1,False,1,True,automatic,automatic_labels/102019_00001.nii.gz,8e992b9e55b423128ec8c3abfb1af618fb2b1e9a,134981,True,True,False,True,False,MSD_EXTERNAL_MIXED,LOCKED_EXTERNAL_MIXED_TEST,True,False,MSD_DATASET_DERIVED,[MISSING],AUXILIARY_AUTOMATIC_MASK_ONLY,True,False,False,,-1,,external_msd_test,False,False,False,True,False
2034,102020,102020_00001,2015-10-02 00:00:00,064Y,64.0,M,SIEMENS,PDAC,1,cytology,False,1,False,1,True,automatic,automatic_labels/102020_00001.nii.gz,0d4ef76ab25ddd8afd9444963f15ba5b1c22efa5,179772,True,True,False,True,False,PANORAMA_LOCAL,PRIMARY_MODEL_DEVELOPMENT,False,True,CYTOLOGY_CONFIRMED,SIEMENS,AUXILIARY_AUTOMATIC_MASK_ONLY,False,False,False,train,1,Y1_M0_SSIEMENS,train,True,False,False,False,False
2035,102021,102021_00001,2017-07-20 00:00:00,030Y,30.0,M,SIEMENS,non-PDAC,0,radiology,False,1,False,1,True,automatic,automatic_labels/102021_00001.nii.gz,a7344ac2a59d8a22ac98986ffc4ce0672aad7b04,588937,True,True,False,True,False,PANORAMA_LOCAL,PRIMARY_MODEL_DEVELOPMENT,False,True,RADIOLOGY_NO_DOCUMENTED_FOLLOWUP,SIEMENS,AUXILIARY_AUTOMATIC_MASK_ONLY,False,False,False,train,3,Y0_M0_SSIEMENS,train,True,False,False,False,False
2036,102022,102022_00001,2014-03-08 00:00:00,034Y,34.0,F,SIEMENS,non-PDAC,0,radiology,False,1,False,1,True,automatic,automatic_labels/102022_00001.nii.gz,edbe4b0ca0ca88321e63e82980aa37b2d3332d26,656913,True,True,False,True,False,PANORAMA_LOCAL,PRIMARY_MODEL_DEVELOPMENT,False,True,RADIOLOGY_NO_DOCUMENTED_FOLLOWUP,SIEMENS,AUXILIARY_AUTOMATIC_MASK_ONLY,False,False,False,train,1,Y0_M0_SSIEMENS,train,True,False,False,False,False
2037,102023,102023_00001,2010-10-20 00:00:00,051Y,51.0,M,SIEMENS,PDAC,1,pathology,False,1,False,1,True,manual,manual_labels/102023_00001.nii.gz,7201e3aa06f63b27a4f2ae7d26eddacf49e10144,120794,True,True,True,False,True,PANORAMA_LOCAL,PRIMARY_MODEL_DEVELOPMENT,False,True,TISSUE_CONFIRMED,SIEMENS,PRIMARY_MANUAL_PDAC_REFERENCE,False,False,False,train,2,Y1_M1_SSIEMENS,train,True,False,False,False,False
2038,102024,102024_00001,,,,,,PDAC,1,MSD_dataset,True,1,False,1,True,manual,manual_labels/102024_00001.nii.gz,e494a00f3d95c43fa518798b6018c993a6954cc5,63991,True,True,True,False,True,MSD_EXTERNAL_MIXED,LOCKED_EXTERNAL_MIXED_TEST,True,False,MSD_DATASET_DERIVED,[MISSING],PRIMARY_MANUAL_PDAC_REFERENCE,True,True,False,,-1,,external_msd_test,False,False,False,True,True
2039,102025,102025_00001,2018-12-28 00:00:00,066Y,66.0,M,SIEMENS,non-PDAC,0,radiology,False,1,False,1,True,automatic,automatic_labels/102025_00001.nii.gz,2f9fd20297af764bfa7bedca06369df6c69bf57a,678386,True,True,False,True,False,PANORAMA_LOCAL,PRIMARY_MODEL_DEVELOPMENT,False,True,RADIOLOGY_NO_DOCUMENTED_FOLLOWUP,SIEMENS,AUXILIARY_AUTOMATIC_MASK_ONLY,False,False,False,train,0,Y0_M0_SSIEMENS,train,True,False,False,False,False
2040,102026,102026_00001,,,,,,PDAC,1,MSD_dataset,True,1,False,1,True,manual,manual_labels/102026_00001.nii.gz,36f009bbdf9f5e0d51583f202aa1d797d4a739fa,69733,True,True,True,False,True,MSD_EXTERNAL_MIXED,LOCKED_EXTERNAL_MIXED_TEST,True,False,MSD_DATASET_DERIVED,[MISSING],PRIMARY_MANUAL_PDAC_REFERENCE,True,True,False,,-1,,external_msd_test,False,False,False,True,True
2041,102027,102027_00001,2014-07-29 00:00:00,063Y,63.0,M,TOSHIBA,non-PDAC,0,radiology,False,1,False,1,True,automatic,automatic_labels/102027_00001.nii.gz,3b93f9245c814d810975660579ed710db51e96d0,350541,True,True,False,True,False,PANORAMA_LOCAL,PRIMARY_MODEL_DEVELOPMENT,False,True,RADIOLOGY_NO_DOCUMENTED_FOLLOWUP,TOSHIBA,AUXILIARY_AUTOMATIC_MASK_ONLY,False,False,False,train,1,Y0_M0_STOSHIBA,train,True,False,False,False,False
2042,102028,102028_00001,2018-10-16 00:00:00,080Y,80.0,F,SIEMENS,non-PDAC,0,radiology,False,1,False,1,True,automatic,automatic_labels/102028_00001.nii.gz,432e471c8b0cb5ba3b3f2d64831fe5e358736d02,583596,True,True,False,True,False,PANORAMA_LOCAL,PRIMARY_MODEL_DEVELOPMENT,False,True,RADIOLOGY_NO_DOCUMENTED_FOLLOWUP,SIEMENS,AUXILIARY_AUTOMATIC_MASK_ONLY,False,False,False,train,3,Y0_M0_SSIEMENS,train,True,False,False,False,False
2043,102029,102029_00001,2021-03-24 00:00:00,078Y,78.0,M,Philips,PDAC,1,histopathology,False,1,False,1,True,manual,manual_labels/102029_00001.nii.gz,c687170363d72da979ba05ed1811edc832dcb497,1596787,True,True,True,False,True,PANORAMA_LOCAL,PRIMARY_MODEL_DEVELOPMENT,False,True,TISSUE_CONFIRMED,Philips,PRIMARY_MANUAL_PDAC_REFERENCE,False,False,False,train,3,Y1_M1_SPhilips,train,True,False,False,False,False
2044,102030,102030_00001,2018-02-06 00:00:00,064Y,64.0,M,SIEMENS,non-PDAC,0,radiology,False,1,False,1,True,automatic,automatic_labels/102030_00001.nii.gz,28a4898712dc8cbe3743a69e2a4b6f2c85ddabf8,581029,True,True,False,True,False,PANORAMA_LOCAL,PRIMARY_MODEL_DEVELOPMENT,False,True,RADIOLOGY_NO_DOCUMENTED_FOLLOWUP,SIEMENS,AUXILIARY_AUTOMATIC_MASK_ONLY,False,False,False,internal_test,-1,Y0_M0_SSIEMENS,internal_test,False,False,False,True,False
2045,102031,102031_00001,2016-03-06 00:00:00,056Y,56.0,F,SIEMENS,non-PDAC,0,cytology,False,1,False,1,True,automatic,automatic_labels/102031_00001.nii.gz,0c8b46f5541c562896b08e6d80f634d01697ade2,263816,True,True,False,True,False,PANORAMA_LOCAL,PRIMARY_MODEL_DEVELOPMENT,False,True,CYTOLOGY_CONFIRMED,SIEMENS,AUXILIARY_AUTOMATIC_MASK_ONLY,False,False,False,train,1,Y0_M0_SSIEMENS,train,True,False,False,False,False
2046,102032,102032_00001,2016-03-09 00:00:00,078Y,78.0,M,SIEMENS,non-PDAC,0,radiology,False,1,False,1,True,automatic,automatic_labels/102032_00001.nii.gz,6f84537c314e010536fa745d56fb7666a11eda87,677198,True,True,False,True,False,PANORAMA_LOCAL,PRIMARY_MODEL_DEVELOPMENT,False,True,RADIOLOGY_NO_DOCUMENTED_FOLLOWUP,SIEMENS,AUXILIARY_AUTOMATIC_MASK_ONLY,False,False,False,train,4,Y0_M0_SSIEMENS,train,True,False,False,False,False
2047,102033,102033_00001,2017-12-27 00:00:00,065Y,65.0,M,SIEMENS,PDAC,1,histopathology,False,1,False,1,True,manual,manual_labels/102033_00001.nii.gz,8cd510e12e8322cd8ad5837c3ef4137e199d708d,59598,True,True,True,False,True,PANORAMA_LOCAL,PRIMARY_MODEL_DEVELOPMENT,False,True,TISSUE_CONFIRMED,SIEMENS,PRIMARY_MANUAL_PDAC_REFERENCE,False,False,False,train,0,Y1_M1_SSIEMENS,train,True,False,False,False,False
2048,102034,102034_00001,2015-02-03 00:00:00,058Y,58.0,F,SIEMENS,non-PDAC,0,radiology,False,1,False,1,True,automatic,automatic_labels/102034_00001.nii.gz,7cbc7d302586e829374c845ac5ce476b48f473a0,361320,True,True,False,True,False,PANORAMA_LOCAL,PRIMARY_MODEL_DEVELOPMENT,False,True,RADIOLOGY_NO_DOCUMENTED_FOLLOWUP,SIEMENS,AUXILIARY_AUTOMATIC_MASK_ONLY,False,False,False,internal_test,-1,Y0_M0_SSIEMENS,internal_test,False,False,False,True,False
2049,102035,102035_00001,,,,,,PDAC,1,MSD_dataset,True,1,False,1,True,manual,manual_labels/102035_00001.nii.gz,bd1b05832c6431c5f3823cd0ede7733d34c28298,61460,True,True,True,False,True,MSD_EXTERNAL_MIXED,LOCKED_EXTERNAL_MIXED_TEST,True,False,MSD_DATASET_DERIVED,[MISSING],PRIMARY_MANUAL_PDAC_REFERENCE,True,True,False,,-1,,external_msd_test,False,False,False,True,True
2050,102036,102036_00001,2018-11-05 00:00:00,075Y,75.0,F,TOSHIBA,non-PDAC,0,radiology,False,1,False,1,True,automatic,automatic_labels/102036_00001.nii.gz,869e685d1b237a6576010ad0777dcba1c6690af7,379008,True,True,False,True,False,PANORAMA_LOCAL,PRIMARY_MODEL_DEVELOPMENT,False,True,RADIOLOGY_NO_DOCUMENTED_FOLLOWUP,TOSHIBA,AUXILIARY_AUTOMATIC_MASK_ONLY,False,False,False,train,2,Y0_M0_STOSHIBA,train,True,False,False,False,False
2051,102037,102037_00001,,,,,,PDAC,1,MSD_dataset,True,1,False,1,True,manual,manual_labels/102037_00001.nii.gz,c8a670c3af5f7eb22068bdf0dc32255e7c149cc2,232696,True,True,True,False,True,MSD_EXTERNAL_MIXED,LOCKED_EXTERNAL_MIXED_TEST,True,False,MSD_DATASET_DERIVED,[MISSING],PRIMARY_MANUAL_PDAC_REFERENCE,True,True,False,,-1,,external_msd_test,False,False,False,True,True
2052,102038,102038_00001,2017-03-20 00:00:00,071Y,71.0,F,TOSHIBA,non-PDAC,0,radiology,False,1,False,1,True,automatic,automatic_labels/102038_00001.nii.gz,b678d37dcfba2504ec849737a662c7e18b0b44af,198182,True,True,False,True,False,PANORAMA_LOCAL,PRIMARY_MODEL_DEVELOPMENT,False,True,RADIOLOGY_NO_DOCUMENTED_FOLLOWUP,TOSHIBA,AUXILIARY_AUTOMATIC_MASK_ONLY,False,False,False,train,3,Y0_M0_STOSHIBA,train,True,False,False,False,False
2053,102039,102039_00001,2016-10-19 00:00:00,063Y,63.0,M,TOSHIBA,PDAC,1,histopathology,False,1,False,1,True,automatic,automatic_labels/102039_00001.nii.gz,0d3df88e34f970ec96a24212274a194431736117,399628,True,True,False,True,False,PANORAMA_LOCAL,PRIMARY_MODEL_DEVELOPMENT,False,True,TISSUE_CONFIRMED,TOSHIBA,AUXILIARY_AUTOMATIC_MASK_ONLY,False,False,False,internal_test,-1,Y1_M0_STOSHIBA,internal_test,False,False,False,True,False
2054,102040,102040_00001,2020-12-20 00:00:00,071Y,71.0,F,Philips,PDAC,1,cytology,False,1,False,1,True,automatic,automatic_labels/102040_00001.nii.gz,8c1f1892a4f265c3a86e0eb45e9519d9d696eb23,451873,True,True,False,True,False,PANORAMA_LOCAL,PRIMARY_MODEL_DEVELOPMENT,False,True,CYTOLOGY_CONFIRMED,Philips,AUXILIARY_AUTOMATIC_MASK_ONLY,False,False,False,train,2,Y1_M0_SPhilips,train,True,False,False,False,False
2055,102041,102041_00001,2022-06-04 00:00:00,076Y,76.0,M,SIEMENS,PDAC,1,histopathology,False,1,False,1,True,automatic,automatic_labels/102041_00001.nii.gz,2a87f0d3f177dc7deba590f122c8b7825cfacf07,305047,True,True,False,True,False,PANORAMA_LOCAL,PRIMARY_MODEL_DEVELOPMENT,False,True,TISSUE_CONFIRMED,SIEMENS,AUXILIARY_AUTOMATIC_MASK_ONLY,False,False,False,validation,-1,Y1_M0_SSIEMENS,validation,False,True,True,False,False
2056,102042,102042_00001,2014-12-24 00:00:00,053Y,53.0,M,SIEMENS,non-PDAC,0,radiology,False,1,False,1,True,automatic,automatic_labels/102042_00001.nii.gz,4766d9c0f8ca49953f06fe88fdb3ee74bf679e4a,642518,True,True,False,True,False,PANORAMA_LOCAL,PRIMARY_MODEL_DEVELOPMENT,False,True,RADIOLOGY_NO_DOCUMENTED_FOLLOWUP,SIEMENS,AUXILIARY_AUTOMATIC_MASK_ONLY,False,False,False,train,3,Y0_M0_SSIEMENS,train,True,False,False,False,False
2057,102043,102043_00001,2017-03-18 00:00:00,086Y,86.0,F,SIEMENS,non-PDAC,0,radiology,False,1,False,1,True,automatic,automatic_labels/102043_00001.nii.gz,c5f119178a51fcadcdef6d2c7831d55e6b18f792,566096,True,True,False,True,False,PANORAMA_LOCAL,PRIMARY_MODEL_DEVELOPMENT,False,True,RADIOLOGY_NO_DOCUMENTED_FOLLOWUP,SIEMENS,AUXILIARY_AUTOMATIC_MASK_ONLY,False,False,False,internal_test,-1,Y0_M0_SSIEMENS,internal_test,False,False,False,True,False
2058,102044,102044_00001,2018-02-04 00:00:00,050Y,50.0,F,TOSHIBA,PDAC,1,histopathology,False,1,False,1,True,automatic,automatic_labels/102044_00001.nii.gz,c630c7c8f1a11af182b0d7104e00d56c2459dda8,1697581,True,True,False,True,False,PANORAMA_LOCAL,PRIMARY_MODEL_DEVELOPMENT,False,True,TISSUE_CONFIRMED,TOSHIBA,AUXILIARY_AUTOMATIC_MASK_ONLY,False,False,False,train,2,Y1_M0_STOSHIBA,train,True,False,False,False,False
2059,102045,102045_00001,2015-12-03 00:00:00,078Y,78.0,M,SIEMENS,PDAC,1,pathology,False,1,False,1,True,manual,manual_labels/102045_00001.nii.gz,44c31932cbc4f1978973600e78560e622054aee6,412076,True,True,True,False,True,PANORAMA_LOCAL,PRIMARY_MODEL_DEVELOPMENT,False,True,TISSUE_CONFIRMED,SIEMENS,PRIMARY_MANUAL_PDAC_REFERENCE,False,False,False,validation,-1,Y1_M1_SSIEMENS,validation,False,True,True,False,False
2060,102046,102046_00001,2016-07-28 00:00:00,057Y,57.0,F,SIEMENS,non-PDAC,0,radiology,False,1,False,1,True,automatic,automatic_labels/102046_00001.nii.gz,f4215cab7e077fc1333740a9542478e87da360bc,635897,True,True,False,True,False,PANORAMA_LOCAL,PRIMARY_MODEL_DEVELOPMENT,False,True,RADIOLOGY_NO_DOCUMENTED_FOLLOWUP,SIEMENS,AUXILIARY_AUTOMATIC_MASK_ONLY,False,False,False,train,4,Y0_M0_SSIEMENS,train,True,False,False,False,False
2061,102047,102047_00001,,,,,,non-PDAC,0,MSD_dataset,True,1,False,1,True,automatic,automatic_labels/102047_00001.nii.gz,b094e8716757871f1b270f65b82a002b598733f5,112295,True,True,False,True,False,MSD_EXTERNAL_MIXED,LOCKED_EXTERNAL_MIXED_TEST,True,False,MSD_DATASET_DERIVED,[MISSING],AUXILIARY_AUTOMATIC_MASK_ONLY,True,False,False,,-1,,external_msd_test,False,False,False,True,False
2062,102048,102048_00001,2021-06-11 00:00:00,063Y,63.0,M,TOSHIBA,PDAC,1,histopathology,False,1,False,1,True,manual,manual_labels/102048_00001.nii.gz,5e2cc7387c8776ca2cdc460f491f0a872bf4cc7b,83495,True,True,True,False,True,PANORAMA_LOCAL,PRIMARY_MODEL_DEVELOPMENT,False,True,TISSUE_CONFIRMED,TOSHIBA,PRIMARY_MANUAL_PDAC_REFERENCE,False,False,False,internal_test,-1,Y1_M1_STOSHIBA,internal_test,False,False,False,True,True
2063,102049,102049_00001,2013-07-21 00:00:00,079Y,79.0,M,Philips,PDAC,1,histopathology,False,1,False,1,True,manual,manual_labels/102049_00001.nii.gz,38cd23c508dbd7de8f94cb1639915dacab10a69a,73628,True,True,True,False,True,PANORAMA_LOCAL,PRIMARY_MODEL_DEVELOPMENT,False,True,TISSUE_CONFIRMED,Philips,PRIMARY_MANUAL_PDAC_REFERENCE,False,False,False,validation,-1,Y1_M1_SPhilips,validation,False,True,True,False,False
2064,102050,102050_00001,2021-10-20 00:00:00,063Y,63.0,F,TOSHIBA,PDAC,1,histopathology,False,1,False,1,True,manual,manual_labels/102050_00001.nii.gz,a78d28215596d94b8fa16dccd049808a922a6d4f,125746,True,True,True,False,True,PANORAMA_LOCAL,PRIMARY_MODEL_DEVELOPMENT,False,True,TISSUE_CONFIRMED,TOSHIBA,PRIMARY_MANUAL_PDAC_REFERENCE,False,False,False,train,2,Y1_M1_STOSHIBA,train,True,False,False,False,False
2065,102051,102051_00001,2021-03-26 00:00:00,065Y,65.0,F,Philips,PDAC,1,histopathology,False,1,False,1,True,manual,manual_labels/102051_00001.nii.gz,c98fcb436ff7cc99f0b33ac6b626d2c414b512f5,175990,True,True,True,False,True,PANORAMA_LOCAL,PRIMARY_MODEL_DEVELOPMENT,False,True,TISSUE_CONFIRMED,Philips,PRIMARY_MANUAL_PDAC_REFERENCE,False,False,False,train,2,Y1_M1_SPhilips,train,True,False,False,False,False
2066,102052,102052_00001,2016-10-21 00:00:00,075Y,75.0,F,SIEMENS,non-PDAC,0,radiology,False,1,False,1,True,automatic,automatic_labels/102052_00001.nii.gz,d85f1fa53e51ae6fc1700ded8f1342e066f65448,613599,True,True,False,True,False,PANORAMA_LOCAL,PRIMARY_MODEL_DEVELOPMENT,False,True,RADIOLOGY_NO_DOCUMENTED_FOLLOWUP,SIEMENS,AUXILIARY_AUTOMATIC_MASK_ONLY,False,False,False,internal_test,-1,Y0_M0_SSIEMENS,internal_test,False,False,False,True,False
2067,102053,102053_00001,2019-05-05 00:00:00,075Y,75.0,F,SIEMENS,PDAC,1,cytology,False,1,False,1,True,manual,manual_labels/102053_00001.nii.gz,5f57e50df8bee00e16499696b84b03cfdd42bdda,80625,True,True,True,False,True,PANORAMA_LOCAL,PRIMARY_MODEL_DEVELOPMENT,False,True,CYTOLOGY_CONFIRMED,SIEMENS,PRIMARY_MANUAL_PDAC_REFERENCE,False,False,False,train,4,Y1_M1_SSIEMENS,train,True,False,False,False,False
2068,102054,102054_00001,2017-08-17 00:00:00,075Y,75.0,F,SIEMENS,PDAC,1,pathology,False,1,False,1,True,manual,manual_labels/102054_00001.nii.gz,2132d60dba9a8016c1010edc1f3b47ec7b4f0b5e,638618,True,True,True,False,True,PANORAMA_LOCAL,PRIMARY_MODEL_DEVELOPMENT,False,True,TISSUE_CONFIRMED,SIEMENS,PRIMARY_MANUAL_PDAC_REFERENCE,False,False,False,train,1,Y1_M1_SSIEMENS,train,True,False,False,False,False
2069,102055,102055_00001,2016-08-14 00:00:00,078Y,78.0,F,SIEMENS,non-PDAC,0,radiology,False,1,False,1,True,automatic,automatic_labels/102055_00001.nii.gz,0d014e497c47a344d441321bd035cb775d74775e,646635,True,True,False,True,False,PANORAMA_LOCAL,PRIMARY_MODEL_DEVELOPMENT,False,True,RADIOLOGY_NO_DOCUMENTED_FOLLOWUP,SIEMENS,AUXILIARY_AUTOMATIC_MASK_ONLY,False,False,False,internal_test,-1,Y0_M0_SSIEMENS,internal_test,False,False,False,True,False
2070,102056,102056_00001,2015-06-20 00:00:00,069Y,69.0,F,TOSHIBA,non-PDAC,0,radiology,False,1,False,1,True,automatic,automatic_labels/102056_00001.nii.gz,0fc543526b4c0668e589e4fb048d43f6901a3ce9,345749,True,True,False,True,False,PANORAMA_LOCAL,PRIMARY_MODEL_DEVELOPMENT,False,True,RADIOLOGY_NO_DOCUMENTED_FOLLOWUP,TOSHIBA,AUXILIARY_AUTOMATIC_MASK_ONLY,False,False,False,train,0,Y0_M0_STOSHIBA,train,True,False,False,False,False
2071,102057,102057_00001,2022-03-05 00:00:00,053Y,53.0,F,TOSHIBA,PDAC,1,histopathology,False,1,False,1,True,automatic,automatic_labels/102057_00001.nii.gz,845f5a4a8c60fc7d956042e4615eddcd1de9b0ba,507241,True,True,False,True,False,PANORAMA_LOCAL,PRIMARY_MODEL_DEVELOPMENT,False,True,TISSUE_CONFIRMED,TOSHIBA,AUXILIARY_AUTOMATIC_MASK_ONLY,False,False,False,train,2,Y1_M0_STOSHIBA,train,True,False,False,False,False
2072,102058,102058_00001,2013-07-06 00:00:00,076Y,76.0,M,Philips,PDAC,1,pathology,False,1,False,1,True,manual,manual_labels/102058_00001.nii.gz,6806308910c46b51d36820037039ef58d1a58093,94272,True,True,True,False,True,PANORAMA_LOCAL,PRIMARY_MODEL_DEVELOPMENT,False,True,TISSUE_CONFIRMED,Philips,PRIMARY_MANUAL_PDAC_REFERENCE,False,False,False,train,2,Y1_M1_SPhilips,train,True,False,False,False,False
2073,102059,102059_00001,2015-04-03 00:00:00,042Y,42.0,F,SIEMENS,non-PDAC,0,radiology,False,1,False,1,True,automatic,automatic_labels/102059_00001.nii.gz,43592e945f5c831c75bbc3ccc2dadd2ecf3b57b0,274846,True,True,False,True,False,PANORAMA_LOCAL,PRIMARY_MODEL_DEVELOPMENT,False,True,RADIOLOGY_NO_DOCUMENTED_FOLLOWUP,SIEMENS,AUXILIARY_AUTOMATIC_MASK_ONLY,False,False,False,train,2,Y0_M0_SSIEMENS,train,True,False,False,False,False
2074,102060,102060_00001,2016-01-30 00:00:00,073Y,73.0,M,SIEMENS,non-PDAC,0,radiology,False,1,False,1,True,automatic,automatic_labels/102060_00001.nii.gz,29544035ea432f145613d3c512807a5b5b88a45f,709551,True,True,False,True,False,PANORAMA_LOCAL,PRIMARY_MODEL_DEVELOPMENT,False,True,RADIOLOGY_NO_DOCUMENTED_FOLLOWUP,SIEMENS,AUXILIARY_AUTOMATIC_MASK_ONLY,False,False,False,validation,-1,Y0_M0_SSIEMENS,validation,False,True,True,False,False
2075,102061,102061_00001,2021-08-05 00:00:00,064Y,64.0,M,Philips,PDAC,1,histopathology,False,1,False,1,True,manual,manual_labels/102061_00001.nii.gz,a9559f6965cbc9595022030c91ec455df515b023,392544,True,True,True,False,True,PANORAMA_LOCAL,PRIMARY_MODEL_DEVELOPMENT,False,True,TISSUE_CONFIRMED,Philips,PRIMARY_MANUAL_PDAC_REFERENCE,False,False,False,train,1,Y1_M1_SPhilips,train,True,False,False,False,False
2076,102062,102062_00001,2015-01-29 00:00:00,087Y,87.0,M,SIEMENS,non-PDAC,0,radiology,False,1,False,1,True,automatic,automatic_labels/102062_00001.nii.gz,567dc70ae87aad78d1e799cbee27594897af175c,170436,True,True,False,True,False,PANORAMA_LOCAL,PRIMARY_MODEL_DEVELOPMENT,False,True,RADIOLOGY_NO_DOCUMENTED_FOLLOWUP,SIEMENS,AUXILIARY_AUTOMATIC_MASK_ONLY,False,False,False,train,3,Y0_M0_SSIEMENS,train,True,False,False,False,False
2077,102063,102063_00001,2019-09-29 00:00:00,052Y,52.0,F,Philips,PDAC,1,cytology,False,1,False,1,True,manual,manual_labels/102063_00001.nii.gz,cb96df3347fa4222fe32575af2d84fc67277482b,256718,True,True,True,False,True,PANORAMA_LOCAL,PRIMARY_MODEL_DEVELOPMENT,False,True,CYTOLOGY_CONFIRMED,Philips,PRIMARY_MANUAL_PDAC_REFERENCE,False,False,False,train,2,Y1_M1_SPhilips,train,True,False,False,False,False
2078,102064,102064_00001,2015-02-16 00:00:00,059Y,59.0,M,SIEMENS,non-PDAC,0,radiology,False,1,False,1,True,automatic,automatic_labels/102064_00001.nii.gz,7459ebc09764cd74dd59d9bdbea1c427ea75ccad,366781,True,True,False,True,False,PANORAMA_LOCAL,PRIMARY_MODEL_DEVELOPMENT,False,True,RADIOLOGY_NO_DOCUMENTED_FOLLOWUP,SIEMENS,AUXILIARY_AUTOMATIC_MASK_ONLY,False,False,False,train,2,Y0_M0_SSIEMENS,train,True,False,False,False,False
2079,102065,102065_00001,2022-01-04 00:00:00,053Y,53.0,F,Philips,PDAC,1,histopathology,False,2,True,1,True,automatic,automatic_labels/102065_00001.nii.gz,a8dee5b12239ed9c3f730f6e119f78adc7aad55d,919670,True,True,False,True,False,PANORAMA_LOCAL,PRIMARY_MODEL_DEVELOPMENT,False,True,TISSUE_CONFIRMED,Philips,AUXILIARY_AUTOMATIC_MASK_ONLY,False,False,False,train,0,Y1_M0,train,True,False,False,False,False
2080,102065,102065_00002,2022-01-16 00:00:00,053Y,53.0,F,Canon Medical Systems,PDAC,1,histopathology,False,2,True,1,True,automatic,automatic_labels/102065_00002.nii.gz,10accb45d4280129f458294551553738b499c829,459763,True,True,False,True,False,PANORAMA_LOCAL,PRIMARY_MODEL_DEVELOPMENT,False,True,TISSUE_CONFIRMED,Canon Medical Systems,AUXILIARY_AUTOMATIC_MASK_ONLY,False,False,False,train,0,Y1_M0,train,True,False,False,False,False
2081,102066,102066_00001,2021-07-06 00:00:00,083Y,83.0,M,Canon Medical Systems,PDAC,1,radiology,False,1,False,1,True,automatic,automatic_labels/102066_00001.nii.gz,0facfa54aa9186d3012b1e9333421ef15757768e,471001,True,True,False,True,False,PANORAMA_LOCAL,PRIMARY_MODEL_DEVELOPMENT,False,True,RADIOLOGY_NO_DOCUMENTED_FOLLOWUP,Canon Medical Systems,AUXILIARY_AUTOMATIC_MASK_ONLY,False,False,False,train,2,Y1_M0,train,True,False,False,False,False
2082,102067,102067_00001,2015-06-18 00:00:00,053Y,53.0,F,TOSHIBA,non-PDAC,0,radiology,False,1,False,1,True,automatic,automatic_labels/102067_00001.nii.gz,053aa50e7b1a11a3b36f422e04ae06c2d5195a65,333619,True,True,False,True,False,PANORAMA_LOCAL,PRIMARY_MODEL_DEVELOPMENT,False,True,RADIOLOGY_NO_DOCUMENTED_FOLLOWUP,TOSHIBA,AUXILIARY_AUTOMATIC_MASK_ONLY,False,False,False,train,3,Y0_M0_STOSHIBA,train,True,False,False,False,False
2083,102068,102068_00001,2016-02-22 00:00:00,080Y,80.0,F,TOSHIBA,non-PDAC,0,pathology,False,1,False,1,True,automatic,automatic_labels/102068_00001.nii.gz,045caa3add5c563faee8ccf6eea25d637e9f94f2,981968,True,True,False,True,False,PANORAMA_LOCAL,PRIMARY_MODEL_DEVELOPMENT,False,True,TISSUE_CONFIRMED,TOSHIBA,AUXILIARY_AUTOMATIC_MASK_ONLY,False,False,False,train,3,Y0_M0_STOSHIBA,train,True,False,False,False,False
2084,102069,102069_00001,2015-02-26 00:00:00,076Y,76.0,F,TOSHIBA,non-PDAC,0,radiology,False,1,False,1,True,automatic,automatic_labels/102069_00001.nii.gz,be3131c7da2884e0e5a4de21e90d4660957e4071,345833,True,True,False,True,False,PANORAMA_LOCAL,PRIMARY_MODEL_DEVELOPMENT,False,True,RADIOLOGY_NO_DOCUMENTED_FOLLOWUP,TOSHIBA,AUXILIARY_AUTOMATIC_MASK_ONLY,False,False,False,validation,-1,Y0_M0_STOSHIBA,validation,False,True,True,False,False
2085,102070,102070_00001,2018-02-10 00:00:00,080Y,80.0,M,SIEMENS,non-PDAC,0,radiology,False,1,False,1,True,automatic,automatic_labels/102070_00001.nii.gz,1ca07c1f06e3dc3c3e9cbd1307e6f12dc7d13044,733912,True,True,False,True,False,PANORAMA_LOCAL,PRIMARY_MODEL_DEVELOPMENT,False,True,RADIOLOGY_NO_DOCUMENTED_FOLLOWUP,SIEMENS,AUXILIARY_AUTOMATIC_MASK_ONLY,False,False,False,train,2,Y0_M0_SSIEMENS,train,True,False,False,False,False
2086,102071,102071_00001,2016-11-13 00:00:00,076Y,76.0,M,SIEMENS,non-PDAC,0,radiology,False,1,False,1,True,automatic,automatic_labels/102071_00001.nii.gz,203bdbe223b45e1c750dd5346c820dc52e6c0bff,669917,True,True,False,True,False,PANORAMA_LOCAL,PRIMARY_MODEL_DEVELOPMENT,False,True,RADIOLOGY_NO_DOCUMENTED_FOLLOWUP,SIEMENS,AUXILIARY_AUTOMATIC_MASK_ONLY,False,False,False,train,1,Y0_M0_SSIEMENS,train,True,False,False,False,False
2087,102072,102072_00001,2019-02-20 00:00:00,074Y,74.0,M,TOSHIBA,PDAC,1,cytology,False,1,False,1,True,automatic,automatic_labels/102072_00001.nii.gz,e44f6d04f59019f7e57c2d03afaee85a3afc8cf0,1059572,True,True,False,True,False,PANORAMA_LOCAL,PRIMARY_MODEL_DEVELOPMENT,False,True,CYTOLOGY_CONFIRMED,TOSHIBA,AUXILIARY_AUTOMATIC_MASK_ONLY,False,False,False,train,2,Y1_M0_STOSHIBA,train,True,False,False,False,False
2088,102073,102073_00001,2016-08-29 00:00:00,042Y,42.0,F,TOSHIBA,non-PDAC,0,radiology,False,1,False,1,True,automatic,automatic_labels/102073_00001.nii.gz,749ae6a99411fa13ed5d26b480bec041166e0da7,228657,True,True,False,True,False,PANORAMA_LOCAL,PRIMARY_MODEL_DEVELOPMENT,False,True,RADIOLOGY_NO_DOCUMENTED_FOLLOWUP,TOSHIBA,AUXILIARY_AUTOMATIC_MASK_ONLY,False,False,False,train,1,Y0_M0_STOSHIBA,train,True,False,False,False,False
2089,102074,102074_00001,2017-02-23 00:00:00,086Y,86.0,M,SIEMENS,non-PDAC,0,pathology,False,1,False,1,True,automatic,automatic_labels/102074_00001.nii.gz,c2df33eea07fc29bcc167d201c7df9a5fdf56da1,586581,True,True,False,True,False,PANORAMA_LOCAL,PRIMARY_MODEL_DEVELOPMENT,False,True,TISSUE_CONFIRMED,SIEMENS,AUXILIARY_AUTOMATIC_MASK_ONLY,False,False,False,train,2,Y0_M0_SSIEMENS,train,True,False,False,False,False
2090,102075,102075_00001,2020-06-02 00:00:00,067Y,67.0,F,GE MEDICAL SYSTEMS,non-PDAC,0,histopathology,False,1,False,1,True,automatic,automatic_labels/102075_00001.nii.gz,57feb751433ef1f4931dff253d0a541ca66c6c00,1445941,True,True,False,True,False,PANORAMA_LOCAL,PRIMARY_MODEL_DEVELOPMENT,False,True,TISSUE_CONFIRMED,GE MEDICAL SYSTEMS,AUXILIARY_AUTOMATIC_MASK_ONLY,False,False,False,internal_test,-1,Y0_M0_SGE MEDICAL SYSTEMS,internal_test,False,False,False,True,False
2091,102076,102076_00001,2016-12-08 00:00:00,049Y,49.0,F,SIEMENS,non-PDAC,0,radiology,False,1,False,1,True,automatic,automatic_labels/102076_00001.nii.gz,7cfc594af1d8b315058076a052b4ced21df74ad2,602247,True,True,False,True,False,PANORAMA_LOCAL,PRIMARY_MODEL_DEVELOPMENT,False,True,RADIOLOGY_NO_DOCUMENTED_FOLLOWUP,SIEMENS,AUXILIARY_AUTOMATIC_MASK_ONLY,False,False,False,validation,-1,Y0_M0_SSIEMENS,validation,False,True,True,False,False
2092,102077,102077_00001,2015-07-07 00:00:00,052Y,52.0,F,TOSHIBA,non-PDAC,0,radiology,False,1,False,1,True,automatic,automatic_labels/102077_00001.nii.gz,9a989328ed89974ad6ea56869a3e1fd409dc585f,412136,True,True,False,True,False,PANORAMA_LOCAL,PRIMARY_MODEL_DEVELOPMENT,False,True,RADIOLOGY_NO_DOCUMENTED_FOLLOWUP,TOSHIBA,AUXILIARY_AUTOMATIC_MASK_ONLY,False,False,False,train,3,Y0_M0_STOSHIBA,train,True,False,False,False,False
2093,102078,102078_00001,2015-04-30 00:00:00,077Y,77.0,M,TOSHIBA,non-PDAC,0,radiology,False,1,False,1,True,automatic,automatic_labels/102078_00001.nii.gz,9960a66520bf7a903bb963f87f10921914991a84,1651715,True,True,False,True,False,PANORAMA_LOCAL,PRIMARY_MODEL_DEVELOPMENT,False,True,RADIOLOGY_NO_DOCUMENTED_FOLLOWUP,TOSHIBA,AUXILIARY_AUTOMATIC_MASK_ONLY,False,False,False,train,4,Y0_M0_STOSHIBA,train,True,False,False,False,False
2094,102079,102079_00001,2020-11-20 00:00:00,063Y,63.0,M,SIEMENS,PDAC,1,pathology,False,1,False,1,True,manual,manual_labels/102079_00001.nii.gz,22f029b9aa80a70672356c15f20ae69130617c88,525088,True,True,True,False,True,PANORAMA_LOCAL,PRIMARY_MODEL_DEVELOPMENT,False,True,TISSUE_CONFIRMED,SIEMENS,PRIMARY_MANUAL_PDAC_REFERENCE,False,False,False,internal_test,-1,Y1_M1_SSIEMENS,internal_test,False,False,False,True,True
2095,102080,102080_00001,2016-11-06 00:00:00,063Y,63.0,M,TOSHIBA,non-PDAC,0,radiology,False,1,False,1,True,automatic,automatic_labels/102080_00001.nii.gz,b497ccd77f1d6fbeef2b87797e41a1b3fbd3c321,249161,True,True,False,True,False,PANORAMA_LOCAL,PRIMARY_MODEL_DEVELOPMENT,False,True,RADIOLOGY_NO_DOCUMENTED_FOLLOWUP,TOSHIBA,AUXILIARY_AUTOMATIC_MASK_ONLY,False,False,False,internal_test,-1,Y0_M0_STOSHIBA,internal_test,False,False,False,True,False
2096,102081,102081_00001,2019-08-21 00:00:00,077Y,77.0,M,SIEMENS,non-PDAC,0,radiology,False,1,False,1,True,automatic,automatic_labels/102081_00001.nii.gz,d40f7a0b892504a21ce72c4367d113a0801c5d29,669200,True,True,False,True,False,PANORAMA_LOCAL,PRIMARY_MODEL_DEVELOPMENT,False,True,RADIOLOGY_NO_DOCUMENTED_FOLLOWUP,SIEMENS,AUXILIARY_AUTOMATIC_MASK_ONLY,False,False,False,train,2,Y0_M0_SSIEMENS,train,True,False,False,False,False
2097,102082,102082_00001,,,,,,PDAC,1,MSD_dataset,True,1,False,1,True,manual,manual_labels/102082_00001.nii.gz,e3071fda21e95e23c80ee946e92bf46b98e6e530,76715,True,True,True,False,True,MSD_EXTERNAL_MIXED,LOCKED_EXTERNAL_MIXED_TEST,True,False,MSD_DATASET_DERIVED,[MISSING],PRIMARY_MANUAL_PDAC_REFERENCE,True,True,False,,-1,,external_msd_test,False,False,False,True,True
2098,102083,102083_00001,,,,,,PDAC,1,MSD_dataset,True,1,False,1,True,manual,manual_labels/102083_00001.nii.gz,b3fa8eccd7203aef61713b8012ef6b423953958d,202042,True,True,True,False,True,MSD_EXTERNAL_MIXED,LOCKED_EXTERNAL_MIXED_TEST,True,False,MSD_DATASET_DERIVED,[MISSING],PRIMARY_MANUAL_PDAC_REFERENCE,True,True,False,,-1,,external_msd_test,False,False,False,True,True
2099,102084,102084_00001,2013-09-26 00:00:00,077Y,77.0,F,SIEMENS,PDAC,1,cytology,False,1,False,1,True,manual,manual_labels/102084_00001.nii.gz,7db06ad6890108cab76e34d04e5a7938da9de707,615403,True,True,True,False,True,PANORAMA_LOCAL,PRIMARY_MODEL_DEVELOPMENT,False,True,CYTOLOGY_CONFIRMED,SIEMENS,PRIMARY_MANUAL_PDAC_REFERENCE,False,False,False,validation,-1,Y1_M1_SSIEMENS,validation,False,True,True,False,False
2100,102085,102085_00001,2019-02-03 00:00:00,071Y,71.0,F,TOSHIBA,PDAC,1,histopathology,False,1,False,1,True,manual,manual_labels/102085_00001.nii.gz,2025d99242d4d38ef6e7e6fd4bc0e18059ab2387,433014,True,True,True,False,True,PANORAMA_LOCAL,PRIMARY_MODEL_DEVELOPMENT,False,True,TISSUE_CONFIRMED,TOSHIBA,PRIMARY_MANUAL_PDAC_REFERENCE,False,False,False,validation,-1,Y1_M1_STOSHIBA,validation,False,True,True,False,False
2101,102086,102086_00001,2018-11-25 00:00:00,078Y,78.0,F,SIEMENS,non-PDAC,0,radiology,False,1,False,1,True,automatic,automatic_labels/102086_00001.nii.gz,a4ad213175ad4906dafb22b0730bf50e8d06321b,581757,True,True,False,True,False,PANORAMA_LOCAL,PRIMARY_MODEL_DEVELOPMENT,False,True,RADIOLOGY_NO_DOCUMENTED_FOLLOWUP,SIEMENS,AUXILIARY_AUTOMATIC_MASK_ONLY,False,False,False,internal_test,-1,Y0_M0_SSIEMENS,internal_test,False,False,False,True,False
2102,102087,102087_00001,2019-05-27 00:00:00,040Y,40.0,F,SIEMENS,non-PDAC,0,radiology,False,1,False,1,True,automatic,automatic_labels/102087_00001.nii.gz,b6d9b2e20e86272f41275122293059723c29c624,311831,True,True,False,True,False,PANORAMA_LOCAL,PRIMARY_MODEL_DEVELOPMENT,False,True,RADIOLOGY_NO_DOCUMENTED_FOLLOWUP,SIEMENS,AUXILIARY_AUTOMATIC_MASK_ONLY,False,False,False,train,3,Y0_M0_SSIEMENS,train,True,False,False,False,False
2103,102088,102088_00001,2019-01-13 00:00:00,081Y,81.0,F,SIEMENS,non-PDAC,0,radiology,False,1,False,1,True,automatic,automatic_labels/102088_00001.nii.gz,a01ef2574b7fcec4af34d3319233c08e167e44b7,797203,True,True,False,True,False,PANORAMA_LOCAL,PRIMARY_MODEL_DEVELOPMENT,False,True,RADIOLOGY_NO_DOCUMENTED_FOLLOWUP,SIEMENS,AUXILIARY_AUTOMATIC_MASK_ONLY,False,False,False,train,4,Y0_M0_SSIEMENS,train,True,False,False,False,False
2104,102089,102089_00001,2017-07-10 00:00:00,084Y,84.0,M,SIEMENS,non-PDAC,0,radiology,False,1,False,1,True,automatic,automatic_labels/102089_00001.nii.gz,fbf9e0fbbc9986a2941e63a762818af7edf08c44,634159,True,True,False,True,False,PANORAMA_LOCAL,PRIMARY_MODEL_DEVELOPMENT,False,True,RADIOLOGY_NO_DOCUMENTED_FOLLOWUP,SIEMENS,AUXILIARY_AUTOMATIC_MASK_ONLY,False,False,False,train,2,Y0_M0_SSIEMENS,train,True,False,False,False,False
2105,102090,102090_00001,2018-08-20 00:00:00,081Y,81.0,M,TOSHIBA,PDAC,1,pathology,False,1,False,1,True,automatic,automatic_labels/102090_00001.nii.gz,51c4456913b748ae2184b142d2a8c2297cb80efc,1433847,True,True,False,True,False,PANORAMA_LOCAL,PRIMARY_MODEL_DEVELOPMENT,False,True,TISSUE_CONFIRMED,TOSHIBA,AUXILIARY_AUTOMATIC_MASK_ONLY,False,False,False,train,3,Y1_M0_STOSHIBA,train,True,False,False,False,False
2106,102091,102091_00001,2012-09-05 00:00:00,057Y,57.0,M,Philips,PDAC,1,histopathology,False,1,False,1,True,manual,manual_labels/102091_00001.nii.gz,ad14a83f5690c8776051ba8eadc4f6f567f36540,65566,True,True,True,False,True,PANORAMA_LOCAL,PRIMARY_MODEL_DEVELOPMENT,False,True,TISSUE_CONFIRMED,Philips,PRIMARY_MANUAL_PDAC_REFERENCE,False,False,False,train,1,Y1_M1_SPhilips,train,True,False,False,False,False
2107,102092,102092_00001,2016-01-06 00:00:00,067Y,67.0,M,TOSHIBA,non-PDAC,0,radiology,False,1,False,1,True,automatic,automatic_labels/102092_00001.nii.gz,382ff79a6b997e65c95ff2867e7fe14802f4383b,354161,True,True,False,True,False,PANORAMA_LOCAL,PRIMARY_MODEL_DEVELOPMENT,False,True,RADIOLOGY_NO_DOCUMENTED_FOLLOWUP,TOSHIBA,AUXILIARY_AUTOMATIC_MASK_ONLY,False,False,False,train,4,Y0_M0_STOSHIBA,train,True,False,False,False,False
2108,102093,102093_00001,2019-09-23 00:00:00,070Y,70.0,F,Philips,non-PDAC,0,pathology,False,1,False,1,True,automatic,automatic_labels/102093_00001.nii.gz,d26fa5616ac8f3f977880041fbe8b589556266d6,833089,True,True,False,True,False,PANORAMA_LOCAL,PRIMARY_MODEL_DEVELOPMENT,False,True,TISSUE_CONFIRMED,Philips,AUXILIARY_AUTOMATIC_MASK_ONLY,False,False,False,train,2,Y0_M0_SPhilips,train,True,False,False,False,False
2109,102094,102094_00001,2011-06-06 00:00:00,082Y,82.0,M,Philips,PDAC,1,pathology,False,1,False,1,True,manual,manual_labels/102094_00001.nii.gz,ab8ad83ee42fd304f0e72ea81a0f0d467eafcdd1,204041,True,True,True,False,True,PANORAMA_LOCAL,PRIMARY_MODEL_DEVELOPMENT,False,True,TISSUE_CONFIRMED,Philips,PRIMARY_MANUAL_PDAC_REFERENCE,False,False,False,internal_test,-1,Y1_M1_SPhilips,internal_test,False,False,False,True,True
2110,102095,102095_00001,2017-03-20 00:00:00,044Y,44.0,F,TOSHIBA,non-PDAC,0,radiology,False,1,False,1,True,automatic,automatic_labels/102095_00001.nii.gz,4ae772ac6fe4818725e7ac7b09284170e0f20e01,466445,True,True,False,True,False,PANORAMA_LOCAL,PRIMARY_MODEL_DEVELOPMENT,False,True,RADIOLOGY_NO_DOCUMENTED_FOLLOWUP,TOSHIBA,AUXILIARY_AUTOMATIC_MASK_ONLY,False,False,False,train,4,Y0_M0_STOSHIBA,train,True,False,False,False,False
2111,102096,102096_00001,2014-05-13 00:00:00,075Y,75.0,F,TOSHIBA,non-PDAC,0,radiology,False,1,False,1,True,automatic,automatic_labels/102096_00001.nii.gz,328c8a1f19c265ff0db5907872422b852281ada8,1006753,True,True,False,True,False,PANORAMA_LOCAL,PRIMARY_MODEL_DEVELOPMENT,False,True,RADIOLOGY_NO_DOCUMENTED_FOLLOWUP,TOSHIBA,AUXILIARY_AUTOMATIC_MASK_ONLY,False,False,False,internal_test,-1,Y0_M0_STOSHIBA,internal_test,False,False,False,True,False
2112,102097,102097_00001,2018-01-17 00:00:00,066Y,66.0,M,SIEMENS,non-PDAC,0,radiology,False,1,False,1,True,automatic,automatic_labels/102097_00001.nii.gz,cb7538799d17ff9b082041a4efe4eaace700785b,538058,True,True,False,True,False,PANORAMA_LOCAL,PRIMARY_MODEL_DEVELOPMENT,False,True,RADIOLOGY_NO_DOCUMENTED_FOLLOWUP,SIEMENS,AUXILIARY_AUTOMATIC_MASK_ONLY,False,False,False,internal_test,-1,Y0_M0_SSIEMENS,internal_test,False,False,False,True,False
2113,102098,102098_00001,2017-11-22 00:00:00,084Y,84.0,M,TOSHIBA,non-PDAC,0,radiology,False,1,False,1,True,automatic,automatic_labels/102098_00001.nii.gz,d128a73ce4d9ff212fea8119023810041b243272,615057,True,True,False,True,False,PANORAMA_LOCAL,PRIMARY_MODEL_DEVELOPMENT,False,True,RADIOLOGY_NO_DOCUMENTED_FOLLOWUP,TOSHIBA,AUXILIARY_AUTOMATIC_MASK_ONLY,False,False,False,train,1,Y0_M0_STOSHIBA,train,True,False,False,False,False
2114,102099,102099_00001,2014-01-30 00:00:00,059Y,59.0,M,SIEMENS,non-PDAC,0,radiology,False,1,False,1,True,automatic,automatic_labels/102099_00001.nii.gz,a2575d8d52fdb9cf8e55462e6978b1bf7b42a998,487749,True,True,False,True,False,PANORAMA_LOCAL,PRIMARY_MODEL_DEVELOPMENT,False,True,RADIOLOGY_NO_DOCUMENTED_FOLLOWUP,SIEMENS,AUXILIARY_AUTOMATIC_MASK_ONLY,False,False,False,train,4,Y0_M0_SSIEMENS,train,True,False,False,False,False
2115,102100,102100_00001,2017-12-24 00:00:00,054Y,54.0,M,TOSHIBA,non-PDAC,0,radiology,False,1,False,1,True,automatic,automatic_labels/102100_00001.nii.gz,5f558b353b615002637e60377fb0842e9f31ba5d,283740,True,True,False,True,False,PANORAMA_LOCAL,PRIMARY_MODEL_DEVELOPMENT,False,True,RADIOLOGY_NO_DOCUMENTED_FOLLOWUP,TOSHIBA,AUXILIARY_AUTOMATIC_MASK_ONLY,False,False,False,internal_test,-1,Y0_M0_STOSHIBA,internal_test,False,False,False,True,False
2116,102101,102101_00001,2010-01-02 00:00:00,082Y,82.0,F,Philips,non-PDAC,0,pathology,False,1,False,1,True,automatic,automatic_labels/102101_00001.nii.gz,63be13bd733ab8e85b3ef294ae27a76cd1bb365e,108387,True,True,False,True,False,PANORAMA_LOCAL,PRIMARY_MODEL_DEVELOPMENT,False,True,TISSUE_CONFIRMED,Philips,AUXILIARY_AUTOMATIC_MASK_ONLY,False,False,False,train,2,Y0_M0_SPhilips,train,True,False,False,False,False
2117,102102,102102_00001,2018-11-22 00:00:00,065Y,65.0,M,TOSHIBA,PDAC,1,histopathology,False,1,False,1,True,manual,manual_labels/102102_00001.nii.gz,10231a3e23a73fd13ebfb92ec0387d557c4fff1f,485341,True,True,True,False,True,PANORAMA_LOCAL,PRIMARY_MODEL_DEVELOPMENT,False,True,TISSUE_CONFIRMED,TOSHIBA,PRIMARY_MANUAL_PDAC_REFERENCE,False,False,False,internal_test,-1,Y1_M1_STOSHIBA,internal_test,False,False,False,True,True
2118,102103,102103_00001,,,,,,PDAC,1,MSD_dataset,True,1,False,1,True,manual,manual_labels/102103_00001.nii.gz,a0b0871c58df7bbf8a6404f6f417aa658d87c9a3,406998,True,True,True,False,True,MSD_EXTERNAL_MIXED,LOCKED_EXTERNAL_MIXED_TEST,True,False,MSD_DATASET_DERIVED,[MISSING],PRIMARY_MANUAL_PDAC_REFERENCE,True,True,False,,-1,,external_msd_test,False,False,False,True,True
2119,102104,102104_00001,2015-12-10 00:00:00,,,,,non-PDAC,0,NIH_dataset,True,1,False,1,True,automatic,automatic_labels/102104_00001.nii.gz,46b999559ecbeab8840dfc5d1936615ad44a6a5f,521441,True,True,False,True,False,NIH_NEGATIVE_STRESS,LOCKED_NEGATIVE_SPECIFICITY_STRESS_TEST,True,False,NIH_DATASET_DERIVED,[MISSING],AUXILIARY_AUTOMATIC_MASK_ONLY,False,False,True,,-1,,nih_negative_stress_test,False,False,False,True,False
2120,102105,102105_00001,2019-04-11 00:00:00,072Y,72.0,F,SIEMENS,PDAC,1,cytology,False,1,False,1,True,automatic,automatic_labels/102105_00001.nii.gz,9491725861f0cbecff43b51c84cfa1873e30b589,444126,True,True,False,True,False,PANORAMA_LOCAL,PRIMARY_MODEL_DEVELOPMENT,False,True,CYTOLOGY_CONFIRMED,SIEMENS,AUXILIARY_AUTOMATIC_MASK_ONLY,False,False,False,train,0,Y1_M0_SSIEMENS,train,True,False,False,False,False
2121,102106,102106_00001,2014-03-27 00:00:00,068Y,68.0,F,TOSHIBA,non-PDAC,0,radiology,False,1,False,1,True,automatic,automatic_labels/102106_00001.nii.gz,79595ba4906a76d889f57c924fb9cf6f75d0541d,1072816,True,True,False,True,False,PANORAMA_LOCAL,PRIMARY_MODEL_DEVELOPMENT,False,True,RADIOLOGY_NO_DOCUMENTED_FOLLOWUP,TOSHIBA,AUXILIARY_AUTOMATIC_MASK_ONLY,False,False,False,validation,-1,Y0_M0_STOSHIBA,validation,False,True,True,False,False
2122,102107,102107_00001,2021-02-08 00:00:00,072Y,72.0,M,SIEMENS,PDAC,1,cytology,False,1,False,1,True,manual,manual_labels/102107_00001.nii.gz,7af788f5379be7900171aca57e3679d54af000fc,640931,True,True,True,False,True,PANORAMA_LOCAL,PRIMARY_MODEL_DEVELOPMENT,False,True,CYTOLOGY_CONFIRMED,SIEMENS,PRIMARY_MANUAL_PDAC_REFERENCE,False,False,False,internal_test,-1,Y1_M1_SSIEMENS,internal_test,False,False,False,True,True
2123,102108,102108_00001,2014-11-03 00:00:00,032Y,32.0,F,TOSHIBA,non-PDAC,0,radiology,False,1,False,1,True,automatic,automatic_labels/102108_00001.nii.gz,2609d52b545f810823cbb5bf50aae964be1bfba6,619643,True,True,False,True,False,PANORAMA_LOCAL,PRIMARY_MODEL_DEVELOPMENT,False,True,RADIOLOGY_NO_DOCUMENTED_FOLLOWUP,TOSHIBA,AUXILIARY_AUTOMATIC_MASK_ONLY,False,False,False,train,4,Y0_M0_STOSHIBA,train,True,False,False,False,False
2124,102109,102109_00001,2020-07-12 00:00:00,065Y,65.0,F,Philips,PDAC,1,histopathology,False,1,False,1,True,manual,manual_labels/102109_00001.nii.gz,34f801c50abd3d77cb2aefd9c2cdd06d6f0f343a,123534,True,True,True,False,True,PANORAMA_LOCAL,PRIMARY_MODEL_DEVELOPMENT,False,True,TISSUE_CONFIRMED,Philips,PRIMARY_MANUAL_PDAC_REFERENCE,False,False,False,train,1,Y1_M1_SPhilips,train,True,False,False,False,False
2125,102110,102110_00001,2019-10-25 00:00:00,079Y,79.0,M,SIEMENS,non-PDAC,0,radiology,False,1,False,1,True,automatic,automatic_labels/102110_00001.nii.gz,f327853d5ee377214628209cba97afc37cb5171f,794098,True,True,False,True,False,PANORAMA_LOCAL,PRIMARY_MODEL_DEVELOPMENT,False,True,RADIOLOGY_NO_DOCUMENTED_FOLLOWUP,SIEMENS,AUXILIARY_AUTOMATIC_MASK_ONLY,False,False,False,train,2,Y0_M0_SSIEMENS,train,True,False,False,False,False
2126,102111,102111_00001,2018-04-08 00:00:00,067Y,67.0,M,Philips,PDAC,1,histopathology,False,1,False,1,True,automatic,automatic_labels/102111_00001.nii.gz,7c45452cda590bd9151ef6a27d2ec66e9c873c17,377060,True,True,False,True,False,PANORAMA_LOCAL,PRIMARY_MODEL_DEVELOPMENT,False,True,TISSUE_CONFIRMED,Philips,AUXILIARY_AUTOMATIC_MASK_ONLY,False,False,False,train,0,Y1_M0_SPhilips,train,True,False,False,False,False
2127,102112,102112_00001,,,,,,PDAC,1,MSD_dataset,True,1,False,1,True,manual,manual_labels/102112_00001.nii.gz,0d9535feffbf5ae7205012e88b93fdf505f359e3,59095,True,True,True,False,True,MSD_EXTERNAL_MIXED,LOCKED_EXTERNAL_MIXED_TEST,True,False,MSD_DATASET_DERIVED,[MISSING],PRIMARY_MANUAL_PDAC_REFERENCE,True,True,False,,-1,,external_msd_test,False,False,False,True,True
2128,102113,102113_00001,2015-10-28 00:00:00,,,,,non-PDAC,0,NIH_dataset,True,1,False,1,True,automatic,automatic_labels/102113_00001.nii.gz,837145bbad4823f99cbd7c7f4b278a3f9199d973,437914,True,True,False,True,False,NIH_NEGATIVE_STRESS,LOCKED_NEGATIVE_SPECIFICITY_STRESS_TEST,True,False,NIH_DATASET_DERIVED,[MISSING],AUXILIARY_AUTOMATIC_MASK_ONLY,False,False,True,,-1,,nih_negative_stress_test,False,False,False,True,False
2129,102114,102114_00001,2015-01-27 00:00:00,060Y,60.0,M,SIEMENS,non-PDAC,0,radiology,False,1,False,1,True,automatic,automatic_labels/102114_00001.nii.gz,605b11d275c6ae046c33c722791875dd791a334e,565367,True,True,False,True,False,PANORAMA_LOCAL,PRIMARY_MODEL_DEVELOPMENT,False,True,RADIOLOGY_NO_DOCUMENTED_FOLLOWUP,SIEMENS,AUXILIARY_AUTOMATIC_MASK_ONLY,False,False,False,train,0,Y0_M0_SSIEMENS,train,True,False,False,False,False
2130,102115,102115_00001,2019-10-07 00:00:00,058Y,58.0,M,Philips,PDAC,1,cytology,False,1,False,1,True,manual,manual_labels/102115_00001.nii.gz,55113c95bc765e10b6697c4896d3b81e51f0a038,89075,True,True,True,False,True,PANORAMA_LOCAL,PRIMARY_MODEL_DEVELOPMENT,False,True,CYTOLOGY_CONFIRMED,Philips,PRIMARY_MANUAL_PDAC_REFERENCE,False,False,False,train,2,Y1_M1_SPhilips,train,True,False,False,False,False
2131,102116,102116_00001,2015-11-26 00:00:00,039Y,39.0,M,TOSHIBA,non-PDAC,0,radiology,False,1,False,1,True,automatic,automatic_labels/102116_00001.nii.gz,cd9d30d68c13fe9846798d84e982807198a7575c,432460,True,True,False,True,False,PANORAMA_LOCAL,PRIMARY_MODEL_DEVELOPMENT,False,True,RADIOLOGY_NO_DOCUMENTED_FOLLOWUP,TOSHIBA,AUXILIARY_AUTOMATIC_MASK_ONLY,False,False,False,train,3,Y0_M0_STOSHIBA,train,True,False,False,False,False
2132,102117,102117_00001,2015-09-11 00:00:00,043Y,43.0,F,GE MEDICAL SYSTEMS,non-PDAC,0,radiology,False,1,False,1,True,automatic,automatic_labels/102117_00001.nii.gz,2c3738bda26f794a0bcc5241efb54846bec4a765,201847,True,True,False,True,False,PANORAMA_LOCAL,PRIMARY_MODEL_DEVELOPMENT,False,True,RADIOLOGY_NO_DOCUMENTED_FOLLOWUP,GE MEDICAL SYSTEMS,AUXILIARY_AUTOMATIC_MASK_ONLY,False,False,False,train,3,Y0_M0_SGE MEDICAL SYSTEMS,train,True,False,False,False,False
2133,102118,102118_00001,2010-07-06 00:00:00,049Y,49.0,F,SIEMENS,PDAC,1,histopathology,False,1,False,1,True,manual,manual_labels/102118_00001.nii.gz,66a8f3110626ac1b0d93ec032197d96192b02f60,54816,True,True,True,False,True,PANORAMA_LOCAL,PRIMARY_MODEL_DEVELOPMENT,False,True,TISSUE_CONFIRMED,SIEMENS,PRIMARY_MANUAL_PDAC_REFERENCE,False,False,False,train,1,Y1_M1_SSIEMENS,train,True,False,False,False,False
2134,102119,102119_00001,2018-06-13 00:00:00,068Y,68.0,M,SIEMENS,non-PDAC,0,radiology,False,1,False,1,True,automatic,automatic_labels/102119_00001.nii.gz,54a2f5ea9cad038828b97e94705c82adb6589d29,681882,True,True,False,True,False,PANORAMA_LOCAL,PRIMARY_MODEL_DEVELOPMENT,False,True,RADIOLOGY_NO_DOCUMENTED_FOLLOWUP,SIEMENS,AUXILIARY_AUTOMATIC_MASK_ONLY,False,False,False,validation,-1,Y0_M0_SSIEMENS,validation,False,True,True,False,False
2135,102120,102120_00001,,,,,,non-PDAC,0,MSD_dataset,True,1,False,1,True,automatic,automatic_labels/102120_00001.nii.gz,15a1bfaab57015353b26f6b85816e81ca625f59f,315093,True,True,False,True,False,MSD_EXTERNAL_MIXED,LOCKED_EXTERNAL_MIXED_TEST,True,False,MSD_DATASET_DERIVED,[MISSING],AUXILIARY_AUTOMATIC_MASK_ONLY,True,False,False,,-1,,external_msd_test,False,False,False,True,False
2136,102121,102121_00001,2016-08-06 00:00:00,061Y,61.0,M,TOSHIBA,non-PDAC,0,radiology,False,1,False,1,True,automatic,automatic_labels/102121_00001.nii.gz,70a715432b2e8caf23ee9dd0fe94a95dac32baf6,1749255,True,True,False,True,False,PANORAMA_LOCAL,PRIMARY_MODEL_DEVELOPMENT,False,True,RADIOLOGY_NO_DOCUMENTED_FOLLOWUP,TOSHIBA,AUXILIARY_AUTOMATIC_MASK_ONLY,False,False,False,validation,-1,Y0_M0_STOSHIBA,validation,False,True,True,False,False
2137,102122,102122_00001,2017-05-17 00:00:00,067Y,67.0,M,TOSHIBA,non-PDAC,0,radiology,False,1,False,1,True,automatic,automatic_labels/102122_00001.nii.gz,1c9dd707f6d02b1c78a8712fc6c0f166ad8bcb9b,179747,True,True,False,True,False,PANORAMA_LOCAL,PRIMARY_MODEL_DEVELOPMENT,False,True,RADIOLOGY_NO_DOCUMENTED_FOLLOWUP,TOSHIBA,AUXILIARY_AUTOMATIC_MASK_ONLY,False,False,False,train,4,Y0_M0_STOSHIBA,train,True,False,False,False,False
2138,102123,102123_00001,2016-01-16 00:00:00,036Y,36.0,F,SIEMENS,non-PDAC,0,radiology,False,1,False,1,True,automatic,automatic_labels/102123_00001.nii.gz,18d1bc35985c61bd39c662cf3139e49565904d4b,339031,True,True,False,True,False,PANORAMA_LOCAL,PRIMARY_MODEL_DEVELOPMENT,False,True,RADIOLOGY_NO_DOCUMENTED_FOLLOWUP,SIEMENS,AUXILIARY_AUTOMATIC_MASK_ONLY,False,False,False,train,0,Y0_M0_SSIEMENS,train,True,False,False,False,False
2139,102124,102124_00001,2016-11-05 00:00:00,065Y,65.0,F,TOSHIBA,non-PDAC,0,radiology,False,1,False,1,True,automatic,automatic_labels/102124_00001.nii.gz,73b144113b5d175fd847fac0ed3347ec26d6a009,338017,True,True,False,True,False,PANORAMA_LOCAL,PRIMARY_MODEL_DEVELOPMENT,False,True,RADIOLOGY_NO_DOCUMENTED_FOLLOWUP,TOSHIBA,AUXILIARY_AUTOMATIC_MASK_ONLY,False,False,False,train,1,Y0_M0_STOSHIBA,train,True,False,False,False,False
2140,102125,102125_00001,2020-08-22 00:00:00,036Y,36.0,M,Canon Medical Systems,non-PDAC,0,radiology,False,1,False,1,True,automatic,automatic_labels/102125_00001.nii.gz,591d35e7ddd2c2c33c4c31b12a7b07bfa283c6a8,452565,True,True,False,True,False,PANORAMA_LOCAL,PRIMARY_MODEL_DEVELOPMENT,False,True,RADIOLOGY_NO_DOCUMENTED_FOLLOWUP,Canon Medical Systems,AUXILIARY_AUTOMATIC_MASK_ONLY,False,False,False,train,0,Y0_M0,train,True,False,False,False,False
2141,102126,102126_00001,2014-02-02 00:00:00,073Y,73.0,M,SIEMENS,non-PDAC,0,radiology,False,1,False,1,True,automatic,automatic_labels/102126_00001.nii.gz,657a2f073a27a04c540477538f01d32d4912c8d6,678305,True,True,False,True,False,PANORAMA_LOCAL,PRIMARY_MODEL_DEVELOPMENT,False,True,RADIOLOGY_NO_DOCUMENTED_FOLLOWUP,SIEMENS,AUXILIARY_AUTOMATIC_MASK_ONLY,False,False,False,internal_test,-1,Y0_M0_SSIEMENS,internal_test,False,False,False,True,False
2142,102127,102127_00001,2015-12-26 00:00:00,071Y,71.0,F,SIEMENS,non-PDAC,0,radiology,False,1,False,1,True,automatic,automatic_labels/102127_00001.nii.gz,3ded059a81a8926c926f38c1a854f7f273cb8c83,342096,True,True,False,True,False,PANORAMA_LOCAL,PRIMARY_MODEL_DEVELOPMENT,False,True,RADIOLOGY_NO_DOCUMENTED_FOLLOWUP,SIEMENS,AUXILIARY_AUTOMATIC_MASK_ONLY,False,False,False,internal_test,-1,Y0_M0_SSIEMENS,internal_test,False,False,False,True,False
2143,102128,102128_00001,,,,,,PDAC,1,MSD_dataset,True,1,False,1,True,manual,manual_labels/102128_00001.nii.gz,47e0a51c6246f4fd331839702a124391bcc608ea,245528,True,True,True,False,True,MSD_EXTERNAL_MIXED,LOCKED_EXTERNAL_MIXED_TEST,True,False,MSD_DATASET_DERIVED,[MISSING],PRIMARY_MANUAL_PDAC_REFERENCE,True,True,False,,-1,,external_msd_test,False,False,False,True,True
2144,102129,102129_00001,2015-07-27 00:00:00,045Y,45.0,M,SIEMENS,non-PDAC,0,radiology,False,1,False,1,True,automatic,automatic_labels/102129_00001.nii.gz,5bb087b699d0af98ccccc319607681d24ca90aba,502025,True,True,False,True,False,PANORAMA_LOCAL,PRIMARY_MODEL_DEVELOPMENT,False,True,RADIOLOGY_NO_DOCUMENTED_FOLLOWUP,SIEMENS,AUXILIARY_AUTOMATIC_MASK_ONLY,False,False,False,validation,-1,Y0_M0_SSIEMENS,validation,False,True,True,False,False
2145,102130,102130_00001,2020-08-30 00:00:00,058Y,58.0,M,SIEMENS,PDAC,1,cytology,False,1,False,1,True,manual,manual_labels/102130_00001.nii.gz,6a4939d676b7f26d9d817a053705c0554edd9621,91760,True,True,True,False,True,PANORAMA_LOCAL,PRIMARY_MODEL_DEVELOPMENT,False,True,CYTOLOGY_CONFIRMED,SIEMENS,PRIMARY_MANUAL_PDAC_REFERENCE,False,False,False,train,4,Y1_M1_SSIEMENS,train,True,False,False,False,False
2146,102131,102131_00001,2018-02-10 00:00:00,034Y,34.0,F,TOSHIBA,non-PDAC,0,radiology,False,1,False,1,True,automatic,automatic_labels/102131_00001.nii.gz,8a5ecac4e7d944ca0b5d9f0c90e4f74f52eb606b,233505,True,True,False,True,False,PANORAMA_LOCAL,PRIMARY_MODEL_DEVELOPMENT,False,True,RADIOLOGY_NO_DOCUMENTED_FOLLOWUP,TOSHIBA,AUXILIARY_AUTOMATIC_MASK_ONLY,False,False,False,internal_test,-1,Y0_M0_STOSHIBA,internal_test,False,False,False,True,False
2147,102132,102132_00001,2017-09-20 00:00:00,057Y,57.0,F,TOSHIBA,PDAC,1,cytology,False,1,False,1,True,manual,manual_labels/102132_00001.nii.gz,1ee3edcc7c8b3208c381ff8474740caa21c85ba4,1392494,True,True,True,False,True,PANORAMA_LOCAL,PRIMARY_MODEL_DEVELOPMENT,False,True,CYTOLOGY_CONFIRMED,TOSHIBA,PRIMARY_MANUAL_PDAC_REFERENCE,False,False,False,train,4,Y1_M1_STOSHIBA,train,True,False,False,False,False
2148,102133,102133_00001,2019-10-31 00:00:00,056Y,56.0,M,TOSHIBA,PDAC,1,cytology,False,1,False,1,True,automatic,automatic_labels/102133_00001.nii.gz,77d527fa32160e7c319c2737d3c5918a630e39b4,2937900,True,True,False,True,False,PANORAMA_LOCAL,PRIMARY_MODEL_DEVELOPMENT,False,True,CYTOLOGY_CONFIRMED,TOSHIBA,AUXILIARY_AUTOMATIC_MASK_ONLY,False,False,False,train,2,Y1_M0_STOSHIBA,train,True,False,False,False,False
2149,102134,102134_00001,2013-08-10 00:00:00,065Y,65.0,F,TOSHIBA,PDAC,1,histopathology,False,1,False,1,True,manual,manual_labels/102134_00001.nii.gz,6b18d4cb2f99f3e6eb834b3a082ab73d0571cb72,225023,True,True,True,False,True,PANORAMA_LOCAL,PRIMARY_MODEL_DEVELOPMENT,False,True,TISSUE_CONFIRMED,TOSHIBA,PRIMARY_MANUAL_PDAC_REFERENCE,False,False,False,train,4,Y1_M1_STOSHIBA,train,True,False,False,False,False
2150,102135,102135_00001,2019-03-12 00:00:00,074Y,74.0,F,Philips,non-PDAC,0,pathology,False,1,False,1,True,automatic,automatic_labels/102135_00001.nii.gz,89f046341b93f6a906c2b15a49fd81c8e5db1390,330844,True,True,False,True,False,PANORAMA_LOCAL,PRIMARY_MODEL_DEVELOPMENT,False,True,TISSUE_CONFIRMED,Philips,AUXILIARY_AUTOMATIC_MASK_ONLY,False,False,False,train,1,Y0_M0_SPhilips,train,True,False,False,False,False
2151,102136,102136_00001,2015-10-31 00:00:00,,,,,non-PDAC,0,NIH_dataset,True,1,False,1,True,automatic,automatic_labels/102136_00001.nii.gz,1f2859b2fb42863b8ef6f9f64ea4350d0ac69b8a,475777,True,True,False,True,False,NIH_NEGATIVE_STRESS,LOCKED_NEGATIVE_SPECIFICITY_STRESS_TEST,True,False,NIH_DATASET_DERIVED,[MISSING],AUXILIARY_AUTOMATIC_MASK_ONLY,False,False,True,,-1,,nih_negative_stress_test,False,False,False,True,False
2152,102137,102137_00001,2019-02-02 00:00:00,061Y,61.0,F,Philips,PDAC,1,histopathology,False,1,False,1,True,automatic,automatic_labels/102137_00001.nii.gz,13ec262134019cda25b1bf531f17a945fdc5eb71,285193,True,True,False,True,False,PANORAMA_LOCAL,PRIMARY_MODEL_DEVELOPMENT,False,True,TISSUE_CONFIRMED,Philips,AUXILIARY_AUTOMATIC_MASK_ONLY,False,False,False,train,4,Y1_M0_SPhilips,train,True,False,False,False,False
2153,102138,102138_00001,2013-06-11 00:00:00,078Y,78.0,F,Philips,PDAC,1,histopathology,False,1,False,1,True,automatic,automatic_labels/102138_00001.nii.gz,ed49028b325d1b7a583b64e3becb6dd5853645d0,157820,True,True,False,True,False,PANORAMA_LOCAL,PRIMARY_MODEL_DEVELOPMENT,False,True,TISSUE_CONFIRMED,Philips,AUXILIARY_AUTOMATIC_MASK_ONLY,False,False,False,internal_test,-1,Y1_M0_SPhilips,internal_test,False,False,False,True,False
2154,102139,102139_00001,2021-09-04 00:00:00,061Y,61.0,F,SIEMENS,PDAC,1,histopathology,False,1,False,1,True,manual,manual_labels/102139_00001.nii.gz,6f8b912d1b1f05a925443432faf1bbcf5f82f5cd,274357,True,True,True,False,True,PANORAMA_LOCAL,PRIMARY_MODEL_DEVELOPMENT,False,True,TISSUE_CONFIRMED,SIEMENS,PRIMARY_MANUAL_PDAC_REFERENCE,False,False,False,train,4,Y1_M1_SSIEMENS,train,True,False,False,False,False
2155,102140,102140_00001,2019-02-12 00:00:00,070Y,70.0,F,Philips,PDAC,1,histopathology,False,1,False,1,True,automatic,automatic_labels/102140_00001.nii.gz,db0b4218c4a293094e14f645b0660ce1d145a49e,248524,True,True,False,True,False,PANORAMA_LOCAL,PRIMARY_MODEL_DEVELOPMENT,False,True,TISSUE_CONFIRMED,Philips,AUXILIARY_AUTOMATIC_MASK_ONLY,False,False,False,train,3,Y1_M0_SPhilips,train,True,False,False,False,False
2156,102141,102141_00001,,,,,,PDAC,1,MSD_dataset,True,1,False,1,True,manual,manual_labels/102141_00001.nii.gz,632b7af806e4ada68372e4c7e782823877c55b01,200817,True,True,True,False,True,MSD_EXTERNAL_MIXED,LOCKED_EXTERNAL_MIXED_TEST,True,False,MSD_DATASET_DERIVED,[MISSING],PRIMARY_MANUAL_PDAC_REFERENCE,True,True,False,,-1,,external_msd_test,False,False,False,True,True
2157,102142,102142_00001,2016-08-18 00:00:00,068Y,68.0,M,SIEMENS,non-PDAC,0,radiology,False,1,False,1,True,automatic,automatic_labels/102142_00001.nii.gz,5693f1a1c72b51af60e39af757fbc04358c0320c,641437,True,True,False,True,False,PANORAMA_LOCAL,PRIMARY_MODEL_DEVELOPMENT,False,True,RADIOLOGY_NO_DOCUMENTED_FOLLOWUP,SIEMENS,AUXILIARY_AUTOMATIC_MASK_ONLY,False,False,False,train,1,Y0_M0_SSIEMENS,train,True,False,False,False,False
2158,102143,102143_00001,2015-10-30 00:00:00,066Y,66.0,F,SIEMENS,non-PDAC,0,radiology,False,1,False,1,True,automatic,automatic_labels/102143_00001.nii.gz,db6683b362749b2251e17c6dcc61c92781703a49,903492,True,True,False,True,False,PANORAMA_LOCAL,PRIMARY_MODEL_DEVELOPMENT,False,True,RADIOLOGY_NO_DOCUMENTED_FOLLOWUP,SIEMENS,AUXILIARY_AUTOMATIC_MASK_ONLY,False,False,False,train,0,Y0_M0_SSIEMENS,train,True,False,False,False,False
2159,102144,102144_00001,2015-10-07 00:00:00,070Y,70.0,F,SIEMENS,non-PDAC,0,radiology,False,1,False,1,True,automatic,automatic_labels/102144_00001.nii.gz,817dd30e315e0d2df788366f77cbc6f2920654a4,439456,True,True,False,True,False,PANORAMA_LOCAL,PRIMARY_MODEL_DEVELOPMENT,False,True,RADIOLOGY_NO_DOCUMENTED_FOLLOWUP,SIEMENS,AUXILIARY_AUTOMATIC_MASK_ONLY,False,False,False,train,2,Y0_M0_SSIEMENS,train,True,False,False,False,False
2160,102145,102145_00001,2016-10-19 00:00:00,076Y,76.0,M,TOSHIBA,non-PDAC,0,histopathology,False,1,False,1,True,automatic,automatic_labels/102145_00001.nii.gz,524b765d372b6ff754fc39195de4e1146c355bfe,202916,True,True,False,True,False,PANORAMA_LOCAL,PRIMARY_MODEL_DEVELOPMENT,False,True,TISSUE_CONFIRMED,TOSHIBA,AUXILIARY_AUTOMATIC_MASK_ONLY,False,False,False,train,1,Y0_M0_STOSHIBA,train,True,False,False,False,False
2161,102146,102146_00001,2009-04-24 00:00:00,063Y,63.0,F,SIEMENS,non-PDAC,0,radiology,False,1,False,1,True,automatic,automatic_labels/102146_00001.nii.gz,3ef737bb6e3ef0aed272ff0ed04c3322cdd01c94,317707,True,True,False,True,False,PANORAMA_LOCAL,PRIMARY_MODEL_DEVELOPMENT,False,True,RADIOLOGY_NO_DOCUMENTED_FOLLOWUP,SIEMENS,AUXILIARY_AUTOMATIC_MASK_ONLY,False,False,False,train,2,Y0_M0_SSIEMENS,train,True,False,False,False,False
2162,102147,102147_00001,2017-09-07 00:00:00,075Y,75.0,F,TOSHIBA,PDAC,1,cytology,False,1,False,1,True,automatic,automatic_labels/102147_00001.nii.gz,d2eef59cac4c757d400a051313b93379c0897eb1,380188,True,True,False,True,False,PANORAMA_LOCAL,PRIMARY_MODEL_DEVELOPMENT,False,True,CYTOLOGY_CONFIRMED,TOSHIBA,AUXILIARY_AUTOMATIC_MASK_ONLY,False,False,False,validation,-1,Y1_M0_STOSHIBA,validation,False,True,True,False,False
2163,102148,102148_00001,2017-06-22 00:00:00,064Y,64.0,M,TOSHIBA,non-PDAC,0,radiology,False,1,False,1,True,automatic,automatic_labels/102148_00001.nii.gz,d815e707061f98bacc1544a11260cd3afd02608a,627827,True,True,False,True,False,PANORAMA_LOCAL,PRIMARY_MODEL_DEVELOPMENT,False,True,RADIOLOGY_NO_DOCUMENTED_FOLLOWUP,TOSHIBA,AUXILIARY_AUTOMATIC_MASK_ONLY,False,False,False,train,4,Y0_M0_STOSHIBA,train,True,False,False,False,False
2164,102149,102149_00001,2021-06-09 00:00:00,077Y,77.0,F,Philips,PDAC,1,histopathology,False,1,False,1,True,manual,manual_labels/102149_00001.nii.gz,f979df5f146181f645b6102c08e9230ca3f112b7,339933,True,True,True,False,True,PANORAMA_LOCAL,PRIMARY_MODEL_DEVELOPMENT,False,True,TISSUE_CONFIRMED,Philips,PRIMARY_MANUAL_PDAC_REFERENCE,False,False,False,train,3,Y1_M1_SPhilips,train,True,False,False,False,False
2165,102150,102150_00001,2016-04-26 00:00:00,070Y,70.0,M,TOSHIBA,non-PDAC,0,radiology,False,1,False,1,True,automatic,automatic_labels/102150_00001.nii.gz,d4cb5ee6302af8b6c58fe0d0550ab5d43fdd251f,240332,True,True,False,True,False,PANORAMA_LOCAL,PRIMARY_MODEL_DEVELOPMENT,False,True,RADIOLOGY_NO_DOCUMENTED_FOLLOWUP,TOSHIBA,AUXILIARY_AUTOMATIC_MASK_ONLY,False,False,False,train,4,Y0_M0_STOSHIBA,train,True,False,False,False,False
2166,102151,102151_00001,2019-10-11 00:00:00,060Y,60.0,M,SIEMENS,non-PDAC,0,radiology,False,1,False,1,True,automatic,automatic_labels/102151_00001.nii.gz,35e6391e1b9e03c483efae963c5b78d817c85b1a,679476,True,True,False,True,False,PANORAMA_LOCAL,PRIMARY_MODEL_DEVELOPMENT,False,True,RADIOLOGY_NO_DOCUMENTED_FOLLOWUP,SIEMENS,AUXILIARY_AUTOMATIC_MASK_ONLY,False,False,False,train,2,Y0_M0_SSIEMENS,train,True,False,False,False,False
2167,102152,102152_00001,2014-01-09 00:00:00,090Y,90.0,M,SIEMENS,non-PDAC,0,radiology,False,1,False,1,True,automatic,automatic_labels/102152_00001.nii.gz,dcae3cbc5009d13da18d174950c2ff2b02113c1b,659816,True,True,False,True,False,PANORAMA_LOCAL,PRIMARY_MODEL_DEVELOPMENT,False,True,RADIOLOGY_NO_DOCUMENTED_FOLLOWUP,SIEMENS,AUXILIARY_AUTOMATIC_MASK_ONLY,False,False,False,internal_test,-1,Y0_M0_SSIEMENS,internal_test,False,False,False,True,False
2168,102153,102153_00001,2015-12-04 00:00:00,064Y,64.0,M,SIEMENS,non-PDAC,0,radiology,False,1,False,1,True,automatic,automatic_labels/102153_00001.nii.gz,e070e069d8518da42324cd9d41079ff6146385a1,333530,True,True,False,True,False,PANORAMA_LOCAL,PRIMARY_MODEL_DEVELOPMENT,False,True,RADIOLOGY_NO_DOCUMENTED_FOLLOWUP,SIEMENS,AUXILIARY_AUTOMATIC_MASK_ONLY,False,False,False,train,1,Y0_M0_SSIEMENS,train,True,False,False,False,False
2169,102154,102154_00001,2018-09-28 00:00:00,059Y,59.0,M,TOSHIBA,non-PDAC,0,radiology,False,1,False,1,True,automatic,automatic_labels/102154_00001.nii.gz,c0b540c053051562edc58e2f040b8e8fed227df5,343700,True,True,False,True,False,PANORAMA_LOCAL,PRIMARY_MODEL_DEVELOPMENT,False,True,RADIOLOGY_NO_DOCUMENTED_FOLLOWUP,TOSHIBA,AUXILIARY_AUTOMATIC_MASK_ONLY,False,False,False,train,2,Y0_M0_STOSHIBA,train,True,False,False,False,False
2170,102155,102155_00001,,,,,,non-PDAC,0,MSD_dataset,True,1,False,1,True,automatic,automatic_labels/102155_00001.nii.gz,cd310a9b82db592d83748e107d7ba9ec101a6d8d,1609782,True,True,False,True,False,MSD_EXTERNAL_MIXED,LOCKED_EXTERNAL_MIXED_TEST,True,False,MSD_DATASET_DERIVED,[MISSING],AUXILIARY_AUTOMATIC_MASK_ONLY,True,False,False,,-1,,external_msd_test,False,False,False,True,False
2171,102156,102156_00001,2016-04-06 00:00:00,078Y,78.0,F,Philips,PDAC,1,cytology,False,1,False,1,True,manual,manual_labels/102156_00001.nii.gz,38901bd47f4c9f6b4307ca0e87728f5c1c6631d6,86558,True,True,True,False,True,PANORAMA_LOCAL,PRIMARY_MODEL_DEVELOPMENT,False,True,CYTOLOGY_CONFIRMED,Philips,PRIMARY_MANUAL_PDAC_REFERENCE,False,False,False,train,2,Y1_M1_SPhilips,train,True,False,False,False,False
2172,102157,102157_00001,2017-04-23 00:00:00,064Y,64.0,M,SIEMENS,non-PDAC,0,radiology,False,1,False,1,True,automatic,automatic_labels/102157_00001.nii.gz,1afff92bdf841d60b71822eaca509cbd763923ab,728779,True,True,False,True,False,PANORAMA_LOCAL,PRIMARY_MODEL_DEVELOPMENT,False,True,RADIOLOGY_NO_DOCUMENTED_FOLLOWUP,SIEMENS,AUXILIARY_AUTOMATIC_MASK_ONLY,False,False,False,train,2,Y0_M0_SSIEMENS,train,True,False,False,False,False
2173,102158,102158_00001,2014-10-13 00:00:00,082Y,82.0,F,SIEMENS,non-PDAC,0,radiology,False,1,False,1,True,automatic,automatic_labels/102158_00001.nii.gz,99de62d55884f5e2ff712e7710c105b8ded3ef7d,546454,True,True,False,True,False,PANORAMA_LOCAL,PRIMARY_MODEL_DEVELOPMENT,False,True,RADIOLOGY_NO_DOCUMENTED_FOLLOWUP,SIEMENS,AUXILIARY_AUTOMATIC_MASK_ONLY,False,False,False,validation,-1,Y0_M0_SSIEMENS,validation,False,True,True,False,False
2174,102159,102159_00001,2018-07-08 00:00:00,089Y,89.0,F,TOSHIBA,PDAC,1,pathology,False,1,False,1,True,manual,manual_labels/102159_00001.nii.gz,f3572b4853919fc040b9718dcafd46335094d11e,159081,True,True,True,False,True,PANORAMA_LOCAL,PRIMARY_MODEL_DEVELOPMENT,False,True,TISSUE_CONFIRMED,TOSHIBA,PRIMARY_MANUAL_PDAC_REFERENCE,False,False,False,train,0,Y1_M1_STOSHIBA,train,True,False,False,False,False
2175,102160,102160_00001,2015-04-11 00:00:00,064Y,64.0,M,TOSHIBA,PDAC,1,histopathology,False,1,False,1,True,automatic,automatic_labels/102160_00001.nii.gz,0753a0608b8efcc95b840249d69aad0c2d116a61,1815609,True,True,False,True,False,PANORAMA_LOCAL,PRIMARY_MODEL_DEVELOPMENT,False,True,TISSUE_CONFIRMED,TOSHIBA,AUXILIARY_AUTOMATIC_MASK_ONLY,False,False,False,train,4,Y1_M0_STOSHIBA,train,True,False,False,False,False
2176,102161,102161_00001,2019-11-23 00:00:00,049Y,49.0,M,SIEMENS,non-PDAC,0,radiology,False,1,False,1,True,automatic,automatic_labels/102161_00001.nii.gz,e9ed9923650023f9778c4bb92e167e5e578fd687,636443,True,True,False,True,False,PANORAMA_LOCAL,PRIMARY_MODEL_DEVELOPMENT,False,True,RADIOLOGY_NO_DOCUMENTED_FOLLOWUP,SIEMENS,AUXILIARY_AUTOMATIC_MASK_ONLY,False,False,False,train,3,Y0_M0_SSIEMENS,train,True,False,False,False,False
2177,102162,102162_00001,2014-01-06 00:00:00,065Y,65.0,F,SIEMENS,non-PDAC,0,radiology,False,1,False,1,True,automatic,automatic_labels/102162_00001.nii.gz,80f5aa9ea24f4e69c6d6a06f2ddf6d34719fa214,627828,True,True,False,True,False,PANORAMA_LOCAL,PRIMARY_MODEL_DEVELOPMENT,False,True,RADIOLOGY_NO_DOCUMENTED_FOLLOWUP,SIEMENS,AUXILIARY_AUTOMATIC_MASK_ONLY,False,False,False,internal_test,-1,Y0_M0_SSIEMENS,internal_test,False,False,False,True,False
2178,102163,102163_00001,,,,,,non-PDAC,0,MSD_dataset,True,1,False,1,True,automatic,automatic_labels/102163_00001.nii.gz,9f0fd8619e351fc7d5a1be07a22dc2d79865de3b,279052,True,True,False,True,False,MSD_EXTERNAL_MIXED,LOCKED_EXTERNAL_MIXED_TEST,True,False,MSD_DATASET_DERIVED,[MISSING],AUXILIARY_AUTOMATIC_MASK_ONLY,True,False,False,,-1,,external_msd_test,False,False,False,True,False
2179,102164,102164_00001,2021-07-18 00:00:00,073Y,73.0,M,Philips,PDAC,1,cytology,False,1,False,1,True,automatic,automatic_labels/102164_00001.nii.gz,ebbaf09c9fd9450d1641f208fe75085322bbad16,704376,True,True,False,True,False,PANORAMA_LOCAL,PRIMARY_MODEL_DEVELOPMENT,False,True,CYTOLOGY_CONFIRMED,Philips,AUXILIARY_AUTOMATIC_MASK_ONLY,False,False,False,internal_test,-1,Y1_M0_SPhilips,internal_test,False,False,False,True,False
2180,102165,102165_00001,2018-08-21 00:00:00,048Y,48.0,F,Philips,non-PDAC,0,histopathology,False,1,False,1,True,automatic,automatic_labels/102165_00001.nii.gz,11332d760cbc553577cd2aacb8cfa4f652e27a72,279801,True,True,False,True,False,PANORAMA_LOCAL,PRIMARY_MODEL_DEVELOPMENT,False,True,TISSUE_CONFIRMED,Philips,AUXILIARY_AUTOMATIC_MASK_ONLY,False,False,False,train,0,Y0_M0_SPhilips,train,True,False,False,False,False
2181,102166,102166_00001,2016-09-08 00:00:00,080Y,80.0,M,Philips,PDAC,1,pathology,False,1,False,1,True,manual,manual_labels/102166_00001.nii.gz,69186ce79ed9035ef6ccdebc0d4dac3fb32ba11f,646134,True,True,True,False,True,PANORAMA_LOCAL,PRIMARY_MODEL_DEVELOPMENT,False,True,TISSUE_CONFIRMED,Philips,PRIMARY_MANUAL_PDAC_REFERENCE,False,False,False,train,4,Y1_M1_SPhilips,train,True,False,False,False,False
2182,102167,102167_00001,2021-08-20 00:00:00,075Y,75.0,M,SIEMENS,PDAC,1,histopathology,False,1,False,1,True,automatic,automatic_labels/102167_00001.nii.gz,3ff0f71c42cbce27457e98cce592dc5cdf1e694b,463866,True,True,False,True,False,PANORAMA_LOCAL,PRIMARY_MODEL_DEVELOPMENT,False,True,TISSUE_CONFIRMED,SIEMENS,AUXILIARY_AUTOMATIC_MASK_ONLY,False,False,False,internal_test,-1,Y1_M0_SSIEMENS,internal_test,False,False,False,True,False
2183,102168,102168_00001,2020-11-27 00:00:00,073Y,73.0,M,SIEMENS,non-PDAC,0,pathology,False,1,False,1,True,automatic,automatic_labels/102168_00001.nii.gz,67ebcd29666b3791a3f15ac24da6df904c6b0c35,1667286,True,True,False,True,False,PANORAMA_LOCAL,PRIMARY_MODEL_DEVELOPMENT,False,True,TISSUE_CONFIRMED,SIEMENS,AUXILIARY_AUTOMATIC_MASK_ONLY,False,False,False,train,1,Y0_M0_SSIEMENS,train,True,False,False,False,False
2184,102169,102169_00001,2015-04-06 00:00:00,065Y,65.0,M,SIEMENS,non-PDAC,0,radiology,False,1,False,1,True,automatic,automatic_labels/102169_00001.nii.gz,e7984b28d245aebd6c665ee56432052fd59bb13c,608816,True,True,False,True,False,PANORAMA_LOCAL,PRIMARY_MODEL_DEVELOPMENT,False,True,RADIOLOGY_NO_DOCUMENTED_FOLLOWUP,SIEMENS,AUXILIARY_AUTOMATIC_MASK_ONLY,False,False,False,train,0,Y0_M0_SSIEMENS,train,True,False,False,False,False
2185,102170,102170_00001,2017-06-07 00:00:00,082Y,82.0,M,SIEMENS,non-PDAC,0,radiology,False,1,False,1,True,automatic,automatic_labels/102170_00001.nii.gz,19cfcfef227910287a5a8367325464f48a0c7b47,675882,True,True,False,True,False,PANORAMA_LOCAL,PRIMARY_MODEL_DEVELOPMENT,False,True,RADIOLOGY_NO_DOCUMENTED_FOLLOWUP,SIEMENS,AUXILIARY_AUTOMATIC_MASK_ONLY,False,False,False,validation,-1,Y0_M0_SSIEMENS,validation,False,True,True,False,False
2186,102171,102171_00001,,,,,,PDAC,1,MSD_dataset,True,1,False,1,True,manual,manual_labels/102171_00001.nii.gz,790b8a31ac10432c061eed1122fe13b0ab2c4215,67166,True,True,True,False,True,MSD_EXTERNAL_MIXED,LOCKED_EXTERNAL_MIXED_TEST,True,False,MSD_DATASET_DERIVED,[MISSING],PRIMARY_MANUAL_PDAC_REFERENCE,True,True,False,,-1,,external_msd_test,False,False,False,True,True
2187,102172,102172_00001,,,,,,non-PDAC,0,MSD_dataset,True,1,False,1,True,automatic,automatic_labels/102172_00001.nii.gz,8e6fd02853f1ed7017e6e8975149d3b67bd8273f,257317,True,True,False,True,False,MSD_EXTERNAL_MIXED,LOCKED_EXTERNAL_MIXED_TEST,True,False,MSD_DATASET_DERIVED,[MISSING],AUXILIARY_AUTOMATIC_MASK_ONLY,True,False,False,,-1,,external_msd_test,False,False,False,True,False
2188,102173,102173_00001,2019-11-21 00:00:00,065Y,65.0,M,TOSHIBA,non-PDAC,0,histopathology,False,1,False,1,True,automatic,automatic_labels/102173_00001.nii.gz,d90359571d978c5364cb6af8e28db543bfb882d7,1891902,True,True,False,True,False,PANORAMA_LOCAL,PRIMARY_MODEL_DEVELOPMENT,False,True,TISSUE_CONFIRMED,TOSHIBA,AUXILIARY_AUTOMATIC_MASK_ONLY,False,False,False,train,2,Y0_M0_STOSHIBA,train,True,False,False,False,False
2189,102174,102174_00001,2016-01-19 00:00:00,049Y,49.0,M,TOSHIBA,non-PDAC,0,radiology,False,1,False,1,True,automatic,automatic_labels/102174_00001.nii.gz,408010062ef665d1870232e0fc7b8d644f00a3d5,646336,True,True,False,True,False,PANORAMA_LOCAL,PRIMARY_MODEL_DEVELOPMENT,False,True,RADIOLOGY_NO_DOCUMENTED_FOLLOWUP,TOSHIBA,AUXILIARY_AUTOMATIC_MASK_ONLY,False,False,False,train,1,Y0_M0_STOSHIBA,train,True,False,False,False,False
2190,102175,102175_00001,2017-12-07 00:00:00,073Y,73.0,M,Philips,non-PDAC,0,pathology,False,1,False,1,True,automatic,automatic_labels/102175_00001.nii.gz,e28e7af54399f3ab1a2fc8105b9625b5927ae3c6,958739,True,True,False,True,False,PANORAMA_LOCAL,PRIMARY_MODEL_DEVELOPMENT,False,True,TISSUE_CONFIRMED,Philips,AUXILIARY_AUTOMATIC_MASK_ONLY,False,False,False,validation,-1,Y0_M0_SPhilips,validation,False,True,True,False,False
2191,102176,102176_00001,,,,,,non-PDAC,0,MSD_dataset,True,1,False,1,True,automatic,automatic_labels/102176_00001.nii.gz,b9abc68dc20e573489fa98428c558c8065df4d2c,261406,True,True,False,True,False,MSD_EXTERNAL_MIXED,LOCKED_EXTERNAL_MIXED_TEST,True,False,MSD_DATASET_DERIVED,[MISSING],AUXILIARY_AUTOMATIC_MASK_ONLY,True,False,False,,-1,,external_msd_test,False,False,False,True,False
2192,102177,102177_00001,2016-10-06 00:00:00,046Y,46.0,F,TOSHIBA,non-PDAC,0,radiology,False,1,False,1,True,automatic,automatic_labels/102177_00001.nii.gz,aa742ca01ae9d884e01455e84672de99d1406aa9,580593,True,True,False,True,False,PANORAMA_LOCAL,PRIMARY_MODEL_DEVELOPMENT,False,True,RADIOLOGY_NO_DOCUMENTED_FOLLOWUP,TOSHIBA,AUXILIARY_AUTOMATIC_MASK_ONLY,False,False,False,train,3,Y0_M0_STOSHIBA,train,True,False,False,False,False
2193,102178,102178_00001,2015-03-06 00:00:00,063Y,63.0,M,SIEMENS,non-PDAC,0,radiology,False,1,False,1,True,automatic,automatic_labels/102178_00001.nii.gz,fdca4b8255853ab7472315593d79cd78e2adfd12,339197,True,True,False,True,False,PANORAMA_LOCAL,PRIMARY_MODEL_DEVELOPMENT,False,True,RADIOLOGY_NO_DOCUMENTED_FOLLOWUP,SIEMENS,AUXILIARY_AUTOMATIC_MASK_ONLY,False,False,False,train,0,Y0_M0_SSIEMENS,train,True,False,False,False,False
2194,102179,102179_00001,2020-07-14 00:00:00,074Y,74.0,M,Philips,PDAC,1,histopathology,False,1,False,1,True,manual,manual_labels/102179_00001.nii.gz,a569740fbd1983025304fba66a7a9c34310f9e5e,129936,True,True,True,False,True,PANORAMA_LOCAL,PRIMARY_MODEL_DEVELOPMENT,False,True,TISSUE_CONFIRMED,Philips,PRIMARY_MANUAL_PDAC_REFERENCE,False,False,False,train,0,Y1_M1_SPhilips,train,True,False,False,False,False
2195,102180,102180_00001,2017-08-05 00:00:00,048Y,48.0,M,SIEMENS,non-PDAC,0,radiology,False,1,False,1,True,automatic,automatic_labels/102180_00001.nii.gz,0f38f523af517e825231d7b511fdce9a427ced6d,673513,True,True,False,True,False,PANORAMA_LOCAL,PRIMARY_MODEL_DEVELOPMENT,False,True,RADIOLOGY_NO_DOCUMENTED_FOLLOWUP,SIEMENS,AUXILIARY_AUTOMATIC_MASK_ONLY,False,False,False,train,0,Y0_M0_SSIEMENS,train,True,False,False,False,False
2196,102181,102181_00001,2019-01-05 00:00:00,083Y,83.0,M,SIEMENS,PDAC,1,histopathology,False,1,False,1,True,manual,manual_labels/102181_00001.nii.gz,b7e98a6159e900b2015f515a42f5e6bf0675c583,86555,True,True,True,False,True,PANORAMA_LOCAL,PRIMARY_MODEL_DEVELOPMENT,False,True,TISSUE_CONFIRMED,SIEMENS,PRIMARY_MANUAL_PDAC_REFERENCE,False,False,False,train,2,Y1_M1_SSIEMENS,train,True,False,False,False,False
2197,102182,102182_00001,2018-02-27 00:00:00,073Y,73.0,M,TOSHIBA,non-PDAC,0,radiology,False,1,False,1,True,automatic,automatic_labels/102182_00001.nii.gz,c2f84ad02986fd34c79e6b30e0a9b85537592dff,603524,True,True,False,True,False,PANORAMA_LOCAL,PRIMARY_MODEL_DEVELOPMENT,False,True,RADIOLOGY_NO_DOCUMENTED_FOLLOWUP,TOSHIBA,AUXILIARY_AUTOMATIC_MASK_ONLY,False,False,False,train,1,Y0_M0_STOSHIBA,train,True,False,False,False,False
2198,102183,102183_00001,2015-11-28 00:00:00,048Y,48.0,M,SIEMENS,non-PDAC,0,radiology,False,1,False,1,True,automatic,automatic_labels/102183_00001.nii.gz,14b4e09d9e2e15e9b085ed7d8e8411573e163784,608739,True,True,False,True,False,PANORAMA_LOCAL,PRIMARY_MODEL_DEVELOPMENT,False,True,RADIOLOGY_NO_DOCUMENTED_FOLLOWUP,SIEMENS,AUXILIARY_AUTOMATIC_MASK_ONLY,False,False,False,train,0,Y0_M0_SSIEMENS,train,True,False,False,False,False
2199,102184,102184_00001,2017-12-13 00:00:00,081Y,81.0,M,SIEMENS,non-PDAC,0,radiology,False,1,False,1,True,automatic,automatic_labels/102184_00001.nii.gz,d7464164ea016d15e56c26e848ef91df3aa9123d,1059694,True,True,False,True,False,PANORAMA_LOCAL,PRIMARY_MODEL_DEVELOPMENT,False,True,RADIOLOGY_NO_DOCUMENTED_FOLLOWUP,SIEMENS,AUXILIARY_AUTOMATIC_MASK_ONLY,False,False,False,train,0,Y0_M0_SSIEMENS,train,True,False,False,False,False
2200,102185,102185_00001,2015-10-03 00:00:00,075Y,75.0,F,TOSHIBA,non-PDAC,0,radiology,False,1,False,1,True,automatic,automatic_labels/102185_00001.nii.gz,a868f856e2bcdfdefca545c3f5f6c9707d427954,347527,True,True,False,True,False,PANORAMA_LOCAL,PRIMARY_MODEL_DEVELOPMENT,False,True,RADIOLOGY_NO_DOCUMENTED_FOLLOWUP,TOSHIBA,AUXILIARY_AUTOMATIC_MASK_ONLY,False,False,False,train,2,Y0_M0_STOSHIBA,train,True,False,False,False,False
2201,102186,102186_00001,2015-07-25 00:00:00,043Y,43.0,F,SIEMENS,non-PDAC,0,radiology,False,1,False,1,True,automatic,automatic_labels/102186_00001.nii.gz,a4fefb5e409a025488b0bc5677cf2d9d4273d253,540843,True,True,False,True,False,PANORAMA_LOCAL,PRIMARY_MODEL_DEVELOPMENT,False,True,RADIOLOGY_NO_DOCUMENTED_FOLLOWUP,SIEMENS,AUXILIARY_AUTOMATIC_MASK_ONLY,False,False,False,train,0,Y0_M0_SSIEMENS,train,True,False,False,False,False
2202,102187,102187_00001,2018-07-21 00:00:00,082Y,82.0,F,TOSHIBA,non-PDAC,0,radiology,False,1,False,1,True,automatic,automatic_labels/102187_00001.nii.gz,25fd03780cc27308489507e1a922fa4ffa27c926,223520,True,True,False,True,False,PANORAMA_LOCAL,PRIMARY_MODEL_DEVELOPMENT,False,True,RADIOLOGY_NO_DOCUMENTED_FOLLOWUP,TOSHIBA,AUXILIARY_AUTOMATIC_MASK_ONLY,False,False,False,train,2,Y0_M0_STOSHIBA,train,True,False,False,False,False
2203,102188,102188_00001,2018-05-02 00:00:00,067Y,67.0,F,Philips,non-PDAC,0,pathology,False,1,False,1,True,automatic,automatic_labels/102188_00001.nii.gz,af8e83d4bf7defc8990bd8aee9d6308df51025d6,1964932,True,True,False,True,False,PANORAMA_LOCAL,PRIMARY_MODEL_DEVELOPMENT,False,True,TISSUE_CONFIRMED,Philips,AUXILIARY_AUTOMATIC_MASK_ONLY,False,False,False,train,3,Y0_M0_SPhilips,train,True,False,False,False,False
2204,102189,102189_00001,2015-12-14 00:00:00,,,,,non-PDAC,0,NIH_dataset,True,1,False,1,True,automatic,automatic_labels/102189_00001.nii.gz,283092e1da2a5ec7fcad612c581e339049470aee,482138,True,True,False,True,False,NIH_NEGATIVE_STRESS,LOCKED_NEGATIVE_SPECIFICITY_STRESS_TEST,True,False,NIH_DATASET_DERIVED,[MISSING],AUXILIARY_AUTOMATIC_MASK_ONLY,False,False,True,,-1,,nih_negative_stress_test,False,False,False,True,False
2205,102190,102190_00001,2019-02-14 00:00:00,060Y,60.0,F,Philips,PDAC,1,pathology,False,1,False,1,True,automatic,automatic_labels/102190_00001.nii.gz,79d22210ccfb935063c35cdbc7aef70f0f546aff,330029,True,True,False,True,False,PANORAMA_LOCAL,PRIMARY_MODEL_DEVELOPMENT,False,True,TISSUE_CONFIRMED,Philips,AUXILIARY_AUTOMATIC_MASK_ONLY,False,False,False,train,2,Y1_M0_SPhilips,train,True,False,False,False,False
2206,102191,102191_00001,2022-01-04 00:00:00,082Y,82.0,M,Philips,PDAC,1,histopathology,False,1,False,1,True,manual,manual_labels/102191_00001.nii.gz,f4ac6aba8b0b83a77d73cf2283183205ab125c28,370696,True,True,True,False,True,PANORAMA_LOCAL,PRIMARY_MODEL_DEVELOPMENT,False,True,TISSUE_CONFIRMED,Philips,PRIMARY_MANUAL_PDAC_REFERENCE,False,False,False,train,4,Y1_M1_SPhilips,train,True,False,False,False,False
2207,102192,102192_00001,2013-12-31 00:00:00,065Y,65.0,F,SIEMENS,non-PDAC,0,radiology,False,1,False,1,True,automatic,automatic_labels/102192_00001.nii.gz,5a9eaba80c72eeef98c187b52f1ccbf6a6881698,226631,True,True,False,True,False,PANORAMA_LOCAL,PRIMARY_MODEL_DEVELOPMENT,False,True,RADIOLOGY_NO_DOCUMENTED_FOLLOWUP,SIEMENS,AUXILIARY_AUTOMATIC_MASK_ONLY,False,False,False,train,1,Y0_M0_SSIEMENS,train,True,False,False,False,False
2208,102193,102193_00001,2018-11-05 00:00:00,074Y,74.0,M,SIEMENS,PDAC,1,cytology,False,1,False,1,True,manual,manual_labels/102193_00001.nii.gz,39fe316cca96fae893837b34d49eb0f6541eab0b,124649,True,True,True,False,True,PANORAMA_LOCAL,PRIMARY_MODEL_DEVELOPMENT,False,True,CYTOLOGY_CONFIRMED,SIEMENS,PRIMARY_MANUAL_PDAC_REFERENCE,False,False,False,train,2,Y1_M1_SSIEMENS,train,True,False,False,False,False
2209,102194,102194_00001,2016-10-06 00:00:00,061Y,61.0,F,TOSHIBA,non-PDAC,0,radiology,False,1,False,1,True,automatic,automatic_labels/102194_00001.nii.gz,72c56603caca9f1d0953a19307b73edb5a1241ff,572369,True,True,False,True,False,PANORAMA_LOCAL,PRIMARY_MODEL_DEVELOPMENT,False,True,RADIOLOGY_NO_DOCUMENTED_FOLLOWUP,TOSHIBA,AUXILIARY_AUTOMATIC_MASK_ONLY,False,False,False,train,2,Y0_M0_STOSHIBA,train,True,False,False,False,False
2210,102195,102195_00001,2020-06-19 00:00:00,077Y,77.0,M,TOSHIBA,PDAC,1,cytology,False,1,False,1,True,automatic,automatic_labels/102195_00001.nii.gz,6fe002c279de3f9944a5ea818094d4db833ef070,318392,True,True,False,True,False,PANORAMA_LOCAL,PRIMARY_MODEL_DEVELOPMENT,False,True,CYTOLOGY_CONFIRMED,TOSHIBA,AUXILIARY_AUTOMATIC_MASK_ONLY,False,False,False,validation,-1,Y1_M0_STOSHIBA,validation,False,True,True,False,False
2211,102196,102196_00001,2017-03-20 00:00:00,084Y,84.0,F,TOSHIBA,non-PDAC,0,radiology,False,1,False,1,True,automatic,automatic_labels/102196_00001.nii.gz,4023166858eb44f075ceccfc81e25a721a75a7d6,1557872,True,True,False,True,False,PANORAMA_LOCAL,PRIMARY_MODEL_DEVELOPMENT,False,True,RADIOLOGY_NO_DOCUMENTED_FOLLOWUP,TOSHIBA,AUXILIARY_AUTOMATIC_MASK_ONLY,False,False,False,train,1,Y0_M0_STOSHIBA,train,True,False,False,False,False
2212,102197,102197_00001,2015-03-26 00:00:00,090Y,90.0,F,TOSHIBA,non-PDAC,0,radiology,False,1,False,1,True,automatic,automatic_labels/102197_00001.nii.gz,b3ed500d5e1618a078a7feee39e3368f74cd7daa,392802,True,True,False,True,False,PANORAMA_LOCAL,PRIMARY_MODEL_DEVELOPMENT,False,True,RADIOLOGY_NO_DOCUMENTED_FOLLOWUP,TOSHIBA,AUXILIARY_AUTOMATIC_MASK_ONLY,False,False,False,train,1,Y0_M0_STOSHIBA,train,True,False,False,False,False
2213,102198,102198_00001,2018-03-23 00:00:00,085Y,85.0,F,TOSHIBA,non-PDAC,0,radiology,False,1,False,1,True,automatic,automatic_labels/102198_00001.nii.gz,d4e2f53b38f1f5fac59bce9d3acfc105542a6958,187872,True,True,False,True,False,PANORAMA_LOCAL,PRIMARY_MODEL_DEVELOPMENT,False,True,RADIOLOGY_NO_DOCUMENTED_FOLLOWUP,TOSHIBA,AUXILIARY_AUTOMATIC_MASK_ONLY,False,False,False,train,2,Y0_M0_STOSHIBA,train,True,False,False,False,False
2214,102199,102199_00001,2017-11-23 00:00:00,055Y,55.0,M,SIEMENS,non-PDAC,0,radiology,False,1,False,1,True,automatic,automatic_labels/102199_00001.nii.gz,9803c5b4970663e8ed9a2e483bfbbe1fb0692836,1527356,True,True,False,True,False,PANORAMA_LOCAL,PRIMARY_MODEL_DEVELOPMENT,False,True,RADIOLOGY_NO_DOCUMENTED_FOLLOWUP,SIEMENS,AUXILIARY_AUTOMATIC_MASK_ONLY,False,False,False,train,0,Y0_M0_SSIEMENS,train,True,False,False,False,False
2215,102200,102200_00001,2018-11-01 00:00:00,062Y,62.0,M,TOSHIBA,non-PDAC,0,radiology,False,1,False,1,True,automatic,automatic_labels/102200_00001.nii.gz,119dd7e2773a3441411e5b42747874cae864f3fe,1433403,True,True,False,True,False,PANORAMA_LOCAL,PRIMARY_MODEL_DEVELOPMENT,False,True,RADIOLOGY_NO_DOCUMENTED_FOLLOWUP,TOSHIBA,AUXILIARY_AUTOMATIC_MASK_ONLY,False,False,False,train,1,Y0_M0_STOSHIBA,train,True,False,False,False,False
2216,102201,102201_00001,2018-08-10 00:00:00,081Y,81.0,M,TOSHIBA,non-PDAC,0,radiology,False,1,False,1,True,automatic,automatic_labels/102201_00001.nii.gz,e6b51a2427d50708c2bf669abb70cea44d3a9a08,1577584,True,True,False,True,False,PANORAMA_LOCAL,PRIMARY_MODEL_DEVELOPMENT,False,True,RADIOLOGY_NO_DOCUMENTED_FOLLOWUP,TOSHIBA,AUXILIARY_AUTOMATIC_MASK_ONLY,False,False,False,train,0,Y0_M0_STOSHIBA,train,True,False,False,False,False
2217,102202,102202_00001,2015-03-23 00:00:00,094Y,94.0,F,SIEMENS,non-PDAC,0,radiology,False,1,False,1,True,automatic,automatic_labels/102202_00001.nii.gz,a42e5d663c888518060e5d7a5ddb45fd93aefcf1,593993,True,True,False,True,False,PANORAMA_LOCAL,PRIMARY_MODEL_DEVELOPMENT,False,True,RADIOLOGY_NO_DOCUMENTED_FOLLOWUP,SIEMENS,AUXILIARY_AUTOMATIC_MASK_ONLY,False,False,False,train,2,Y0_M0_SSIEMENS,train,True,False,False,False,False
2218,102203,102203_00001,2018-04-04 00:00:00,051Y,51.0,F,Philips,PDAC,1,radiology,False,1,False,1,True,automatic,automatic_labels/102203_00001.nii.gz,33dc4f5eecd63f40b64d3612db9a05e4369a9688,321038,True,True,False,True,False,PANORAMA_LOCAL,PRIMARY_MODEL_DEVELOPMENT,False,True,RADIOLOGY_NO_DOCUMENTED_FOLLOWUP,Philips,AUXILIARY_AUTOMATIC_MASK_ONLY,False,False,False,train,4,Y1_M0_SPhilips,train,True,False,False,False,False
2219,102204,102204_00001,2018-01-05 00:00:00,079Y,79.0,M,TOSHIBA,PDAC,1,radiology,False,1,False,1,True,automatic,automatic_labels/102204_00001.nii.gz,1f4da13518afe7fd97fa5c0602e91dda004be46d,459493,True,True,False,True,False,PANORAMA_LOCAL,PRIMARY_MODEL_DEVELOPMENT,False,True,RADIOLOGY_NO_DOCUMENTED_FOLLOWUP,TOSHIBA,AUXILIARY_AUTOMATIC_MASK_ONLY,False,False,False,internal_test,-1,Y1_M0_STOSHIBA,internal_test,False,False,False,True,False
2220,102205,102205_00001,,,,,,PDAC,1,MSD_dataset,True,1,False,1,True,manual,manual_labels/102205_00001.nii.gz,482df117ea51ed05c4b758530a8dcfd6c7ca1da3,117237,True,True,True,False,True,MSD_EXTERNAL_MIXED,LOCKED_EXTERNAL_MIXED_TEST,True,False,MSD_DATASET_DERIVED,[MISSING],PRIMARY_MANUAL_PDAC_REFERENCE,True,True,False,,-1,,external_msd_test,False,False,False,True,True
2221,102206,102206_00001,2019-09-07 00:00:00,063Y,63.0,F,Philips,PDAC,1,histopathology,False,1,False,1,True,manual,manual_labels/102206_00001.nii.gz,75879abdc3da3c78d146cfd66913ec8aa9e11e86,108358,True,True,True,False,True,PANORAMA_LOCAL,PRIMARY_MODEL_DEVELOPMENT,False,True,TISSUE_CONFIRMED,Philips,PRIMARY_MANUAL_PDAC_REFERENCE,False,False,False,train,3,Y1_M1_SPhilips,train,True,False,False,False,False
2222,102207,102207_00001,2018-11-16 00:00:00,029Y,29.0,F,TOSHIBA,non-PDAC,0,cytology,False,1,False,1,True,automatic,automatic_labels/102207_00001.nii.gz,b832a7f3f8514031f9d4b785831f8f33d48689a7,1358301,True,True,False,True,False,PANORAMA_LOCAL,PRIMARY_MODEL_DEVELOPMENT,False,True,CYTOLOGY_CONFIRMED,TOSHIBA,AUXILIARY_AUTOMATIC_MASK_ONLY,False,False,False,train,0,Y0_M0_STOSHIBA,train,True,False,False,False,False
2223,102208,102208_00001,2017-05-06 00:00:00,077Y,77.0,M,TOSHIBA,PDAC,1,pathology,False,1,False,1,True,manual,manual_labels/102208_00001.nii.gz,33b956d53e98e82d2500977c34a27d7f738e76fb,1338342,True,True,True,False,True,PANORAMA_LOCAL,PRIMARY_MODEL_DEVELOPMENT,False,True,TISSUE_CONFIRMED,TOSHIBA,PRIMARY_MANUAL_PDAC_REFERENCE,False,False,False,internal_test,-1,Y1_M1_STOSHIBA,internal_test,False,False,False,True,True
2224,102209,102209_00001,2020-06-01 00:00:00,069Y,69.0,M,Philips,non-PDAC,0,cytology,False,1,False,1,True,automatic,automatic_labels/102209_00001.nii.gz,a914f0b7b6f337637409760b0347161d851fffe9,1020961,True,True,False,True,False,PANORAMA_LOCAL,PRIMARY_MODEL_DEVELOPMENT,False,True,CYTOLOGY_CONFIRMED,Philips,AUXILIARY_AUTOMATIC_MASK_ONLY,False,False,False,train,4,Y0_M0_SPhilips,train,True,False,False,False,False
2225,102210,102210_00001,2017-09-19 00:00:00,088Y,88.0,F,SIEMENS,non-PDAC,0,radiology,False,1,False,1,True,automatic,automatic_labels/102210_00001.nii.gz,65be82873b07e25788445dd4b6247160acb9128d,579926,True,True,False,True,False,PANORAMA_LOCAL,PRIMARY_MODEL_DEVELOPMENT,False,True,RADIOLOGY_NO_DOCUMENTED_FOLLOWUP,SIEMENS,AUXILIARY_AUTOMATIC_MASK_ONLY,False,False,False,train,0,Y0_M0_SSIEMENS,train,True,False,False,False,False
2226,102211,102211_00001,2016-03-03 00:00:00,084Y,84.0,M,SIEMENS,non-PDAC,0,radiology,False,1,False,1,True,automatic,automatic_labels/102211_00001.nii.gz,f5163cdc6461cc3b68cc1d71ccf8bcefb254b0e4,353407,True,True,False,True,False,PANORAMA_LOCAL,PRIMARY_MODEL_DEVELOPMENT,False,True,RADIOLOGY_NO_DOCUMENTED_FOLLOWUP,SIEMENS,AUXILIARY_AUTOMATIC_MASK_ONLY,False,False,False,train,4,Y0_M0_SSIEMENS,train,True,False,False,False,False
2227,102212,102212_00001,2018-12-30 00:00:00,075Y,75.0,F,Philips,non-PDAC,0,cytology,False,1,False,1,True,automatic,automatic_labels/102212_00001.nii.gz,bcc61999963aa364a43f138dad84499ea6869fc0,2137612,True,True,False,True,False,PANORAMA_LOCAL,PRIMARY_MODEL_DEVELOPMENT,False,True,CYTOLOGY_CONFIRMED,Philips,AUXILIARY_AUTOMATIC_MASK_ONLY,False,False,False,train,0,Y0_M0_SPhilips,train,True,False,False,False,False
2228,102213,102213_00001,2014-03-23 00:00:00,083Y,83.0,F,SIEMENS,non-PDAC,0,radiology,False,1,False,1,True,automatic,automatic_labels/102213_00001.nii.gz,2a2f5de1ff9b8e35d023a284a89088671dc7c5ce,423890,True,True,False,True,False,PANORAMA_LOCAL,PRIMARY_MODEL_DEVELOPMENT,False,True,RADIOLOGY_NO_DOCUMENTED_FOLLOWUP,SIEMENS,AUXILIARY_AUTOMATIC_MASK_ONLY,False,False,False,train,1,Y0_M0_SSIEMENS,train,True,False,False,False,False
2229,102214,102214_00001,2017-09-01 00:00:00,084Y,84.0,F,SIEMENS,non-PDAC,0,radiology,False,1,False,1,True,automatic,automatic_labels/102214_00001.nii.gz,1f85e9ea588803e4996ff75c76575e4d92d95c07,574547,True,True,False,True,False,PANORAMA_LOCAL,PRIMARY_MODEL_DEVELOPMENT,False,True,RADIOLOGY_NO_DOCUMENTED_FOLLOWUP,SIEMENS,AUXILIARY_AUTOMATIC_MASK_ONLY,False,False,False,validation,-1,Y0_M0_SSIEMENS,validation,False,True,True,False,False
2230,102215,102215_00001,,,,,,non-PDAC,0,MSD_dataset,True,1,False,1,True,automatic,automatic_labels/102215_00001.nii.gz,a53b4d21d3123ca28a91eb9d85e949fc90ddf175,817610,True,True,False,True,False,MSD_EXTERNAL_MIXED,LOCKED_EXTERNAL_MIXED_TEST,True,False,MSD_DATASET_DERIVED,[MISSING],AUXILIARY_AUTOMATIC_MASK_ONLY,True,False,False,,-1,,external_msd_test,False,False,False,True,False
2231,102216,102216_00001,2009-02-12 00:00:00,066Y,66.0,M,SIEMENS,PDAC,1,pathology,False,1,False,1,True,automatic,automatic_labels/102216_00001.nii.gz,3968f00a9916247c08c01f71fc3b2d379cf723c8,719844,True,True,False,True,False,PANORAMA_LOCAL,PRIMARY_MODEL_DEVELOPMENT,False,True,TISSUE_CONFIRMED,SIEMENS,AUXILIARY_AUTOMATIC_MASK_ONLY,False,False,False,train,4,Y1_M0_SSIEMENS,train,True,False,False,False,False
2232,102217,102217_00001,2018-11-20 00:00:00,049Y,49.0,F,TOSHIBA,non-PDAC,0,radiology,False,1,False,1,True,automatic,automatic_labels/102217_00001.nii.gz,94c8e902efa59016f9bc8c5436c3eff8ead93043,323043,True,True,False,True,False,PANORAMA_LOCAL,PRIMARY_MODEL_DEVELOPMENT,False,True,RADIOLOGY_NO_DOCUMENTED_FOLLOWUP,TOSHIBA,AUXILIARY_AUTOMATIC_MASK_ONLY,False,False,False,train,4,Y0_M0_STOSHIBA,train,True,False,False,False,False
2233,102218,102218_00001,2016-08-06 00:00:00,058Y,58.0,M,TOSHIBA,PDAC,1,histopathology,False,1,False,1,True,automatic,automatic_labels/102218_00001.nii.gz,0c03d2b51a29a6c17573dbc13635a7167f87b2ef,1823261,True,True,False,True,False,PANORAMA_LOCAL,PRIMARY_MODEL_DEVELOPMENT,False,True,TISSUE_CONFIRMED,TOSHIBA,AUXILIARY_AUTOMATIC_MASK_ONLY,False,False,False,train,2,Y1_M0_STOSHIBA,train,True,False,False,False,False
2234,102219,102219_00001,2013-12-30 00:00:00,074Y,74.0,M,,non-PDAC,0,radiology,False,1,False,1,True,automatic,automatic_labels/102219_00001.nii.gz,2052184b549ac069b172262c44fb28cdf084823d,465619,True,True,False,True,False,PANORAMA_LOCAL,PRIMARY_MODEL_DEVELOPMENT,False,True,RADIOLOGY_NO_DOCUMENTED_FOLLOWUP,[MISSING],AUXILIARY_AUTOMATIC_MASK_ONLY,False,False,False,train,2,Y0_M0,train,True,False,False,False,False
2235,102220,102220_00001,2019-04-10 00:00:00,025Y,25.0,F,SIEMENS,non-PDAC,0,radiology,False,1,False,1,True,automatic,automatic_labels/102220_00001.nii.gz,a56221bd698029b2d4c5e033798dfbd0261dcb0e,244887,True,True,False,True,False,PANORAMA_LOCAL,PRIMARY_MODEL_DEVELOPMENT,False,True,RADIOLOGY_NO_DOCUMENTED_FOLLOWUP,SIEMENS,AUXILIARY_AUTOMATIC_MASK_ONLY,False,False,False,train,3,Y0_M0_SSIEMENS,train,True,False,False,False,False
2236,102221,102221_00001,2014-01-31 00:00:00,085Y,85.0,M,SIEMENS,non-PDAC,0,radiology,False,1,False,1,True,automatic,automatic_labels/102221_00001.nii.gz,2caf86d7e4003812fce65a50cddb3422719460a8,696053,True,True,False,True,False,PANORAMA_LOCAL,PRIMARY_MODEL_DEVELOPMENT,False,True,RADIOLOGY_NO_DOCUMENTED_FOLLOWUP,SIEMENS,AUXILIARY_AUTOMATIC_MASK_ONLY,False,False,False,validation,-1,Y0_M0_SSIEMENS,validation,False,True,True,False,False
2237,102222,102222_00001,2014-04-11 00:00:00,075Y,75.0,M,TOSHIBA,non-PDAC,0,radiology,False,1,False,1,True,automatic,automatic_labels/102222_00001.nii.gz,a4851fd937a070d521f55936ded86728f8d47319,355370,True,True,False,True,False,PANORAMA_LOCAL,PRIMARY_MODEL_DEVELOPMENT,False,True,RADIOLOGY_NO_DOCUMENTED_FOLLOWUP,TOSHIBA,AUXILIARY_AUTOMATIC_MASK_ONLY,False,False,False,train,4,Y0_M0_STOSHIBA,train,True,False,False,False,False
2238,102223,102223_00001,,,,,,non-PDAC,0,MSD_dataset,True,1,False,1,True,automatic,automatic_labels/102223_00001.nii.gz,047f9017294dc881f3ad68472d02b48d73a1ca1a,194379,True,True,False,True,False,MSD_EXTERNAL_MIXED,LOCKED_EXTERNAL_MIXED_TEST,True,False,MSD_DATASET_DERIVED,[MISSING],AUXILIARY_AUTOMATIC_MASK_ONLY,True,False,False,,-1,,external_msd_test,False,False,False,True,False
